LOC,Cyclomatic,Essential,Design,HalsteadVolume,HalsteadDifficulty,HalsteadEffort,BranchCount,defects,dataset
LOW,LOW,MEDIUM,LOW,LOW,LOW,LOW,LOW,NO,CM1
LOW,LOW,LOW,LOW,LOW,LOW,LOW,LOW,YES,CM1
MEDIUM,MEDIUM,LOW,MEDIUM,MEDIUM,MEDIUM,MEDIUM,MEDIUM,NO,CM1
MEDIUM,MEDIUM,HIGH,LOW,MEDIUM,MEDIUM,MEDIUM,MEDIUM,NO,CM1
MEDIUM,MEDIUM,HIGH,LOW,MEDIUM,HIGH,MEDIUM,MEDIUM,NO,CM1
MEDIUM,MEDIUM,HIGH,LOW,MEDIUM,HIGH,MEDIUM,MEDIUM,NO,CM1
LOW,LOW,LOW,LOW,LOW,LOW,LOW,LOW,NO,CM1
LOW,LOW,LOW,LOW,LOW,LOW,LOW,LOW,NO,CM1
MEDIUM,MEDIUM,HIGH,HIGH,MEDIUM,MEDIUM,MEDIUM,MEDIUM,NO,CM1
HIGH,HIGH,MEDIUM,LOW,HIGH,HIGH,HIGH,HIGH,NO,CM1
MEDIUM,MEDIUM,HIGH,LOW,HIGH,HIGH,HIGH,MEDIUM,NO,CM1
LOW,LOW,LOW,LOW,LOW,MEDIUM,LOW,LOW,NO,CM1
MEDIUM,HIGH,HIGH,LOW,HIGH,HIGH,HIGH,HIGH,NO,CM1
MEDIUM,HIGH,HIGH,LOW,MEDIUM,HIGH,HIGH,HIGH,NO,CM1
MEDIUM,MEDIUM,LOW,LOW,HIGH,HIGH,HIGH,MEDIUM,NO,CM1
MEDIUM,MEDIUM,LOW,LOW,HIGH,MEDIUM,HIGH,MEDIUM,NO,CM1
LOW,LOW,LOW,LOW,MEDIUM,MEDIUM,MEDIUM,LOW,NO,CM1
LOW,LOW,LOW,LOW,LOW,LOW,LOW,LOW,NO,CM1
MEDIUM,LOW,LOW,LOW,HIGH,MEDIUM,MEDIUM,LOW,NO,CM1
LOW,LOW,LOW,LOW,LOW,LOW,LOW,LOW,NO,CM1
LOW,LOW,LOW,LOW,LOW,MEDIUM,LOW,LOW,NO,CM1
LOW,LOW,LOW,LOW,LOW,LOW,LOW,LOW,NO,CM1
LOW,LOW,LOW,LOW,LOW,LOW,LOW,LOW,NO,CM1
LOW,LOW,LOW,LOW,LOW,MEDIUM,MEDIUM,LOW,NO,CM1
LOW,LOW,LOW,LOW,MEDIUM,MEDIUM,MEDIUM,LOW,NO,CM1
LOW,LOW,LOW,LOW,LOW,LOW,LOW,LOW,NO,CM1
LOW,LOW,LOW,LOW,LOW,LOW,LOW,LOW,NO,CM1
LOW,MEDIUM,LOW,LOW,MEDIUM,HIGH,MEDIUM,MEDIUM,NO,CM1
HIGH,HIGH,LOW,LOW,HIGH,HIGH,HIGH,HIGH,NO,CM1
HIGH,HIGH,HIGH,HIGH,HIGH,HIGH,HIGH,HIGH,NO,CM1
LOW,MEDIUM,LOW,MEDIUM,LOW,MEDIUM,MEDIUM,MEDIUM,NO,CM1
HIGH,HIGH,HIGH,HIGH,HIGH,HIGH,HIGH,HIGH,NO,CM1
HIGH,HIGH,HIGH,HIGH,HIGH,HIGH,HIGH,HIGH,NO,CM1
MEDIUM,LOW,LOW,LOW,HIGH,HIGH,HIGH,LOW,NO,CM1
MEDIUM,LOW,LOW,MEDIUM,MEDIUM,MEDIUM,MEDIUM,LOW,NO,CM1
MEDIUM,MEDIUM,MEDIUM,MEDIUM,MEDIUM,HIGH,HIGH,MEDIUM,NO,CM1
LOW,LOW,LOW,MEDIUM,MEDIUM,LOW,MEDIUM,LOW,NO,CM1
LOW,MEDIUM,LOW,MEDIUM,MEDIUM,MEDIUM,MEDIUM,MEDIUM,NO,CM1
MEDIUM,MEDIUM,LOW,HIGH,HIGH,MEDIUM,MEDIUM,MEDIUM,NO,CM1
MEDIUM,LOW,LOW,MEDIUM,HIGH,MEDIUM,HIGH,LOW,NO,CM1
MEDIUM,MEDIUM,HIGH,MEDIUM,MEDIUM,MEDIUM,MEDIUM,MEDIUM,NO,CM1
MEDIUM,MEDIUM,LOW,MEDIUM,HIGH,HIGH,HIGH,MEDIUM,NO,CM1
LOW,LOW,LOW,LOW,HIGH,HIGH,HIGH,LOW,NO,CM1
MEDIUM,MEDIUM,LOW,MEDIUM,HIGH,HIGH,HIGH,MEDIUM,NO,CM1
HIGH,HIGH,HIGH,HIGH,HIGH,HIGH,HIGH,HIGH,NO,CM1
HIGH,HIGH,MEDIUM,HIGH,HIGH,MEDIUM,HIGH,HIGH,NO,CM1
LOW,LOW,LOW,LOW,LOW,LOW,LOW,LOW,NO,CM1
LOW,MEDIUM,LOW,MEDIUM,MEDIUM,LOW,MEDIUM,MEDIUM,NO,CM1
LOW,LOW,LOW,LOW,LOW,LOW,LOW,LOW,NO,CM1
HIGH,HIGH,LOW,HIGH,HIGH,MEDIUM,HIGH,HIGH,NO,CM1
HIGH,HIGH,LOW,HIGH,HIGH,HIGH,HIGH,HIGH,NO,CM1
MEDIUM,MEDIUM,LOW,MEDIUM,MEDIUM,LOW,MEDIUM,MEDIUM,NO,CM1
MEDIUM,LOW,LOW,LOW,HIGH,HIGH,HIGH,LOW,NO,CM1
HIGH,MEDIUM,LOW,HIGH,HIGH,MEDIUM,HIGH,MEDIUM,NO,CM1
MEDIUM,MEDIUM,LOW,HIGH,MEDIUM,LOW,MEDIUM,MEDIUM,NO,CM1
LOW,LOW,LOW,LOW,LOW,LOW,LOW,LOW,NO,CM1
MEDIUM,MEDIUM,LOW,LOW,MEDIUM,MEDIUM,MEDIUM,MEDIUM,NO,CM1
LOW,LOW,LOW,LOW,LOW,LOW,LOW,LOW,NO,CM1
LOW,LOW,LOW,MEDIUM,MEDIUM,MEDIUM,MEDIUM,LOW,NO,CM1
MEDIUM,MEDIUM,LOW,HIGH,HIGH,HIGH,HIGH,MEDIUM,NO,CM1
MEDIUM,MEDIUM,HIGH,HIGH,HIGH,MEDIUM,HIGH,MEDIUM,NO,CM1
MEDIUM,MEDIUM,LOW,MEDIUM,MEDIUM,MEDIUM,MEDIUM,MEDIUM,NO,CM1
MEDIUM,MEDIUM,LOW,MEDIUM,MEDIUM,MEDIUM,MEDIUM,MEDIUM,NO,CM1
LOW,LOW,LOW,LOW,LOW,MEDIUM,LOW,LOW,NO,CM1
LOW,LOW,LOW,LOW,LOW,LOW,LOW,LOW,NO,CM1
MEDIUM,MEDIUM,LOW,LOW,HIGH,HIGH,HIGH,MEDIUM,NO,CM1
LOW,LOW,LOW,LOW,MEDIUM,MEDIUM,MEDIUM,LOW,NO,CM1
HIGH,HIGH,HIGH,HIGH,HIGH,HIGH,HIGH,HIGH,NO,CM1
HIGH,LOW,LOW,LOW,HIGH,MEDIUM,HIGH,LOW,NO,CM1
MEDIUM,MEDIUM,HIGH,LOW,MEDIUM,HIGH,HIGH,MEDIUM,NO,CM1
MEDIUM,LOW,LOW,LOW,HIGH,HIGH,HIGH,LOW,NO,CM1
MEDIUM,MEDIUM,LOW,LOW,HIGH,HIGH,HIGH,MEDIUM,NO,CM1
LOW,LOW,LOW,LOW,MEDIUM,LOW,MEDIUM,LOW,NO,CM1
HIGH,MEDIUM,LOW,HIGH,HIGH,HIGH,HIGH,MEDIUM,NO,CM1
LOW,LOW,LOW,LOW,LOW,LOW,LOW,LOW,NO,CM1
LOW,LOW,LOW,MEDIUM,MEDIUM,MEDIUM,MEDIUM,LOW,NO,CM1
LOW,LOW,LOW,LOW,LOW,LOW,LOW,LOW,NO,CM1
LOW,LOW,LOW,LOW,LOW,MEDIUM,MEDIUM,LOW,NO,CM1
LOW,LOW,LOW,LOW,MEDIUM,MEDIUM,MEDIUM,LOW,NO,CM1
MEDIUM,MEDIUM,MEDIUM,MEDIUM,MEDIUM,HIGH,MEDIUM,MEDIUM,NO,CM1
MEDIUM,MEDIUM,HIGH,MEDIUM,HIGH,MEDIUM,HIGH,MEDIUM,NO,CM1
LOW,LOW,LOW,LOW,LOW,LOW,LOW,LOW,NO,CM1
MEDIUM,MEDIUM,LOW,MEDIUM,MEDIUM,MEDIUM,MEDIUM,MEDIUM,NO,CM1
LOW,LOW,LOW,LOW,LOW,LOW,LOW,LOW,NO,CM1
LOW,LOW,LOW,LOW,LOW,LOW,LOW,LOW,NO,CM1
LOW,LOW,LOW,LOW,LOW,LOW,LOW,LOW,NO,CM1
LOW,LOW,LOW,LOW,LOW,LOW,LOW,LOW,NO,CM1
LOW,LOW,LOW,LOW,LOW,LOW,LOW,LOW,NO,CM1
MEDIUM,MEDIUM,MEDIUM,LOW,MEDIUM,MEDIUM,MEDIUM,MEDIUM,NO,CM1
LOW,LOW,LOW,LOW,LOW,LOW,LOW,LOW,NO,CM1
LOW,LOW,LOW,LOW,MEDIUM,MEDIUM,MEDIUM,LOW,NO,CM1
LOW,LOW,LOW,LOW,LOW,LOW,LOW,LOW,NO,CM1
LOW,LOW,LOW,LOW,LOW,LOW,LOW,LOW,NO,CM1
MEDIUM,MEDIUM,LOW,MEDIUM,HIGH,MEDIUM,MEDIUM,MEDIUM,NO,CM1
LOW,LOW,LOW,LOW,LOW,LOW,LOW,LOW,NO,CM1
MEDIUM,HIGH,LOW,HIGH,HIGH,HIGH,HIGH,HIGH,NO,CM1
LOW,LOW,LOW,LOW,LOW,LOW,LOW,LOW,NO,CM1
LOW,LOW,LOW,LOW,LOW,LOW,LOW,LOW,NO,CM1
LOW,LOW,LOW,LOW,LOW,LOW,LOW,LOW,NO,CM1
LOW,LOW,LOW,LOW,MEDIUM,LOW,MEDIUM,LOW,NO,CM1
LOW,LOW,LOW,LOW,MEDIUM,MEDIUM,MEDIUM,LOW,NO,CM1
LOW,LOW,LOW,LOW,MEDIUM,MEDIUM,MEDIUM,LOW,NO,CM1
HIGH,HIGH,HIGH,HIGH,HIGH,HIGH,HIGH,HIGH,NO,CM1
MEDIUM,MEDIUM,LOW,MEDIUM,HIGH,HIGH,HIGH,MEDIUM,NO,CM1
MEDIUM,MEDIUM,LOW,HIGH,HIGH,MEDIUM,MEDIUM,MEDIUM,NO,CM1
MEDIUM,MEDIUM,HIGH,LOW,HIGH,HIGH,HIGH,MEDIUM,NO,CM1
LOW,LOW,LOW,LOW,MEDIUM,MEDIUM,MEDIUM,LOW,NO,CM1
LOW,LOW,LOW,LOW,MEDIUM,MEDIUM,MEDIUM,LOW,NO,CM1
MEDIUM,HIGH,HIGH,LOW,HIGH,HIGH,HIGH,HIGH,NO,CM1
LOW,LOW,LOW,LOW,LOW,LOW,LOW,LOW,NO,CM1
LOW,LOW,LOW,LOW,LOW,LOW,LOW,LOW,NO,CM1
LOW,LOW,LOW,LOW,LOW,LOW,LOW,LOW,NO,CM1
HIGH,HIGH,HIGH,HIGH,HIGH,HIGH,HIGH,HIGH,NO,CM1
HIGH,HIGH,HIGH,HIGH,HIGH,HIGH,HIGH,HIGH,NO,CM1
MEDIUM,LOW,LOW,MEDIUM,MEDIUM,MEDIUM,MEDIUM,LOW,NO,CM1
LOW,LOW,LOW,LOW,MEDIUM,MEDIUM,MEDIUM,LOW,NO,CM1
LOW,LOW,LOW,LOW,MEDIUM,MEDIUM,MEDIUM,LOW,NO,CM1
MEDIUM,LOW,LOW,MEDIUM,MEDIUM,MEDIUM,MEDIUM,LOW,NO,CM1
HIGH,HIGH,HIGH,HIGH,HIGH,HIGH,HIGH,HIGH,NO,CM1
HIGH,HIGH,LOW,HIGH,HIGH,HIGH,HIGH,HIGH,NO,CM1
LOW,LOW,LOW,LOW,LOW,LOW,LOW,LOW,NO,CM1
HIGH,HIGH,HIGH,HIGH,HIGH,HIGH,HIGH,HIGH,NO,CM1
LOW,LOW,LOW,LOW,LOW,LOW,LOW,LOW,NO,CM1
LOW,LOW,LOW,LOW,MEDIUM,MEDIUM,MEDIUM,LOW,NO,CM1
MEDIUM,LOW,LOW,MEDIUM,MEDIUM,MEDIUM,MEDIUM,LOW,NO,CM1
MEDIUM,MEDIUM,LOW,MEDIUM,HIGH,HIGH,HIGH,MEDIUM,NO,CM1
HIGH,HIGH,HIGH,HIGH,HIGH,HIGH,HIGH,HIGH,NO,CM1
HIGH,HIGH,HIGH,HIGH,HIGH,HIGH,HIGH,HIGH,NO,CM1
LOW,LOW,LOW,LOW,LOW,LOW,LOW,LOW,NO,CM1
LOW,LOW,LOW,LOW,LOW,LOW,LOW,LOW,NO,CM1
MEDIUM,MEDIUM,MEDIUM,LOW,HIGH,MEDIUM,HIGH,MEDIUM,NO,CM1
LOW,LOW,LOW,LOW,LOW,LOW,LOW,LOW,NO,CM1
LOW,LOW,LOW,LOW,LOW,LOW,LOW,LOW,NO,CM1
LOW,LOW,LOW,LOW,LOW,LOW,LOW,LOW,NO,CM1
LOW,LOW,LOW,LOW,LOW,LOW,LOW,LOW,NO,CM1
HIGH,LOW,LOW,LOW,HIGH,MEDIUM,HIGH,LOW,NO,CM1
MEDIUM,LOW,LOW,LOW,HIGH,MEDIUM,HIGH,LOW,NO,CM1
LOW,LOW,LOW,LOW,LOW,LOW,LOW,LOW,NO,CM1
MEDIUM,MEDIUM,LOW,LOW,MEDIUM,HIGH,MEDIUM,MEDIUM,NO,CM1
HIGH,HIGH,HIGH,HIGH,HIGH,HIGH,HIGH,HIGH,NO,CM1
LOW,LOW,LOW,LOW,LOW,LOW,LOW,LOW,NO,CM1
LOW,LOW,LOW,LOW,MEDIUM,LOW,MEDIUM,LOW,NO,CM1
LOW,LOW,LOW,LOW,LOW,LOW,LOW,LOW,NO,CM1
LOW,LOW,LOW,LOW,MEDIUM,MEDIUM,MEDIUM,LOW,NO,CM1
LOW,LOW,LOW,LOW,LOW,LOW,LOW,LOW,NO,CM1
LOW,LOW,LOW,LOW,LOW,MEDIUM,LOW,LOW,NO,CM1
LOW,LOW,LOW,LOW,LOW,MEDIUM,LOW,LOW,NO,CM1
MEDIUM,LOW,LOW,LOW,HIGH,MEDIUM,MEDIUM,LOW,NO,CM1
LOW,LOW,LOW,LOW,MEDIUM,MEDIUM,MEDIUM,LOW,NO,CM1
MEDIUM,LOW,LOW,LOW,MEDIUM,HIGH,HIGH,LOW,NO,CM1
LOW,LOW,LOW,LOW,LOW,LOW,LOW,LOW,NO,CM1
LOW,LOW,MEDIUM,LOW,LOW,LOW,LOW,LOW,NO,CM1
HIGH,HIGH,LOW,MEDIUM,HIGH,HIGH,HIGH,HIGH,NO,CM1
LOW,LOW,LOW,LOW,LOW,LOW,LOW,LOW,NO,CM1
LOW,LOW,LOW,LOW,LOW,LOW,LOW,LOW,NO,CM1
LOW,LOW,LOW,LOW,LOW,LOW,LOW,LOW,NO,CM1
LOW,LOW,LOW,LOW,LOW,LOW,LOW,LOW,NO,CM1
HIGH,HIGH,HIGH,HIGH,HIGH,HIGH,HIGH,HIGH,NO,CM1
HIGH,HIGH,LOW,HIGH,HIGH,HIGH,HIGH,HIGH,NO,CM1
LOW,LOW,LOW,LOW,LOW,LOW,LOW,LOW,NO,CM1
LOW,LOW,LOW,LOW,LOW,LOW,LOW,LOW,NO,CM1
HIGH,HIGH,HIGH,HIGH,HIGH,HIGH,HIGH,HIGH,NO,CM1
LOW,LOW,LOW,LOW,LOW,LOW,LOW,LOW,NO,CM1
LOW,LOW,LOW,LOW,LOW,LOW,LOW,LOW,NO,CM1
LOW,LOW,LOW,LOW,LOW,LOW,LOW,LOW,NO,CM1
LOW,LOW,LOW,LOW,LOW,LOW,LOW,LOW,NO,CM1
LOW,LOW,LOW,LOW,LOW,LOW,LOW,LOW,NO,CM1
MEDIUM,MEDIUM,LOW,MEDIUM,MEDIUM,MEDIUM,MEDIUM,MEDIUM,NO,CM1
LOW,LOW,LOW,LOW,MEDIUM,LOW,LOW,LOW,NO,CM1
HIGH,HIGH,LOW,HIGH,HIGH,MEDIUM,HIGH,HIGH,NO,CM1
MEDIUM,MEDIUM,LOW,MEDIUM,MEDIUM,MEDIUM,MEDIUM,MEDIUM,NO,CM1
LOW,LOW,MEDIUM,LOW,LOW,MEDIUM,LOW,LOW,NO,CM1
HIGH,LOW,LOW,LOW,HIGH,MEDIUM,HIGH,LOW,NO,CM1
LOW,LOW,LOW,LOW,LOW,LOW,LOW,LOW,NO,CM1
LOW,LOW,LOW,LOW,MEDIUM,MEDIUM,MEDIUM,LOW,NO,CM1
MEDIUM,LOW,LOW,LOW,MEDIUM,LOW,MEDIUM,LOW,NO,CM1
LOW,LOW,LOW,LOW,LOW,LOW,LOW,LOW,NO,CM1
LOW,LOW,LOW,LOW,LOW,LOW,LOW,LOW,NO,CM1
MEDIUM,MEDIUM,LOW,LOW,MEDIUM,HIGH,MEDIUM,MEDIUM,NO,CM1
LOW,LOW,LOW,LOW,LOW,LOW,LOW,LOW,NO,CM1
LOW,LOW,LOW,LOW,LOW,MEDIUM,LOW,LOW,NO,CM1
LOW,LOW,LOW,LOW,LOW,LOW,LOW,LOW,NO,CM1
LOW,LOW,LOW,LOW,LOW,LOW,LOW,LOW,NO,CM1
LOW,LOW,LOW,LOW,LOW,LOW,LOW,LOW,NO,CM1
MEDIUM,LOW,LOW,LOW,MEDIUM,MEDIUM,MEDIUM,LOW,NO,CM1
MEDIUM,HIGH,HIGH,LOW,MEDIUM,HIGH,HIGH,HIGH,NO,CM1
LOW,LOW,LOW,LOW,MEDIUM,HIGH,MEDIUM,LOW,NO,CM1
LOW,MEDIUM,HIGH,LOW,HIGH,HIGH,HIGH,MEDIUM,NO,CM1
HIGH,HIGH,HIGH,HIGH,HIGH,HIGH,HIGH,HIGH,NO,CM1
LOW,MEDIUM,HIGH,LOW,MEDIUM,MEDIUM,MEDIUM,MEDIUM,NO,CM1
MEDIUM,MEDIUM,LOW,HIGH,HIGH,HIGH,HIGH,MEDIUM,NO,CM1
LOW,LOW,LOW,LOW,LOW,LOW,LOW,LOW,NO,CM1
MEDIUM,LOW,LOW,MEDIUM,MEDIUM,MEDIUM,MEDIUM,LOW,NO,CM1
LOW,LOW,LOW,LOW,LOW,LOW,LOW,LOW,NO,CM1
LOW,LOW,LOW,LOW,LOW,MEDIUM,LOW,LOW,NO,CM1
LOW,LOW,LOW,LOW,LOW,LOW,LOW,LOW,NO,CM1
LOW,LOW,LOW,LOW,LOW,LOW,LOW,LOW,NO,CM1
LOW,LOW,LOW,LOW,LOW,MEDIUM,MEDIUM,LOW,NO,CM1
LOW,LOW,LOW,LOW,MEDIUM,MEDIUM,MEDIUM,LOW,NO,CM1
LOW,LOW,LOW,LOW,LOW,LOW,LOW,LOW,NO,CM1
LOW,LOW,LOW,LOW,LOW,LOW,LOW,LOW,NO,CM1
MEDIUM,MEDIUM,LOW,LOW,HIGH,HIGH,HIGH,MEDIUM,NO,CM1
LOW,LOW,LOW,LOW,LOW,LOW,LOW,LOW,NO,CM1
LOW,MEDIUM,LOW,LOW,HIGH,HIGH,HIGH,MEDIUM,NO,CM1
LOW,LOW,LOW,LOW,LOW,LOW,LOW,LOW,NO,CM1
LOW,MEDIUM,LOW,LOW,HIGH,HIGH,HIGH,MEDIUM,NO,CM1
MEDIUM,HIGH,LOW,HIGH,HIGH,HIGH,HIGH,HIGH,NO,CM1
LOW,LOW,LOW,LOW,LOW,LOW,LOW,LOW,NO,CM1
LOW,LOW,LOW,LOW,LOW,LOW,LOW,LOW,NO,CM1
LOW,LOW,LOW,LOW,MEDIUM,MEDIUM,MEDIUM,LOW,NO,CM1
LOW,LOW,LOW,LOW,LOW,LOW,LOW,LOW,NO,CM1
HIGH,MEDIUM,LOW,MEDIUM,HIGH,HIGH,HIGH,MEDIUM,NO,CM1
MEDIUM,MEDIUM,LOW,HIGH,HIGH,MEDIUM,HIGH,MEDIUM,NO,CM1
MEDIUM,MEDIUM,LOW,MEDIUM,MEDIUM,HIGH,HIGH,MEDIUM,NO,CM1
MEDIUM,MEDIUM,LOW,MEDIUM,HIGH,MEDIUM,HIGH,MEDIUM,NO,CM1
MEDIUM,MEDIUM,MEDIUM,HIGH,HIGH,MEDIUM,HIGH,MEDIUM,NO,CM1
LOW,LOW,LOW,LOW,LOW,LOW,LOW,LOW,NO,CM1
MEDIUM,LOW,LOW,LOW,HIGH,MEDIUM,HIGH,LOW,NO,CM1
LOW,LOW,LOW,LOW,MEDIUM,MEDIUM,MEDIUM,LOW,NO,CM1
LOW,LOW,LOW,LOW,MEDIUM,MEDIUM,MEDIUM,LOW,NO,CM1
LOW,LOW,LOW,LOW,LOW,LOW,LOW,LOW,NO,CM1
LOW,LOW,LOW,LOW,MEDIUM,MEDIUM,MEDIUM,LOW,NO,CM1
MEDIUM,MEDIUM,LOW,MEDIUM,MEDIUM,MEDIUM,MEDIUM,MEDIUM,NO,CM1
MEDIUM,HIGH,HIGH,HIGH,HIGH,MEDIUM,HIGH,HIGH,NO,CM1
LOW,LOW,LOW,LOW,LOW,LOW,LOW,LOW,NO,CM1
HIGH,HIGH,HIGH,HIGH,HIGH,HIGH,HIGH,HIGH,NO,CM1
LOW,LOW,LOW,LOW,LOW,LOW,LOW,LOW,NO,CM1
LOW,LOW,LOW,LOW,LOW,LOW,LOW,LOW,NO,CM1
LOW,LOW,LOW,LOW,LOW,LOW,LOW,LOW,NO,CM1
LOW,LOW,LOW,LOW,LOW,LOW,LOW,LOW,NO,CM1
LOW,LOW,LOW,LOW,LOW,LOW,LOW,LOW,NO,CM1
LOW,LOW,LOW,LOW,LOW,LOW,LOW,LOW,NO,CM1
LOW,LOW,LOW,LOW,LOW,LOW,LOW,LOW,NO,CM1
LOW,LOW,LOW,LOW,LOW,MEDIUM,LOW,LOW,NO,CM1
LOW,LOW,LOW,LOW,MEDIUM,MEDIUM,MEDIUM,LOW,NO,CM1
MEDIUM,HIGH,HIGH,HIGH,MEDIUM,MEDIUM,MEDIUM,HIGH,NO,CM1
LOW,LOW,LOW,LOW,LOW,LOW,LOW,LOW,NO,CM1
LOW,LOW,LOW,LOW,LOW,LOW,LOW,LOW,NO,CM1
LOW,LOW,LOW,LOW,LOW,MEDIUM,MEDIUM,LOW,NO,CM1
MEDIUM,LOW,LOW,LOW,LOW,MEDIUM,MEDIUM,LOW,NO,CM1
HIGH,HIGH,HIGH,HIGH,HIGH,HIGH,HIGH,HIGH,NO,CM1
HIGH,HIGH,HIGH,HIGH,HIGH,HIGH,HIGH,HIGH,NO,CM1
LOW,LOW,LOW,LOW,MEDIUM,LOW,LOW,LOW,NO,CM1
HIGH,MEDIUM,LOW,MEDIUM,HIGH,HIGH,HIGH,MEDIUM,NO,CM1
MEDIUM,LOW,LOW,LOW,HIGH,HIGH,HIGH,LOW,NO,CM1
MEDIUM,MEDIUM,LOW,MEDIUM,MEDIUM,MEDIUM,MEDIUM,MEDIUM,NO,CM1
LOW,LOW,LOW,LOW,LOW,LOW,LOW,LOW,NO,CM1
LOW,LOW,LOW,LOW,LOW,LOW,LOW,LOW,NO,CM1
LOW,LOW,LOW,LOW,LOW,LOW,LOW,LOW,NO,CM1
LOW,LOW,LOW,LOW,LOW,LOW,LOW,LOW,NO,CM1
LOW,LOW,LOW,LOW,LOW,LOW,LOW,LOW,NO,CM1
LOW,MEDIUM,LOW,LOW,MEDIUM,HIGH,MEDIUM,MEDIUM,NO,CM1
LOW,LOW,LOW,MEDIUM,LOW,MEDIUM,MEDIUM,LOW,NO,CM1
HIGH,HIGH,HIGH,HIGH,HIGH,HIGH,HIGH,HIGH,NO,CM1
MEDIUM,MEDIUM,LOW,MEDIUM,HIGH,HIGH,HIGH,MEDIUM,NO,CM1
HIGH,HIGH,HIGH,HIGH,HIGH,HIGH,HIGH,HIGH,NO,CM1
HIGH,HIGH,MEDIUM,HIGH,HIGH,HIGH,HIGH,HIGH,NO,CM1
LOW,LOW,LOW,LOW,LOW,LOW,LOW,LOW,NO,CM1
LOW,LOW,LOW,LOW,LOW,LOW,LOW,LOW,NO,CM1
MEDIUM,LOW,LOW,LOW,MEDIUM,LOW,MEDIUM,LOW,NO,CM1
MEDIUM,MEDIUM,LOW,HIGH,HIGH,HIGH,HIGH,MEDIUM,NO,CM1
LOW,LOW,LOW,LOW,LOW,LOW,LOW,LOW,NO,CM1
LOW,MEDIUM,HIGH,LOW,MEDIUM,MEDIUM,MEDIUM,MEDIUM,NO,CM1
LOW,LOW,LOW,LOW,MEDIUM,MEDIUM,MEDIUM,LOW,NO,CM1
MEDIUM,LOW,LOW,LOW,MEDIUM,LOW,MEDIUM,LOW,NO,CM1
HIGH,HIGH,HIGH,MEDIUM,HIGH,HIGH,HIGH,HIGH,NO,CM1
LOW,LOW,LOW,LOW,LOW,LOW,LOW,LOW,NO,CM1
LOW,LOW,LOW,LOW,LOW,LOW,LOW,LOW,NO,CM1
LOW,MEDIUM,LOW,LOW,MEDIUM,MEDIUM,MEDIUM,MEDIUM,NO,CM1
LOW,LOW,MEDIUM,LOW,LOW,LOW,LOW,LOW,NO,CM1
LOW,LOW,LOW,LOW,MEDIUM,MEDIUM,MEDIUM,LOW,NO,CM1
LOW,LOW,LOW,LOW,LOW,LOW,LOW,LOW,NO,CM1
LOW,MEDIUM,HIGH,LOW,LOW,LOW,LOW,MEDIUM,NO,CM1
HIGH,HIGH,HIGH,HIGH,HIGH,HIGH,HIGH,HIGH,NO,CM1
MEDIUM,HIGH,LOW,HIGH,HIGH,HIGH,HIGH,HIGH,NO,CM1
MEDIUM,MEDIUM,HIGH,MEDIUM,HIGH,HIGH,HIGH,MEDIUM,NO,CM1
HIGH,HIGH,LOW,HIGH,HIGH,HIGH,HIGH,HIGH,NO,CM1
MEDIUM,LOW,LOW,MEDIUM,MEDIUM,MEDIUM,MEDIUM,LOW,NO,CM1
LOW,LOW,LOW,LOW,LOW,LOW,LOW,LOW,NO,CM1
LOW,LOW,LOW,MEDIUM,HIGH,HIGH,HIGH,LOW,NO,CM1
LOW,LOW,LOW,MEDIUM,MEDIUM,MEDIUM,MEDIUM,LOW,NO,CM1
LOW,LOW,LOW,LOW,LOW,LOW,LOW,LOW,NO,CM1
HIGH,HIGH,HIGH,HIGH,HIGH,HIGH,HIGH,HIGH,NO,CM1
HIGH,HIGH,HIGH,HIGH,HIGH,HIGH,HIGH,HIGH,NO,CM1
HIGH,HIGH,HIGH,HIGH,HIGH,HIGH,HIGH,HIGH,NO,CM1
HIGH,HIGH,HIGH,HIGH,HIGH,HIGH,HIGH,HIGH,NO,CM1
LOW,MEDIUM,HIGH,LOW,HIGH,HIGH,HIGH,MEDIUM,NO,CM1
LOW,MEDIUM,HIGH,LOW,HIGH,HIGH,HIGH,MEDIUM,NO,CM1
MEDIUM,MEDIUM,HIGH,LOW,HIGH,HIGH,HIGH,MEDIUM,NO,CM1
MEDIUM,MEDIUM,HIGH,LOW,HIGH,HIGH,HIGH,MEDIUM,NO,CM1
MEDIUM,HIGH,HIGH,LOW,HIGH,HIGH,HIGH,HIGH,NO,CM1
HIGH,HIGH,HIGH,LOW,HIGH,HIGH,HIGH,HIGH,NO,CM1
MEDIUM,MEDIUM,HIGH,LOW,HIGH,HIGH,HIGH,MEDIUM,NO,CM1
HIGH,HIGH,HIGH,LOW,HIGH,HIGH,HIGH,HIGH,NO,CM1
MEDIUM,HIGH,HIGH,LOW,HIGH,HIGH,HIGH,HIGH,NO,CM1
MEDIUM,MEDIUM,LOW,LOW,HIGH,HIGH,HIGH,MEDIUM,NO,CM1
HIGH,MEDIUM,LOW,MEDIUM,HIGH,HIGH,HIGH,MEDIUM,NO,CM1
HIGH,MEDIUM,HIGH,MEDIUM,HIGH,HIGH,HIGH,MEDIUM,NO,CM1
MEDIUM,HIGH,LOW,HIGH,MEDIUM,MEDIUM,MEDIUM,HIGH,NO,CM1
MEDIUM,MEDIUM,LOW,MEDIUM,MEDIUM,HIGH,HIGH,MEDIUM,NO,CM1
HIGH,HIGH,HIGH,HIGH,HIGH,HIGH,HIGH,HIGH,NO,CM1
LOW,LOW,LOW,LOW,LOW,LOW,LOW,LOW,NO,CM1
HIGH,HIGH,HIGH,HIGH,HIGH,HIGH,HIGH,HIGH,NO,CM1
MEDIUM,MEDIUM,LOW,MEDIUM,HIGH,MEDIUM,HIGH,MEDIUM,NO,CM1
LOW,LOW,LOW,LOW,MEDIUM,MEDIUM,MEDIUM,LOW,NO,CM1
LOW,LOW,LOW,LOW,LOW,LOW,LOW,LOW,NO,CM1
LOW,LOW,MEDIUM,LOW,MEDIUM,MEDIUM,MEDIUM,LOW,NO,CM1
MEDIUM,MEDIUM,MEDIUM,MEDIUM,HIGH,HIGH,HIGH,MEDIUM,NO,CM1
HIGH,HIGH,HIGH,HIGH,HIGH,HIGH,HIGH,HIGH,NO,CM1
HIGH,HIGH,HIGH,HIGH,HIGH,HIGH,HIGH,HIGH,NO,CM1
LOW,LOW,LOW,LOW,LOW,LOW,LOW,LOW,NO,CM1
MEDIUM,MEDIUM,LOW,MEDIUM,HIGH,HIGH,HIGH,MEDIUM,NO,CM1
LOW,LOW,LOW,LOW,LOW,LOW,LOW,LOW,NO,CM1
LOW,LOW,LOW,MEDIUM,MEDIUM,MEDIUM,MEDIUM,LOW,NO,CM1
LOW,LOW,LOW,LOW,LOW,LOW,LOW,LOW,NO,CM1
LOW,LOW,LOW,LOW,LOW,LOW,LOW,LOW,NO,CM1
LOW,LOW,LOW,LOW,LOW,LOW,LOW,LOW,NO,CM1
LOW,LOW,LOW,LOW,LOW,LOW,LOW,LOW,NO,CM1
LOW,LOW,LOW,LOW,MEDIUM,MEDIUM,MEDIUM,LOW,NO,CM1
LOW,LOW,LOW,LOW,LOW,LOW,LOW,LOW,NO,CM1
LOW,LOW,LOW,LOW,LOW,LOW,LOW,LOW,NO,CM1
LOW,LOW,LOW,LOW,LOW,LOW,LOW,LOW,NO,CM1
LOW,LOW,LOW,LOW,LOW,LOW,LOW,LOW,NO,CM1
LOW,LOW,LOW,LOW,MEDIUM,LOW,LOW,LOW,NO,CM1
LOW,LOW,LOW,LOW,LOW,MEDIUM,MEDIUM,LOW,NO,CM1
LOW,LOW,LOW,LOW,LOW,MEDIUM,MEDIUM,LOW,NO,CM1
LOW,LOW,LOW,LOW,LOW,LOW,LOW,LOW,NO,CM1
HIGH,MEDIUM,LOW,HIGH,HIGH,HIGH,HIGH,MEDIUM,NO,CM1
LOW,LOW,LOW,LOW,LOW,LOW,LOW,LOW,NO,CM1
LOW,LOW,LOW,LOW,MEDIUM,LOW,MEDIUM,LOW,NO,CM1
LOW,LOW,LOW,LOW,LOW,LOW,LOW,LOW,NO,CM1
LOW,LOW,LOW,LOW,LOW,LOW,LOW,LOW,NO,CM1
LOW,LOW,LOW,MEDIUM,LOW,HIGH,MEDIUM,LOW,NO,CM1
HIGH,HIGH,HIGH,HIGH,HIGH,HIGH,HIGH,HIGH,NO,CM1
MEDIUM,MEDIUM,LOW,MEDIUM,MEDIUM,MEDIUM,MEDIUM,MEDIUM,NO,CM1
LOW,LOW,LOW,LOW,LOW,LOW,LOW,LOW,NO,CM1
LOW,LOW,LOW,LOW,MEDIUM,HIGH,MEDIUM,LOW,NO,CM1
LOW,LOW,LOW,LOW,LOW,LOW,LOW,LOW,NO,CM1
LOW,LOW,LOW,LOW,LOW,MEDIUM,MEDIUM,LOW,NO,CM1
LOW,LOW,LOW,LOW,LOW,MEDIUM,MEDIUM,LOW,NO,CM1
LOW,LOW,LOW,LOW,MEDIUM,MEDIUM,MEDIUM,LOW,NO,CM1
LOW,MEDIUM,LOW,MEDIUM,HIGH,HIGH,HIGH,MEDIUM,NO,CM1
LOW,LOW,LOW,LOW,LOW,LOW,LOW,LOW,NO,CM1
MEDIUM,MEDIUM,LOW,HIGH,HIGH,HIGH,HIGH,MEDIUM,NO,CM1
LOW,LOW,LOW,MEDIUM,MEDIUM,MEDIUM,MEDIUM,LOW,NO,CM1
HIGH,HIGH,HIGH,HIGH,HIGH,HIGH,HIGH,HIGH,NO,CM1
MEDIUM,MEDIUM,LOW,HIGH,HIGH,MEDIUM,HIGH,MEDIUM,NO,CM1
LOW,LOW,LOW,LOW,MEDIUM,MEDIUM,MEDIUM,LOW,NO,CM1
LOW,LOW,LOW,LOW,MEDIUM,LOW,LOW,LOW,NO,CM1
LOW,LOW,LOW,LOW,LOW,LOW,LOW,LOW,NO,CM1
MEDIUM,MEDIUM,LOW,MEDIUM,HIGH,HIGH,HIGH,MEDIUM,NO,CM1
MEDIUM,LOW,LOW,LOW,HIGH,HIGH,HIGH,LOW,NO,CM1
MEDIUM,MEDIUM,LOW,LOW,HIGH,HIGH,HIGH,MEDIUM,NO,CM1
MEDIUM,MEDIUM,LOW,MEDIUM,MEDIUM,HIGH,HIGH,MEDIUM,NO,CM1
HIGH,HIGH,HIGH,HIGH,HIGH,HIGH,HIGH,HIGH,NO,CM1
MEDIUM,MEDIUM,LOW,HIGH,HIGH,MEDIUM,HIGH,MEDIUM,NO,CM1
LOW,MEDIUM,LOW,MEDIUM,LOW,LOW,LOW,MEDIUM,NO,CM1
HIGH,HIGH,HIGH,MEDIUM,HIGH,HIGH,HIGH,HIGH,NO,CM1
HIGH,HIGH,HIGH,HIGH,HIGH,HIGH,HIGH,HIGH,NO,CM1
LOW,HIGH,LOW,LOW,MEDIUM,MEDIUM,MEDIUM,HIGH,NO,CM1
HIGH,HIGH,HIGH,LOW,HIGH,HIGH,HIGH,HIGH,NO,CM1
HIGH,HIGH,HIGH,HIGH,HIGH,HIGH,HIGH,HIGH,NO,CM1
LOW,LOW,LOW,LOW,MEDIUM,MEDIUM,MEDIUM,LOW,NO,CM1
LOW,MEDIUM,LOW,MEDIUM,MEDIUM,MEDIUM,MEDIUM,MEDIUM,NO,CM1
HIGH,HIGH,HIGH,HIGH,HIGH,HIGH,HIGH,HIGH,NO,CM1
HIGH,HIGH,MEDIUM,HIGH,HIGH,HIGH,HIGH,HIGH,NO,CM1
LOW,LOW,LOW,MEDIUM,MEDIUM,MEDIUM,MEDIUM,LOW,NO,CM1
HIGH,HIGH,LOW,HIGH,HIGH,HIGH,HIGH,HIGH,NO,CM1
HIGH,HIGH,LOW,HIGH,HIGH,HIGH,HIGH,HIGH,NO,CM1
HIGH,HIGH,LOW,HIGH,HIGH,MEDIUM,HIGH,HIGH,NO,CM1
HIGH,HIGH,HIGH,HIGH,HIGH,HIGH,HIGH,HIGH,NO,CM1
HIGH,HIGH,MEDIUM,HIGH,HIGH,HIGH,HIGH,HIGH,NO,CM1
HIGH,HIGH,HIGH,HIGH,HIGH,HIGH,HIGH,HIGH,NO,CM1
LOW,LOW,LOW,LOW,LOW,LOW,LOW,LOW,NO,CM1
LOW,LOW,LOW,LOW,LOW,LOW,LOW,LOW,NO,CM1
LOW,LOW,LOW,LOW,LOW,LOW,LOW,LOW,NO,CM1
LOW,LOW,LOW,LOW,LOW,LOW,LOW,LOW,NO,CM1
LOW,MEDIUM,MEDIUM,LOW,MEDIUM,MEDIUM,MEDIUM,MEDIUM,NO,CM1
LOW,LOW,LOW,LOW,LOW,LOW,LOW,LOW,NO,CM1
LOW,LOW,LOW,LOW,LOW,LOW,LOW,LOW,NO,CM1
LOW,LOW,LOW,LOW,MEDIUM,MEDIUM,MEDIUM,LOW,NO,CM1
LOW,LOW,LOW,LOW,LOW,LOW,LOW,LOW,NO,CM1
LOW,LOW,LOW,LOW,LOW,LOW,LOW,LOW,NO,CM1
LOW,LOW,LOW,LOW,LOW,LOW,LOW,LOW,NO,CM1
LOW,LOW,LOW,LOW,LOW,LOW,LOW,LOW,NO,CM1
LOW,LOW,LOW,LOW,LOW,MEDIUM,MEDIUM,LOW,NO,CM1
LOW,LOW,LOW,LOW,LOW,LOW,LOW,LOW,NO,CM1
LOW,LOW,LOW,LOW,LOW,LOW,LOW,LOW,NO,CM1
MEDIUM,LOW,LOW,LOW,HIGH,MEDIUM,HIGH,LOW,NO,CM1
LOW,LOW,LOW,LOW,LOW,LOW,LOW,LOW,NO,CM1
LOW,LOW,LOW,LOW,LOW,LOW,LOW,LOW,NO,CM1
LOW,LOW,LOW,LOW,LOW,LOW,LOW,LOW,NO,CM1
LOW,LOW,LOW,LOW,LOW,LOW,LOW,LOW,NO,CM1
LOW,LOW,LOW,LOW,LOW,LOW,LOW,LOW,NO,CM1
LOW,LOW,LOW,LOW,LOW,LOW,LOW,LOW,NO,CM1
LOW,LOW,LOW,LOW,LOW,LOW,LOW,LOW,NO,CM1
LOW,LOW,LOW,LOW,LOW,LOW,LOW,LOW,NO,CM1
LOW,LOW,LOW,LOW,LOW,LOW,LOW,LOW,NO,CM1
LOW,LOW,LOW,LOW,LOW,LOW,LOW,LOW,NO,CM1
LOW,LOW,LOW,LOW,LOW,LOW,LOW,LOW,NO,CM1
LOW,LOW,LOW,LOW,LOW,LOW,LOW,LOW,NO,CM1
LOW,LOW,LOW,LOW,LOW,LOW,LOW,LOW,NO,CM1
LOW,LOW,LOW,LOW,MEDIUM,MEDIUM,MEDIUM,LOW,NO,CM1
LOW,LOW,LOW,LOW,LOW,LOW,LOW,LOW,NO,CM1
LOW,LOW,LOW,LOW,LOW,LOW,LOW,LOW,NO,CM1
LOW,LOW,LOW,LOW,LOW,LOW,LOW,LOW,NO,CM1
LOW,LOW,LOW,LOW,LOW,MEDIUM,MEDIUM,LOW,NO,CM1
LOW,LOW,LOW,LOW,MEDIUM,LOW,MEDIUM,LOW,NO,CM1
MEDIUM,HIGH,HIGH,MEDIUM,HIGH,HIGH,HIGH,HIGH,NO,CM1
LOW,MEDIUM,HIGH,LOW,MEDIUM,HIGH,MEDIUM,MEDIUM,NO,CM1
HIGH,HIGH,MEDIUM,LOW,HIGH,HIGH,HIGH,HIGH,NO,CM1
LOW,LOW,LOW,LOW,LOW,LOW,LOW,LOW,NO,CM1
LOW,LOW,LOW,LOW,LOW,LOW,LOW,LOW,NO,CM1
LOW,LOW,LOW,LOW,LOW,MEDIUM,LOW,LOW,NO,CM1
MEDIUM,MEDIUM,HIGH,MEDIUM,MEDIUM,MEDIUM,MEDIUM,MEDIUM,NO,CM1
MEDIUM,MEDIUM,HIGH,MEDIUM,MEDIUM,MEDIUM,MEDIUM,MEDIUM,NO,CM1
LOW,LOW,LOW,MEDIUM,MEDIUM,LOW,MEDIUM,LOW,NO,CM1
MEDIUM,LOW,LOW,MEDIUM,MEDIUM,MEDIUM,MEDIUM,LOW,NO,CM1
MEDIUM,LOW,LOW,MEDIUM,MEDIUM,MEDIUM,MEDIUM,LOW,NO,CM1
MEDIUM,MEDIUM,HIGH,MEDIUM,MEDIUM,MEDIUM,MEDIUM,MEDIUM,NO,CM1
HIGH,HIGH,HIGH,HIGH,HIGH,MEDIUM,HIGH,HIGH,NO,CM1
MEDIUM,MEDIUM,MEDIUM,LOW,MEDIUM,MEDIUM,MEDIUM,MEDIUM,NO,CM1
LOW,LOW,MEDIUM,LOW,LOW,MEDIUM,LOW,LOW,NO,CM1
HIGH,HIGH,HIGH,HIGH,HIGH,MEDIUM,MEDIUM,HIGH,NO,CM1
MEDIUM,HIGH,HIGH,HIGH,HIGH,HIGH,HIGH,HIGH,NO,CM1
HIGH,HIGH,HIGH,HIGH,HIGH,MEDIUM,MEDIUM,HIGH,NO,CM1
MEDIUM,HIGH,LOW,HIGH,HIGH,HIGH,HIGH,HIGH,NO,CM1
MEDIUM,HIGH,HIGH,LOW,MEDIUM,HIGH,HIGH,HIGH,NO,CM1
LOW,LOW,LOW,LOW,MEDIUM,HIGH,MEDIUM,LOW,NO,CM1
LOW,MEDIUM,HIGH,LOW,HIGH,HIGH,HIGH,MEDIUM,NO,CM1
LOW,LOW,LOW,LOW,LOW,LOW,LOW,LOW,NO,CM1
LOW,LOW,LOW,LOW,LOW,LOW,LOW,LOW,NO,CM1
MEDIUM,HIGH,MEDIUM,MEDIUM,HIGH,HIGH,HIGH,HIGH,NO,CM1
LOW,LOW,LOW,LOW,LOW,LOW,LOW,LOW,NO,CM1
HIGH,HIGH,LOW,HIGH,HIGH,HIGH,HIGH,HIGH,NO,CM1
MEDIUM,LOW,LOW,MEDIUM,HIGH,HIGH,HIGH,LOW,NO,CM1
LOW,LOW,LOW,LOW,MEDIUM,MEDIUM,MEDIUM,LOW,NO,CM1
LOW,LOW,LOW,LOW,LOW,LOW,LOW,LOW,NO,CM1
LOW,LOW,MEDIUM,LOW,LOW,LOW,LOW,LOW,NO,CM1
MEDIUM,LOW,LOW,MEDIUM,HIGH,HIGH,HIGH,LOW,NO,CM1
MEDIUM,MEDIUM,LOW,MEDIUM,MEDIUM,MEDIUM,MEDIUM,MEDIUM,NO,CM1
LOW,LOW,LOW,LOW,LOW,LOW,LOW,LOW,NO,CM1
LOW,LOW,LOW,LOW,LOW,MEDIUM,LOW,LOW,NO,CM1
LOW,LOW,LOW,LOW,LOW,LOW,LOW,LOW,NO,CM1
LOW,LOW,LOW,LOW,LOW,LOW,LOW,LOW,NO,CM1
LOW,LOW,LOW,LOW,LOW,MEDIUM,MEDIUM,LOW,NO,CM1
LOW,LOW,LOW,LOW,MEDIUM,MEDIUM,MEDIUM,LOW,NO,CM1
LOW,LOW,LOW,LOW,LOW,LOW,LOW,LOW,NO,CM1
LOW,LOW,LOW,LOW,LOW,LOW,LOW,LOW,NO,CM1
LOW,LOW,LOW,LOW,MEDIUM,MEDIUM,MEDIUM,LOW,NO,CM1
MEDIUM,MEDIUM,LOW,LOW,HIGH,HIGH,HIGH,MEDIUM,YES,CM1
MEDIUM,MEDIUM,LOW,MEDIUM,HIGH,MEDIUM,MEDIUM,MEDIUM,YES,CM1
HIGH,HIGH,HIGH,HIGH,HIGH,HIGH,HIGH,HIGH,YES,CM1
LOW,LOW,LOW,LOW,MEDIUM,MEDIUM,MEDIUM,LOW,YES,CM1
MEDIUM,MEDIUM,LOW,HIGH,HIGH,HIGH,HIGH,MEDIUM,YES,CM1
HIGH,MEDIUM,LOW,MEDIUM,HIGH,HIGH,HIGH,MEDIUM,YES,CM1
HIGH,HIGH,LOW,HIGH,HIGH,HIGH,HIGH,HIGH,YES,CM1
HIGH,HIGH,LOW,HIGH,HIGH,HIGH,HIGH,HIGH,YES,CM1
HIGH,HIGH,HIGH,HIGH,HIGH,HIGH,HIGH,HIGH,YES,CM1
LOW,LOW,LOW,LOW,LOW,MEDIUM,LOW,LOW,YES,CM1
LOW,LOW,LOW,LOW,LOW,MEDIUM,LOW,LOW,YES,CM1
HIGH,HIGH,LOW,HIGH,HIGH,HIGH,HIGH,HIGH,YES,CM1
MEDIUM,LOW,LOW,LOW,MEDIUM,MEDIUM,MEDIUM,LOW,YES,CM1
HIGH,HIGH,HIGH,MEDIUM,HIGH,HIGH,HIGH,HIGH,YES,CM1
HIGH,MEDIUM,MEDIUM,MEDIUM,HIGH,MEDIUM,HIGH,MEDIUM,YES,CM1
HIGH,HIGH,LOW,HIGH,HIGH,HIGH,HIGH,HIGH,YES,CM1
HIGH,HIGH,HIGH,HIGH,HIGH,HIGH,HIGH,HIGH,YES,CM1
HIGH,HIGH,MEDIUM,HIGH,HIGH,HIGH,HIGH,HIGH,YES,CM1
HIGH,HIGH,HIGH,HIGH,HIGH,HIGH,HIGH,HIGH,YES,CM1
HIGH,HIGH,HIGH,HIGH,HIGH,MEDIUM,HIGH,HIGH,YES,CM1
HIGH,HIGH,LOW,HIGH,HIGH,HIGH,HIGH,HIGH,YES,CM1
HIGH,HIGH,LOW,HIGH,HIGH,MEDIUM,HIGH,HIGH,YES,CM1
HIGH,HIGH,HIGH,LOW,HIGH,HIGH,HIGH,HIGH,YES,CM1
MEDIUM,LOW,LOW,MEDIUM,HIGH,HIGH,HIGH,LOW,YES,CM1
LOW,LOW,LOW,MEDIUM,LOW,LOW,LOW,LOW,YES,CM1
HIGH,HIGH,LOW,HIGH,HIGH,HIGH,HIGH,HIGH,YES,CM1
MEDIUM,LOW,LOW,LOW,HIGH,MEDIUM,MEDIUM,LOW,YES,CM1
MEDIUM,MEDIUM,HIGH,MEDIUM,MEDIUM,MEDIUM,MEDIUM,MEDIUM,YES,CM1
HIGH,HIGH,LOW,HIGH,HIGH,HIGH,HIGH,HIGH,YES,CM1
LOW,LOW,LOW,LOW,MEDIUM,MEDIUM,MEDIUM,LOW,YES,CM1
HIGH,HIGH,HIGH,HIGH,HIGH,HIGH,HIGH,HIGH,YES,CM1
MEDIUM,MEDIUM,LOW,MEDIUM,HIGH,HIGH,HIGH,MEDIUM,YES,CM1
HIGH,HIGH,HIGH,HIGH,HIGH,HIGH,HIGH,HIGH,YES,CM1
MEDIUM,MEDIUM,LOW,MEDIUM,HIGH,HIGH,HIGH,LOW,YES,CM1
HIGH,HIGH,HIGH,HIGH,HIGH,HIGH,HIGH,HIGH,YES,CM1
LOW,LOW,LOW,LOW,LOW,LOW,LOW,LOW,YES,CM1
LOW,LOW,LOW,LOW,MEDIUM,MEDIUM,MEDIUM,LOW,YES,CM1
LOW,LOW,LOW,MEDIUM,MEDIUM,MEDIUM,MEDIUM,LOW,YES,CM1
MEDIUM,LOW,LOW,MEDIUM,MEDIUM,MEDIUM,MEDIUM,LOW,YES,CM1
MEDIUM,LOW,LOW,MEDIUM,MEDIUM,MEDIUM,MEDIUM,LOW,YES,CM1
LOW,LOW,LOW,LOW,LOW,LOW,LOW,LOW,YES,CM1
HIGH,HIGH,HIGH,HIGH,HIGH,MEDIUM,HIGH,HIGH,YES,CM1
HIGH,HIGH,HIGH,HIGH,HIGH,HIGH,HIGH,HIGH,YES,CM1
HIGH,LOW,LOW,MEDIUM,HIGH,HIGH,HIGH,LOW,YES,CM1
MEDIUM,MEDIUM,MEDIUM,MEDIUM,HIGH,HIGH,HIGH,MEDIUM,YES,CM1
HIGH,HIGH,MEDIUM,HIGH,HIGH,HIGH,HIGH,HIGH,YES,CM1
LOW,LOW,LOW,LOW,LOW,LOW,LOW,LOW,YES,CM1
MEDIUM,MEDIUM,HIGH,HIGH,MEDIUM,MEDIUM,MEDIUM,MEDIUM,YES,CM1
LOW,LOW,MEDIUM,LOW,LOW,LOW,LOW,LOW,NO,JM1
LOW,LOW,LOW,LOW,LOW,LOW,LOW,LOW,YES,JM1
HIGH,HIGH,LOW,HIGH,HIGH,HIGH,HIGH,HIGH,YES,JM1
HIGH,LOW,LOW,MEDIUM,HIGH,MEDIUM,HIGH,LOW,YES,JM1
MEDIUM,MEDIUM,LOW,MEDIUM,HIGH,MEDIUM,HIGH,MEDIUM,YES,JM1
MEDIUM,LOW,LOW,LOW,HIGH,MEDIUM,MEDIUM,LOW,YES,JM1
HIGH,HIGH,HIGH,MEDIUM,LOW,LOW,LOW,HIGH,YES,JM1
LOW,LOW,LOW,LOW,LOW,LOW,LOW,LOW,YES,JM1
MEDIUM,LOW,LOW,LOW,LOW,LOW,LOW,LOW,YES,JM1
HIGH,HIGH,HIGH,HIGH,LOW,LOW,LOW,HIGH,YES,JM1
HIGH,HIGH,HIGH,HIGH,LOW,LOW,LOW,HIGH,YES,JM1
HIGH,HIGH,HIGH,HIGH,LOW,LOW,LOW,HIGH,YES,JM1
LOW,LOW,LOW,LOW,LOW,LOW,LOW,LOW,YES,JM1
HIGH,MEDIUM,LOW,MEDIUM,HIGH,HIGH,HIGH,MEDIUM,YES,JM1
HIGH,HIGH,LOW,HIGH,LOW,LOW,LOW,HIGH,YES,JM1
HIGH,HIGH,HIGH,HIGH,LOW,LOW,LOW,HIGH,YES,JM1
LOW,LOW,LOW,LOW,LOW,LOW,LOW,LOW,YES,JM1
HIGH,HIGH,HIGH,HIGH,HIGH,HIGH,HIGH,HIGH,YES,JM1
HIGH,HIGH,LOW,LOW,HIGH,HIGH,HIGH,HIGH,YES,JM1
HIGH,HIGH,LOW,HIGH,HIGH,HIGH,HIGH,HIGH,YES,JM1
HIGH,HIGH,HIGH,HIGH,HIGH,HIGH,HIGH,HIGH,YES,JM1
HIGH,MEDIUM,HIGH,MEDIUM,HIGH,HIGH,HIGH,MEDIUM,YES,JM1
HIGH,HIGH,HIGH,HIGH,HIGH,HIGH,HIGH,HIGH,YES,JM1
MEDIUM,MEDIUM,HIGH,MEDIUM,LOW,LOW,LOW,MEDIUM,YES,JM1
MEDIUM,HIGH,LOW,MEDIUM,HIGH,HIGH,HIGH,HIGH,YES,JM1
HIGH,HIGH,HIGH,HIGH,HIGH,HIGH,HIGH,HIGH,YES,JM1
MEDIUM,LOW,LOW,MEDIUM,MEDIUM,MEDIUM,MEDIUM,LOW,YES,JM1
HIGH,MEDIUM,HIGH,MEDIUM,HIGH,HIGH,HIGH,MEDIUM,YES,JM1
HIGH,HIGH,HIGH,HIGH,HIGH,HIGH,HIGH,HIGH,YES,JM1
HIGH,LOW,LOW,MEDIUM,HIGH,MEDIUM,HIGH,LOW,YES,JM1
LOW,LOW,LOW,LOW,LOW,LOW,LOW,LOW,YES,JM1
MEDIUM,MEDIUM,HIGH,MEDIUM,HIGH,MEDIUM,HIGH,MEDIUM,YES,JM1
LOW,LOW,LOW,LOW,LOW,LOW,LOW,LOW,YES,JM1
MEDIUM,LOW,LOW,LOW,LOW,MEDIUM,LOW,LOW,YES,JM1
MEDIUM,LOW,LOW,LOW,LOW,LOW,LOW,LOW,YES,JM1
HIGH,HIGH,HIGH,HIGH,LOW,LOW,LOW,HIGH,YES,JM1
HIGH,MEDIUM,LOW,HIGH,HIGH,HIGH,HIGH,MEDIUM,YES,JM1
HIGH,HIGH,HIGH,HIGH,LOW,LOW,LOW,HIGH,YES,JM1
LOW,LOW,LOW,LOW,LOW,LOW,LOW,LOW,YES,JM1
HIGH,HIGH,HIGH,HIGH,LOW,LOW,LOW,HIGH,YES,JM1
MEDIUM,LOW,LOW,LOW,MEDIUM,MEDIUM,MEDIUM,LOW,YES,JM1
MEDIUM,LOW,LOW,LOW,MEDIUM,LOW,LOW,LOW,YES,JM1
HIGH,MEDIUM,MEDIUM,MEDIUM,LOW,LOW,LOW,MEDIUM,YES,JM1
HIGH,HIGH,HIGH,HIGH,HIGH,HIGH,HIGH,HIGH,YES,JM1
HIGH,HIGH,HIGH,HIGH,HIGH,HIGH,HIGH,HIGH,YES,JM1
HIGH,MEDIUM,LOW,MEDIUM,MEDIUM,MEDIUM,MEDIUM,MEDIUM,YES,JM1
HIGH,HIGH,HIGH,MEDIUM,LOW,LOW,LOW,HIGH,YES,JM1
MEDIUM,LOW,LOW,LOW,MEDIUM,LOW,MEDIUM,LOW,YES,JM1
HIGH,HIGH,HIGH,HIGH,LOW,LOW,LOW,HIGH,YES,JM1
HIGH,HIGH,HIGH,HIGH,LOW,LOW,LOW,HIGH,YES,JM1
HIGH,HIGH,HIGH,HIGH,HIGH,HIGH,HIGH,HIGH,YES,JM1
HIGH,HIGH,HIGH,HIGH,HIGH,HIGH,HIGH,HIGH,YES,JM1
LOW,LOW,LOW,LOW,MEDIUM,MEDIUM,MEDIUM,LOW,YES,JM1
HIGH,HIGH,HIGH,HIGH,LOW,LOW,LOW,HIGH,YES,JM1
HIGH,HIGH,HIGH,HIGH,LOW,LOW,LOW,HIGH,YES,JM1
LOW,LOW,LOW,LOW,LOW,LOW,LOW,LOW,YES,JM1
LOW,LOW,LOW,LOW,LOW,LOW,LOW,LOW,YES,JM1
HIGH,HIGH,HIGH,HIGH,LOW,LOW,LOW,HIGH,YES,JM1
HIGH,HIGH,HIGH,HIGH,HIGH,HIGH,HIGH,HIGH,YES,JM1
LOW,LOW,LOW,LOW,LOW,LOW,LOW,LOW,YES,JM1
LOW,LOW,LOW,LOW,LOW,LOW,LOW,LOW,YES,JM1
LOW,LOW,LOW,LOW,LOW,LOW,LOW,LOW,YES,JM1
HIGH,HIGH,HIGH,HIGH,LOW,LOW,LOW,HIGH,YES,JM1
HIGH,HIGH,LOW,HIGH,HIGH,HIGH,HIGH,HIGH,YES,JM1
HIGH,HIGH,HIGH,HIGH,HIGH,HIGH,HIGH,HIGH,YES,JM1
LOW,LOW,LOW,LOW,LOW,LOW,LOW,LOW,YES,JM1
LOW,MEDIUM,LOW,LOW,LOW,LOW,LOW,MEDIUM,YES,JM1
HIGH,HIGH,LOW,MEDIUM,HIGH,MEDIUM,HIGH,HIGH,YES,JM1
LOW,LOW,LOW,LOW,MEDIUM,LOW,LOW,LOW,YES,JM1
LOW,MEDIUM,LOW,LOW,MEDIUM,HIGH,MEDIUM,MEDIUM,YES,JM1
HIGH,HIGH,LOW,HIGH,HIGH,HIGH,HIGH,HIGH,YES,JM1
LOW,LOW,LOW,LOW,MEDIUM,LOW,LOW,LOW,YES,JM1
HIGH,MEDIUM,LOW,MEDIUM,MEDIUM,MEDIUM,MEDIUM,MEDIUM,YES,JM1
HIGH,HIGH,HIGH,HIGH,HIGH,HIGH,HIGH,HIGH,YES,JM1
MEDIUM,LOW,LOW,LOW,LOW,LOW,LOW,LOW,YES,JM1
MEDIUM,LOW,LOW,LOW,MEDIUM,MEDIUM,MEDIUM,LOW,YES,JM1
MEDIUM,LOW,LOW,LOW,HIGH,MEDIUM,HIGH,LOW,YES,JM1
LOW,LOW,LOW,LOW,LOW,MEDIUM,MEDIUM,LOW,YES,JM1
LOW,LOW,LOW,LOW,LOW,LOW,LOW,LOW,YES,JM1
LOW,LOW,LOW,LOW,LOW,LOW,LOW,LOW,YES,JM1
LOW,LOW,LOW,LOW,LOW,LOW,LOW,LOW,YES,JM1
LOW,LOW,LOW,LOW,LOW,LOW,LOW,LOW,YES,JM1
HIGH,HIGH,HIGH,HIGH,LOW,LOW,LOW,HIGH,YES,JM1
HIGH,MEDIUM,LOW,MEDIUM,HIGH,HIGH,HIGH,MEDIUM,YES,JM1
MEDIUM,MEDIUM,LOW,MEDIUM,MEDIUM,MEDIUM,MEDIUM,MEDIUM,YES,JM1
HIGH,HIGH,HIGH,HIGH,HIGH,HIGH,HIGH,HIGH,YES,JM1
LOW,LOW,LOW,LOW,LOW,LOW,LOW,LOW,YES,JM1
HIGH,HIGH,LOW,HIGH,HIGH,HIGH,HIGH,HIGH,YES,JM1
HIGH,HIGH,HIGH,HIGH,HIGH,HIGH,HIGH,HIGH,YES,JM1
HIGH,MEDIUM,LOW,MEDIUM,HIGH,HIGH,HIGH,MEDIUM,YES,JM1
LOW,LOW,LOW,LOW,LOW,LOW,LOW,LOW,YES,JM1
LOW,LOW,LOW,LOW,LOW,LOW,LOW,LOW,YES,JM1
LOW,LOW,LOW,LOW,LOW,LOW,LOW,LOW,YES,JM1
LOW,LOW,LOW,LOW,LOW,LOW,LOW,LOW,YES,JM1
LOW,LOW,LOW,LOW,LOW,LOW,LOW,LOW,YES,JM1
HIGH,MEDIUM,HIGH,MEDIUM,LOW,LOW,LOW,MEDIUM,YES,JM1
LOW,LOW,LOW,LOW,LOW,LOW,LOW,LOW,YES,JM1
LOW,LOW,LOW,LOW,LOW,MEDIUM,LOW,LOW,YES,JM1
HIGH,HIGH,HIGH,HIGH,HIGH,HIGH,HIGH,HIGH,YES,JM1
MEDIUM,MEDIUM,LOW,MEDIUM,MEDIUM,MEDIUM,MEDIUM,MEDIUM,YES,JM1
LOW,LOW,LOW,LOW,LOW,LOW,LOW,LOW,YES,JM1
LOW,LOW,LOW,LOW,MEDIUM,LOW,MEDIUM,LOW,YES,JM1
HIGH,HIGH,LOW,HIGH,HIGH,HIGH,HIGH,HIGH,YES,JM1
HIGH,MEDIUM,MEDIUM,HIGH,HIGH,HIGH,HIGH,MEDIUM,YES,JM1
HIGH,MEDIUM,LOW,MEDIUM,HIGH,HIGH,HIGH,MEDIUM,YES,JM1
HIGH,MEDIUM,HIGH,LOW,LOW,LOW,LOW,MEDIUM,YES,JM1
MEDIUM,MEDIUM,MEDIUM,HIGH,HIGH,HIGH,HIGH,MEDIUM,YES,JM1
HIGH,HIGH,HIGH,HIGH,HIGH,HIGH,HIGH,HIGH,YES,JM1
MEDIUM,MEDIUM,MEDIUM,MEDIUM,HIGH,HIGH,HIGH,MEDIUM,YES,JM1
HIGH,HIGH,HIGH,HIGH,HIGH,HIGH,HIGH,HIGH,YES,JM1
MEDIUM,MEDIUM,LOW,MEDIUM,MEDIUM,MEDIUM,MEDIUM,MEDIUM,YES,JM1
MEDIUM,LOW,LOW,LOW,MEDIUM,MEDIUM,MEDIUM,LOW,YES,JM1
HIGH,LOW,LOW,MEDIUM,HIGH,HIGH,HIGH,LOW,YES,JM1
MEDIUM,MEDIUM,MEDIUM,MEDIUM,MEDIUM,HIGH,HIGH,MEDIUM,YES,JM1
HIGH,HIGH,HIGH,HIGH,HIGH,HIGH,HIGH,HIGH,YES,JM1
HIGH,HIGH,HIGH,HIGH,HIGH,HIGH,HIGH,HIGH,YES,JM1
HIGH,HIGH,HIGH,LOW,HIGH,HIGH,HIGH,HIGH,YES,JM1
MEDIUM,MEDIUM,MEDIUM,MEDIUM,MEDIUM,HIGH,HIGH,MEDIUM,YES,JM1
MEDIUM,MEDIUM,MEDIUM,MEDIUM,LOW,LOW,LOW,MEDIUM,YES,JM1
HIGH,HIGH,HIGH,HIGH,HIGH,HIGH,HIGH,HIGH,YES,JM1
HIGH,HIGH,LOW,HIGH,HIGH,HIGH,HIGH,HIGH,YES,JM1
MEDIUM,LOW,LOW,LOW,MEDIUM,MEDIUM,MEDIUM,LOW,YES,JM1
LOW,LOW,LOW,LOW,LOW,MEDIUM,MEDIUM,LOW,YES,JM1
MEDIUM,MEDIUM,HIGH,MEDIUM,LOW,LOW,LOW,MEDIUM,YES,JM1
HIGH,HIGH,LOW,MEDIUM,MEDIUM,HIGH,HIGH,HIGH,YES,JM1
LOW,LOW,LOW,LOW,LOW,LOW,LOW,LOW,YES,JM1
MEDIUM,MEDIUM,HIGH,LOW,LOW,LOW,LOW,MEDIUM,YES,JM1
MEDIUM,LOW,LOW,LOW,MEDIUM,MEDIUM,MEDIUM,LOW,YES,JM1
HIGH,MEDIUM,LOW,MEDIUM,MEDIUM,HIGH,HIGH,MEDIUM,YES,JM1
MEDIUM,MEDIUM,LOW,MEDIUM,MEDIUM,HIGH,MEDIUM,MEDIUM,YES,JM1
LOW,HIGH,HIGH,HIGH,MEDIUM,HIGH,HIGH,HIGH,YES,JM1
HIGH,HIGH,LOW,MEDIUM,HIGH,HIGH,HIGH,HIGH,YES,JM1
MEDIUM,LOW,LOW,LOW,MEDIUM,MEDIUM,MEDIUM,LOW,YES,JM1
LOW,LOW,LOW,LOW,LOW,LOW,LOW,LOW,YES,JM1
HIGH,MEDIUM,LOW,MEDIUM,HIGH,HIGH,HIGH,MEDIUM,YES,JM1
HIGH,MEDIUM,LOW,MEDIUM,LOW,LOW,LOW,MEDIUM,YES,JM1
MEDIUM,LOW,MEDIUM,LOW,MEDIUM,LOW,MEDIUM,LOW,YES,JM1
LOW,LOW,LOW,LOW,LOW,LOW,LOW,LOW,YES,JM1
MEDIUM,MEDIUM,HIGH,LOW,MEDIUM,LOW,LOW,MEDIUM,YES,JM1
MEDIUM,MEDIUM,HIGH,LOW,MEDIUM,LOW,LOW,MEDIUM,YES,JM1
HIGH,HIGH,LOW,HIGH,HIGH,HIGH,HIGH,HIGH,YES,JM1
HIGH,HIGH,HIGH,HIGH,HIGH,HIGH,HIGH,HIGH,YES,JM1
HIGH,MEDIUM,LOW,MEDIUM,HIGH,MEDIUM,HIGH,MEDIUM,YES,JM1
HIGH,HIGH,HIGH,MEDIUM,LOW,LOW,LOW,HIGH,YES,JM1
LOW,LOW,LOW,LOW,MEDIUM,MEDIUM,MEDIUM,LOW,YES,JM1
HIGH,HIGH,LOW,HIGH,HIGH,HIGH,HIGH,HIGH,YES,JM1
HIGH,HIGH,HIGH,HIGH,HIGH,HIGH,HIGH,HIGH,YES,JM1
HIGH,HIGH,LOW,HIGH,HIGH,HIGH,HIGH,HIGH,YES,JM1
HIGH,HIGH,HIGH,MEDIUM,HIGH,HIGH,HIGH,HIGH,YES,JM1
MEDIUM,MEDIUM,LOW,LOW,HIGH,HIGH,HIGH,MEDIUM,YES,JM1
MEDIUM,LOW,LOW,MEDIUM,MEDIUM,MEDIUM,MEDIUM,LOW,YES,JM1
MEDIUM,LOW,LOW,MEDIUM,LOW,MEDIUM,MEDIUM,LOW,YES,JM1
MEDIUM,LOW,LOW,MEDIUM,MEDIUM,MEDIUM,MEDIUM,LOW,YES,JM1
MEDIUM,MEDIUM,LOW,LOW,MEDIUM,HIGH,MEDIUM,MEDIUM,YES,JM1
HIGH,MEDIUM,HIGH,HIGH,HIGH,HIGH,HIGH,MEDIUM,YES,JM1
HIGH,HIGH,HIGH,HIGH,HIGH,HIGH,HIGH,HIGH,YES,JM1
LOW,MEDIUM,LOW,MEDIUM,LOW,LOW,LOW,MEDIUM,YES,JM1
HIGH,MEDIUM,MEDIUM,MEDIUM,HIGH,MEDIUM,MEDIUM,MEDIUM,YES,JM1
LOW,LOW,LOW,LOW,LOW,LOW,LOW,LOW,YES,JM1
MEDIUM,LOW,LOW,LOW,LOW,LOW,LOW,LOW,YES,JM1
LOW,LOW,LOW,LOW,LOW,LOW,LOW,LOW,YES,JM1
HIGH,HIGH,HIGH,HIGH,HIGH,HIGH,HIGH,HIGH,YES,JM1
MEDIUM,LOW,LOW,LOW,MEDIUM,MEDIUM,MEDIUM,LOW,YES,JM1
MEDIUM,LOW,LOW,LOW,MEDIUM,MEDIUM,MEDIUM,LOW,YES,JM1
MEDIUM,MEDIUM,LOW,LOW,MEDIUM,HIGH,MEDIUM,MEDIUM,YES,JM1
HIGH,HIGH,HIGH,HIGH,HIGH,HIGH,HIGH,HIGH,YES,JM1
HIGH,HIGH,HIGH,MEDIUM,HIGH,HIGH,HIGH,HIGH,YES,JM1
MEDIUM,LOW,LOW,LOW,MEDIUM,MEDIUM,MEDIUM,LOW,YES,JM1
HIGH,HIGH,HIGH,HIGH,HIGH,HIGH,HIGH,HIGH,YES,JM1
HIGH,HIGH,HIGH,HIGH,HIGH,HIGH,HIGH,HIGH,YES,JM1
MEDIUM,HIGH,LOW,MEDIUM,MEDIUM,MEDIUM,MEDIUM,HIGH,YES,JM1
HIGH,HIGH,HIGH,HIGH,MEDIUM,MEDIUM,MEDIUM,HIGH,YES,JM1
HIGH,HIGH,HIGH,HIGH,LOW,LOW,LOW,HIGH,YES,JM1
LOW,LOW,LOW,LOW,LOW,LOW,LOW,LOW,YES,JM1
LOW,LOW,LOW,LOW,MEDIUM,MEDIUM,MEDIUM,LOW,YES,JM1
MEDIUM,LOW,LOW,LOW,MEDIUM,HIGH,MEDIUM,LOW,YES,JM1
MEDIUM,LOW,LOW,LOW,MEDIUM,HIGH,MEDIUM,LOW,YES,JM1
MEDIUM,LOW,LOW,LOW,MEDIUM,HIGH,MEDIUM,LOW,YES,JM1
HIGH,MEDIUM,LOW,LOW,LOW,LOW,LOW,MEDIUM,YES,JM1
MEDIUM,MEDIUM,LOW,LOW,LOW,LOW,LOW,MEDIUM,YES,JM1
MEDIUM,MEDIUM,MEDIUM,MEDIUM,HIGH,HIGH,HIGH,MEDIUM,YES,JM1
MEDIUM,LOW,LOW,LOW,MEDIUM,MEDIUM,MEDIUM,LOW,YES,JM1
MEDIUM,MEDIUM,LOW,MEDIUM,MEDIUM,MEDIUM,MEDIUM,MEDIUM,YES,JM1
MEDIUM,HIGH,LOW,MEDIUM,MEDIUM,MEDIUM,MEDIUM,HIGH,YES,JM1
LOW,LOW,LOW,LOW,LOW,LOW,LOW,LOW,YES,JM1
MEDIUM,MEDIUM,LOW,HIGH,HIGH,HIGH,HIGH,MEDIUM,YES,JM1
HIGH,HIGH,HIGH,HIGH,HIGH,HIGH,HIGH,HIGH,YES,JM1
HIGH,HIGH,LOW,HIGH,HIGH,HIGH,HIGH,HIGH,YES,JM1
LOW,LOW,LOW,LOW,LOW,LOW,LOW,LOW,YES,JM1
HIGH,HIGH,HIGH,HIGH,HIGH,HIGH,HIGH,HIGH,YES,JM1
MEDIUM,MEDIUM,MEDIUM,LOW,MEDIUM,HIGH,MEDIUM,MEDIUM,YES,JM1
HIGH,HIGH,LOW,HIGH,HIGH,HIGH,HIGH,HIGH,YES,JM1
LOW,LOW,LOW,LOW,LOW,LOW,LOW,LOW,YES,JM1
MEDIUM,LOW,LOW,LOW,LOW,LOW,LOW,LOW,YES,JM1
MEDIUM,MEDIUM,HIGH,MEDIUM,LOW,LOW,LOW,MEDIUM,YES,JM1
MEDIUM,HIGH,HIGH,HIGH,MEDIUM,MEDIUM,MEDIUM,HIGH,YES,JM1
MEDIUM,HIGH,HIGH,HIGH,MEDIUM,HIGH,HIGH,HIGH,YES,JM1
HIGH,HIGH,HIGH,HIGH,HIGH,HIGH,HIGH,HIGH,YES,JM1
LOW,LOW,LOW,LOW,LOW,LOW,LOW,LOW,YES,JM1
MEDIUM,HIGH,HIGH,MEDIUM,MEDIUM,MEDIUM,MEDIUM,HIGH,YES,JM1
HIGH,HIGH,MEDIUM,HIGH,HIGH,HIGH,HIGH,HIGH,YES,JM1
HIGH,HIGH,HIGH,MEDIUM,HIGH,HIGH,HIGH,HIGH,YES,JM1
HIGH,HIGH,HIGH,HIGH,HIGH,HIGH,HIGH,HIGH,YES,JM1
HIGH,HIGH,HIGH,HIGH,HIGH,HIGH,HIGH,HIGH,YES,JM1
MEDIUM,HIGH,HIGH,HIGH,HIGH,HIGH,HIGH,HIGH,YES,JM1
MEDIUM,HIGH,HIGH,HIGH,HIGH,HIGH,HIGH,HIGH,YES,JM1
MEDIUM,MEDIUM,HIGH,MEDIUM,MEDIUM,HIGH,MEDIUM,MEDIUM,YES,JM1
HIGH,HIGH,HIGH,HIGH,HIGH,HIGH,HIGH,HIGH,YES,JM1
HIGH,HIGH,HIGH,HIGH,HIGH,HIGH,HIGH,HIGH,YES,JM1
MEDIUM,HIGH,HIGH,MEDIUM,LOW,LOW,LOW,HIGH,YES,JM1
MEDIUM,HIGH,LOW,HIGH,LOW,LOW,LOW,HIGH,YES,JM1
LOW,MEDIUM,HIGH,LOW,LOW,LOW,LOW,MEDIUM,YES,JM1
MEDIUM,HIGH,HIGH,LOW,HIGH,HIGH,HIGH,HIGH,YES,JM1
HIGH,HIGH,LOW,HIGH,HIGH,MEDIUM,HIGH,HIGH,YES,JM1
HIGH,HIGH,HIGH,HIGH,LOW,LOW,LOW,HIGH,YES,JM1
LOW,MEDIUM,LOW,MEDIUM,LOW,LOW,LOW,MEDIUM,YES,JM1
LOW,MEDIUM,HIGH,LOW,MEDIUM,MEDIUM,MEDIUM,MEDIUM,YES,JM1
MEDIUM,MEDIUM,MEDIUM,LOW,MEDIUM,MEDIUM,MEDIUM,MEDIUM,YES,JM1
HIGH,HIGH,HIGH,MEDIUM,MEDIUM,HIGH,MEDIUM,HIGH,YES,JM1
LOW,LOW,LOW,LOW,LOW,MEDIUM,MEDIUM,LOW,YES,JM1
MEDIUM,LOW,LOW,LOW,MEDIUM,LOW,MEDIUM,LOW,YES,JM1
LOW,MEDIUM,HIGH,MEDIUM,MEDIUM,MEDIUM,MEDIUM,MEDIUM,YES,JM1
LOW,LOW,LOW,LOW,LOW,LOW,LOW,LOW,YES,JM1
MEDIUM,MEDIUM,LOW,MEDIUM,MEDIUM,MEDIUM,MEDIUM,MEDIUM,YES,JM1
HIGH,HIGH,HIGH,HIGH,HIGH,HIGH,HIGH,HIGH,YES,JM1
MEDIUM,MEDIUM,HIGH,MEDIUM,MEDIUM,MEDIUM,MEDIUM,MEDIUM,YES,JM1
MEDIUM,HIGH,HIGH,HIGH,MEDIUM,MEDIUM,MEDIUM,HIGH,YES,JM1
HIGH,HIGH,HIGH,MEDIUM,HIGH,HIGH,HIGH,HIGH,YES,JM1
MEDIUM,HIGH,HIGH,MEDIUM,HIGH,HIGH,HIGH,HIGH,YES,JM1
HIGH,HIGH,HIGH,HIGH,HIGH,HIGH,HIGH,HIGH,YES,JM1
HIGH,MEDIUM,HIGH,HIGH,HIGH,MEDIUM,MEDIUM,MEDIUM,YES,JM1
HIGH,HIGH,MEDIUM,HIGH,HIGH,HIGH,HIGH,MEDIUM,YES,JM1
MEDIUM,MEDIUM,HIGH,MEDIUM,MEDIUM,MEDIUM,MEDIUM,MEDIUM,YES,JM1
HIGH,HIGH,HIGH,HIGH,HIGH,HIGH,HIGH,HIGH,YES,JM1
LOW,LOW,LOW,LOW,LOW,LOW,LOW,LOW,YES,JM1
LOW,LOW,MEDIUM,LOW,LOW,LOW,LOW,LOW,YES,JM1
MEDIUM,HIGH,HIGH,MEDIUM,MEDIUM,MEDIUM,MEDIUM,HIGH,YES,JM1
HIGH,HIGH,LOW,HIGH,HIGH,HIGH,HIGH,HIGH,YES,JM1
LOW,LOW,LOW,LOW,LOW,LOW,LOW,LOW,YES,JM1
LOW,LOW,LOW,LOW,LOW,LOW,LOW,LOW,YES,JM1
HIGH,MEDIUM,LOW,MEDIUM,HIGH,HIGH,HIGH,MEDIUM,YES,JM1
HIGH,HIGH,LOW,HIGH,HIGH,HIGH,HIGH,HIGH,YES,JM1
LOW,LOW,LOW,LOW,LOW,LOW,LOW,LOW,YES,JM1
LOW,LOW,LOW,LOW,LOW,LOW,LOW,LOW,YES,JM1
LOW,LOW,LOW,LOW,LOW,LOW,LOW,LOW,YES,JM1
HIGH,HIGH,HIGH,HIGH,LOW,LOW,LOW,HIGH,YES,JM1
HIGH,HIGH,HIGH,HIGH,HIGH,HIGH,HIGH,HIGH,YES,JM1
HIGH,HIGH,HIGH,HIGH,HIGH,HIGH,HIGH,HIGH,YES,JM1
MEDIUM,MEDIUM,LOW,MEDIUM,HIGH,MEDIUM,MEDIUM,MEDIUM,YES,JM1
MEDIUM,MEDIUM,MEDIUM,LOW,HIGH,HIGH,HIGH,MEDIUM,YES,JM1
HIGH,HIGH,LOW,HIGH,HIGH,MEDIUM,HIGH,HIGH,YES,JM1
HIGH,HIGH,HIGH,HIGH,HIGH,HIGH,HIGH,HIGH,YES,JM1
HIGH,HIGH,LOW,LOW,HIGH,HIGH,HIGH,HIGH,YES,JM1
HIGH,HIGH,LOW,HIGH,HIGH,MEDIUM,HIGH,HIGH,YES,JM1
HIGH,HIGH,HIGH,HIGH,HIGH,HIGH,HIGH,HIGH,YES,JM1
HIGH,HIGH,HIGH,MEDIUM,HIGH,HIGH,HIGH,HIGH,YES,JM1
HIGH,MEDIUM,LOW,MEDIUM,LOW,LOW,LOW,MEDIUM,YES,JM1
MEDIUM,HIGH,HIGH,LOW,LOW,LOW,LOW,HIGH,YES,JM1
LOW,LOW,LOW,LOW,LOW,LOW,LOW,LOW,YES,JM1
HIGH,HIGH,HIGH,HIGH,LOW,LOW,LOW,HIGH,YES,JM1
MEDIUM,LOW,LOW,LOW,MEDIUM,MEDIUM,MEDIUM,LOW,YES,JM1
MEDIUM,LOW,LOW,LOW,MEDIUM,MEDIUM,MEDIUM,LOW,YES,JM1
HIGH,HIGH,HIGH,LOW,LOW,LOW,LOW,HIGH,YES,JM1
HIGH,HIGH,HIGH,HIGH,LOW,LOW,LOW,HIGH,YES,JM1
MEDIUM,MEDIUM,LOW,MEDIUM,MEDIUM,MEDIUM,MEDIUM,MEDIUM,YES,JM1
LOW,LOW,MEDIUM,LOW,MEDIUM,MEDIUM,MEDIUM,LOW,YES,JM1
HIGH,HIGH,LOW,HIGH,HIGH,HIGH,HIGH,HIGH,YES,JM1
MEDIUM,LOW,LOW,LOW,LOW,LOW,LOW,LOW,YES,JM1
LOW,LOW,LOW,LOW,MEDIUM,MEDIUM,MEDIUM,LOW,YES,JM1
LOW,LOW,LOW,LOW,LOW,LOW,LOW,LOW,YES,JM1
MEDIUM,HIGH,HIGH,LOW,LOW,LOW,LOW,HIGH,YES,JM1
HIGH,HIGH,HIGH,LOW,HIGH,HIGH,HIGH,HIGH,YES,JM1
MEDIUM,HIGH,HIGH,MEDIUM,MEDIUM,HIGH,MEDIUM,HIGH,YES,JM1
HIGH,MEDIUM,LOW,HIGH,HIGH,HIGH,HIGH,MEDIUM,YES,JM1
HIGH,LOW,LOW,LOW,HIGH,HIGH,HIGH,LOW,YES,JM1
HIGH,MEDIUM,LOW,HIGH,HIGH,HIGH,HIGH,MEDIUM,YES,JM1
HIGH,HIGH,HIGH,MEDIUM,HIGH,HIGH,HIGH,HIGH,YES,JM1
MEDIUM,MEDIUM,LOW,LOW,LOW,LOW,LOW,MEDIUM,YES,JM1
LOW,LOW,LOW,LOW,LOW,LOW,LOW,LOW,YES,JM1
HIGH,HIGH,HIGH,LOW,HIGH,HIGH,HIGH,HIGH,YES,JM1
HIGH,LOW,LOW,LOW,HIGH,HIGH,HIGH,LOW,YES,JM1
HIGH,LOW,MEDIUM,MEDIUM,HIGH,HIGH,HIGH,LOW,YES,JM1
HIGH,LOW,LOW,LOW,HIGH,HIGH,HIGH,LOW,YES,JM1
HIGH,HIGH,HIGH,HIGH,HIGH,HIGH,HIGH,HIGH,YES,JM1
HIGH,MEDIUM,LOW,HIGH,HIGH,HIGH,HIGH,MEDIUM,YES,JM1
HIGH,LOW,LOW,LOW,HIGH,HIGH,HIGH,LOW,YES,JM1
HIGH,HIGH,HIGH,HIGH,LOW,LOW,LOW,HIGH,YES,JM1
HIGH,MEDIUM,LOW,MEDIUM,HIGH,HIGH,HIGH,MEDIUM,YES,JM1
HIGH,LOW,LOW,LOW,HIGH,HIGH,HIGH,LOW,YES,JM1
HIGH,LOW,LOW,LOW,HIGH,MEDIUM,HIGH,LOW,YES,JM1
MEDIUM,LOW,LOW,MEDIUM,MEDIUM,LOW,MEDIUM,LOW,YES,JM1
HIGH,HIGH,HIGH,MEDIUM,HIGH,HIGH,HIGH,HIGH,YES,JM1
MEDIUM,LOW,LOW,LOW,MEDIUM,MEDIUM,MEDIUM,LOW,YES,JM1
MEDIUM,LOW,LOW,LOW,MEDIUM,MEDIUM,MEDIUM,LOW,YES,JM1
HIGH,MEDIUM,LOW,HIGH,HIGH,HIGH,HIGH,MEDIUM,YES,JM1
HIGH,LOW,LOW,LOW,HIGH,LOW,MEDIUM,LOW,YES,JM1
LOW,LOW,LOW,LOW,LOW,LOW,LOW,LOW,YES,JM1
HIGH,MEDIUM,MEDIUM,MEDIUM,HIGH,MEDIUM,MEDIUM,MEDIUM,YES,JM1
HIGH,HIGH,HIGH,HIGH,HIGH,HIGH,HIGH,HIGH,YES,JM1
HIGH,MEDIUM,HIGH,LOW,HIGH,HIGH,HIGH,MEDIUM,YES,JM1
HIGH,MEDIUM,LOW,HIGH,HIGH,HIGH,HIGH,MEDIUM,YES,JM1
HIGH,HIGH,LOW,HIGH,HIGH,HIGH,HIGH,HIGH,YES,JM1
HIGH,LOW,LOW,LOW,HIGH,MEDIUM,MEDIUM,LOW,YES,JM1
MEDIUM,MEDIUM,HIGH,MEDIUM,LOW,LOW,LOW,MEDIUM,YES,JM1
HIGH,MEDIUM,LOW,HIGH,LOW,LOW,LOW,MEDIUM,YES,JM1
HIGH,MEDIUM,LOW,HIGH,HIGH,HIGH,HIGH,MEDIUM,YES,JM1
HIGH,MEDIUM,LOW,HIGH,HIGH,HIGH,HIGH,MEDIUM,YES,JM1
HIGH,MEDIUM,LOW,HIGH,HIGH,HIGH,HIGH,MEDIUM,YES,JM1
HIGH,MEDIUM,LOW,HIGH,HIGH,HIGH,HIGH,MEDIUM,YES,JM1
HIGH,MEDIUM,LOW,HIGH,HIGH,HIGH,HIGH,MEDIUM,YES,JM1
HIGH,HIGH,LOW,HIGH,HIGH,HIGH,HIGH,HIGH,YES,JM1
HIGH,LOW,LOW,MEDIUM,HIGH,LOW,HIGH,LOW,YES,JM1
HIGH,LOW,LOW,MEDIUM,HIGH,HIGH,HIGH,LOW,YES,JM1
HIGH,LOW,LOW,LOW,HIGH,HIGH,HIGH,LOW,YES,JM1
HIGH,HIGH,LOW,MEDIUM,HIGH,HIGH,HIGH,HIGH,YES,JM1
HIGH,MEDIUM,LOW,HIGH,HIGH,HIGH,HIGH,MEDIUM,YES,JM1
HIGH,LOW,LOW,LOW,HIGH,MEDIUM,HIGH,LOW,YES,JM1
MEDIUM,LOW,LOW,LOW,LOW,LOW,LOW,LOW,YES,JM1
HIGH,HIGH,LOW,MEDIUM,HIGH,HIGH,HIGH,HIGH,YES,JM1
HIGH,MEDIUM,HIGH,LOW,HIGH,HIGH,HIGH,MEDIUM,YES,JM1
MEDIUM,MEDIUM,LOW,LOW,LOW,LOW,LOW,MEDIUM,YES,JM1
HIGH,HIGH,HIGH,HIGH,HIGH,HIGH,HIGH,HIGH,YES,JM1
MEDIUM,MEDIUM,HIGH,MEDIUM,MEDIUM,MEDIUM,MEDIUM,MEDIUM,YES,JM1
LOW,LOW,LOW,LOW,LOW,LOW,LOW,LOW,YES,JM1
HIGH,LOW,LOW,LOW,HIGH,MEDIUM,MEDIUM,LOW,YES,JM1
MEDIUM,LOW,MEDIUM,LOW,HIGH,MEDIUM,HIGH,LOW,YES,JM1
HIGH,LOW,MEDIUM,LOW,LOW,LOW,LOW,LOW,YES,JM1
HIGH,LOW,LOW,MEDIUM,HIGH,HIGH,HIGH,LOW,YES,JM1
MEDIUM,HIGH,HIGH,HIGH,MEDIUM,MEDIUM,MEDIUM,HIGH,YES,JM1
LOW,LOW,LOW,LOW,LOW,LOW,LOW,LOW,YES,JM1
HIGH,MEDIUM,LOW,LOW,HIGH,HIGH,HIGH,MEDIUM,YES,JM1
HIGH,MEDIUM,LOW,MEDIUM,MEDIUM,HIGH,HIGH,MEDIUM,YES,JM1
MEDIUM,MEDIUM,MEDIUM,LOW,MEDIUM,MEDIUM,MEDIUM,MEDIUM,YES,JM1
MEDIUM,MEDIUM,LOW,MEDIUM,MEDIUM,HIGH,MEDIUM,MEDIUM,YES,JM1
HIGH,HIGH,HIGH,HIGH,HIGH,HIGH,HIGH,HIGH,YES,JM1
LOW,LOW,LOW,MEDIUM,LOW,LOW,LOW,LOW,YES,JM1
LOW,LOW,LOW,LOW,LOW,LOW,LOW,LOW,YES,JM1
MEDIUM,MEDIUM,MEDIUM,MEDIUM,HIGH,HIGH,HIGH,MEDIUM,YES,JM1
LOW,LOW,LOW,LOW,LOW,LOW,LOW,LOW,YES,JM1
LOW,LOW,LOW,LOW,LOW,LOW,LOW,LOW,YES,JM1
LOW,LOW,MEDIUM,LOW,MEDIUM,MEDIUM,MEDIUM,LOW,YES,JM1
LOW,LOW,LOW,LOW,LOW,LOW,LOW,LOW,YES,JM1
LOW,LOW,LOW,LOW,LOW,LOW,LOW,LOW,YES,JM1
LOW,LOW,LOW,LOW,LOW,MEDIUM,LOW,LOW,YES,JM1
LOW,LOW,LOW,LOW,LOW,LOW,LOW,LOW,YES,JM1
HIGH,HIGH,LOW,HIGH,HIGH,HIGH,HIGH,HIGH,YES,JM1
LOW,LOW,LOW,LOW,LOW,LOW,LOW,LOW,YES,JM1
HIGH,HIGH,HIGH,HIGH,HIGH,HIGH,HIGH,HIGH,YES,JM1
MEDIUM,MEDIUM,LOW,MEDIUM,MEDIUM,MEDIUM,MEDIUM,MEDIUM,YES,JM1
MEDIUM,MEDIUM,HIGH,MEDIUM,LOW,LOW,LOW,MEDIUM,YES,JM1
LOW,MEDIUM,HIGH,MEDIUM,LOW,LOW,LOW,MEDIUM,YES,JM1
HIGH,HIGH,HIGH,HIGH,HIGH,HIGH,HIGH,HIGH,YES,JM1
MEDIUM,MEDIUM,LOW,MEDIUM,MEDIUM,HIGH,HIGH,MEDIUM,YES,JM1
HIGH,HIGH,HIGH,HIGH,HIGH,HIGH,HIGH,HIGH,YES,JM1
HIGH,MEDIUM,LOW,HIGH,HIGH,HIGH,HIGH,MEDIUM,YES,JM1
HIGH,HIGH,HIGH,HIGH,HIGH,HIGH,HIGH,HIGH,YES,JM1
HIGH,HIGH,HIGH,LOW,HIGH,HIGH,HIGH,HIGH,YES,JM1
HIGH,MEDIUM,LOW,MEDIUM,MEDIUM,HIGH,HIGH,MEDIUM,YES,JM1
HIGH,HIGH,LOW,HIGH,HIGH,HIGH,HIGH,HIGH,YES,JM1
MEDIUM,LOW,LOW,MEDIUM,MEDIUM,MEDIUM,MEDIUM,LOW,YES,JM1
MEDIUM,LOW,LOW,MEDIUM,MEDIUM,MEDIUM,MEDIUM,LOW,YES,JM1
HIGH,HIGH,HIGH,HIGH,HIGH,HIGH,HIGH,HIGH,YES,JM1
MEDIUM,MEDIUM,LOW,MEDIUM,MEDIUM,MEDIUM,MEDIUM,MEDIUM,YES,JM1
HIGH,HIGH,HIGH,HIGH,LOW,LOW,LOW,HIGH,YES,JM1
LOW,LOW,LOW,LOW,MEDIUM,MEDIUM,MEDIUM,LOW,YES,JM1
HIGH,HIGH,LOW,HIGH,HIGH,HIGH,HIGH,HIGH,YES,JM1
HIGH,HIGH,HIGH,HIGH,LOW,LOW,LOW,HIGH,YES,JM1
LOW,LOW,LOW,LOW,LOW,LOW,LOW,LOW,YES,JM1
MEDIUM,HIGH,HIGH,HIGH,HIGH,MEDIUM,HIGH,HIGH,YES,JM1
HIGH,HIGH,LOW,HIGH,HIGH,HIGH,HIGH,HIGH,YES,JM1
LOW,LOW,LOW,LOW,LOW,LOW,LOW,LOW,YES,JM1
LOW,MEDIUM,LOW,MEDIUM,MEDIUM,MEDIUM,MEDIUM,MEDIUM,YES,JM1
LOW,LOW,LOW,LOW,LOW,LOW,LOW,LOW,YES,JM1
MEDIUM,LOW,LOW,LOW,MEDIUM,LOW,MEDIUM,LOW,YES,JM1
MEDIUM,LOW,LOW,LOW,HIGH,MEDIUM,HIGH,LOW,YES,JM1
HIGH,HIGH,HIGH,HIGH,HIGH,MEDIUM,MEDIUM,HIGH,YES,JM1
MEDIUM,LOW,LOW,LOW,MEDIUM,MEDIUM,MEDIUM,LOW,YES,JM1
HIGH,HIGH,HIGH,HIGH,HIGH,HIGH,HIGH,HIGH,YES,JM1
LOW,LOW,LOW,LOW,LOW,LOW,LOW,LOW,YES,JM1
LOW,LOW,LOW,LOW,LOW,LOW,LOW,LOW,YES,JM1
HIGH,LOW,LOW,LOW,HIGH,HIGH,HIGH,LOW,YES,JM1
HIGH,HIGH,HIGH,HIGH,HIGH,HIGH,HIGH,HIGH,YES,JM1
LOW,LOW,LOW,LOW,LOW,LOW,LOW,LOW,YES,JM1
HIGH,HIGH,HIGH,HIGH,HIGH,HIGH,HIGH,HIGH,YES,JM1
LOW,LOW,LOW,LOW,LOW,LOW,LOW,LOW,YES,JM1
MEDIUM,MEDIUM,LOW,MEDIUM,LOW,LOW,LOW,MEDIUM,YES,JM1
HIGH,HIGH,HIGH,HIGH,HIGH,HIGH,HIGH,HIGH,YES,JM1
MEDIUM,MEDIUM,LOW,MEDIUM,MEDIUM,MEDIUM,MEDIUM,MEDIUM,YES,JM1
HIGH,HIGH,HIGH,HIGH,HIGH,HIGH,HIGH,HIGH,YES,JM1
LOW,LOW,MEDIUM,LOW,LOW,LOW,LOW,LOW,YES,JM1
LOW,LOW,LOW,MEDIUM,LOW,MEDIUM,LOW,LOW,YES,JM1
LOW,LOW,LOW,LOW,LOW,LOW,LOW,LOW,YES,JM1
MEDIUM,HIGH,HIGH,MEDIUM,LOW,MEDIUM,MEDIUM,HIGH,YES,JM1
MEDIUM,MEDIUM,HIGH,HIGH,MEDIUM,HIGH,MEDIUM,MEDIUM,YES,JM1
HIGH,MEDIUM,LOW,MEDIUM,HIGH,HIGH,HIGH,MEDIUM,YES,JM1
LOW,MEDIUM,HIGH,LOW,LOW,MEDIUM,LOW,MEDIUM,YES,JM1
HIGH,HIGH,HIGH,HIGH,HIGH,HIGH,HIGH,HIGH,YES,JM1
HIGH,HIGH,MEDIUM,HIGH,HIGH,HIGH,HIGH,HIGH,YES,JM1
HIGH,HIGH,HIGH,HIGH,HIGH,HIGH,HIGH,HIGH,YES,JM1
HIGH,HIGH,HIGH,HIGH,HIGH,HIGH,HIGH,HIGH,YES,JM1
HIGH,HIGH,HIGH,HIGH,HIGH,HIGH,HIGH,HIGH,YES,JM1
LOW,LOW,LOW,LOW,LOW,LOW,LOW,LOW,YES,JM1
MEDIUM,MEDIUM,LOW,HIGH,MEDIUM,MEDIUM,MEDIUM,MEDIUM,YES,JM1
LOW,LOW,LOW,LOW,MEDIUM,LOW,LOW,LOW,YES,JM1
LOW,LOW,LOW,LOW,LOW,LOW,LOW,LOW,YES,JM1
MEDIUM,MEDIUM,MEDIUM,HIGH,MEDIUM,MEDIUM,MEDIUM,MEDIUM,YES,JM1
LOW,LOW,LOW,LOW,LOW,LOW,LOW,LOW,YES,JM1
MEDIUM,LOW,LOW,LOW,LOW,LOW,LOW,LOW,YES,JM1
LOW,LOW,LOW,LOW,LOW,LOW,LOW,LOW,YES,JM1
HIGH,MEDIUM,LOW,HIGH,MEDIUM,MEDIUM,MEDIUM,HIGH,YES,JM1
LOW,LOW,LOW,LOW,LOW,LOW,LOW,LOW,YES,JM1
MEDIUM,LOW,LOW,LOW,MEDIUM,HIGH,MEDIUM,LOW,YES,JM1
LOW,LOW,LOW,LOW,LOW,LOW,LOW,LOW,YES,JM1
LOW,LOW,LOW,LOW,LOW,LOW,LOW,LOW,YES,JM1
LOW,LOW,LOW,LOW,LOW,LOW,LOW,LOW,YES,JM1
LOW,LOW,LOW,LOW,LOW,LOW,LOW,LOW,YES,JM1
HIGH,HIGH,HIGH,HIGH,HIGH,HIGH,HIGH,HIGH,YES,JM1
LOW,LOW,LOW,LOW,LOW,LOW,LOW,LOW,YES,JM1
MEDIUM,MEDIUM,HIGH,LOW,LOW,LOW,LOW,MEDIUM,YES,JM1
HIGH,HIGH,HIGH,HIGH,HIGH,HIGH,HIGH,HIGH,YES,JM1
MEDIUM,HIGH,HIGH,MEDIUM,HIGH,HIGH,HIGH,HIGH,YES,JM1
MEDIUM,HIGH,HIGH,LOW,MEDIUM,MEDIUM,MEDIUM,HIGH,YES,JM1
MEDIUM,MEDIUM,HIGH,HIGH,MEDIUM,MEDIUM,MEDIUM,MEDIUM,YES,JM1
LOW,LOW,LOW,LOW,LOW,LOW,LOW,LOW,YES,JM1
LOW,LOW,LOW,LOW,LOW,LOW,LOW,LOW,YES,JM1
LOW,LOW,LOW,LOW,LOW,LOW,LOW,LOW,YES,JM1
HIGH,HIGH,HIGH,HIGH,HIGH,HIGH,HIGH,HIGH,YES,JM1
HIGH,MEDIUM,MEDIUM,MEDIUM,MEDIUM,MEDIUM,MEDIUM,MEDIUM,YES,JM1
LOW,LOW,LOW,LOW,LOW,LOW,LOW,LOW,YES,JM1
LOW,LOW,LOW,LOW,LOW,LOW,LOW,LOW,YES,JM1
LOW,LOW,LOW,LOW,LOW,LOW,LOW,LOW,YES,JM1
MEDIUM,MEDIUM,HIGH,LOW,MEDIUM,HIGH,HIGH,MEDIUM,YES,JM1
HIGH,MEDIUM,HIGH,MEDIUM,LOW,LOW,LOW,MEDIUM,YES,JM1
HIGH,HIGH,HIGH,HIGH,HIGH,HIGH,HIGH,HIGH,YES,JM1
MEDIUM,MEDIUM,LOW,MEDIUM,MEDIUM,MEDIUM,MEDIUM,MEDIUM,YES,JM1
MEDIUM,MEDIUM,LOW,MEDIUM,HIGH,MEDIUM,MEDIUM,MEDIUM,YES,JM1
MEDIUM,MEDIUM,LOW,MEDIUM,MEDIUM,MEDIUM,MEDIUM,MEDIUM,YES,JM1
HIGH,MEDIUM,LOW,MEDIUM,HIGH,HIGH,HIGH,MEDIUM,YES,JM1
MEDIUM,MEDIUM,LOW,MEDIUM,MEDIUM,MEDIUM,MEDIUM,MEDIUM,YES,JM1
HIGH,HIGH,HIGH,HIGH,LOW,LOW,LOW,HIGH,YES,JM1
HIGH,MEDIUM,LOW,HIGH,HIGH,MEDIUM,MEDIUM,MEDIUM,YES,JM1
MEDIUM,LOW,LOW,LOW,HIGH,MEDIUM,MEDIUM,LOW,YES,JM1
MEDIUM,LOW,LOW,LOW,MEDIUM,MEDIUM,MEDIUM,LOW,YES,JM1
LOW,LOW,LOW,LOW,LOW,LOW,LOW,LOW,YES,JM1
HIGH,MEDIUM,HIGH,MEDIUM,LOW,LOW,LOW,MEDIUM,YES,JM1
MEDIUM,MEDIUM,LOW,LOW,MEDIUM,MEDIUM,MEDIUM,MEDIUM,YES,JM1
HIGH,HIGH,HIGH,MEDIUM,LOW,LOW,LOW,HIGH,YES,JM1
MEDIUM,LOW,LOW,LOW,LOW,LOW,LOW,LOW,YES,JM1
MEDIUM,LOW,LOW,MEDIUM,LOW,LOW,LOW,LOW,YES,JM1
MEDIUM,LOW,LOW,LOW,LOW,LOW,LOW,LOW,YES,JM1
HIGH,HIGH,HIGH,HIGH,HIGH,HIGH,HIGH,HIGH,YES,JM1
LOW,LOW,LOW,LOW,LOW,LOW,LOW,LOW,YES,JM1
LOW,LOW,LOW,LOW,LOW,LOW,LOW,LOW,YES,JM1
LOW,LOW,LOW,LOW,MEDIUM,LOW,LOW,LOW,YES,JM1
LOW,LOW,LOW,LOW,LOW,LOW,LOW,LOW,YES,JM1
HIGH,HIGH,LOW,HIGH,HIGH,HIGH,HIGH,HIGH,YES,JM1
LOW,LOW,LOW,LOW,LOW,LOW,LOW,LOW,YES,JM1
HIGH,HIGH,HIGH,MEDIUM,LOW,LOW,LOW,HIGH,YES,JM1
HIGH,MEDIUM,LOW,MEDIUM,HIGH,HIGH,HIGH,MEDIUM,YES,JM1
HIGH,HIGH,LOW,HIGH,HIGH,HIGH,HIGH,HIGH,YES,JM1
HIGH,HIGH,MEDIUM,LOW,HIGH,HIGH,HIGH,HIGH,YES,JM1
HIGH,MEDIUM,LOW,HIGH,HIGH,HIGH,HIGH,MEDIUM,YES,JM1
HIGH,HIGH,LOW,HIGH,HIGH,HIGH,HIGH,HIGH,YES,JM1
LOW,LOW,LOW,LOW,MEDIUM,MEDIUM,MEDIUM,LOW,YES,JM1
LOW,LOW,LOW,LOW,MEDIUM,HIGH,MEDIUM,LOW,YES,JM1
MEDIUM,LOW,LOW,LOW,MEDIUM,MEDIUM,MEDIUM,LOW,YES,JM1
HIGH,HIGH,HIGH,HIGH,HIGH,HIGH,HIGH,HIGH,YES,JM1
HIGH,MEDIUM,LOW,HIGH,HIGH,HIGH,HIGH,MEDIUM,YES,JM1
HIGH,MEDIUM,LOW,MEDIUM,HIGH,HIGH,HIGH,MEDIUM,YES,JM1
HIGH,MEDIUM,LOW,HIGH,HIGH,HIGH,HIGH,MEDIUM,YES,JM1
HIGH,HIGH,HIGH,MEDIUM,HIGH,HIGH,HIGH,HIGH,YES,JM1
HIGH,HIGH,HIGH,MEDIUM,HIGH,HIGH,HIGH,HIGH,YES,JM1
HIGH,HIGH,HIGH,HIGH,HIGH,HIGH,HIGH,HIGH,YES,JM1
HIGH,HIGH,HIGH,LOW,HIGH,HIGH,HIGH,HIGH,YES,JM1
LOW,HIGH,HIGH,HIGH,LOW,LOW,LOW,HIGH,YES,JM1
LOW,LOW,LOW,LOW,LOW,MEDIUM,LOW,LOW,YES,JM1
HIGH,HIGH,HIGH,LOW,LOW,LOW,LOW,HIGH,YES,JM1
MEDIUM,HIGH,HIGH,LOW,LOW,LOW,LOW,HIGH,YES,JM1
MEDIUM,HIGH,HIGH,HIGH,HIGH,HIGH,HIGH,HIGH,YES,JM1
LOW,LOW,MEDIUM,LOW,LOW,MEDIUM,LOW,LOW,YES,JM1
LOW,LOW,LOW,LOW,LOW,LOW,LOW,LOW,YES,JM1
LOW,LOW,LOW,LOW,LOW,MEDIUM,LOW,LOW,YES,JM1
MEDIUM,HIGH,HIGH,MEDIUM,MEDIUM,HIGH,MEDIUM,HIGH,YES,JM1
LOW,LOW,LOW,LOW,LOW,LOW,LOW,LOW,YES,JM1
HIGH,HIGH,HIGH,MEDIUM,MEDIUM,HIGH,HIGH,HIGH,YES,JM1
MEDIUM,HIGH,HIGH,LOW,MEDIUM,HIGH,HIGH,HIGH,YES,JM1
MEDIUM,MEDIUM,HIGH,LOW,MEDIUM,HIGH,MEDIUM,MEDIUM,YES,JM1
HIGH,HIGH,HIGH,HIGH,LOW,LOW,LOW,HIGH,YES,JM1
MEDIUM,HIGH,HIGH,LOW,HIGH,HIGH,HIGH,HIGH,YES,JM1
LOW,HIGH,HIGH,LOW,MEDIUM,HIGH,MEDIUM,HIGH,YES,JM1
LOW,HIGH,HIGH,LOW,MEDIUM,HIGH,MEDIUM,HIGH,YES,JM1
HIGH,HIGH,HIGH,LOW,LOW,LOW,LOW,HIGH,YES,JM1
MEDIUM,LOW,LOW,LOW,MEDIUM,MEDIUM,MEDIUM,LOW,YES,JM1
HIGH,HIGH,LOW,HIGH,HIGH,HIGH,HIGH,HIGH,YES,JM1
MEDIUM,LOW,LOW,LOW,MEDIUM,MEDIUM,MEDIUM,LOW,YES,JM1
MEDIUM,MEDIUM,LOW,HIGH,MEDIUM,MEDIUM,MEDIUM,MEDIUM,YES,JM1
MEDIUM,HIGH,HIGH,HIGH,MEDIUM,MEDIUM,MEDIUM,HIGH,YES,JM1
MEDIUM,MEDIUM,LOW,LOW,MEDIUM,MEDIUM,MEDIUM,MEDIUM,YES,JM1
HIGH,HIGH,LOW,MEDIUM,HIGH,HIGH,HIGH,HIGH,YES,JM1
MEDIUM,MEDIUM,LOW,LOW,MEDIUM,LOW,LOW,MEDIUM,YES,JM1
MEDIUM,HIGH,HIGH,HIGH,MEDIUM,HIGH,MEDIUM,HIGH,YES,JM1
MEDIUM,MEDIUM,LOW,LOW,MEDIUM,MEDIUM,MEDIUM,MEDIUM,YES,JM1
MEDIUM,LOW,LOW,LOW,LOW,LOW,LOW,LOW,YES,JM1
LOW,LOW,LOW,LOW,LOW,LOW,LOW,LOW,YES,JM1
HIGH,HIGH,LOW,LOW,HIGH,HIGH,HIGH,HIGH,YES,JM1
MEDIUM,LOW,LOW,LOW,HIGH,HIGH,HIGH,LOW,YES,JM1
MEDIUM,LOW,LOW,LOW,HIGH,HIGH,HIGH,LOW,YES,JM1
LOW,LOW,LOW,LOW,LOW,LOW,LOW,LOW,YES,JM1
LOW,LOW,LOW,LOW,LOW,LOW,LOW,LOW,YES,JM1
MEDIUM,LOW,LOW,MEDIUM,MEDIUM,MEDIUM,MEDIUM,LOW,YES,JM1
HIGH,HIGH,LOW,HIGH,HIGH,HIGH,HIGH,HIGH,YES,JM1
HIGH,HIGH,LOW,HIGH,HIGH,HIGH,HIGH,HIGH,YES,JM1
MEDIUM,LOW,LOW,MEDIUM,MEDIUM,MEDIUM,MEDIUM,LOW,YES,JM1
HIGH,LOW,LOW,LOW,MEDIUM,LOW,MEDIUM,LOW,YES,JM1
HIGH,MEDIUM,LOW,HIGH,HIGH,MEDIUM,HIGH,MEDIUM,YES,JM1
HIGH,HIGH,HIGH,LOW,HIGH,HIGH,HIGH,HIGH,YES,JM1
LOW,LOW,LOW,LOW,MEDIUM,HIGH,MEDIUM,LOW,YES,JM1
HIGH,HIGH,HIGH,HIGH,LOW,LOW,LOW,HIGH,YES,JM1
LOW,LOW,LOW,LOW,MEDIUM,MEDIUM,MEDIUM,LOW,YES,JM1
LOW,LOW,LOW,LOW,LOW,LOW,LOW,LOW,YES,JM1
HIGH,MEDIUM,HIGH,MEDIUM,LOW,LOW,LOW,MEDIUM,YES,JM1
HIGH,HIGH,LOW,MEDIUM,LOW,LOW,LOW,HIGH,YES,JM1
HIGH,HIGH,HIGH,HIGH,LOW,LOW,LOW,HIGH,YES,JM1
HIGH,HIGH,HIGH,HIGH,LOW,LOW,LOW,HIGH,YES,JM1
HIGH,HIGH,HIGH,HIGH,LOW,LOW,LOW,HIGH,YES,JM1
HIGH,HIGH,HIGH,HIGH,LOW,LOW,LOW,HIGH,YES,JM1
HIGH,HIGH,HIGH,HIGH,LOW,LOW,LOW,HIGH,YES,JM1
HIGH,HIGH,HIGH,HIGH,LOW,LOW,LOW,HIGH,YES,JM1
HIGH,HIGH,HIGH,HIGH,LOW,LOW,LOW,HIGH,YES,JM1
HIGH,HIGH,LOW,HIGH,LOW,LOW,LOW,HIGH,YES,JM1
HIGH,HIGH,HIGH,HIGH,HIGH,HIGH,HIGH,HIGH,YES,JM1
HIGH,HIGH,HIGH,HIGH,LOW,LOW,LOW,HIGH,YES,JM1
HIGH,HIGH,HIGH,HIGH,LOW,LOW,LOW,HIGH,YES,JM1
HIGH,HIGH,HIGH,HIGH,LOW,LOW,LOW,HIGH,YES,JM1
HIGH,HIGH,HIGH,HIGH,LOW,LOW,LOW,HIGH,YES,JM1
HIGH,HIGH,HIGH,HIGH,LOW,LOW,LOW,HIGH,YES,JM1
HIGH,HIGH,HIGH,HIGH,LOW,LOW,LOW,HIGH,YES,JM1
MEDIUM,MEDIUM,MEDIUM,MEDIUM,MEDIUM,MEDIUM,MEDIUM,MEDIUM,YES,JM1
HIGH,HIGH,HIGH,LOW,LOW,LOW,LOW,HIGH,YES,JM1
HIGH,HIGH,HIGH,HIGH,HIGH,HIGH,HIGH,HIGH,YES,JM1
HIGH,HIGH,LOW,HIGH,HIGH,HIGH,HIGH,HIGH,YES,JM1
HIGH,HIGH,HIGH,MEDIUM,LOW,LOW,LOW,HIGH,YES,JM1
LOW,LOW,LOW,LOW,LOW,LOW,LOW,LOW,YES,JM1
LOW,LOW,LOW,LOW,LOW,LOW,LOW,LOW,YES,JM1
LOW,LOW,LOW,LOW,LOW,LOW,LOW,LOW,YES,JM1
LOW,LOW,LOW,LOW,LOW,LOW,LOW,LOW,YES,JM1
LOW,LOW,LOW,LOW,LOW,LOW,LOW,LOW,YES,JM1
LOW,MEDIUM,MEDIUM,LOW,LOW,MEDIUM,MEDIUM,MEDIUM,YES,JM1
LOW,LOW,LOW,LOW,LOW,LOW,LOW,LOW,YES,JM1
HIGH,MEDIUM,MEDIUM,MEDIUM,LOW,LOW,LOW,MEDIUM,YES,JM1
HIGH,HIGH,HIGH,MEDIUM,LOW,LOW,LOW,HIGH,YES,JM1
MEDIUM,HIGH,HIGH,MEDIUM,LOW,LOW,LOW,HIGH,YES,JM1
MEDIUM,MEDIUM,HIGH,MEDIUM,MEDIUM,MEDIUM,MEDIUM,MEDIUM,YES,JM1
MEDIUM,MEDIUM,HIGH,MEDIUM,MEDIUM,HIGH,HIGH,MEDIUM,YES,JM1
LOW,LOW,LOW,LOW,LOW,LOW,LOW,LOW,YES,JM1
MEDIUM,MEDIUM,MEDIUM,LOW,MEDIUM,MEDIUM,MEDIUM,MEDIUM,YES,JM1
LOW,LOW,MEDIUM,LOW,LOW,LOW,LOW,LOW,YES,JM1
MEDIUM,MEDIUM,MEDIUM,LOW,MEDIUM,MEDIUM,MEDIUM,MEDIUM,YES,JM1
HIGH,HIGH,HIGH,MEDIUM,LOW,LOW,LOW,HIGH,YES,JM1
MEDIUM,LOW,LOW,LOW,LOW,LOW,LOW,LOW,YES,JM1
MEDIUM,LOW,LOW,MEDIUM,LOW,LOW,LOW,LOW,YES,JM1
LOW,LOW,LOW,LOW,LOW,LOW,LOW,LOW,YES,JM1
LOW,LOW,LOW,LOW,LOW,LOW,LOW,LOW,YES,JM1
MEDIUM,MEDIUM,HIGH,MEDIUM,MEDIUM,MEDIUM,MEDIUM,MEDIUM,YES,JM1
MEDIUM,MEDIUM,LOW,HIGH,MEDIUM,LOW,MEDIUM,MEDIUM,YES,JM1
MEDIUM,MEDIUM,LOW,LOW,MEDIUM,LOW,MEDIUM,MEDIUM,YES,JM1
MEDIUM,MEDIUM,LOW,LOW,MEDIUM,LOW,LOW,MEDIUM,YES,JM1
HIGH,HIGH,HIGH,LOW,LOW,LOW,LOW,HIGH,YES,JM1
MEDIUM,MEDIUM,HIGH,LOW,MEDIUM,HIGH,MEDIUM,MEDIUM,YES,JM1
MEDIUM,LOW,LOW,LOW,LOW,HIGH,MEDIUM,LOW,YES,JM1
MEDIUM,LOW,LOW,LOW,MEDIUM,HIGH,MEDIUM,LOW,YES,JM1
HIGH,HIGH,HIGH,HIGH,HIGH,HIGH,HIGH,HIGH,YES,JM1
HIGH,HIGH,LOW,HIGH,HIGH,HIGH,HIGH,HIGH,YES,JM1
HIGH,HIGH,HIGH,HIGH,LOW,LOW,LOW,HIGH,YES,JM1
MEDIUM,HIGH,HIGH,MEDIUM,LOW,LOW,LOW,HIGH,YES,JM1
HIGH,HIGH,HIGH,HIGH,HIGH,HIGH,HIGH,HIGH,YES,JM1
HIGH,HIGH,MEDIUM,MEDIUM,HIGH,HIGH,HIGH,HIGH,YES,JM1
LOW,LOW,LOW,LOW,LOW,LOW,LOW,LOW,YES,JM1
LOW,LOW,LOW,LOW,LOW,LOW,LOW,LOW,YES,JM1
LOW,LOW,LOW,LOW,LOW,LOW,LOW,LOW,YES,JM1
MEDIUM,HIGH,HIGH,LOW,MEDIUM,HIGH,MEDIUM,HIGH,YES,JM1
MEDIUM,LOW,LOW,LOW,LOW,LOW,LOW,LOW,YES,JM1
MEDIUM,LOW,LOW,LOW,LOW,LOW,LOW,LOW,YES,JM1
MEDIUM,MEDIUM,LOW,LOW,MEDIUM,MEDIUM,MEDIUM,MEDIUM,YES,JM1
LOW,LOW,LOW,LOW,LOW,LOW,LOW,LOW,YES,JM1
MEDIUM,MEDIUM,LOW,LOW,MEDIUM,HIGH,HIGH,MEDIUM,YES,JM1
MEDIUM,LOW,LOW,MEDIUM,MEDIUM,MEDIUM,MEDIUM,LOW,YES,JM1
LOW,LOW,LOW,LOW,LOW,LOW,LOW,LOW,YES,JM1
LOW,LOW,LOW,LOW,LOW,LOW,LOW,LOW,YES,JM1
MEDIUM,HIGH,HIGH,HIGH,HIGH,HIGH,HIGH,HIGH,YES,JM1
MEDIUM,HIGH,HIGH,HIGH,HIGH,HIGH,HIGH,HIGH,YES,JM1
HIGH,HIGH,HIGH,HIGH,HIGH,HIGH,HIGH,HIGH,YES,JM1
MEDIUM,MEDIUM,LOW,MEDIUM,MEDIUM,MEDIUM,MEDIUM,MEDIUM,YES,JM1
HIGH,MEDIUM,LOW,MEDIUM,HIGH,LOW,MEDIUM,MEDIUM,YES,JM1
MEDIUM,LOW,LOW,MEDIUM,MEDIUM,MEDIUM,MEDIUM,LOW,YES,JM1
MEDIUM,LOW,LOW,MEDIUM,MEDIUM,MEDIUM,MEDIUM,LOW,YES,JM1
LOW,LOW,LOW,LOW,LOW,LOW,LOW,LOW,YES,JM1
HIGH,HIGH,HIGH,HIGH,HIGH,HIGH,HIGH,HIGH,YES,JM1
MEDIUM,LOW,MEDIUM,MEDIUM,HIGH,MEDIUM,MEDIUM,LOW,YES,JM1
MEDIUM,HIGH,HIGH,HIGH,HIGH,HIGH,HIGH,HIGH,YES,JM1
MEDIUM,LOW,LOW,MEDIUM,MEDIUM,MEDIUM,MEDIUM,LOW,YES,JM1
HIGH,HIGH,LOW,HIGH,HIGH,HIGH,HIGH,HIGH,YES,JM1
MEDIUM,HIGH,LOW,HIGH,LOW,LOW,LOW,HIGH,YES,JM1
MEDIUM,MEDIUM,LOW,LOW,LOW,MEDIUM,MEDIUM,MEDIUM,YES,JM1
HIGH,MEDIUM,HIGH,MEDIUM,LOW,LOW,LOW,MEDIUM,YES,JM1
HIGH,HIGH,HIGH,LOW,LOW,LOW,LOW,HIGH,YES,JM1
HIGH,MEDIUM,LOW,MEDIUM,HIGH,HIGH,HIGH,MEDIUM,YES,JM1
MEDIUM,HIGH,HIGH,LOW,HIGH,HIGH,HIGH,HIGH,YES,JM1
MEDIUM,MEDIUM,HIGH,MEDIUM,MEDIUM,HIGH,MEDIUM,MEDIUM,YES,JM1
HIGH,LOW,LOW,LOW,LOW,MEDIUM,LOW,LOW,YES,JM1
LOW,LOW,LOW,LOW,LOW,LOW,LOW,LOW,YES,JM1
LOW,LOW,LOW,LOW,LOW,LOW,LOW,LOW,YES,JM1
HIGH,HIGH,HIGH,HIGH,LOW,LOW,LOW,HIGH,YES,JM1
MEDIUM,MEDIUM,HIGH,MEDIUM,LOW,LOW,LOW,MEDIUM,YES,JM1
MEDIUM,LOW,LOW,LOW,HIGH,HIGH,HIGH,LOW,YES,JM1
HIGH,MEDIUM,HIGH,MEDIUM,HIGH,HIGH,HIGH,MEDIUM,YES,JM1
LOW,LOW,LOW,LOW,LOW,LOW,LOW,LOW,YES,JM1
MEDIUM,LOW,LOW,LOW,MEDIUM,MEDIUM,MEDIUM,LOW,YES,JM1
HIGH,MEDIUM,MEDIUM,LOW,HIGH,HIGH,HIGH,MEDIUM,YES,JM1
HIGH,LOW,LOW,LOW,HIGH,MEDIUM,HIGH,LOW,YES,JM1
LOW,LOW,LOW,LOW,LOW,LOW,LOW,LOW,YES,JM1
HIGH,LOW,LOW,MEDIUM,HIGH,MEDIUM,MEDIUM,LOW,YES,JM1
LOW,LOW,LOW,LOW,MEDIUM,LOW,LOW,LOW,YES,JM1
HIGH,HIGH,LOW,HIGH,HIGH,HIGH,HIGH,HIGH,YES,JM1
MEDIUM,LOW,LOW,LOW,MEDIUM,MEDIUM,MEDIUM,LOW,YES,JM1
LOW,LOW,LOW,LOW,MEDIUM,MEDIUM,MEDIUM,LOW,YES,JM1
LOW,LOW,LOW,LOW,LOW,LOW,LOW,LOW,YES,JM1
HIGH,HIGH,LOW,HIGH,HIGH,HIGH,HIGH,HIGH,YES,JM1
HIGH,HIGH,HIGH,HIGH,HIGH,HIGH,HIGH,HIGH,YES,JM1
HIGH,HIGH,LOW,HIGH,HIGH,HIGH,HIGH,HIGH,YES,JM1
HIGH,LOW,LOW,LOW,HIGH,LOW,MEDIUM,LOW,YES,JM1
HIGH,LOW,LOW,LOW,HIGH,LOW,LOW,LOW,YES,JM1
HIGH,LOW,LOW,LOW,HIGH,LOW,MEDIUM,LOW,YES,JM1
HIGH,LOW,LOW,LOW,HIGH,LOW,MEDIUM,LOW,YES,JM1
MEDIUM,HIGH,HIGH,MEDIUM,MEDIUM,MEDIUM,MEDIUM,HIGH,YES,JM1
LOW,LOW,LOW,LOW,LOW,LOW,LOW,LOW,YES,JM1
HIGH,HIGH,HIGH,MEDIUM,HIGH,HIGH,HIGH,HIGH,YES,JM1
HIGH,HIGH,HIGH,HIGH,LOW,LOW,LOW,HIGH,YES,JM1
MEDIUM,LOW,LOW,MEDIUM,MEDIUM,MEDIUM,MEDIUM,LOW,YES,JM1
LOW,LOW,LOW,MEDIUM,MEDIUM,LOW,LOW,LOW,YES,JM1
LOW,LOW,LOW,LOW,LOW,LOW,LOW,LOW,YES,JM1
MEDIUM,LOW,LOW,MEDIUM,MEDIUM,MEDIUM,MEDIUM,LOW,YES,JM1
HIGH,HIGH,MEDIUM,HIGH,LOW,LOW,LOW,HIGH,YES,JM1
MEDIUM,HIGH,LOW,LOW,HIGH,HIGH,HIGH,HIGH,YES,JM1
MEDIUM,HIGH,HIGH,LOW,MEDIUM,HIGH,MEDIUM,HIGH,YES,JM1
LOW,MEDIUM,HIGH,MEDIUM,MEDIUM,LOW,MEDIUM,MEDIUM,YES,JM1
HIGH,HIGH,HIGH,LOW,MEDIUM,HIGH,HIGH,HIGH,YES,JM1
LOW,LOW,LOW,LOW,LOW,MEDIUM,LOW,LOW,YES,JM1
MEDIUM,HIGH,HIGH,HIGH,MEDIUM,MEDIUM,MEDIUM,HIGH,YES,JM1
LOW,LOW,LOW,LOW,LOW,MEDIUM,LOW,LOW,YES,JM1
LOW,LOW,LOW,LOW,LOW,MEDIUM,LOW,LOW,YES,JM1
MEDIUM,HIGH,HIGH,HIGH,MEDIUM,HIGH,HIGH,HIGH,YES,JM1
LOW,MEDIUM,HIGH,MEDIUM,MEDIUM,HIGH,MEDIUM,MEDIUM,YES,JM1
HIGH,HIGH,HIGH,HIGH,HIGH,HIGH,HIGH,HIGH,YES,JM1
LOW,LOW,MEDIUM,LOW,LOW,MEDIUM,MEDIUM,LOW,YES,JM1
LOW,LOW,LOW,LOW,LOW,LOW,LOW,LOW,YES,JM1
MEDIUM,MEDIUM,HIGH,LOW,MEDIUM,MEDIUM,MEDIUM,MEDIUM,YES,JM1
HIGH,HIGH,HIGH,HIGH,HIGH,HIGH,HIGH,HIGH,YES,JM1
HIGH,HIGH,LOW,HIGH,HIGH,HIGH,HIGH,HIGH,YES,JM1
HIGH,MEDIUM,HIGH,HIGH,HIGH,MEDIUM,HIGH,MEDIUM,YES,JM1
HIGH,LOW,LOW,LOW,HIGH,MEDIUM,MEDIUM,LOW,YES,JM1
HIGH,HIGH,LOW,HIGH,HIGH,HIGH,HIGH,HIGH,YES,JM1
HIGH,HIGH,LOW,HIGH,HIGH,HIGH,HIGH,HIGH,YES,JM1
HIGH,HIGH,LOW,HIGH,HIGH,HIGH,HIGH,HIGH,YES,JM1
MEDIUM,LOW,LOW,LOW,MEDIUM,MEDIUM,MEDIUM,LOW,YES,JM1
MEDIUM,HIGH,LOW,MEDIUM,MEDIUM,HIGH,HIGH,HIGH,YES,JM1
LOW,LOW,LOW,LOW,LOW,LOW,LOW,LOW,YES,JM1
MEDIUM,MEDIUM,LOW,MEDIUM,MEDIUM,MEDIUM,MEDIUM,MEDIUM,YES,JM1
HIGH,HIGH,HIGH,HIGH,HIGH,HIGH,HIGH,HIGH,YES,JM1
HIGH,HIGH,LOW,HIGH,HIGH,HIGH,HIGH,HIGH,YES,JM1
HIGH,HIGH,HIGH,HIGH,HIGH,MEDIUM,HIGH,HIGH,YES,JM1
HIGH,LOW,LOW,LOW,HIGH,HIGH,HIGH,LOW,YES,JM1
MEDIUM,HIGH,HIGH,HIGH,HIGH,HIGH,HIGH,HIGH,YES,JM1
MEDIUM,LOW,LOW,MEDIUM,LOW,LOW,LOW,LOW,YES,JM1
HIGH,HIGH,HIGH,MEDIUM,MEDIUM,MEDIUM,MEDIUM,HIGH,YES,JM1
HIGH,HIGH,HIGH,HIGH,HIGH,HIGH,HIGH,HIGH,YES,JM1
HIGH,HIGH,LOW,HIGH,HIGH,HIGH,HIGH,HIGH,YES,JM1
MEDIUM,MEDIUM,LOW,LOW,MEDIUM,MEDIUM,MEDIUM,MEDIUM,YES,JM1
MEDIUM,HIGH,LOW,LOW,MEDIUM,LOW,MEDIUM,MEDIUM,YES,JM1
HIGH,HIGH,HIGH,HIGH,HIGH,HIGH,HIGH,HIGH,YES,JM1
LOW,LOW,LOW,LOW,LOW,LOW,LOW,LOW,YES,JM1
LOW,LOW,LOW,LOW,LOW,LOW,LOW,LOW,YES,JM1
LOW,LOW,LOW,LOW,LOW,LOW,LOW,LOW,YES,JM1
HIGH,HIGH,HIGH,LOW,HIGH,HIGH,HIGH,HIGH,YES,JM1
LOW,LOW,LOW,LOW,LOW,LOW,LOW,LOW,YES,JM1
LOW,MEDIUM,HIGH,LOW,LOW,MEDIUM,MEDIUM,MEDIUM,YES,JM1
MEDIUM,LOW,LOW,LOW,MEDIUM,MEDIUM,MEDIUM,LOW,YES,JM1
HIGH,HIGH,LOW,HIGH,HIGH,MEDIUM,HIGH,HIGH,YES,JM1
HIGH,MEDIUM,LOW,MEDIUM,HIGH,HIGH,HIGH,MEDIUM,YES,JM1
MEDIUM,LOW,LOW,LOW,MEDIUM,MEDIUM,MEDIUM,LOW,YES,JM1
HIGH,HIGH,HIGH,HIGH,HIGH,HIGH,HIGH,HIGH,YES,JM1
HIGH,HIGH,HIGH,HIGH,HIGH,HIGH,HIGH,HIGH,YES,JM1
HIGH,HIGH,HIGH,HIGH,HIGH,HIGH,HIGH,HIGH,YES,JM1
MEDIUM,MEDIUM,LOW,MEDIUM,MEDIUM,MEDIUM,MEDIUM,MEDIUM,YES,JM1
MEDIUM,MEDIUM,LOW,MEDIUM,MEDIUM,MEDIUM,MEDIUM,MEDIUM,YES,JM1
HIGH,HIGH,HIGH,HIGH,HIGH,HIGH,HIGH,HIGH,YES,JM1
HIGH,HIGH,HIGH,HIGH,HIGH,HIGH,HIGH,HIGH,YES,JM1
MEDIUM,MEDIUM,HIGH,MEDIUM,MEDIUM,HIGH,HIGH,MEDIUM,YES,JM1
HIGH,HIGH,HIGH,MEDIUM,HIGH,HIGH,HIGH,HIGH,YES,JM1
MEDIUM,LOW,LOW,MEDIUM,MEDIUM,MEDIUM,MEDIUM,LOW,YES,JM1
LOW,LOW,LOW,LOW,LOW,LOW,LOW,LOW,YES,JM1
LOW,LOW,LOW,LOW,LOW,LOW,LOW,LOW,YES,JM1
MEDIUM,MEDIUM,MEDIUM,HIGH,HIGH,MEDIUM,HIGH,MEDIUM,YES,JM1
MEDIUM,LOW,LOW,MEDIUM,LOW,LOW,LOW,LOW,YES,JM1
LOW,LOW,LOW,LOW,LOW,LOW,LOW,LOW,YES,JM1
LOW,MEDIUM,LOW,HIGH,MEDIUM,LOW,MEDIUM,MEDIUM,YES,JM1
MEDIUM,MEDIUM,HIGH,HIGH,HIGH,MEDIUM,HIGH,MEDIUM,YES,JM1
LOW,LOW,LOW,LOW,LOW,LOW,LOW,LOW,YES,JM1
HIGH,HIGH,LOW,MEDIUM,HIGH,HIGH,HIGH,HIGH,YES,JM1
LOW,LOW,LOW,LOW,LOW,LOW,LOW,LOW,YES,JM1
LOW,LOW,LOW,LOW,LOW,LOW,LOW,LOW,YES,JM1
LOW,LOW,LOW,MEDIUM,MEDIUM,LOW,LOW,LOW,YES,JM1
LOW,LOW,LOW,MEDIUM,MEDIUM,LOW,LOW,LOW,YES,JM1
HIGH,HIGH,HIGH,HIGH,LOW,LOW,LOW,HIGH,YES,JM1
LOW,LOW,LOW,LOW,LOW,LOW,LOW,LOW,YES,JM1
HIGH,HIGH,HIGH,HIGH,HIGH,HIGH,HIGH,HIGH,YES,JM1
MEDIUM,HIGH,LOW,HIGH,MEDIUM,HIGH,HIGH,HIGH,YES,JM1
LOW,MEDIUM,HIGH,LOW,HIGH,HIGH,HIGH,MEDIUM,YES,JM1
HIGH,HIGH,HIGH,HIGH,LOW,LOW,LOW,HIGH,YES,JM1
HIGH,LOW,LOW,MEDIUM,HIGH,MEDIUM,HIGH,LOW,YES,JM1
HIGH,HIGH,MEDIUM,HIGH,LOW,LOW,LOW,HIGH,YES,JM1
HIGH,HIGH,HIGH,HIGH,HIGH,HIGH,HIGH,HIGH,YES,JM1
MEDIUM,LOW,LOW,LOW,MEDIUM,LOW,LOW,LOW,YES,JM1
HIGH,HIGH,HIGH,HIGH,LOW,LOW,LOW,HIGH,YES,JM1
HIGH,LOW,LOW,MEDIUM,HIGH,HIGH,HIGH,LOW,YES,JM1
HIGH,MEDIUM,HIGH,MEDIUM,HIGH,HIGH,HIGH,MEDIUM,YES,JM1
HIGH,HIGH,HIGH,HIGH,HIGH,HIGH,HIGH,HIGH,YES,JM1
HIGH,HIGH,HIGH,HIGH,HIGH,HIGH,HIGH,HIGH,YES,JM1
MEDIUM,MEDIUM,LOW,MEDIUM,HIGH,MEDIUM,MEDIUM,MEDIUM,YES,JM1
MEDIUM,LOW,LOW,LOW,MEDIUM,MEDIUM,MEDIUM,LOW,YES,JM1
LOW,LOW,LOW,LOW,LOW,MEDIUM,LOW,LOW,YES,JM1
HIGH,HIGH,HIGH,HIGH,LOW,LOW,LOW,HIGH,YES,JM1
HIGH,HIGH,MEDIUM,HIGH,HIGH,HIGH,HIGH,HIGH,YES,JM1
HIGH,HIGH,HIGH,HIGH,HIGH,HIGH,HIGH,HIGH,YES,JM1
MEDIUM,HIGH,MEDIUM,HIGH,MEDIUM,HIGH,HIGH,HIGH,YES,JM1
MEDIUM,MEDIUM,LOW,MEDIUM,LOW,LOW,LOW,MEDIUM,YES,JM1
HIGH,HIGH,LOW,LOW,HIGH,HIGH,HIGH,HIGH,YES,JM1
MEDIUM,LOW,LOW,LOW,MEDIUM,LOW,LOW,LOW,YES,JM1
HIGH,HIGH,HIGH,HIGH,HIGH,HIGH,HIGH,HIGH,YES,JM1
MEDIUM,LOW,LOW,LOW,LOW,LOW,LOW,LOW,YES,JM1
MEDIUM,LOW,LOW,LOW,MEDIUM,LOW,MEDIUM,LOW,YES,JM1
HIGH,HIGH,LOW,HIGH,HIGH,HIGH,HIGH,HIGH,YES,JM1
MEDIUM,LOW,LOW,MEDIUM,MEDIUM,MEDIUM,MEDIUM,LOW,YES,JM1
LOW,LOW,LOW,LOW,LOW,LOW,LOW,LOW,YES,JM1
MEDIUM,HIGH,HIGH,HIGH,HIGH,HIGH,HIGH,HIGH,YES,JM1
LOW,LOW,LOW,LOW,LOW,LOW,LOW,LOW,YES,JM1
LOW,MEDIUM,HIGH,MEDIUM,LOW,LOW,LOW,MEDIUM,YES,JM1
HIGH,HIGH,HIGH,HIGH,LOW,LOW,LOW,HIGH,YES,JM1
HIGH,HIGH,HIGH,HIGH,HIGH,HIGH,HIGH,HIGH,YES,JM1
HIGH,HIGH,HIGH,HIGH,HIGH,HIGH,HIGH,HIGH,YES,JM1
HIGH,HIGH,HIGH,HIGH,HIGH,HIGH,HIGH,HIGH,YES,JM1
HIGH,HIGH,HIGH,HIGH,HIGH,HIGH,HIGH,HIGH,YES,JM1
HIGH,MEDIUM,HIGH,MEDIUM,HIGH,HIGH,HIGH,MEDIUM,YES,JM1
HIGH,MEDIUM,HIGH,HIGH,HIGH,MEDIUM,HIGH,MEDIUM,YES,JM1
HIGH,HIGH,HIGH,HIGH,HIGH,HIGH,HIGH,HIGH,YES,JM1
MEDIUM,HIGH,MEDIUM,HIGH,HIGH,HIGH,HIGH,HIGH,YES,JM1
MEDIUM,MEDIUM,LOW,HIGH,MEDIUM,MEDIUM,MEDIUM,MEDIUM,YES,JM1
HIGH,HIGH,HIGH,HIGH,HIGH,HIGH,HIGH,HIGH,YES,JM1
LOW,LOW,LOW,LOW,MEDIUM,LOW,LOW,LOW,YES,JM1
HIGH,HIGH,HIGH,HIGH,HIGH,HIGH,HIGH,HIGH,YES,JM1
HIGH,HIGH,LOW,HIGH,LOW,LOW,LOW,HIGH,YES,JM1
MEDIUM,LOW,LOW,LOW,MEDIUM,MEDIUM,MEDIUM,LOW,YES,JM1
MEDIUM,MEDIUM,LOW,MEDIUM,MEDIUM,MEDIUM,MEDIUM,MEDIUM,YES,JM1
MEDIUM,LOW,LOW,MEDIUM,MEDIUM,MEDIUM,MEDIUM,LOW,YES,JM1
HIGH,MEDIUM,LOW,MEDIUM,HIGH,HIGH,HIGH,MEDIUM,YES,JM1
HIGH,HIGH,LOW,MEDIUM,HIGH,HIGH,HIGH,HIGH,YES,JM1
MEDIUM,LOW,LOW,LOW,MEDIUM,HIGH,HIGH,LOW,YES,JM1
HIGH,HIGH,HIGH,HIGH,HIGH,HIGH,HIGH,HIGH,YES,JM1
HIGH,HIGH,MEDIUM,HIGH,HIGH,HIGH,HIGH,HIGH,YES,JM1
HIGH,HIGH,HIGH,HIGH,LOW,LOW,LOW,HIGH,YES,JM1
LOW,LOW,MEDIUM,LOW,LOW,LOW,LOW,LOW,YES,JM1
HIGH,HIGH,HIGH,HIGH,HIGH,HIGH,HIGH,HIGH,YES,JM1
LOW,LOW,MEDIUM,LOW,LOW,LOW,LOW,LOW,YES,JM1
MEDIUM,MEDIUM,LOW,HIGH,HIGH,MEDIUM,HIGH,MEDIUM,YES,JM1
HIGH,HIGH,LOW,HIGH,HIGH,HIGH,HIGH,HIGH,YES,JM1
HIGH,HIGH,HIGH,HIGH,LOW,LOW,LOW,HIGH,YES,JM1
HIGH,HIGH,HIGH,HIGH,LOW,LOW,LOW,HIGH,YES,JM1
LOW,LOW,LOW,MEDIUM,LOW,LOW,LOW,LOW,YES,JM1
HIGH,HIGH,HIGH,MEDIUM,HIGH,HIGH,HIGH,HIGH,YES,JM1
LOW,MEDIUM,LOW,LOW,MEDIUM,MEDIUM,MEDIUM,MEDIUM,YES,JM1
HIGH,HIGH,HIGH,HIGH,HIGH,HIGH,HIGH,HIGH,YES,JM1
LOW,LOW,LOW,LOW,LOW,LOW,LOW,LOW,YES,JM1
LOW,LOW,LOW,LOW,LOW,LOW,LOW,LOW,YES,JM1
MEDIUM,LOW,LOW,LOW,MEDIUM,MEDIUM,MEDIUM,LOW,YES,JM1
LOW,LOW,LOW,LOW,LOW,LOW,LOW,LOW,YES,JM1
LOW,LOW,LOW,LOW,LOW,LOW,LOW,LOW,YES,JM1
LOW,LOW,LOW,LOW,LOW,LOW,LOW,LOW,YES,JM1
MEDIUM,HIGH,HIGH,HIGH,LOW,LOW,LOW,HIGH,YES,JM1
LOW,LOW,LOW,LOW,LOW,LOW,LOW,LOW,YES,JM1
MEDIUM,LOW,LOW,MEDIUM,LOW,LOW,LOW,LOW,YES,JM1
HIGH,HIGH,HIGH,HIGH,LOW,LOW,LOW,HIGH,YES,JM1
MEDIUM,HIGH,HIGH,HIGH,LOW,LOW,LOW,HIGH,YES,JM1
HIGH,HIGH,HIGH,HIGH,LOW,LOW,LOW,HIGH,YES,JM1
LOW,MEDIUM,LOW,LOW,MEDIUM,MEDIUM,MEDIUM,MEDIUM,YES,JM1
HIGH,HIGH,HIGH,HIGH,HIGH,HIGH,HIGH,HIGH,YES,JM1
MEDIUM,MEDIUM,LOW,MEDIUM,LOW,LOW,LOW,MEDIUM,YES,JM1
MEDIUM,LOW,LOW,LOW,MEDIUM,LOW,MEDIUM,LOW,YES,JM1
MEDIUM,MEDIUM,LOW,MEDIUM,MEDIUM,MEDIUM,MEDIUM,MEDIUM,YES,JM1
LOW,MEDIUM,MEDIUM,MEDIUM,MEDIUM,MEDIUM,MEDIUM,MEDIUM,YES,JM1
HIGH,HIGH,HIGH,HIGH,HIGH,HIGH,HIGH,HIGH,YES,JM1
MEDIUM,LOW,LOW,LOW,LOW,MEDIUM,MEDIUM,LOW,YES,JM1
LOW,LOW,LOW,LOW,LOW,LOW,LOW,LOW,YES,JM1
MEDIUM,HIGH,HIGH,HIGH,MEDIUM,MEDIUM,MEDIUM,HIGH,YES,JM1
LOW,MEDIUM,LOW,LOW,MEDIUM,MEDIUM,MEDIUM,MEDIUM,YES,JM1
LOW,LOW,LOW,LOW,LOW,LOW,LOW,LOW,YES,JM1
HIGH,HIGH,HIGH,HIGH,LOW,LOW,LOW,HIGH,YES,JM1
LOW,MEDIUM,LOW,LOW,MEDIUM,MEDIUM,MEDIUM,MEDIUM,YES,JM1
HIGH,HIGH,HIGH,HIGH,HIGH,HIGH,HIGH,HIGH,YES,JM1
HIGH,MEDIUM,LOW,HIGH,HIGH,MEDIUM,HIGH,MEDIUM,YES,JM1
LOW,MEDIUM,LOW,LOW,MEDIUM,MEDIUM,MEDIUM,MEDIUM,YES,JM1
HIGH,HIGH,LOW,HIGH,HIGH,HIGH,HIGH,HIGH,YES,JM1
HIGH,MEDIUM,LOW,HIGH,HIGH,MEDIUM,HIGH,MEDIUM,YES,JM1
HIGH,HIGH,HIGH,HIGH,HIGH,HIGH,HIGH,HIGH,YES,JM1
HIGH,HIGH,HIGH,HIGH,HIGH,HIGH,HIGH,HIGH,YES,JM1
LOW,MEDIUM,LOW,LOW,MEDIUM,MEDIUM,MEDIUM,MEDIUM,YES,JM1
LOW,MEDIUM,MEDIUM,LOW,MEDIUM,MEDIUM,MEDIUM,MEDIUM,YES,JM1
HIGH,HIGH,HIGH,HIGH,HIGH,HIGH,HIGH,HIGH,YES,JM1
LOW,LOW,LOW,LOW,LOW,LOW,LOW,LOW,YES,JM1
HIGH,MEDIUM,LOW,MEDIUM,HIGH,MEDIUM,MEDIUM,MEDIUM,YES,JM1
LOW,MEDIUM,LOW,LOW,MEDIUM,MEDIUM,MEDIUM,MEDIUM,YES,JM1
HIGH,HIGH,HIGH,HIGH,HIGH,HIGH,HIGH,HIGH,YES,JM1
HIGH,HIGH,HIGH,HIGH,HIGH,HIGH,HIGH,HIGH,YES,JM1
HIGH,HIGH,HIGH,HIGH,HIGH,HIGH,HIGH,HIGH,YES,JM1
MEDIUM,LOW,LOW,LOW,MEDIUM,LOW,MEDIUM,LOW,YES,JM1
LOW,LOW,LOW,LOW,LOW,LOW,LOW,LOW,YES,JM1
LOW,MEDIUM,LOW,LOW,MEDIUM,MEDIUM,MEDIUM,MEDIUM,YES,JM1
LOW,LOW,LOW,LOW,MEDIUM,MEDIUM,MEDIUM,LOW,YES,JM1
LOW,LOW,LOW,LOW,LOW,LOW,LOW,LOW,YES,JM1
LOW,LOW,LOW,LOW,LOW,LOW,LOW,LOW,YES,JM1
LOW,LOW,LOW,LOW,LOW,LOW,LOW,LOW,YES,JM1
LOW,LOW,LOW,LOW,LOW,LOW,LOW,LOW,YES,JM1
MEDIUM,LOW,LOW,MEDIUM,MEDIUM,MEDIUM,MEDIUM,LOW,YES,JM1
LOW,MEDIUM,LOW,LOW,MEDIUM,MEDIUM,MEDIUM,MEDIUM,YES,JM1
LOW,MEDIUM,LOW,LOW,MEDIUM,MEDIUM,MEDIUM,MEDIUM,YES,JM1
HIGH,HIGH,HIGH,HIGH,HIGH,HIGH,HIGH,HIGH,YES,JM1
HIGH,HIGH,HIGH,HIGH,HIGH,HIGH,HIGH,HIGH,YES,JM1
MEDIUM,MEDIUM,LOW,MEDIUM,HIGH,HIGH,HIGH,MEDIUM,YES,JM1
LOW,MEDIUM,LOW,LOW,MEDIUM,MEDIUM,MEDIUM,MEDIUM,YES,JM1
MEDIUM,MEDIUM,LOW,MEDIUM,MEDIUM,LOW,LOW,MEDIUM,YES,JM1
LOW,LOW,LOW,LOW,LOW,LOW,LOW,LOW,YES,JM1
LOW,LOW,LOW,LOW,LOW,LOW,LOW,LOW,YES,JM1
LOW,LOW,LOW,LOW,LOW,LOW,LOW,LOW,YES,JM1
LOW,LOW,LOW,LOW,LOW,LOW,LOW,LOW,YES,JM1
HIGH,HIGH,LOW,HIGH,HIGH,HIGH,HIGH,HIGH,YES,JM1
MEDIUM,LOW,LOW,MEDIUM,MEDIUM,MEDIUM,MEDIUM,LOW,YES,JM1
HIGH,LOW,LOW,LOW,HIGH,HIGH,HIGH,LOW,YES,JM1
HIGH,HIGH,HIGH,HIGH,HIGH,HIGH,HIGH,HIGH,YES,JM1
HIGH,HIGH,HIGH,HIGH,HIGH,HIGH,HIGH,HIGH,YES,JM1
HIGH,MEDIUM,LOW,HIGH,HIGH,MEDIUM,HIGH,MEDIUM,YES,JM1
HIGH,HIGH,HIGH,HIGH,HIGH,HIGH,HIGH,HIGH,YES,JM1
HIGH,HIGH,HIGH,MEDIUM,MEDIUM,HIGH,HIGH,HIGH,YES,JM1
LOW,LOW,LOW,MEDIUM,LOW,MEDIUM,LOW,LOW,YES,JM1
HIGH,HIGH,HIGH,HIGH,HIGH,HIGH,HIGH,HIGH,YES,JM1
HIGH,HIGH,HIGH,HIGH,HIGH,HIGH,HIGH,HIGH,YES,JM1
MEDIUM,MEDIUM,HIGH,LOW,MEDIUM,MEDIUM,MEDIUM,MEDIUM,YES,JM1
LOW,LOW,LOW,MEDIUM,MEDIUM,MEDIUM,MEDIUM,LOW,YES,JM1
HIGH,MEDIUM,LOW,MEDIUM,HIGH,HIGH,HIGH,MEDIUM,YES,JM1
LOW,LOW,LOW,LOW,LOW,LOW,LOW,LOW,YES,JM1
LOW,LOW,LOW,LOW,LOW,LOW,LOW,LOW,YES,JM1
LOW,LOW,LOW,LOW,LOW,LOW,LOW,LOW,YES,JM1
MEDIUM,MEDIUM,MEDIUM,LOW,MEDIUM,HIGH,HIGH,MEDIUM,YES,JM1
LOW,LOW,LOW,LOW,MEDIUM,MEDIUM,MEDIUM,LOW,YES,JM1
MEDIUM,MEDIUM,MEDIUM,LOW,MEDIUM,HIGH,HIGH,MEDIUM,YES,JM1
LOW,LOW,LOW,LOW,LOW,LOW,LOW,LOW,YES,JM1
MEDIUM,HIGH,HIGH,MEDIUM,MEDIUM,MEDIUM,MEDIUM,HIGH,YES,JM1
HIGH,HIGH,LOW,HIGH,MEDIUM,MEDIUM,MEDIUM,MEDIUM,YES,JM1
LOW,LOW,LOW,LOW,LOW,LOW,LOW,LOW,YES,JM1
LOW,MEDIUM,MEDIUM,LOW,LOW,MEDIUM,MEDIUM,MEDIUM,YES,JM1
HIGH,HIGH,HIGH,MEDIUM,HIGH,HIGH,HIGH,HIGH,YES,JM1
LOW,LOW,LOW,LOW,LOW,LOW,LOW,LOW,YES,JM1
LOW,LOW,LOW,LOW,LOW,LOW,LOW,LOW,YES,JM1
MEDIUM,LOW,LOW,MEDIUM,MEDIUM,MEDIUM,MEDIUM,LOW,YES,JM1
LOW,LOW,LOW,LOW,LOW,LOW,LOW,LOW,YES,JM1
LOW,LOW,LOW,LOW,LOW,LOW,LOW,LOW,YES,JM1
MEDIUM,HIGH,LOW,HIGH,MEDIUM,MEDIUM,MEDIUM,HIGH,YES,JM1
MEDIUM,MEDIUM,LOW,MEDIUM,MEDIUM,HIGH,MEDIUM,MEDIUM,YES,JM1
LOW,LOW,LOW,LOW,LOW,LOW,LOW,LOW,YES,JM1
MEDIUM,HIGH,HIGH,HIGH,HIGH,HIGH,HIGH,HIGH,YES,JM1
HIGH,HIGH,HIGH,HIGH,HIGH,HIGH,HIGH,HIGH,YES,JM1
MEDIUM,MEDIUM,LOW,MEDIUM,MEDIUM,HIGH,MEDIUM,MEDIUM,YES,JM1
HIGH,HIGH,LOW,HIGH,LOW,LOW,LOW,HIGH,YES,JM1
HIGH,HIGH,HIGH,HIGH,LOW,LOW,LOW,HIGH,YES,JM1
LOW,LOW,LOW,LOW,LOW,LOW,LOW,LOW,YES,JM1
HIGH,HIGH,LOW,HIGH,HIGH,MEDIUM,HIGH,HIGH,YES,JM1
LOW,LOW,LOW,LOW,LOW,LOW,LOW,LOW,YES,JM1
HIGH,HIGH,LOW,LOW,HIGH,LOW,MEDIUM,HIGH,YES,JM1
HIGH,HIGH,HIGH,LOW,LOW,LOW,LOW,HIGH,YES,JM1
LOW,LOW,LOW,LOW,MEDIUM,MEDIUM,MEDIUM,LOW,YES,JM1
LOW,LOW,LOW,LOW,LOW,MEDIUM,MEDIUM,LOW,YES,JM1
MEDIUM,HIGH,HIGH,HIGH,HIGH,HIGH,HIGH,HIGH,YES,JM1
HIGH,HIGH,HIGH,HIGH,HIGH,HIGH,HIGH,HIGH,YES,JM1
MEDIUM,MEDIUM,HIGH,MEDIUM,LOW,LOW,LOW,MEDIUM,YES,JM1
HIGH,HIGH,HIGH,HIGH,HIGH,HIGH,HIGH,HIGH,YES,JM1
MEDIUM,LOW,LOW,MEDIUM,MEDIUM,LOW,MEDIUM,LOW,YES,JM1
MEDIUM,LOW,LOW,MEDIUM,MEDIUM,MEDIUM,MEDIUM,LOW,YES,JM1
HIGH,HIGH,LOW,HIGH,HIGH,HIGH,HIGH,HIGH,YES,JM1
HIGH,HIGH,HIGH,HIGH,HIGH,HIGH,HIGH,HIGH,YES,JM1
HIGH,HIGH,HIGH,HIGH,HIGH,HIGH,HIGH,HIGH,YES,JM1
HIGH,HIGH,HIGH,MEDIUM,HIGH,HIGH,HIGH,HIGH,YES,JM1
HIGH,HIGH,LOW,HIGH,HIGH,HIGH,HIGH,HIGH,YES,JM1
HIGH,HIGH,HIGH,HIGH,HIGH,HIGH,HIGH,HIGH,YES,JM1
MEDIUM,LOW,LOW,MEDIUM,MEDIUM,MEDIUM,MEDIUM,LOW,YES,JM1
HIGH,HIGH,HIGH,HIGH,HIGH,HIGH,HIGH,HIGH,YES,JM1
MEDIUM,MEDIUM,LOW,MEDIUM,MEDIUM,MEDIUM,MEDIUM,MEDIUM,YES,JM1
MEDIUM,LOW,LOW,LOW,MEDIUM,MEDIUM,MEDIUM,LOW,YES,JM1
MEDIUM,MEDIUM,HIGH,LOW,LOW,LOW,LOW,MEDIUM,YES,JM1
LOW,LOW,LOW,LOW,MEDIUM,MEDIUM,MEDIUM,LOW,YES,JM1
HIGH,HIGH,HIGH,HIGH,HIGH,HIGH,HIGH,HIGH,YES,JM1
HIGH,HIGH,HIGH,HIGH,HIGH,HIGH,HIGH,HIGH,YES,JM1
HIGH,HIGH,HIGH,HIGH,HIGH,HIGH,HIGH,HIGH,YES,JM1
HIGH,HIGH,HIGH,HIGH,HIGH,HIGH,HIGH,HIGH,YES,JM1
HIGH,HIGH,HIGH,HIGH,HIGH,HIGH,HIGH,HIGH,YES,JM1
LOW,LOW,LOW,LOW,LOW,LOW,LOW,LOW,YES,JM1
HIGH,HIGH,HIGH,MEDIUM,HIGH,HIGH,HIGH,HIGH,YES,JM1
HIGH,MEDIUM,MEDIUM,LOW,HIGH,HIGH,HIGH,MEDIUM,YES,JM1
MEDIUM,LOW,LOW,LOW,LOW,LOW,LOW,LOW,YES,JM1
HIGH,HIGH,HIGH,LOW,HIGH,HIGH,HIGH,HIGH,YES,JM1
HIGH,HIGH,HIGH,HIGH,LOW,LOW,LOW,HIGH,YES,JM1
HIGH,HIGH,LOW,HIGH,HIGH,HIGH,HIGH,HIGH,YES,JM1
LOW,LOW,MEDIUM,LOW,LOW,LOW,LOW,LOW,YES,JM1
HIGH,HIGH,HIGH,HIGH,HIGH,HIGH,HIGH,HIGH,YES,JM1
HIGH,HIGH,HIGH,HIGH,HIGH,HIGH,HIGH,HIGH,YES,JM1
LOW,MEDIUM,HIGH,LOW,LOW,LOW,LOW,MEDIUM,YES,JM1
MEDIUM,MEDIUM,MEDIUM,MEDIUM,MEDIUM,MEDIUM,MEDIUM,MEDIUM,YES,JM1
HIGH,LOW,LOW,MEDIUM,LOW,LOW,LOW,LOW,YES,JM1
HIGH,HIGH,HIGH,MEDIUM,HIGH,HIGH,HIGH,HIGH,YES,JM1
MEDIUM,MEDIUM,MEDIUM,MEDIUM,MEDIUM,MEDIUM,MEDIUM,MEDIUM,YES,JM1
LOW,LOW,LOW,LOW,LOW,LOW,LOW,LOW,YES,JM1
MEDIUM,LOW,LOW,LOW,MEDIUM,MEDIUM,MEDIUM,LOW,YES,JM1
LOW,LOW,LOW,LOW,MEDIUM,MEDIUM,MEDIUM,LOW,YES,JM1
LOW,LOW,LOW,LOW,LOW,LOW,LOW,LOW,YES,JM1
HIGH,HIGH,LOW,HIGH,HIGH,HIGH,HIGH,HIGH,YES,JM1
HIGH,MEDIUM,MEDIUM,MEDIUM,LOW,LOW,LOW,MEDIUM,YES,JM1
LOW,LOW,LOW,LOW,LOW,LOW,LOW,LOW,YES,JM1
LOW,LOW,LOW,LOW,MEDIUM,MEDIUM,MEDIUM,LOW,YES,JM1
LOW,LOW,LOW,LOW,LOW,MEDIUM,LOW,LOW,YES,JM1
LOW,LOW,LOW,LOW,LOW,LOW,LOW,LOW,YES,JM1
MEDIUM,HIGH,HIGH,MEDIUM,HIGH,HIGH,HIGH,HIGH,YES,JM1
HIGH,HIGH,HIGH,HIGH,HIGH,HIGH,HIGH,HIGH,YES,JM1
HIGH,HIGH,HIGH,HIGH,HIGH,HIGH,HIGH,HIGH,YES,JM1
HIGH,HIGH,HIGH,HIGH,HIGH,HIGH,HIGH,HIGH,YES,JM1
MEDIUM,LOW,LOW,MEDIUM,MEDIUM,MEDIUM,MEDIUM,LOW,YES,JM1
HIGH,MEDIUM,HIGH,MEDIUM,HIGH,HIGH,HIGH,MEDIUM,YES,JM1
MEDIUM,LOW,LOW,LOW,HIGH,MEDIUM,MEDIUM,LOW,YES,JM1
HIGH,HIGH,HIGH,MEDIUM,HIGH,HIGH,HIGH,HIGH,YES,JM1
HIGH,HIGH,HIGH,HIGH,HIGH,HIGH,HIGH,HIGH,YES,JM1
LOW,LOW,LOW,MEDIUM,LOW,MEDIUM,LOW,LOW,YES,JM1
LOW,MEDIUM,LOW,MEDIUM,MEDIUM,LOW,MEDIUM,MEDIUM,YES,JM1
LOW,LOW,LOW,LOW,LOW,LOW,LOW,LOW,YES,JM1
MEDIUM,LOW,LOW,MEDIUM,LOW,LOW,LOW,LOW,YES,JM1
HIGH,LOW,LOW,LOW,HIGH,MEDIUM,HIGH,LOW,YES,JM1
MEDIUM,LOW,LOW,LOW,MEDIUM,MEDIUM,MEDIUM,LOW,YES,JM1
MEDIUM,HIGH,HIGH,MEDIUM,HIGH,HIGH,HIGH,HIGH,YES,JM1
LOW,LOW,LOW,LOW,LOW,LOW,LOW,LOW,YES,JM1
MEDIUM,HIGH,LOW,HIGH,MEDIUM,MEDIUM,MEDIUM,HIGH,YES,JM1
LOW,LOW,LOW,LOW,LOW,LOW,LOW,LOW,YES,JM1
MEDIUM,LOW,LOW,LOW,MEDIUM,MEDIUM,MEDIUM,LOW,YES,JM1
MEDIUM,LOW,LOW,LOW,MEDIUM,MEDIUM,MEDIUM,LOW,YES,JM1
MEDIUM,LOW,LOW,LOW,MEDIUM,MEDIUM,MEDIUM,LOW,YES,JM1
HIGH,HIGH,HIGH,HIGH,HIGH,HIGH,HIGH,HIGH,YES,JM1
LOW,LOW,LOW,MEDIUM,LOW,MEDIUM,MEDIUM,LOW,YES,JM1
MEDIUM,LOW,LOW,MEDIUM,LOW,LOW,LOW,LOW,YES,JM1
MEDIUM,HIGH,HIGH,MEDIUM,HIGH,HIGH,HIGH,HIGH,YES,JM1
MEDIUM,HIGH,HIGH,MEDIUM,HIGH,HIGH,HIGH,HIGH,YES,JM1
MEDIUM,HIGH,HIGH,MEDIUM,HIGH,HIGH,HIGH,HIGH,YES,JM1
LOW,LOW,LOW,LOW,LOW,LOW,LOW,LOW,YES,JM1
MEDIUM,MEDIUM,LOW,MEDIUM,MEDIUM,MEDIUM,MEDIUM,MEDIUM,YES,JM1
MEDIUM,LOW,LOW,LOW,LOW,LOW,LOW,LOW,YES,JM1
LOW,LOW,LOW,LOW,LOW,LOW,LOW,LOW,YES,JM1
MEDIUM,LOW,LOW,MEDIUM,MEDIUM,MEDIUM,MEDIUM,LOW,YES,JM1
MEDIUM,LOW,LOW,MEDIUM,HIGH,HIGH,HIGH,LOW,YES,JM1
MEDIUM,LOW,LOW,LOW,MEDIUM,MEDIUM,MEDIUM,LOW,YES,JM1
LOW,LOW,LOW,LOW,LOW,LOW,LOW,LOW,YES,JM1
MEDIUM,LOW,LOW,MEDIUM,MEDIUM,MEDIUM,MEDIUM,LOW,YES,JM1
MEDIUM,LOW,LOW,MEDIUM,MEDIUM,LOW,LOW,LOW,YES,JM1
LOW,LOW,LOW,LOW,LOW,LOW,LOW,LOW,YES,JM1
MEDIUM,HIGH,HIGH,HIGH,MEDIUM,HIGH,MEDIUM,HIGH,YES,JM1
MEDIUM,MEDIUM,LOW,MEDIUM,LOW,LOW,LOW,MEDIUM,YES,JM1
HIGH,HIGH,LOW,MEDIUM,MEDIUM,MEDIUM,MEDIUM,HIGH,YES,JM1
HIGH,HIGH,LOW,MEDIUM,HIGH,HIGH,HIGH,HIGH,YES,JM1
MEDIUM,LOW,LOW,LOW,MEDIUM,HIGH,MEDIUM,LOW,YES,JM1
LOW,LOW,LOW,LOW,LOW,LOW,LOW,LOW,YES,JM1
MEDIUM,MEDIUM,HIGH,HIGH,MEDIUM,MEDIUM,MEDIUM,MEDIUM,YES,JM1
HIGH,HIGH,HIGH,HIGH,LOW,LOW,LOW,HIGH,YES,JM1
HIGH,HIGH,HIGH,HIGH,LOW,LOW,LOW,HIGH,YES,JM1
LOW,LOW,LOW,LOW,MEDIUM,MEDIUM,MEDIUM,LOW,YES,JM1
MEDIUM,LOW,LOW,MEDIUM,MEDIUM,MEDIUM,MEDIUM,LOW,YES,JM1
HIGH,HIGH,HIGH,HIGH,HIGH,HIGH,HIGH,HIGH,YES,JM1
HIGH,HIGH,LOW,HIGH,LOW,LOW,LOW,HIGH,YES,JM1
HIGH,HIGH,MEDIUM,HIGH,HIGH,HIGH,HIGH,HIGH,YES,JM1
MEDIUM,LOW,LOW,LOW,MEDIUM,LOW,LOW,LOW,YES,JM1
LOW,LOW,LOW,LOW,MEDIUM,MEDIUM,MEDIUM,LOW,YES,JM1
HIGH,HIGH,HIGH,HIGH,HIGH,HIGH,HIGH,HIGH,YES,JM1
HIGH,MEDIUM,MEDIUM,MEDIUM,HIGH,HIGH,HIGH,MEDIUM,YES,JM1
MEDIUM,LOW,LOW,LOW,MEDIUM,MEDIUM,MEDIUM,LOW,YES,JM1
HIGH,MEDIUM,HIGH,HIGH,HIGH,HIGH,HIGH,MEDIUM,YES,JM1
LOW,LOW,LOW,LOW,LOW,LOW,LOW,LOW,YES,JM1
LOW,LOW,LOW,LOW,LOW,LOW,LOW,LOW,YES,JM1
LOW,LOW,LOW,LOW,LOW,LOW,LOW,LOW,YES,JM1
LOW,LOW,LOW,LOW,LOW,LOW,LOW,LOW,YES,JM1
LOW,LOW,LOW,LOW,LOW,LOW,LOW,LOW,YES,JM1
HIGH,HIGH,HIGH,HIGH,HIGH,HIGH,HIGH,HIGH,YES,JM1
HIGH,HIGH,HIGH,HIGH,HIGH,HIGH,HIGH,HIGH,YES,JM1
LOW,LOW,LOW,LOW,LOW,LOW,LOW,LOW,YES,JM1
LOW,LOW,LOW,LOW,MEDIUM,MEDIUM,MEDIUM,LOW,YES,JM1
LOW,LOW,LOW,LOW,LOW,LOW,LOW,LOW,YES,JM1
LOW,LOW,LOW,LOW,MEDIUM,MEDIUM,MEDIUM,LOW,YES,JM1
LOW,LOW,LOW,LOW,LOW,LOW,LOW,LOW,YES,JM1
MEDIUM,LOW,LOW,LOW,MEDIUM,MEDIUM,MEDIUM,LOW,YES,JM1
MEDIUM,HIGH,HIGH,MEDIUM,HIGH,HIGH,HIGH,HIGH,YES,JM1
HIGH,HIGH,HIGH,HIGH,HIGH,HIGH,HIGH,HIGH,YES,JM1
HIGH,HIGH,HIGH,HIGH,HIGH,HIGH,HIGH,HIGH,YES,JM1
LOW,LOW,LOW,LOW,LOW,LOW,LOW,LOW,YES,JM1
LOW,LOW,LOW,LOW,LOW,LOW,LOW,LOW,YES,JM1
MEDIUM,LOW,LOW,LOW,MEDIUM,MEDIUM,MEDIUM,LOW,YES,JM1
MEDIUM,HIGH,LOW,HIGH,HIGH,HIGH,HIGH,HIGH,YES,JM1
HIGH,HIGH,LOW,MEDIUM,HIGH,HIGH,HIGH,HIGH,YES,JM1
MEDIUM,LOW,LOW,LOW,MEDIUM,LOW,MEDIUM,LOW,YES,JM1
HIGH,MEDIUM,HIGH,HIGH,HIGH,HIGH,HIGH,MEDIUM,YES,JM1
LOW,LOW,LOW,LOW,LOW,LOW,LOW,LOW,YES,JM1
LOW,LOW,LOW,LOW,LOW,LOW,LOW,LOW,YES,JM1
HIGH,MEDIUM,LOW,MEDIUM,HIGH,HIGH,HIGH,MEDIUM,YES,JM1
LOW,MEDIUM,HIGH,LOW,MEDIUM,HIGH,MEDIUM,MEDIUM,YES,JM1
LOW,LOW,LOW,LOW,LOW,LOW,LOW,LOW,YES,JM1
HIGH,HIGH,HIGH,LOW,HIGH,HIGH,HIGH,HIGH,YES,JM1
LOW,LOW,LOW,LOW,LOW,LOW,LOW,LOW,YES,JM1
MEDIUM,LOW,LOW,LOW,MEDIUM,MEDIUM,MEDIUM,LOW,YES,JM1
MEDIUM,LOW,LOW,LOW,MEDIUM,LOW,MEDIUM,LOW,YES,JM1
MEDIUM,MEDIUM,LOW,HIGH,HIGH,HIGH,HIGH,MEDIUM,YES,JM1
HIGH,HIGH,HIGH,HIGH,HIGH,HIGH,HIGH,HIGH,YES,JM1
LOW,LOW,LOW,LOW,LOW,LOW,LOW,LOW,YES,JM1
LOW,LOW,LOW,LOW,LOW,LOW,LOW,LOW,YES,JM1
HIGH,MEDIUM,LOW,HIGH,HIGH,HIGH,HIGH,MEDIUM,YES,JM1
HIGH,HIGH,HIGH,HIGH,HIGH,HIGH,HIGH,HIGH,YES,JM1
LOW,LOW,LOW,LOW,LOW,LOW,LOW,LOW,YES,JM1
MEDIUM,MEDIUM,LOW,MEDIUM,MEDIUM,MEDIUM,MEDIUM,MEDIUM,YES,JM1
HIGH,HIGH,HIGH,HIGH,HIGH,HIGH,HIGH,HIGH,YES,JM1
LOW,LOW,LOW,LOW,LOW,MEDIUM,LOW,LOW,YES,JM1
LOW,LOW,LOW,LOW,LOW,LOW,LOW,LOW,YES,JM1
LOW,LOW,LOW,LOW,LOW,LOW,LOW,LOW,YES,JM1
HIGH,HIGH,LOW,HIGH,HIGH,HIGH,HIGH,HIGH,YES,JM1
MEDIUM,MEDIUM,MEDIUM,LOW,MEDIUM,MEDIUM,MEDIUM,MEDIUM,YES,JM1
HIGH,HIGH,HIGH,HIGH,LOW,LOW,LOW,HIGH,YES,JM1
HIGH,HIGH,HIGH,HIGH,HIGH,HIGH,HIGH,HIGH,YES,JM1
HIGH,HIGH,HIGH,HIGH,HIGH,HIGH,HIGH,HIGH,YES,JM1
HIGH,HIGH,HIGH,HIGH,HIGH,HIGH,HIGH,HIGH,YES,JM1
HIGH,MEDIUM,LOW,HIGH,HIGH,HIGH,HIGH,MEDIUM,YES,JM1
LOW,LOW,LOW,LOW,LOW,LOW,LOW,LOW,YES,JM1
HIGH,HIGH,HIGH,HIGH,HIGH,HIGH,HIGH,HIGH,YES,JM1
LOW,LOW,LOW,LOW,LOW,LOW,LOW,LOW,YES,JM1
LOW,LOW,LOW,LOW,LOW,LOW,LOW,LOW,YES,JM1
LOW,MEDIUM,HIGH,LOW,LOW,MEDIUM,LOW,MEDIUM,YES,JM1
LOW,LOW,LOW,MEDIUM,LOW,LOW,LOW,LOW,YES,JM1
MEDIUM,LOW,LOW,MEDIUM,MEDIUM,MEDIUM,MEDIUM,LOW,YES,JM1
LOW,LOW,LOW,LOW,LOW,MEDIUM,LOW,LOW,YES,JM1
MEDIUM,LOW,LOW,LOW,MEDIUM,MEDIUM,MEDIUM,LOW,YES,JM1
HIGH,MEDIUM,LOW,HIGH,HIGH,MEDIUM,MEDIUM,MEDIUM,YES,JM1
LOW,LOW,LOW,LOW,LOW,LOW,LOW,LOW,YES,JM1
LOW,LOW,LOW,MEDIUM,LOW,LOW,LOW,LOW,YES,JM1
HIGH,HIGH,HIGH,HIGH,HIGH,HIGH,HIGH,HIGH,YES,JM1
HIGH,MEDIUM,HIGH,LOW,LOW,LOW,LOW,MEDIUM,YES,JM1
LOW,LOW,LOW,LOW,LOW,LOW,LOW,LOW,YES,JM1
MEDIUM,LOW,LOW,LOW,MEDIUM,MEDIUM,MEDIUM,LOW,YES,JM1
HIGH,MEDIUM,LOW,HIGH,HIGH,HIGH,HIGH,MEDIUM,YES,JM1
LOW,LOW,LOW,LOW,LOW,LOW,LOW,LOW,YES,JM1
LOW,LOW,LOW,LOW,MEDIUM,LOW,MEDIUM,LOW,YES,JM1
HIGH,HIGH,HIGH,LOW,MEDIUM,MEDIUM,MEDIUM,HIGH,YES,JM1
HIGH,HIGH,LOW,HIGH,HIGH,HIGH,HIGH,HIGH,YES,JM1
LOW,LOW,LOW,LOW,LOW,LOW,LOW,LOW,YES,JM1
HIGH,HIGH,LOW,LOW,HIGH,MEDIUM,HIGH,HIGH,YES,JM1
HIGH,HIGH,LOW,HIGH,HIGH,HIGH,HIGH,HIGH,YES,JM1
HIGH,HIGH,HIGH,HIGH,LOW,LOW,LOW,HIGH,YES,JM1
MEDIUM,LOW,LOW,LOW,MEDIUM,MEDIUM,MEDIUM,LOW,YES,JM1
LOW,LOW,LOW,LOW,LOW,MEDIUM,LOW,LOW,YES,JM1
MEDIUM,MEDIUM,HIGH,LOW,LOW,LOW,LOW,MEDIUM,YES,JM1
LOW,LOW,LOW,LOW,LOW,LOW,LOW,LOW,YES,JM1
MEDIUM,MEDIUM,LOW,MEDIUM,LOW,LOW,LOW,MEDIUM,YES,JM1
MEDIUM,MEDIUM,LOW,MEDIUM,LOW,LOW,LOW,MEDIUM,YES,JM1
HIGH,HIGH,HIGH,MEDIUM,HIGH,HIGH,HIGH,HIGH,YES,JM1
HIGH,HIGH,LOW,HIGH,HIGH,MEDIUM,HIGH,HIGH,YES,JM1
MEDIUM,LOW,LOW,LOW,MEDIUM,MEDIUM,MEDIUM,LOW,YES,JM1
MEDIUM,MEDIUM,LOW,MEDIUM,MEDIUM,MEDIUM,MEDIUM,MEDIUM,YES,JM1
HIGH,HIGH,LOW,HIGH,HIGH,HIGH,HIGH,HIGH,YES,JM1
LOW,LOW,LOW,MEDIUM,MEDIUM,MEDIUM,MEDIUM,LOW,YES,JM1
MEDIUM,LOW,LOW,LOW,LOW,LOW,LOW,LOW,YES,JM1
MEDIUM,HIGH,HIGH,HIGH,MEDIUM,MEDIUM,MEDIUM,HIGH,YES,JM1
HIGH,HIGH,HIGH,HIGH,LOW,LOW,LOW,HIGH,YES,JM1
HIGH,HIGH,HIGH,HIGH,HIGH,HIGH,HIGH,HIGH,YES,JM1
LOW,LOW,LOW,LOW,MEDIUM,HIGH,MEDIUM,LOW,YES,JM1
MEDIUM,LOW,MEDIUM,LOW,MEDIUM,LOW,MEDIUM,LOW,YES,JM1
HIGH,HIGH,MEDIUM,HIGH,HIGH,MEDIUM,HIGH,HIGH,YES,JM1
LOW,LOW,LOW,LOW,LOW,MEDIUM,LOW,LOW,YES,JM1
MEDIUM,HIGH,LOW,LOW,MEDIUM,HIGH,MEDIUM,HIGH,YES,JM1
HIGH,MEDIUM,LOW,MEDIUM,HIGH,HIGH,HIGH,MEDIUM,YES,JM1
HIGH,LOW,LOW,MEDIUM,MEDIUM,MEDIUM,MEDIUM,LOW,YES,JM1
HIGH,HIGH,HIGH,HIGH,HIGH,HIGH,HIGH,HIGH,YES,JM1
MEDIUM,HIGH,HIGH,HIGH,HIGH,MEDIUM,MEDIUM,HIGH,YES,JM1
HIGH,HIGH,HIGH,HIGH,HIGH,MEDIUM,MEDIUM,HIGH,YES,JM1
HIGH,HIGH,HIGH,HIGH,HIGH,HIGH,HIGH,HIGH,YES,JM1
LOW,MEDIUM,HIGH,MEDIUM,LOW,MEDIUM,LOW,MEDIUM,YES,JM1
MEDIUM,HIGH,LOW,LOW,MEDIUM,MEDIUM,MEDIUM,HIGH,YES,JM1
HIGH,HIGH,HIGH,HIGH,HIGH,HIGH,HIGH,HIGH,YES,JM1
HIGH,HIGH,LOW,HIGH,HIGH,HIGH,HIGH,HIGH,YES,JM1
LOW,LOW,LOW,LOW,LOW,LOW,LOW,LOW,YES,JM1
HIGH,HIGH,LOW,HIGH,HIGH,HIGH,HIGH,HIGH,YES,JM1
LOW,LOW,LOW,LOW,LOW,LOW,LOW,LOW,YES,JM1
LOW,LOW,LOW,LOW,LOW,LOW,LOW,LOW,YES,JM1
HIGH,HIGH,LOW,LOW,HIGH,HIGH,HIGH,HIGH,YES,JM1
LOW,LOW,LOW,LOW,LOW,LOW,LOW,LOW,YES,JM1
HIGH,LOW,LOW,LOW,HIGH,HIGH,HIGH,LOW,YES,JM1
HIGH,HIGH,HIGH,HIGH,HIGH,HIGH,HIGH,HIGH,YES,JM1
LOW,LOW,LOW,LOW,LOW,LOW,LOW,LOW,YES,JM1
HIGH,HIGH,LOW,HIGH,HIGH,HIGH,HIGH,HIGH,YES,JM1
HIGH,MEDIUM,LOW,HIGH,HIGH,HIGH,HIGH,MEDIUM,YES,JM1
HIGH,HIGH,LOW,MEDIUM,LOW,LOW,LOW,HIGH,YES,JM1
LOW,MEDIUM,MEDIUM,MEDIUM,MEDIUM,HIGH,MEDIUM,MEDIUM,YES,JM1
HIGH,HIGH,HIGH,HIGH,HIGH,HIGH,HIGH,HIGH,YES,JM1
HIGH,HIGH,LOW,HIGH,HIGH,HIGH,HIGH,HIGH,YES,JM1
LOW,LOW,LOW,LOW,MEDIUM,LOW,LOW,LOW,YES,JM1
HIGH,MEDIUM,LOW,HIGH,HIGH,HIGH,HIGH,MEDIUM,YES,JM1
HIGH,HIGH,MEDIUM,HIGH,HIGH,HIGH,HIGH,HIGH,YES,JM1
HIGH,HIGH,HIGH,HIGH,HIGH,HIGH,HIGH,HIGH,YES,JM1
LOW,LOW,LOW,MEDIUM,LOW,LOW,LOW,LOW,YES,JM1
HIGH,HIGH,MEDIUM,MEDIUM,HIGH,HIGH,HIGH,HIGH,YES,JM1
HIGH,HIGH,HIGH,HIGH,HIGH,HIGH,HIGH,HIGH,YES,JM1
LOW,LOW,LOW,LOW,LOW,LOW,LOW,LOW,YES,JM1
HIGH,HIGH,MEDIUM,MEDIUM,HIGH,HIGH,HIGH,HIGH,YES,JM1
HIGH,HIGH,HIGH,HIGH,HIGH,HIGH,HIGH,HIGH,YES,JM1
MEDIUM,MEDIUM,HIGH,MEDIUM,MEDIUM,HIGH,HIGH,MEDIUM,YES,JM1
HIGH,LOW,LOW,MEDIUM,HIGH,HIGH,HIGH,LOW,YES,JM1
HIGH,HIGH,HIGH,MEDIUM,HIGH,HIGH,HIGH,HIGH,YES,JM1
HIGH,HIGH,HIGH,HIGH,HIGH,HIGH,HIGH,HIGH,YES,JM1
HIGH,HIGH,HIGH,HIGH,HIGH,HIGH,HIGH,HIGH,YES,JM1
HIGH,HIGH,HIGH,HIGH,HIGH,HIGH,HIGH,HIGH,YES,JM1
HIGH,HIGH,HIGH,HIGH,HIGH,HIGH,HIGH,HIGH,YES,JM1
HIGH,HIGH,MEDIUM,MEDIUM,HIGH,HIGH,HIGH,HIGH,YES,JM1
LOW,LOW,LOW,LOW,LOW,LOW,LOW,LOW,YES,JM1
LOW,LOW,LOW,LOW,LOW,LOW,LOW,LOW,YES,JM1
MEDIUM,MEDIUM,HIGH,LOW,LOW,MEDIUM,MEDIUM,MEDIUM,YES,JM1
MEDIUM,LOW,LOW,LOW,MEDIUM,LOW,MEDIUM,LOW,YES,JM1
HIGH,HIGH,LOW,MEDIUM,HIGH,HIGH,HIGH,HIGH,YES,JM1
LOW,LOW,LOW,LOW,LOW,MEDIUM,MEDIUM,LOW,YES,JM1
LOW,LOW,LOW,LOW,MEDIUM,MEDIUM,MEDIUM,LOW,YES,JM1
MEDIUM,LOW,LOW,LOW,HIGH,HIGH,HIGH,LOW,YES,JM1
MEDIUM,HIGH,LOW,LOW,HIGH,HIGH,HIGH,HIGH,YES,JM1
HIGH,HIGH,HIGH,HIGH,HIGH,HIGH,HIGH,HIGH,YES,JM1
HIGH,HIGH,HIGH,HIGH,HIGH,HIGH,HIGH,HIGH,YES,JM1
HIGH,MEDIUM,MEDIUM,MEDIUM,MEDIUM,MEDIUM,MEDIUM,MEDIUM,YES,JM1
HIGH,HIGH,LOW,HIGH,HIGH,HIGH,HIGH,HIGH,YES,JM1
MEDIUM,MEDIUM,LOW,HIGH,HIGH,HIGH,HIGH,MEDIUM,YES,JM1
LOW,LOW,LOW,LOW,LOW,MEDIUM,LOW,LOW,YES,JM1
HIGH,MEDIUM,LOW,HIGH,HIGH,HIGH,HIGH,MEDIUM,YES,JM1
HIGH,HIGH,LOW,HIGH,HIGH,HIGH,HIGH,HIGH,YES,JM1
HIGH,HIGH,LOW,HIGH,HIGH,HIGH,HIGH,MEDIUM,YES,JM1
HIGH,LOW,LOW,LOW,HIGH,MEDIUM,HIGH,LOW,YES,JM1
HIGH,LOW,LOW,LOW,HIGH,MEDIUM,HIGH,LOW,YES,JM1
HIGH,HIGH,LOW,HIGH,HIGH,HIGH,HIGH,HIGH,YES,JM1
HIGH,LOW,LOW,LOW,HIGH,MEDIUM,HIGH,LOW,YES,JM1
HIGH,LOW,LOW,LOW,HIGH,MEDIUM,HIGH,LOW,YES,JM1
HIGH,HIGH,LOW,HIGH,HIGH,HIGH,HIGH,HIGH,YES,JM1
HIGH,LOW,LOW,LOW,HIGH,HIGH,HIGH,LOW,YES,JM1
LOW,LOW,LOW,LOW,LOW,LOW,LOW,LOW,YES,JM1
HIGH,MEDIUM,LOW,HIGH,HIGH,HIGH,HIGH,MEDIUM,YES,JM1
HIGH,HIGH,HIGH,HIGH,HIGH,HIGH,HIGH,HIGH,YES,JM1
HIGH,MEDIUM,MEDIUM,MEDIUM,HIGH,MEDIUM,HIGH,MEDIUM,YES,JM1
MEDIUM,MEDIUM,LOW,MEDIUM,HIGH,MEDIUM,HIGH,MEDIUM,YES,JM1
MEDIUM,MEDIUM,LOW,MEDIUM,MEDIUM,MEDIUM,MEDIUM,MEDIUM,YES,JM1
MEDIUM,LOW,MEDIUM,LOW,MEDIUM,MEDIUM,MEDIUM,LOW,YES,JM1
MEDIUM,MEDIUM,MEDIUM,MEDIUM,MEDIUM,MEDIUM,MEDIUM,MEDIUM,YES,JM1
MEDIUM,MEDIUM,HIGH,MEDIUM,MEDIUM,MEDIUM,MEDIUM,MEDIUM,YES,JM1
LOW,LOW,LOW,LOW,LOW,LOW,LOW,LOW,YES,JM1
MEDIUM,MEDIUM,MEDIUM,MEDIUM,MEDIUM,MEDIUM,MEDIUM,MEDIUM,YES,JM1
LOW,MEDIUM,MEDIUM,MEDIUM,LOW,LOW,LOW,MEDIUM,YES,JM1
LOW,LOW,LOW,LOW,MEDIUM,MEDIUM,MEDIUM,LOW,YES,JM1
MEDIUM,HIGH,MEDIUM,MEDIUM,MEDIUM,HIGH,MEDIUM,HIGH,YES,JM1
HIGH,HIGH,HIGH,HIGH,HIGH,HIGH,HIGH,HIGH,YES,JM1
HIGH,HIGH,HIGH,MEDIUM,HIGH,HIGH,HIGH,HIGH,YES,JM1
MEDIUM,HIGH,HIGH,MEDIUM,MEDIUM,HIGH,MEDIUM,HIGH,YES,JM1
MEDIUM,MEDIUM,LOW,HIGH,MEDIUM,MEDIUM,MEDIUM,MEDIUM,YES,JM1
HIGH,HIGH,HIGH,HIGH,HIGH,HIGH,HIGH,HIGH,YES,JM1
HIGH,LOW,LOW,LOW,HIGH,MEDIUM,HIGH,LOW,YES,JM1
LOW,LOW,LOW,LOW,LOW,LOW,LOW,LOW,YES,JM1
MEDIUM,MEDIUM,LOW,MEDIUM,MEDIUM,MEDIUM,MEDIUM,MEDIUM,YES,JM1
HIGH,HIGH,HIGH,HIGH,HIGH,HIGH,HIGH,HIGH,YES,JM1
LOW,LOW,LOW,LOW,MEDIUM,MEDIUM,MEDIUM,LOW,YES,JM1
MEDIUM,MEDIUM,MEDIUM,LOW,MEDIUM,MEDIUM,MEDIUM,MEDIUM,YES,JM1
HIGH,HIGH,HIGH,HIGH,HIGH,HIGH,HIGH,HIGH,YES,JM1
HIGH,LOW,LOW,LOW,MEDIUM,LOW,MEDIUM,LOW,YES,JM1
LOW,LOW,LOW,LOW,LOW,LOW,LOW,LOW,YES,JM1
HIGH,HIGH,HIGH,HIGH,LOW,LOW,LOW,HIGH,YES,JM1
LOW,LOW,LOW,MEDIUM,LOW,LOW,LOW,LOW,YES,JM1
HIGH,HIGH,MEDIUM,HIGH,MEDIUM,MEDIUM,MEDIUM,HIGH,YES,JM1
LOW,LOW,LOW,LOW,LOW,MEDIUM,MEDIUM,LOW,YES,JM1
HIGH,HIGH,HIGH,HIGH,HIGH,HIGH,HIGH,HIGH,YES,JM1
MEDIUM,MEDIUM,LOW,MEDIUM,MEDIUM,LOW,LOW,MEDIUM,YES,JM1
LOW,LOW,LOW,LOW,LOW,MEDIUM,LOW,LOW,YES,JM1
MEDIUM,LOW,LOW,MEDIUM,MEDIUM,LOW,MEDIUM,LOW,YES,JM1
MEDIUM,LOW,LOW,MEDIUM,MEDIUM,MEDIUM,MEDIUM,LOW,YES,JM1
LOW,LOW,LOW,LOW,LOW,MEDIUM,MEDIUM,LOW,YES,JM1
HIGH,HIGH,HIGH,HIGH,HIGH,HIGH,HIGH,HIGH,YES,JM1
HIGH,HIGH,HIGH,HIGH,HIGH,HIGH,HIGH,HIGH,YES,JM1
LOW,LOW,LOW,LOW,LOW,LOW,LOW,LOW,YES,JM1
LOW,LOW,MEDIUM,LOW,LOW,LOW,LOW,LOW,YES,JM1
HIGH,HIGH,HIGH,HIGH,HIGH,HIGH,HIGH,HIGH,YES,JM1
MEDIUM,LOW,LOW,LOW,MEDIUM,MEDIUM,MEDIUM,LOW,YES,JM1
HIGH,HIGH,HIGH,HIGH,HIGH,HIGH,HIGH,HIGH,YES,JM1
HIGH,HIGH,LOW,MEDIUM,HIGH,HIGH,HIGH,HIGH,YES,JM1
LOW,LOW,LOW,LOW,LOW,LOW,LOW,LOW,YES,JM1
HIGH,HIGH,HIGH,HIGH,HIGH,HIGH,HIGH,HIGH,YES,JM1
MEDIUM,MEDIUM,LOW,MEDIUM,MEDIUM,MEDIUM,MEDIUM,MEDIUM,YES,JM1
HIGH,MEDIUM,LOW,HIGH,MEDIUM,MEDIUM,MEDIUM,MEDIUM,YES,JM1
LOW,MEDIUM,HIGH,LOW,LOW,LOW,LOW,MEDIUM,YES,JM1
HIGH,HIGH,LOW,HIGH,HIGH,HIGH,HIGH,HIGH,YES,JM1
HIGH,HIGH,HIGH,HIGH,HIGH,HIGH,HIGH,HIGH,YES,JM1
MEDIUM,LOW,LOW,LOW,LOW,LOW,LOW,LOW,YES,JM1
HIGH,HIGH,HIGH,HIGH,HIGH,HIGH,HIGH,HIGH,YES,JM1
MEDIUM,MEDIUM,HIGH,HIGH,HIGH,HIGH,HIGH,MEDIUM,YES,JM1
MEDIUM,MEDIUM,LOW,LOW,LOW,LOW,LOW,MEDIUM,YES,JM1
LOW,LOW,LOW,LOW,LOW,LOW,LOW,LOW,YES,JM1
LOW,LOW,LOW,MEDIUM,MEDIUM,LOW,LOW,LOW,YES,JM1
HIGH,HIGH,HIGH,HIGH,HIGH,HIGH,HIGH,HIGH,YES,JM1
MEDIUM,MEDIUM,MEDIUM,MEDIUM,MEDIUM,HIGH,HIGH,MEDIUM,YES,JM1
HIGH,HIGH,HIGH,HIGH,HIGH,HIGH,HIGH,HIGH,YES,JM1
MEDIUM,MEDIUM,MEDIUM,HIGH,MEDIUM,MEDIUM,MEDIUM,MEDIUM,YES,JM1
HIGH,HIGH,HIGH,HIGH,HIGH,HIGH,HIGH,HIGH,YES,JM1
MEDIUM,HIGH,LOW,HIGH,MEDIUM,MEDIUM,MEDIUM,HIGH,YES,JM1
LOW,MEDIUM,HIGH,LOW,LOW,LOW,LOW,MEDIUM,YES,JM1
HIGH,HIGH,HIGH,HIGH,HIGH,HIGH,HIGH,HIGH,YES,JM1
HIGH,HIGH,LOW,HIGH,HIGH,HIGH,HIGH,HIGH,YES,JM1
LOW,LOW,MEDIUM,LOW,MEDIUM,MEDIUM,MEDIUM,LOW,YES,JM1
LOW,LOW,LOW,LOW,LOW,LOW,LOW,LOW,YES,JM1
HIGH,HIGH,HIGH,LOW,HIGH,HIGH,HIGH,HIGH,YES,JM1
LOW,MEDIUM,LOW,LOW,LOW,MEDIUM,MEDIUM,MEDIUM,YES,JM1
HIGH,HIGH,HIGH,HIGH,HIGH,HIGH,HIGH,HIGH,YES,JM1
MEDIUM,MEDIUM,HIGH,MEDIUM,MEDIUM,HIGH,MEDIUM,MEDIUM,YES,JM1
HIGH,HIGH,HIGH,HIGH,HIGH,MEDIUM,HIGH,HIGH,YES,JM1
HIGH,MEDIUM,LOW,MEDIUM,MEDIUM,MEDIUM,MEDIUM,MEDIUM,YES,JM1
MEDIUM,HIGH,LOW,LOW,HIGH,HIGH,HIGH,HIGH,YES,JM1
HIGH,HIGH,HIGH,MEDIUM,HIGH,HIGH,HIGH,HIGH,YES,JM1
HIGH,LOW,LOW,LOW,HIGH,MEDIUM,HIGH,LOW,YES,JM1
HIGH,LOW,LOW,LOW,HIGH,MEDIUM,HIGH,LOW,YES,JM1
HIGH,HIGH,HIGH,HIGH,HIGH,HIGH,HIGH,HIGH,YES,JM1
MEDIUM,MEDIUM,MEDIUM,MEDIUM,MEDIUM,HIGH,HIGH,MEDIUM,YES,JM1
HIGH,MEDIUM,MEDIUM,MEDIUM,HIGH,HIGH,HIGH,MEDIUM,YES,JM1
MEDIUM,MEDIUM,LOW,LOW,MEDIUM,MEDIUM,MEDIUM,MEDIUM,YES,JM1
HIGH,HIGH,HIGH,HIGH,HIGH,HIGH,HIGH,HIGH,YES,JM1
HIGH,LOW,LOW,LOW,HIGH,MEDIUM,HIGH,LOW,YES,JM1
LOW,LOW,LOW,LOW,LOW,LOW,LOW,LOW,YES,JM1
LOW,LOW,LOW,LOW,LOW,LOW,LOW,LOW,YES,JM1
LOW,LOW,LOW,LOW,LOW,LOW,LOW,LOW,YES,JM1
LOW,MEDIUM,MEDIUM,MEDIUM,MEDIUM,MEDIUM,MEDIUM,MEDIUM,YES,JM1
MEDIUM,MEDIUM,HIGH,MEDIUM,HIGH,MEDIUM,MEDIUM,MEDIUM,YES,JM1
HIGH,MEDIUM,LOW,HIGH,HIGH,MEDIUM,MEDIUM,MEDIUM,YES,JM1
HIGH,MEDIUM,LOW,HIGH,HIGH,MEDIUM,HIGH,MEDIUM,YES,JM1
LOW,LOW,LOW,MEDIUM,MEDIUM,MEDIUM,MEDIUM,LOW,YES,JM1
LOW,LOW,LOW,LOW,LOW,LOW,LOW,LOW,YES,JM1
MEDIUM,MEDIUM,LOW,MEDIUM,MEDIUM,MEDIUM,MEDIUM,MEDIUM,YES,JM1
LOW,LOW,LOW,LOW,LOW,LOW,LOW,LOW,YES,JM1
MEDIUM,MEDIUM,HIGH,HIGH,MEDIUM,MEDIUM,MEDIUM,MEDIUM,YES,JM1
HIGH,HIGH,HIGH,MEDIUM,HIGH,MEDIUM,HIGH,HIGH,YES,JM1
HIGH,LOW,LOW,LOW,MEDIUM,MEDIUM,MEDIUM,LOW,YES,JM1
MEDIUM,LOW,LOW,LOW,LOW,MEDIUM,MEDIUM,LOW,YES,JM1
MEDIUM,LOW,LOW,LOW,LOW,MEDIUM,MEDIUM,LOW,YES,JM1
LOW,LOW,LOW,LOW,LOW,LOW,LOW,LOW,YES,JM1
MEDIUM,MEDIUM,LOW,HIGH,MEDIUM,MEDIUM,MEDIUM,MEDIUM,YES,JM1
HIGH,MEDIUM,HIGH,HIGH,MEDIUM,MEDIUM,MEDIUM,MEDIUM,YES,JM1
MEDIUM,MEDIUM,HIGH,MEDIUM,MEDIUM,MEDIUM,MEDIUM,MEDIUM,YES,JM1
HIGH,HIGH,HIGH,MEDIUM,HIGH,HIGH,HIGH,HIGH,YES,JM1
LOW,LOW,LOW,LOW,MEDIUM,MEDIUM,MEDIUM,LOW,YES,JM1
LOW,LOW,LOW,LOW,LOW,LOW,LOW,LOW,YES,JM1
HIGH,HIGH,HIGH,HIGH,HIGH,HIGH,HIGH,HIGH,YES,JM1
HIGH,LOW,LOW,MEDIUM,MEDIUM,MEDIUM,MEDIUM,LOW,YES,JM1
HIGH,LOW,LOW,MEDIUM,MEDIUM,MEDIUM,MEDIUM,LOW,YES,JM1
MEDIUM,MEDIUM,LOW,LOW,MEDIUM,HIGH,HIGH,MEDIUM,YES,JM1
HIGH,MEDIUM,LOW,MEDIUM,HIGH,MEDIUM,HIGH,MEDIUM,YES,JM1
HIGH,HIGH,HIGH,MEDIUM,HIGH,HIGH,HIGH,HIGH,YES,JM1
MEDIUM,MEDIUM,HIGH,LOW,MEDIUM,HIGH,MEDIUM,MEDIUM,YES,JM1
HIGH,MEDIUM,LOW,MEDIUM,HIGH,HIGH,HIGH,MEDIUM,YES,JM1
HIGH,HIGH,HIGH,HIGH,LOW,LOW,LOW,HIGH,YES,JM1
HIGH,HIGH,HIGH,HIGH,HIGH,HIGH,HIGH,HIGH,YES,JM1
HIGH,MEDIUM,LOW,MEDIUM,LOW,LOW,LOW,MEDIUM,YES,JM1
MEDIUM,HIGH,HIGH,MEDIUM,HIGH,HIGH,HIGH,HIGH,YES,JM1
MEDIUM,LOW,LOW,MEDIUM,LOW,MEDIUM,LOW,LOW,YES,JM1
HIGH,LOW,LOW,LOW,HIGH,HIGH,HIGH,LOW,YES,JM1
HIGH,HIGH,HIGH,LOW,LOW,LOW,LOW,HIGH,YES,JM1
HIGH,HIGH,HIGH,HIGH,HIGH,HIGH,HIGH,HIGH,YES,JM1
MEDIUM,MEDIUM,MEDIUM,MEDIUM,MEDIUM,HIGH,MEDIUM,MEDIUM,YES,JM1
MEDIUM,MEDIUM,HIGH,LOW,LOW,LOW,LOW,MEDIUM,YES,JM1
HIGH,HIGH,HIGH,HIGH,HIGH,MEDIUM,HIGH,HIGH,YES,JM1
MEDIUM,HIGH,HIGH,LOW,MEDIUM,MEDIUM,MEDIUM,HIGH,YES,JM1
HIGH,HIGH,LOW,HIGH,HIGH,HIGH,HIGH,HIGH,YES,JM1
HIGH,HIGH,HIGH,HIGH,HIGH,HIGH,HIGH,HIGH,YES,JM1
MEDIUM,LOW,LOW,LOW,MEDIUM,LOW,MEDIUM,LOW,YES,JM1
MEDIUM,MEDIUM,LOW,MEDIUM,LOW,LOW,LOW,MEDIUM,YES,JM1
HIGH,HIGH,LOW,HIGH,HIGH,MEDIUM,MEDIUM,MEDIUM,YES,JM1
HIGH,HIGH,LOW,HIGH,HIGH,HIGH,HIGH,HIGH,YES,JM1
HIGH,HIGH,LOW,HIGH,HIGH,HIGH,HIGH,HIGH,YES,JM1
MEDIUM,MEDIUM,LOW,LOW,HIGH,HIGH,HIGH,MEDIUM,YES,JM1
HIGH,HIGH,LOW,LOW,HIGH,HIGH,HIGH,HIGH,YES,JM1
MEDIUM,LOW,LOW,LOW,MEDIUM,MEDIUM,MEDIUM,LOW,YES,JM1
HIGH,HIGH,HIGH,HIGH,LOW,LOW,LOW,HIGH,YES,JM1
HIGH,HIGH,HIGH,MEDIUM,LOW,LOW,LOW,HIGH,YES,JM1
HIGH,HIGH,HIGH,MEDIUM,HIGH,HIGH,HIGH,HIGH,YES,JM1
HIGH,MEDIUM,LOW,MEDIUM,HIGH,HIGH,HIGH,MEDIUM,YES,JM1
MEDIUM,LOW,LOW,LOW,HIGH,HIGH,HIGH,LOW,YES,JM1
HIGH,LOW,LOW,LOW,HIGH,MEDIUM,HIGH,LOW,YES,JM1
HIGH,LOW,LOW,LOW,HIGH,MEDIUM,HIGH,LOW,YES,JM1
HIGH,LOW,MEDIUM,MEDIUM,HIGH,HIGH,HIGH,LOW,YES,JM1
HIGH,HIGH,HIGH,HIGH,HIGH,HIGH,HIGH,HIGH,YES,JM1
MEDIUM,LOW,LOW,LOW,LOW,LOW,LOW,LOW,YES,JM1
HIGH,HIGH,LOW,MEDIUM,HIGH,HIGH,HIGH,HIGH,YES,JM1
MEDIUM,LOW,LOW,LOW,HIGH,HIGH,HIGH,LOW,YES,JM1
LOW,LOW,LOW,LOW,LOW,LOW,LOW,LOW,YES,JM1
LOW,MEDIUM,MEDIUM,HIGH,LOW,LOW,LOW,MEDIUM,YES,JM1
LOW,LOW,LOW,LOW,LOW,LOW,LOW,LOW,YES,JM1
HIGH,HIGH,MEDIUM,MEDIUM,MEDIUM,MEDIUM,MEDIUM,HIGH,YES,JM1
MEDIUM,HIGH,HIGH,HIGH,LOW,LOW,LOW,HIGH,YES,JM1
HIGH,MEDIUM,HIGH,MEDIUM,LOW,LOW,LOW,MEDIUM,YES,JM1
HIGH,HIGH,HIGH,HIGH,LOW,LOW,LOW,HIGH,YES,JM1
HIGH,HIGH,HIGH,HIGH,LOW,LOW,LOW,HIGH,YES,JM1
LOW,LOW,LOW,LOW,LOW,LOW,LOW,LOW,YES,JM1
MEDIUM,LOW,LOW,LOW,HIGH,MEDIUM,MEDIUM,LOW,YES,JM1
MEDIUM,LOW,LOW,LOW,MEDIUM,HIGH,HIGH,LOW,YES,JM1
HIGH,HIGH,HIGH,HIGH,HIGH,HIGH,HIGH,HIGH,YES,JM1
HIGH,LOW,LOW,LOW,MEDIUM,MEDIUM,MEDIUM,LOW,YES,JM1
HIGH,HIGH,HIGH,HIGH,HIGH,HIGH,HIGH,HIGH,YES,JM1
HIGH,HIGH,HIGH,HIGH,HIGH,HIGH,HIGH,HIGH,YES,JM1
LOW,LOW,LOW,LOW,LOW,LOW,LOW,LOW,YES,JM1
LOW,LOW,LOW,LOW,LOW,LOW,LOW,LOW,YES,JM1
HIGH,HIGH,HIGH,HIGH,LOW,LOW,LOW,HIGH,YES,JM1
HIGH,MEDIUM,LOW,HIGH,HIGH,HIGH,HIGH,MEDIUM,YES,JM1
MEDIUM,MEDIUM,LOW,LOW,LOW,LOW,LOW,MEDIUM,YES,JM1
MEDIUM,MEDIUM,LOW,LOW,LOW,LOW,LOW,MEDIUM,YES,JM1
MEDIUM,MEDIUM,LOW,LOW,LOW,LOW,LOW,MEDIUM,YES,JM1
HIGH,HIGH,LOW,LOW,LOW,LOW,LOW,HIGH,YES,JM1
HIGH,HIGH,HIGH,LOW,LOW,LOW,LOW,HIGH,YES,JM1
HIGH,HIGH,HIGH,HIGH,MEDIUM,HIGH,HIGH,HIGH,YES,JM1
HIGH,MEDIUM,LOW,LOW,LOW,LOW,LOW,MEDIUM,YES,JM1
MEDIUM,MEDIUM,LOW,LOW,LOW,LOW,LOW,MEDIUM,YES,JM1
HIGH,HIGH,LOW,LOW,LOW,LOW,LOW,HIGH,YES,JM1
HIGH,HIGH,LOW,LOW,LOW,LOW,LOW,HIGH,YES,JM1
HIGH,HIGH,HIGH,HIGH,HIGH,HIGH,HIGH,HIGH,YES,JM1
HIGH,HIGH,HIGH,MEDIUM,HIGH,HIGH,HIGH,HIGH,YES,JM1
HIGH,HIGH,LOW,HIGH,HIGH,HIGH,HIGH,HIGH,YES,JM1
HIGH,MEDIUM,LOW,HIGH,HIGH,HIGH,HIGH,MEDIUM,YES,JM1
MEDIUM,LOW,LOW,LOW,MEDIUM,MEDIUM,MEDIUM,LOW,YES,JM1
MEDIUM,LOW,LOW,LOW,MEDIUM,MEDIUM,MEDIUM,LOW,YES,JM1
HIGH,HIGH,HIGH,HIGH,HIGH,HIGH,HIGH,HIGH,YES,JM1
HIGH,HIGH,LOW,LOW,HIGH,HIGH,HIGH,MEDIUM,YES,JM1
MEDIUM,MEDIUM,LOW,MEDIUM,MEDIUM,MEDIUM,MEDIUM,LOW,YES,JM1
MEDIUM,LOW,LOW,LOW,HIGH,MEDIUM,MEDIUM,LOW,YES,JM1
LOW,LOW,LOW,LOW,LOW,LOW,LOW,LOW,YES,JM1
HIGH,HIGH,HIGH,HIGH,HIGH,HIGH,HIGH,HIGH,YES,JM1
LOW,LOW,LOW,MEDIUM,MEDIUM,MEDIUM,MEDIUM,LOW,YES,JM1
HIGH,MEDIUM,LOW,LOW,MEDIUM,LOW,MEDIUM,MEDIUM,YES,JM1
HIGH,HIGH,HIGH,HIGH,HIGH,MEDIUM,HIGH,HIGH,YES,JM1
LOW,LOW,LOW,LOW,LOW,LOW,LOW,LOW,YES,JM1
HIGH,HIGH,LOW,HIGH,HIGH,HIGH,HIGH,HIGH,YES,JM1
HIGH,MEDIUM,LOW,LOW,LOW,LOW,LOW,MEDIUM,YES,JM1
MEDIUM,LOW,LOW,LOW,MEDIUM,MEDIUM,MEDIUM,LOW,YES,JM1
MEDIUM,LOW,LOW,LOW,LOW,LOW,LOW,LOW,YES,JM1
MEDIUM,HIGH,LOW,MEDIUM,HIGH,HIGH,HIGH,HIGH,YES,JM1
MEDIUM,HIGH,HIGH,LOW,LOW,LOW,LOW,HIGH,YES,JM1
MEDIUM,LOW,LOW,LOW,MEDIUM,MEDIUM,MEDIUM,LOW,YES,JM1
HIGH,HIGH,HIGH,HIGH,LOW,LOW,LOW,HIGH,YES,JM1
MEDIUM,LOW,LOW,LOW,HIGH,HIGH,HIGH,LOW,YES,JM1
HIGH,HIGH,HIGH,HIGH,LOW,LOW,LOW,HIGH,YES,JM1
HIGH,HIGH,HIGH,HIGH,LOW,LOW,LOW,HIGH,YES,JM1
HIGH,HIGH,HIGH,HIGH,LOW,LOW,LOW,HIGH,YES,JM1
HIGH,HIGH,HIGH,HIGH,LOW,LOW,LOW,HIGH,YES,JM1
HIGH,HIGH,HIGH,MEDIUM,HIGH,HIGH,HIGH,HIGH,YES,JM1
HIGH,HIGH,HIGH,HIGH,LOW,LOW,LOW,HIGH,YES,JM1
HIGH,HIGH,LOW,HIGH,LOW,LOW,LOW,HIGH,YES,JM1
HIGH,MEDIUM,LOW,MEDIUM,LOW,LOW,LOW,MEDIUM,YES,JM1
HIGH,HIGH,HIGH,HIGH,LOW,LOW,LOW,HIGH,YES,JM1
HIGH,HIGH,HIGH,HIGH,HIGH,HIGH,HIGH,HIGH,YES,JM1
MEDIUM,MEDIUM,LOW,LOW,LOW,LOW,LOW,MEDIUM,YES,JM1
HIGH,HIGH,HIGH,LOW,LOW,LOW,LOW,HIGH,YES,JM1
LOW,LOW,LOW,MEDIUM,LOW,LOW,LOW,LOW,YES,JM1
HIGH,HIGH,HIGH,HIGH,HIGH,HIGH,HIGH,HIGH,YES,JM1
HIGH,MEDIUM,LOW,LOW,MEDIUM,HIGH,MEDIUM,MEDIUM,YES,JM1
HIGH,MEDIUM,HIGH,MEDIUM,MEDIUM,HIGH,MEDIUM,MEDIUM,YES,JM1
MEDIUM,LOW,LOW,MEDIUM,HIGH,MEDIUM,MEDIUM,LOW,YES,JM1
MEDIUM,LOW,LOW,MEDIUM,HIGH,MEDIUM,MEDIUM,LOW,YES,JM1
HIGH,MEDIUM,MEDIUM,LOW,HIGH,MEDIUM,HIGH,MEDIUM,YES,JM1
LOW,LOW,LOW,LOW,LOW,LOW,LOW,LOW,YES,JM1
MEDIUM,HIGH,HIGH,LOW,HIGH,HIGH,HIGH,HIGH,YES,JM1
LOW,LOW,LOW,LOW,LOW,LOW,LOW,LOW,YES,JM1
LOW,LOW,LOW,LOW,LOW,LOW,LOW,LOW,YES,JM1
LOW,LOW,LOW,LOW,MEDIUM,LOW,LOW,LOW,YES,JM1
HIGH,HIGH,HIGH,HIGH,HIGH,HIGH,HIGH,HIGH,YES,JM1
HIGH,HIGH,HIGH,HIGH,LOW,LOW,LOW,HIGH,YES,JM1
HIGH,HIGH,HIGH,MEDIUM,LOW,LOW,LOW,HIGH,YES,JM1
MEDIUM,MEDIUM,HIGH,MEDIUM,LOW,LOW,LOW,MEDIUM,YES,JM1
MEDIUM,LOW,LOW,LOW,LOW,LOW,LOW,LOW,YES,JM1
MEDIUM,MEDIUM,HIGH,HIGH,HIGH,MEDIUM,HIGH,MEDIUM,YES,JM1
HIGH,MEDIUM,HIGH,LOW,HIGH,HIGH,HIGH,MEDIUM,YES,JM1
LOW,LOW,LOW,LOW,LOW,LOW,LOW,LOW,YES,JM1
HIGH,MEDIUM,LOW,MEDIUM,HIGH,HIGH,HIGH,MEDIUM,YES,JM1
LOW,LOW,LOW,LOW,LOW,LOW,LOW,LOW,YES,JM1
HIGH,HIGH,HIGH,HIGH,HIGH,HIGH,HIGH,HIGH,YES,JM1
MEDIUM,LOW,LOW,LOW,MEDIUM,MEDIUM,MEDIUM,LOW,YES,JM1
HIGH,HIGH,HIGH,LOW,LOW,LOW,LOW,HIGH,YES,JM1
HIGH,HIGH,MEDIUM,HIGH,HIGH,HIGH,HIGH,HIGH,YES,JM1
LOW,LOW,LOW,LOW,LOW,LOW,LOW,LOW,YES,JM1
HIGH,HIGH,LOW,HIGH,HIGH,MEDIUM,HIGH,HIGH,YES,JM1
HIGH,HIGH,HIGH,HIGH,HIGH,HIGH,HIGH,HIGH,YES,JM1
HIGH,HIGH,HIGH,HIGH,HIGH,HIGH,HIGH,HIGH,YES,JM1
HIGH,HIGH,LOW,HIGH,HIGH,MEDIUM,HIGH,HIGH,YES,JM1
HIGH,HIGH,LOW,HIGH,HIGH,HIGH,HIGH,HIGH,YES,JM1
LOW,LOW,LOW,LOW,LOW,LOW,LOW,LOW,YES,JM1
HIGH,HIGH,LOW,HIGH,HIGH,HIGH,HIGH,HIGH,YES,JM1
HIGH,HIGH,HIGH,HIGH,LOW,LOW,LOW,HIGH,YES,JM1
HIGH,HIGH,LOW,HIGH,HIGH,HIGH,HIGH,HIGH,YES,JM1
MEDIUM,LOW,LOW,MEDIUM,MEDIUM,LOW,MEDIUM,LOW,YES,JM1
HIGH,MEDIUM,LOW,MEDIUM,LOW,LOW,LOW,MEDIUM,YES,JM1
HIGH,HIGH,HIGH,HIGH,HIGH,MEDIUM,HIGH,HIGH,YES,JM1
MEDIUM,LOW,LOW,LOW,MEDIUM,HIGH,MEDIUM,LOW,YES,JM1
HIGH,HIGH,HIGH,MEDIUM,HIGH,HIGH,HIGH,HIGH,YES,JM1
LOW,LOW,LOW,MEDIUM,LOW,MEDIUM,MEDIUM,LOW,YES,JM1
LOW,LOW,LOW,LOW,LOW,LOW,LOW,LOW,YES,JM1
HIGH,HIGH,HIGH,HIGH,HIGH,HIGH,HIGH,HIGH,YES,JM1
HIGH,HIGH,LOW,HIGH,HIGH,HIGH,HIGH,HIGH,YES,JM1
HIGH,HIGH,LOW,HIGH,HIGH,HIGH,HIGH,HIGH,YES,JM1
HIGH,MEDIUM,LOW,HIGH,HIGH,HIGH,HIGH,MEDIUM,YES,JM1
HIGH,MEDIUM,LOW,LOW,HIGH,MEDIUM,MEDIUM,MEDIUM,YES,JM1
MEDIUM,HIGH,HIGH,HIGH,HIGH,MEDIUM,HIGH,HIGH,YES,JM1
HIGH,MEDIUM,LOW,HIGH,HIGH,MEDIUM,MEDIUM,MEDIUM,YES,JM1
HIGH,MEDIUM,LOW,MEDIUM,HIGH,HIGH,HIGH,MEDIUM,YES,JM1
MEDIUM,MEDIUM,MEDIUM,LOW,MEDIUM,LOW,MEDIUM,MEDIUM,YES,JM1
HIGH,HIGH,HIGH,HIGH,HIGH,HIGH,HIGH,HIGH,YES,JM1
HIGH,MEDIUM,HIGH,MEDIUM,MEDIUM,MEDIUM,MEDIUM,MEDIUM,YES,JM1
HIGH,LOW,LOW,LOW,HIGH,HIGH,HIGH,LOW,YES,JM1
MEDIUM,MEDIUM,LOW,HIGH,MEDIUM,MEDIUM,MEDIUM,MEDIUM,YES,JM1
LOW,MEDIUM,HIGH,HIGH,LOW,LOW,LOW,MEDIUM,YES,JM1
LOW,MEDIUM,LOW,LOW,MEDIUM,LOW,MEDIUM,MEDIUM,YES,JM1
HIGH,LOW,LOW,MEDIUM,HIGH,HIGH,HIGH,LOW,YES,JM1
MEDIUM,MEDIUM,MEDIUM,MEDIUM,HIGH,HIGH,HIGH,MEDIUM,YES,JM1
HIGH,HIGH,HIGH,HIGH,HIGH,HIGH,HIGH,HIGH,YES,JM1
LOW,LOW,LOW,LOW,LOW,LOW,LOW,LOW,YES,JM1
LOW,LOW,LOW,LOW,LOW,MEDIUM,LOW,LOW,YES,JM1
MEDIUM,LOW,LOW,LOW,LOW,LOW,LOW,LOW,YES,JM1
MEDIUM,LOW,LOW,LOW,MEDIUM,LOW,LOW,LOW,YES,JM1
HIGH,HIGH,LOW,MEDIUM,HIGH,HIGH,HIGH,HIGH,YES,JM1
HIGH,HIGH,HIGH,HIGH,HIGH,HIGH,HIGH,HIGH,YES,JM1
LOW,LOW,LOW,LOW,LOW,LOW,LOW,LOW,YES,JM1
LOW,LOW,LOW,LOW,LOW,LOW,LOW,LOW,YES,JM1
MEDIUM,LOW,LOW,MEDIUM,HIGH,MEDIUM,HIGH,LOW,YES,JM1
MEDIUM,LOW,LOW,LOW,LOW,LOW,LOW,LOW,YES,JM1
LOW,LOW,LOW,LOW,LOW,LOW,LOW,LOW,YES,JM1
MEDIUM,LOW,LOW,LOW,MEDIUM,MEDIUM,MEDIUM,LOW,YES,JM1
LOW,LOW,LOW,LOW,LOW,MEDIUM,LOW,LOW,YES,JM1
MEDIUM,MEDIUM,HIGH,LOW,MEDIUM,MEDIUM,MEDIUM,MEDIUM,YES,JM1
LOW,LOW,LOW,LOW,LOW,LOW,LOW,LOW,YES,JM1
HIGH,MEDIUM,LOW,LOW,HIGH,HIGH,HIGH,MEDIUM,YES,JM1
LOW,LOW,LOW,LOW,LOW,MEDIUM,LOW,LOW,YES,JM1
LOW,LOW,LOW,LOW,LOW,LOW,LOW,LOW,YES,JM1
MEDIUM,LOW,LOW,MEDIUM,HIGH,MEDIUM,HIGH,LOW,YES,JM1
MEDIUM,LOW,LOW,LOW,MEDIUM,MEDIUM,MEDIUM,LOW,YES,JM1
MEDIUM,MEDIUM,MEDIUM,MEDIUM,MEDIUM,MEDIUM,MEDIUM,MEDIUM,YES,JM1
LOW,LOW,LOW,LOW,LOW,MEDIUM,LOW,LOW,YES,JM1
HIGH,MEDIUM,HIGH,MEDIUM,HIGH,HIGH,HIGH,MEDIUM,YES,JM1
MEDIUM,LOW,LOW,MEDIUM,HIGH,MEDIUM,HIGH,LOW,YES,JM1
MEDIUM,LOW,LOW,LOW,HIGH,MEDIUM,MEDIUM,LOW,YES,JM1
MEDIUM,LOW,LOW,LOW,MEDIUM,MEDIUM,MEDIUM,LOW,YES,JM1
MEDIUM,LOW,LOW,LOW,LOW,MEDIUM,LOW,LOW,YES,JM1
LOW,LOW,LOW,LOW,MEDIUM,MEDIUM,MEDIUM,LOW,YES,JM1
LOW,LOW,LOW,LOW,MEDIUM,MEDIUM,MEDIUM,LOW,YES,JM1
MEDIUM,LOW,LOW,MEDIUM,HIGH,MEDIUM,HIGH,LOW,YES,JM1
LOW,LOW,LOW,LOW,LOW,LOW,LOW,LOW,YES,JM1
LOW,LOW,LOW,LOW,LOW,LOW,LOW,LOW,YES,JM1
LOW,LOW,LOW,LOW,LOW,LOW,LOW,LOW,YES,JM1
LOW,LOW,LOW,LOW,LOW,LOW,LOW,LOW,YES,JM1
MEDIUM,LOW,LOW,MEDIUM,LOW,LOW,LOW,LOW,YES,JM1
HIGH,HIGH,HIGH,HIGH,HIGH,HIGH,HIGH,HIGH,YES,JM1
HIGH,MEDIUM,MEDIUM,MEDIUM,HIGH,HIGH,HIGH,MEDIUM,YES,JM1
HIGH,HIGH,LOW,LOW,HIGH,HIGH,HIGH,HIGH,YES,JM1
LOW,LOW,LOW,LOW,LOW,LOW,LOW,LOW,YES,JM1
HIGH,LOW,LOW,LOW,HIGH,HIGH,HIGH,LOW,YES,JM1
MEDIUM,LOW,LOW,LOW,MEDIUM,LOW,MEDIUM,LOW,YES,JM1
LOW,LOW,LOW,LOW,MEDIUM,LOW,MEDIUM,LOW,YES,JM1
LOW,LOW,MEDIUM,LOW,LOW,LOW,LOW,LOW,YES,JM1
LOW,LOW,LOW,LOW,LOW,MEDIUM,MEDIUM,LOW,YES,JM1
LOW,LOW,LOW,LOW,LOW,LOW,LOW,LOW,YES,JM1
HIGH,MEDIUM,LOW,HIGH,HIGH,HIGH,HIGH,MEDIUM,YES,JM1
LOW,LOW,LOW,LOW,LOW,LOW,LOW,LOW,YES,JM1
HIGH,MEDIUM,LOW,MEDIUM,HIGH,MEDIUM,HIGH,MEDIUM,YES,JM1
HIGH,HIGH,MEDIUM,HIGH,HIGH,HIGH,HIGH,HIGH,YES,JM1
HIGH,MEDIUM,LOW,HIGH,HIGH,HIGH,HIGH,MEDIUM,YES,JM1
LOW,LOW,LOW,LOW,LOW,LOW,LOW,LOW,YES,JM1
HIGH,HIGH,HIGH,HIGH,HIGH,MEDIUM,HIGH,HIGH,YES,JM1
HIGH,HIGH,LOW,HIGH,HIGH,HIGH,HIGH,HIGH,YES,JM1
MEDIUM,LOW,LOW,LOW,LOW,LOW,LOW,LOW,YES,JM1
LOW,LOW,LOW,LOW,LOW,LOW,LOW,LOW,YES,JM1
MEDIUM,LOW,LOW,LOW,MEDIUM,LOW,LOW,LOW,YES,JM1
LOW,LOW,LOW,LOW,LOW,LOW,LOW,LOW,YES,JM1
MEDIUM,LOW,LOW,MEDIUM,HIGH,HIGH,HIGH,LOW,YES,JM1
HIGH,HIGH,HIGH,HIGH,HIGH,HIGH,HIGH,HIGH,YES,JM1
MEDIUM,LOW,LOW,MEDIUM,MEDIUM,MEDIUM,MEDIUM,LOW,YES,JM1
LOW,LOW,LOW,MEDIUM,LOW,MEDIUM,LOW,LOW,YES,JM1
LOW,LOW,LOW,MEDIUM,MEDIUM,MEDIUM,MEDIUM,LOW,YES,JM1
LOW,LOW,LOW,LOW,LOW,LOW,LOW,LOW,YES,JM1
MEDIUM,LOW,MEDIUM,LOW,MEDIUM,MEDIUM,MEDIUM,LOW,YES,JM1
LOW,LOW,LOW,LOW,LOW,LOW,LOW,LOW,YES,JM1
LOW,LOW,LOW,LOW,LOW,LOW,LOW,LOW,YES,JM1
MEDIUM,LOW,LOW,LOW,MEDIUM,MEDIUM,MEDIUM,LOW,YES,JM1
LOW,LOW,LOW,MEDIUM,MEDIUM,HIGH,HIGH,LOW,YES,JM1
HIGH,MEDIUM,LOW,MEDIUM,MEDIUM,MEDIUM,MEDIUM,MEDIUM,YES,JM1
HIGH,HIGH,HIGH,HIGH,HIGH,HIGH,HIGH,HIGH,YES,JM1
HIGH,LOW,LOW,LOW,HIGH,HIGH,HIGH,LOW,YES,JM1
LOW,LOW,LOW,LOW,LOW,LOW,LOW,LOW,YES,JM1
MEDIUM,LOW,LOW,MEDIUM,MEDIUM,LOW,MEDIUM,LOW,YES,JM1
MEDIUM,LOW,LOW,MEDIUM,MEDIUM,MEDIUM,MEDIUM,LOW,YES,JM1
HIGH,HIGH,LOW,HIGH,HIGH,HIGH,HIGH,HIGH,YES,JM1
MEDIUM,LOW,LOW,LOW,MEDIUM,MEDIUM,MEDIUM,LOW,YES,JM1
MEDIUM,MEDIUM,LOW,LOW,HIGH,HIGH,HIGH,MEDIUM,YES,JM1
HIGH,MEDIUM,MEDIUM,MEDIUM,LOW,LOW,LOW,MEDIUM,YES,JM1
MEDIUM,LOW,LOW,LOW,LOW,LOW,LOW,LOW,YES,JM1
HIGH,HIGH,HIGH,HIGH,HIGH,HIGH,HIGH,HIGH,YES,JM1
HIGH,HIGH,HIGH,HIGH,LOW,LOW,LOW,HIGH,YES,JM1
HIGH,HIGH,HIGH,HIGH,MEDIUM,MEDIUM,MEDIUM,HIGH,YES,JM1
LOW,LOW,LOW,LOW,MEDIUM,LOW,LOW,LOW,YES,JM1
MEDIUM,MEDIUM,LOW,MEDIUM,MEDIUM,MEDIUM,MEDIUM,MEDIUM,YES,JM1
HIGH,HIGH,HIGH,HIGH,LOW,LOW,LOW,HIGH,YES,JM1
HIGH,LOW,LOW,LOW,MEDIUM,MEDIUM,MEDIUM,LOW,YES,JM1
HIGH,LOW,LOW,LOW,MEDIUM,MEDIUM,MEDIUM,LOW,YES,JM1
HIGH,LOW,LOW,LOW,MEDIUM,MEDIUM,MEDIUM,LOW,YES,JM1
MEDIUM,MEDIUM,LOW,HIGH,HIGH,HIGH,HIGH,MEDIUM,YES,JM1
HIGH,HIGH,HIGH,MEDIUM,HIGH,HIGH,HIGH,HIGH,YES,JM1
LOW,LOW,LOW,LOW,LOW,LOW,LOW,LOW,YES,JM1
LOW,LOW,LOW,LOW,LOW,LOW,LOW,LOW,YES,JM1
MEDIUM,MEDIUM,LOW,MEDIUM,MEDIUM,LOW,LOW,MEDIUM,YES,JM1
MEDIUM,MEDIUM,LOW,MEDIUM,LOW,MEDIUM,LOW,MEDIUM,YES,JM1
LOW,LOW,LOW,LOW,LOW,LOW,LOW,LOW,YES,JM1
MEDIUM,MEDIUM,LOW,MEDIUM,MEDIUM,MEDIUM,MEDIUM,MEDIUM,YES,JM1
HIGH,MEDIUM,LOW,MEDIUM,HIGH,MEDIUM,HIGH,MEDIUM,YES,JM1
MEDIUM,HIGH,LOW,HIGH,MEDIUM,MEDIUM,MEDIUM,HIGH,YES,JM1
MEDIUM,LOW,LOW,LOW,MEDIUM,HIGH,HIGH,LOW,YES,JM1
HIGH,HIGH,HIGH,MEDIUM,HIGH,HIGH,HIGH,HIGH,YES,JM1
MEDIUM,MEDIUM,LOW,MEDIUM,MEDIUM,LOW,MEDIUM,MEDIUM,YES,JM1
MEDIUM,LOW,LOW,MEDIUM,MEDIUM,MEDIUM,MEDIUM,LOW,YES,JM1
HIGH,HIGH,HIGH,HIGH,HIGH,HIGH,HIGH,HIGH,YES,JM1
HIGH,HIGH,LOW,HIGH,HIGH,HIGH,HIGH,HIGH,YES,JM1
HIGH,HIGH,LOW,LOW,HIGH,HIGH,HIGH,HIGH,YES,JM1
HIGH,HIGH,HIGH,HIGH,HIGH,HIGH,HIGH,HIGH,YES,JM1
HIGH,HIGH,HIGH,MEDIUM,HIGH,HIGH,HIGH,HIGH,YES,JM1
HIGH,HIGH,HIGH,HIGH,HIGH,HIGH,HIGH,HIGH,YES,JM1
HIGH,HIGH,HIGH,HIGH,HIGH,HIGH,HIGH,HIGH,YES,JM1
HIGH,HIGH,HIGH,HIGH,HIGH,HIGH,HIGH,HIGH,YES,JM1
HIGH,HIGH,HIGH,HIGH,LOW,LOW,LOW,HIGH,YES,JM1
HIGH,HIGH,HIGH,HIGH,HIGH,HIGH,HIGH,HIGH,YES,JM1
HIGH,HIGH,HIGH,HIGH,HIGH,HIGH,HIGH,HIGH,YES,JM1
HIGH,HIGH,HIGH,HIGH,HIGH,HIGH,HIGH,HIGH,YES,JM1
LOW,LOW,LOW,LOW,LOW,LOW,LOW,LOW,YES,JM1
LOW,LOW,LOW,LOW,MEDIUM,LOW,LOW,LOW,YES,JM1
HIGH,HIGH,HIGH,HIGH,HIGH,HIGH,HIGH,HIGH,YES,JM1
HIGH,HIGH,HIGH,HIGH,HIGH,HIGH,HIGH,HIGH,YES,JM1
HIGH,LOW,LOW,MEDIUM,MEDIUM,MEDIUM,MEDIUM,LOW,YES,JM1
HIGH,MEDIUM,LOW,HIGH,HIGH,MEDIUM,HIGH,MEDIUM,YES,JM1
HIGH,LOW,LOW,LOW,LOW,LOW,LOW,LOW,YES,JM1
HIGH,MEDIUM,LOW,MEDIUM,HIGH,HIGH,HIGH,MEDIUM,YES,JM1
HIGH,HIGH,HIGH,HIGH,LOW,LOW,LOW,HIGH,YES,JM1
HIGH,HIGH,HIGH,HIGH,HIGH,HIGH,HIGH,HIGH,YES,JM1
HIGH,HIGH,HIGH,HIGH,LOW,LOW,LOW,HIGH,YES,JM1
HIGH,HIGH,HIGH,HIGH,HIGH,HIGH,HIGH,HIGH,YES,JM1
HIGH,HIGH,MEDIUM,HIGH,HIGH,HIGH,HIGH,HIGH,YES,JM1
HIGH,HIGH,LOW,HIGH,HIGH,MEDIUM,HIGH,HIGH,YES,JM1
HIGH,MEDIUM,LOW,MEDIUM,HIGH,HIGH,HIGH,MEDIUM,YES,JM1
HIGH,MEDIUM,LOW,MEDIUM,HIGH,HIGH,HIGH,MEDIUM,YES,JM1
HIGH,HIGH,LOW,HIGH,HIGH,HIGH,HIGH,HIGH,YES,JM1
LOW,MEDIUM,LOW,LOW,MEDIUM,LOW,MEDIUM,MEDIUM,YES,JM1
HIGH,HIGH,HIGH,HIGH,LOW,LOW,LOW,HIGH,YES,JM1
MEDIUM,LOW,LOW,LOW,MEDIUM,LOW,MEDIUM,LOW,YES,JM1
MEDIUM,MEDIUM,HIGH,HIGH,MEDIUM,MEDIUM,MEDIUM,MEDIUM,YES,JM1
LOW,MEDIUM,HIGH,LOW,LOW,MEDIUM,LOW,MEDIUM,YES,JM1
MEDIUM,LOW,LOW,MEDIUM,MEDIUM,MEDIUM,MEDIUM,LOW,YES,JM1
HIGH,HIGH,HIGH,HIGH,HIGH,HIGH,HIGH,HIGH,YES,JM1
HIGH,HIGH,HIGH,HIGH,LOW,LOW,LOW,HIGH,YES,JM1
HIGH,LOW,LOW,MEDIUM,HIGH,HIGH,HIGH,LOW,YES,JM1
HIGH,HIGH,MEDIUM,MEDIUM,HIGH,HIGH,HIGH,HIGH,YES,JM1
HIGH,HIGH,HIGH,MEDIUM,LOW,LOW,LOW,HIGH,YES,JM1
HIGH,HIGH,HIGH,HIGH,LOW,LOW,LOW,HIGH,YES,JM1
HIGH,HIGH,HIGH,HIGH,HIGH,HIGH,HIGH,HIGH,YES,JM1
MEDIUM,MEDIUM,MEDIUM,MEDIUM,HIGH,HIGH,HIGH,MEDIUM,YES,JM1
HIGH,MEDIUM,LOW,LOW,MEDIUM,MEDIUM,MEDIUM,MEDIUM,YES,JM1
MEDIUM,HIGH,HIGH,MEDIUM,MEDIUM,MEDIUM,MEDIUM,HIGH,YES,JM1
HIGH,HIGH,HIGH,HIGH,HIGH,HIGH,HIGH,HIGH,YES,JM1
MEDIUM,LOW,LOW,LOW,MEDIUM,MEDIUM,MEDIUM,LOW,YES,JM1
HIGH,MEDIUM,LOW,MEDIUM,MEDIUM,HIGH,HIGH,MEDIUM,YES,JM1
HIGH,HIGH,HIGH,HIGH,LOW,LOW,LOW,HIGH,YES,JM1
HIGH,HIGH,HIGH,MEDIUM,HIGH,HIGH,HIGH,HIGH,YES,JM1
HIGH,HIGH,LOW,HIGH,LOW,LOW,LOW,HIGH,YES,JM1
HIGH,HIGH,HIGH,HIGH,HIGH,HIGH,HIGH,HIGH,YES,JM1
HIGH,HIGH,HIGH,HIGH,HIGH,MEDIUM,HIGH,HIGH,YES,JM1
MEDIUM,HIGH,HIGH,HIGH,HIGH,HIGH,HIGH,HIGH,YES,JM1
HIGH,HIGH,HIGH,HIGH,HIGH,HIGH,HIGH,HIGH,YES,JM1
HIGH,MEDIUM,HIGH,MEDIUM,HIGH,MEDIUM,MEDIUM,MEDIUM,YES,JM1
HIGH,HIGH,LOW,HIGH,LOW,LOW,LOW,HIGH,YES,JM1
HIGH,LOW,LOW,MEDIUM,MEDIUM,MEDIUM,MEDIUM,LOW,YES,JM1
HIGH,HIGH,HIGH,HIGH,HIGH,HIGH,HIGH,HIGH,YES,JM1
HIGH,LOW,LOW,MEDIUM,HIGH,HIGH,HIGH,LOW,YES,JM1
MEDIUM,LOW,LOW,MEDIUM,MEDIUM,MEDIUM,MEDIUM,LOW,YES,JM1
HIGH,HIGH,LOW,HIGH,HIGH,HIGH,HIGH,HIGH,YES,JM1
LOW,LOW,LOW,LOW,LOW,LOW,LOW,LOW,YES,JM1
HIGH,HIGH,HIGH,HIGH,HIGH,HIGH,HIGH,HIGH,YES,JM1
MEDIUM,MEDIUM,HIGH,LOW,LOW,LOW,LOW,MEDIUM,YES,JM1
HIGH,LOW,LOW,MEDIUM,HIGH,MEDIUM,HIGH,LOW,YES,JM1
HIGH,HIGH,HIGH,HIGH,LOW,LOW,LOW,HIGH,YES,JM1
HIGH,MEDIUM,HIGH,HIGH,HIGH,HIGH,HIGH,MEDIUM,YES,JM1
HIGH,HIGH,MEDIUM,HIGH,HIGH,HIGH,HIGH,HIGH,YES,JM1
HIGH,LOW,LOW,LOW,HIGH,HIGH,HIGH,LOW,YES,JM1
HIGH,LOW,LOW,LOW,HIGH,LOW,MEDIUM,LOW,YES,JM1
HIGH,HIGH,LOW,MEDIUM,HIGH,HIGH,HIGH,HIGH,YES,JM1
HIGH,MEDIUM,LOW,MEDIUM,HIGH,MEDIUM,HIGH,MEDIUM,YES,JM1
HIGH,HIGH,LOW,MEDIUM,HIGH,HIGH,HIGH,HIGH,YES,JM1
HIGH,MEDIUM,LOW,HIGH,MEDIUM,MEDIUM,MEDIUM,MEDIUM,YES,JM1
HIGH,LOW,LOW,MEDIUM,HIGH,HIGH,HIGH,LOW,YES,JM1
HIGH,MEDIUM,LOW,MEDIUM,HIGH,MEDIUM,HIGH,MEDIUM,YES,JM1
HIGH,MEDIUM,HIGH,LOW,HIGH,HIGH,HIGH,MEDIUM,YES,JM1
HIGH,HIGH,HIGH,HIGH,HIGH,HIGH,HIGH,HIGH,YES,JM1
HIGH,LOW,LOW,LOW,HIGH,HIGH,HIGH,LOW,YES,JM1
HIGH,MEDIUM,LOW,MEDIUM,HIGH,MEDIUM,HIGH,MEDIUM,YES,JM1
HIGH,HIGH,HIGH,HIGH,HIGH,MEDIUM,HIGH,HIGH,YES,JM1
HIGH,HIGH,HIGH,HIGH,HIGH,HIGH,HIGH,HIGH,YES,JM1
HIGH,MEDIUM,LOW,MEDIUM,HIGH,HIGH,HIGH,MEDIUM,YES,JM1
HIGH,MEDIUM,LOW,MEDIUM,HIGH,HIGH,HIGH,MEDIUM,YES,JM1
MEDIUM,LOW,LOW,LOW,HIGH,HIGH,HIGH,LOW,YES,JM1
MEDIUM,LOW,LOW,LOW,HIGH,MEDIUM,HIGH,LOW,YES,JM1
HIGH,MEDIUM,HIGH,MEDIUM,LOW,LOW,LOW,MEDIUM,YES,JM1
HIGH,HIGH,HIGH,HIGH,HIGH,HIGH,HIGH,HIGH,YES,JM1
HIGH,HIGH,MEDIUM,HIGH,HIGH,MEDIUM,HIGH,HIGH,YES,JM1
HIGH,HIGH,HIGH,HIGH,HIGH,HIGH,HIGH,HIGH,YES,JM1
HIGH,HIGH,LOW,HIGH,HIGH,HIGH,HIGH,HIGH,YES,JM1
HIGH,LOW,LOW,MEDIUM,LOW,LOW,LOW,LOW,YES,JM1
HIGH,MEDIUM,MEDIUM,LOW,HIGH,HIGH,HIGH,MEDIUM,YES,JM1
HIGH,LOW,LOW,MEDIUM,HIGH,MEDIUM,HIGH,LOW,YES,JM1
MEDIUM,MEDIUM,LOW,MEDIUM,HIGH,MEDIUM,HIGH,MEDIUM,YES,JM1
MEDIUM,LOW,LOW,LOW,LOW,LOW,LOW,LOW,YES,JM1
HIGH,HIGH,HIGH,HIGH,HIGH,HIGH,HIGH,HIGH,YES,JM1
HIGH,HIGH,HIGH,HIGH,HIGH,HIGH,HIGH,HIGH,YES,JM1
HIGH,HIGH,HIGH,HIGH,HIGH,HIGH,HIGH,HIGH,YES,JM1
HIGH,HIGH,HIGH,HIGH,HIGH,HIGH,HIGH,HIGH,YES,JM1
HIGH,HIGH,HIGH,HIGH,HIGH,HIGH,HIGH,HIGH,YES,JM1
HIGH,HIGH,HIGH,HIGH,LOW,LOW,LOW,HIGH,YES,JM1
HIGH,MEDIUM,LOW,MEDIUM,MEDIUM,MEDIUM,MEDIUM,MEDIUM,YES,JM1
HIGH,MEDIUM,LOW,HIGH,HIGH,HIGH,HIGH,MEDIUM,YES,JM1
HIGH,LOW,LOW,LOW,HIGH,MEDIUM,HIGH,LOW,YES,JM1
HIGH,HIGH,HIGH,HIGH,HIGH,HIGH,HIGH,HIGH,YES,JM1
HIGH,HIGH,MEDIUM,HIGH,HIGH,HIGH,HIGH,HIGH,YES,JM1
HIGH,HIGH,HIGH,HIGH,HIGH,HIGH,HIGH,HIGH,YES,JM1
MEDIUM,LOW,MEDIUM,MEDIUM,MEDIUM,MEDIUM,MEDIUM,LOW,YES,JM1
HIGH,HIGH,HIGH,MEDIUM,LOW,LOW,LOW,HIGH,YES,JM1
HIGH,HIGH,HIGH,HIGH,HIGH,HIGH,HIGH,HIGH,YES,JM1
HIGH,HIGH,HIGH,HIGH,HIGH,HIGH,HIGH,HIGH,YES,JM1
MEDIUM,LOW,LOW,LOW,LOW,LOW,LOW,LOW,YES,JM1
HIGH,HIGH,HIGH,HIGH,HIGH,HIGH,HIGH,HIGH,YES,JM1
HIGH,LOW,LOW,LOW,MEDIUM,HIGH,HIGH,LOW,YES,JM1
HIGH,HIGH,HIGH,HIGH,HIGH,HIGH,HIGH,HIGH,YES,JM1
HIGH,HIGH,LOW,HIGH,HIGH,HIGH,HIGH,HIGH,YES,JM1
HIGH,HIGH,HIGH,HIGH,HIGH,HIGH,HIGH,HIGH,YES,JM1
LOW,HIGH,HIGH,HIGH,HIGH,HIGH,HIGH,HIGH,YES,JM1
HIGH,HIGH,HIGH,HIGH,LOW,LOW,LOW,HIGH,YES,JM1
HIGH,HIGH,HIGH,HIGH,LOW,LOW,LOW,HIGH,YES,JM1
HIGH,HIGH,HIGH,HIGH,LOW,LOW,LOW,HIGH,YES,JM1
HIGH,HIGH,HIGH,HIGH,LOW,LOW,LOW,HIGH,YES,JM1
HIGH,HIGH,HIGH,HIGH,LOW,LOW,LOW,HIGH,YES,JM1
HIGH,HIGH,HIGH,MEDIUM,HIGH,HIGH,HIGH,HIGH,YES,JM1
MEDIUM,MEDIUM,HIGH,MEDIUM,LOW,LOW,LOW,MEDIUM,YES,JM1
HIGH,HIGH,HIGH,HIGH,HIGH,MEDIUM,HIGH,HIGH,YES,JM1
HIGH,HIGH,HIGH,HIGH,HIGH,HIGH,HIGH,HIGH,YES,JM1
HIGH,MEDIUM,LOW,HIGH,HIGH,MEDIUM,HIGH,MEDIUM,YES,JM1
HIGH,LOW,LOW,LOW,HIGH,HIGH,HIGH,LOW,YES,JM1
HIGH,LOW,LOW,LOW,HIGH,MEDIUM,MEDIUM,LOW,YES,JM1
HIGH,HIGH,HIGH,HIGH,HIGH,HIGH,HIGH,HIGH,YES,JM1
MEDIUM,HIGH,HIGH,LOW,HIGH,HIGH,HIGH,HIGH,YES,JM1
HIGH,HIGH,HIGH,LOW,HIGH,HIGH,HIGH,HIGH,YES,JM1
HIGH,HIGH,HIGH,LOW,HIGH,HIGH,HIGH,HIGH,YES,JM1
HIGH,MEDIUM,LOW,LOW,HIGH,HIGH,HIGH,MEDIUM,YES,JM1
MEDIUM,LOW,LOW,MEDIUM,MEDIUM,MEDIUM,MEDIUM,LOW,YES,JM1
HIGH,LOW,LOW,LOW,HIGH,MEDIUM,HIGH,LOW,YES,JM1
MEDIUM,MEDIUM,LOW,MEDIUM,MEDIUM,MEDIUM,MEDIUM,MEDIUM,YES,JM1
HIGH,MEDIUM,MEDIUM,MEDIUM,HIGH,HIGH,HIGH,MEDIUM,YES,JM1
HIGH,HIGH,HIGH,HIGH,HIGH,MEDIUM,HIGH,HIGH,YES,JM1
HIGH,LOW,LOW,LOW,HIGH,LOW,MEDIUM,LOW,YES,JM1
LOW,LOW,LOW,LOW,LOW,LOW,LOW,LOW,YES,JM1
MEDIUM,MEDIUM,LOW,MEDIUM,HIGH,MEDIUM,HIGH,MEDIUM,YES,JM1
LOW,LOW,LOW,LOW,LOW,LOW,LOW,LOW,YES,JM1
HIGH,HIGH,LOW,HIGH,HIGH,HIGH,HIGH,HIGH,YES,JM1
HIGH,HIGH,HIGH,HIGH,HIGH,HIGH,HIGH,HIGH,YES,JM1
LOW,MEDIUM,HIGH,MEDIUM,LOW,MEDIUM,LOW,MEDIUM,YES,JM1
HIGH,HIGH,MEDIUM,MEDIUM,HIGH,HIGH,HIGH,HIGH,YES,JM1
HIGH,HIGH,LOW,HIGH,HIGH,HIGH,HIGH,HIGH,YES,JM1
HIGH,HIGH,HIGH,HIGH,HIGH,HIGH,HIGH,HIGH,YES,JM1
MEDIUM,MEDIUM,LOW,MEDIUM,HIGH,MEDIUM,MEDIUM,MEDIUM,YES,JM1
HIGH,HIGH,HIGH,HIGH,HIGH,HIGH,HIGH,HIGH,YES,JM1
HIGH,HIGH,HIGH,HIGH,HIGH,HIGH,HIGH,HIGH,YES,JM1
MEDIUM,LOW,LOW,LOW,LOW,LOW,LOW,LOW,YES,JM1
MEDIUM,MEDIUM,HIGH,MEDIUM,MEDIUM,MEDIUM,MEDIUM,MEDIUM,YES,JM1
MEDIUM,LOW,LOW,LOW,HIGH,HIGH,HIGH,LOW,YES,JM1
MEDIUM,HIGH,HIGH,LOW,MEDIUM,MEDIUM,MEDIUM,HIGH,YES,JM1
HIGH,HIGH,HIGH,HIGH,LOW,LOW,LOW,HIGH,YES,JM1
HIGH,MEDIUM,LOW,MEDIUM,LOW,LOW,LOW,MEDIUM,YES,JM1
HIGH,HIGH,MEDIUM,HIGH,LOW,LOW,LOW,HIGH,YES,JM1
HIGH,HIGH,HIGH,HIGH,HIGH,HIGH,HIGH,HIGH,YES,JM1
HIGH,HIGH,HIGH,MEDIUM,HIGH,HIGH,HIGH,HIGH,YES,JM1
MEDIUM,HIGH,HIGH,HIGH,HIGH,HIGH,HIGH,HIGH,YES,JM1
HIGH,HIGH,HIGH,HIGH,HIGH,HIGH,HIGH,HIGH,YES,JM1
HIGH,LOW,LOW,MEDIUM,HIGH,HIGH,HIGH,LOW,YES,JM1
HIGH,HIGH,MEDIUM,HIGH,HIGH,HIGH,HIGH,HIGH,YES,JM1
MEDIUM,HIGH,LOW,LOW,LOW,LOW,LOW,HIGH,YES,JM1
HIGH,HIGH,HIGH,HIGH,HIGH,HIGH,HIGH,HIGH,YES,JM1
HIGH,HIGH,HIGH,HIGH,LOW,LOW,LOW,HIGH,YES,JM1
HIGH,MEDIUM,HIGH,HIGH,HIGH,HIGH,HIGH,MEDIUM,YES,JM1
LOW,MEDIUM,LOW,LOW,MEDIUM,MEDIUM,MEDIUM,MEDIUM,YES,JM1
HIGH,HIGH,HIGH,HIGH,HIGH,HIGH,HIGH,HIGH,YES,JM1
MEDIUM,MEDIUM,HIGH,MEDIUM,MEDIUM,MEDIUM,MEDIUM,MEDIUM,YES,JM1
LOW,MEDIUM,LOW,LOW,MEDIUM,MEDIUM,MEDIUM,MEDIUM,YES,JM1
HIGH,HIGH,HIGH,HIGH,HIGH,HIGH,HIGH,HIGH,YES,JM1
LOW,LOW,LOW,LOW,LOW,LOW,LOW,LOW,YES,JM1
HIGH,HIGH,HIGH,HIGH,HIGH,HIGH,HIGH,HIGH,YES,JM1
HIGH,HIGH,LOW,MEDIUM,MEDIUM,HIGH,HIGH,HIGH,YES,JM1
HIGH,LOW,LOW,MEDIUM,LOW,LOW,LOW,LOW,YES,JM1
HIGH,HIGH,HIGH,MEDIUM,HIGH,HIGH,HIGH,HIGH,YES,JM1
HIGH,HIGH,HIGH,HIGH,HIGH,HIGH,HIGH,HIGH,YES,JM1
HIGH,HIGH,MEDIUM,HIGH,HIGH,HIGH,HIGH,HIGH,YES,JM1
HIGH,HIGH,HIGH,HIGH,LOW,LOW,LOW,HIGH,YES,JM1
HIGH,HIGH,HIGH,HIGH,HIGH,HIGH,HIGH,HIGH,YES,JM1
HIGH,HIGH,HIGH,HIGH,HIGH,HIGH,HIGH,HIGH,YES,JM1
HIGH,HIGH,HIGH,MEDIUM,HIGH,HIGH,HIGH,HIGH,YES,JM1
HIGH,HIGH,LOW,HIGH,HIGH,MEDIUM,HIGH,HIGH,YES,JM1
LOW,LOW,LOW,LOW,MEDIUM,MEDIUM,MEDIUM,LOW,YES,JM1
MEDIUM,LOW,LOW,MEDIUM,MEDIUM,MEDIUM,MEDIUM,LOW,YES,JM1
HIGH,HIGH,LOW,MEDIUM,HIGH,HIGH,HIGH,HIGH,YES,JM1
HIGH,HIGH,LOW,HIGH,HIGH,HIGH,HIGH,HIGH,YES,JM1
HIGH,HIGH,HIGH,HIGH,HIGH,HIGH,HIGH,HIGH,YES,JM1
HIGH,HIGH,HIGH,HIGH,HIGH,HIGH,HIGH,HIGH,YES,JM1
LOW,LOW,LOW,LOW,LOW,LOW,LOW,LOW,YES,JM1
LOW,LOW,LOW,LOW,LOW,LOW,LOW,LOW,YES,JM1
LOW,LOW,LOW,LOW,LOW,LOW,LOW,LOW,YES,JM1
LOW,LOW,LOW,LOW,LOW,LOW,LOW,LOW,YES,JM1
MEDIUM,LOW,LOW,LOW,MEDIUM,MEDIUM,MEDIUM,LOW,YES,JM1
LOW,LOW,LOW,LOW,LOW,LOW,LOW,LOW,YES,JM1
MEDIUM,MEDIUM,MEDIUM,HIGH,MEDIUM,MEDIUM,MEDIUM,MEDIUM,YES,JM1
HIGH,MEDIUM,LOW,HIGH,MEDIUM,MEDIUM,MEDIUM,MEDIUM,YES,JM1
HIGH,MEDIUM,HIGH,MEDIUM,MEDIUM,MEDIUM,MEDIUM,MEDIUM,YES,JM1
MEDIUM,LOW,LOW,LOW,MEDIUM,MEDIUM,MEDIUM,LOW,YES,JM1
MEDIUM,LOW,LOW,MEDIUM,MEDIUM,MEDIUM,MEDIUM,LOW,YES,JM1
LOW,LOW,LOW,LOW,MEDIUM,MEDIUM,MEDIUM,LOW,YES,JM1
LOW,LOW,LOW,LOW,MEDIUM,MEDIUM,MEDIUM,LOW,YES,JM1
HIGH,HIGH,HIGH,HIGH,HIGH,MEDIUM,HIGH,HIGH,YES,JM1
LOW,LOW,LOW,LOW,LOW,LOW,LOW,LOW,YES,JM1
HIGH,HIGH,HIGH,HIGH,LOW,LOW,LOW,HIGH,YES,JM1
HIGH,HIGH,HIGH,HIGH,LOW,LOW,LOW,HIGH,YES,JM1
HIGH,HIGH,HIGH,HIGH,HIGH,HIGH,HIGH,HIGH,YES,JM1
HIGH,HIGH,HIGH,HIGH,HIGH,HIGH,HIGH,HIGH,YES,JM1
MEDIUM,MEDIUM,HIGH,HIGH,LOW,LOW,LOW,MEDIUM,YES,JM1
MEDIUM,LOW,LOW,LOW,LOW,LOW,LOW,LOW,YES,JM1
MEDIUM,MEDIUM,LOW,MEDIUM,HIGH,HIGH,HIGH,MEDIUM,YES,JM1
HIGH,HIGH,LOW,HIGH,HIGH,HIGH,HIGH,HIGH,YES,JM1
HIGH,MEDIUM,LOW,HIGH,HIGH,MEDIUM,MEDIUM,MEDIUM,YES,JM1
HIGH,HIGH,HIGH,HIGH,HIGH,MEDIUM,HIGH,HIGH,YES,JM1
HIGH,HIGH,HIGH,HIGH,HIGH,HIGH,HIGH,HIGH,YES,JM1
HIGH,HIGH,HIGH,MEDIUM,LOW,LOW,LOW,HIGH,YES,JM1
MEDIUM,HIGH,MEDIUM,MEDIUM,LOW,LOW,LOW,HIGH,YES,JM1
LOW,LOW,LOW,LOW,LOW,LOW,LOW,LOW,YES,JM1
MEDIUM,MEDIUM,MEDIUM,MEDIUM,MEDIUM,MEDIUM,MEDIUM,MEDIUM,YES,JM1
HIGH,HIGH,HIGH,HIGH,HIGH,HIGH,HIGH,HIGH,YES,JM1
HIGH,HIGH,HIGH,MEDIUM,HIGH,HIGH,HIGH,HIGH,YES,JM1
LOW,LOW,LOW,LOW,LOW,LOW,LOW,LOW,YES,JM1
LOW,MEDIUM,MEDIUM,MEDIUM,LOW,MEDIUM,LOW,MEDIUM,YES,JM1
HIGH,HIGH,HIGH,HIGH,HIGH,HIGH,HIGH,HIGH,YES,JM1
MEDIUM,MEDIUM,HIGH,MEDIUM,MEDIUM,MEDIUM,MEDIUM,MEDIUM,YES,JM1
HIGH,HIGH,HIGH,HIGH,HIGH,HIGH,HIGH,HIGH,YES,JM1
HIGH,HIGH,HIGH,HIGH,HIGH,HIGH,HIGH,HIGH,YES,JM1
HIGH,MEDIUM,LOW,LOW,HIGH,HIGH,HIGH,MEDIUM,YES,JM1
MEDIUM,HIGH,HIGH,LOW,LOW,LOW,LOW,HIGH,YES,JM1
LOW,LOW,LOW,LOW,MEDIUM,MEDIUM,MEDIUM,LOW,YES,JM1
HIGH,HIGH,HIGH,HIGH,HIGH,HIGH,HIGH,HIGH,YES,JM1
HIGH,HIGH,HIGH,HIGH,HIGH,HIGH,HIGH,HIGH,YES,JM1
HIGH,HIGH,LOW,HIGH,HIGH,HIGH,HIGH,HIGH,YES,JM1
HIGH,HIGH,HIGH,HIGH,HIGH,MEDIUM,HIGH,HIGH,YES,JM1
HIGH,HIGH,HIGH,HIGH,LOW,LOW,LOW,HIGH,YES,JM1
HIGH,HIGH,HIGH,HIGH,LOW,LOW,LOW,HIGH,YES,JM1
HIGH,HIGH,HIGH,HIGH,HIGH,HIGH,HIGH,HIGH,YES,JM1
LOW,MEDIUM,LOW,MEDIUM,LOW,MEDIUM,LOW,MEDIUM,YES,JM1
HIGH,MEDIUM,MEDIUM,HIGH,HIGH,MEDIUM,MEDIUM,MEDIUM,YES,JM1
HIGH,HIGH,LOW,HIGH,LOW,LOW,LOW,HIGH,YES,JM1
MEDIUM,LOW,LOW,LOW,MEDIUM,MEDIUM,MEDIUM,LOW,YES,JM1
HIGH,HIGH,HIGH,HIGH,LOW,LOW,LOW,HIGH,YES,JM1
LOW,LOW,LOW,LOW,LOW,LOW,LOW,LOW,YES,JM1
HIGH,HIGH,HIGH,HIGH,HIGH,HIGH,HIGH,HIGH,YES,JM1
HIGH,HIGH,HIGH,HIGH,HIGH,HIGH,HIGH,HIGH,YES,JM1
MEDIUM,LOW,LOW,LOW,MEDIUM,LOW,LOW,LOW,YES,JM1
MEDIUM,LOW,LOW,LOW,LOW,LOW,LOW,LOW,YES,JM1
MEDIUM,LOW,LOW,LOW,LOW,LOW,LOW,LOW,YES,JM1
HIGH,HIGH,HIGH,HIGH,MEDIUM,HIGH,HIGH,HIGH,YES,JM1
HIGH,HIGH,LOW,HIGH,HIGH,HIGH,HIGH,HIGH,YES,JM1
HIGH,HIGH,HIGH,HIGH,HIGH,HIGH,HIGH,HIGH,YES,JM1
HIGH,LOW,LOW,LOW,HIGH,HIGH,HIGH,LOW,YES,JM1
HIGH,MEDIUM,LOW,MEDIUM,LOW,LOW,LOW,MEDIUM,YES,JM1
HIGH,HIGH,HIGH,HIGH,HIGH,HIGH,HIGH,HIGH,YES,JM1
HIGH,MEDIUM,LOW,MEDIUM,HIGH,HIGH,HIGH,MEDIUM,YES,JM1
HIGH,HIGH,HIGH,HIGH,HIGH,HIGH,HIGH,HIGH,YES,JM1
HIGH,MEDIUM,LOW,LOW,LOW,LOW,LOW,MEDIUM,YES,JM1
HIGH,MEDIUM,LOW,LOW,LOW,LOW,LOW,MEDIUM,YES,JM1
HIGH,MEDIUM,HIGH,MEDIUM,HIGH,HIGH,HIGH,MEDIUM,YES,JM1
HIGH,HIGH,HIGH,HIGH,LOW,LOW,LOW,HIGH,YES,JM1
HIGH,LOW,LOW,LOW,HIGH,HIGH,HIGH,LOW,YES,JM1
MEDIUM,LOW,LOW,LOW,MEDIUM,HIGH,HIGH,LOW,YES,JM1
HIGH,MEDIUM,LOW,HIGH,HIGH,HIGH,HIGH,MEDIUM,YES,JM1
HIGH,HIGH,HIGH,MEDIUM,HIGH,HIGH,HIGH,HIGH,YES,JM1
HIGH,HIGH,HIGH,HIGH,LOW,LOW,LOW,HIGH,YES,JM1
HIGH,HIGH,HIGH,HIGH,LOW,LOW,LOW,HIGH,YES,JM1
HIGH,HIGH,HIGH,HIGH,LOW,LOW,LOW,HIGH,YES,JM1
HIGH,MEDIUM,LOW,MEDIUM,LOW,LOW,LOW,MEDIUM,YES,JM1
HIGH,HIGH,HIGH,HIGH,LOW,LOW,LOW,HIGH,YES,JM1
HIGH,MEDIUM,LOW,MEDIUM,LOW,LOW,LOW,MEDIUM,YES,JM1
HIGH,HIGH,HIGH,HIGH,LOW,LOW,LOW,HIGH,YES,JM1
HIGH,HIGH,HIGH,HIGH,LOW,LOW,LOW,HIGH,YES,JM1
MEDIUM,HIGH,HIGH,MEDIUM,MEDIUM,HIGH,HIGH,HIGH,YES,JM1
HIGH,HIGH,HIGH,HIGH,HIGH,HIGH,HIGH,HIGH,YES,JM1
HIGH,HIGH,HIGH,HIGH,HIGH,HIGH,HIGH,HIGH,YES,JM1
LOW,LOW,LOW,LOW,LOW,LOW,LOW,LOW,YES,JM1
LOW,LOW,LOW,LOW,LOW,LOW,LOW,LOW,YES,JM1
HIGH,HIGH,LOW,HIGH,HIGH,HIGH,HIGH,HIGH,YES,JM1
HIGH,LOW,LOW,LOW,HIGH,MEDIUM,HIGH,LOW,YES,JM1
MEDIUM,HIGH,LOW,HIGH,HIGH,MEDIUM,MEDIUM,HIGH,YES,JM1
HIGH,HIGH,HIGH,HIGH,HIGH,HIGH,HIGH,HIGH,YES,JM1
HIGH,HIGH,HIGH,HIGH,HIGH,HIGH,HIGH,HIGH,YES,JM1
HIGH,HIGH,HIGH,HIGH,HIGH,HIGH,HIGH,HIGH,YES,JM1
HIGH,HIGH,HIGH,HIGH,LOW,LOW,LOW,HIGH,YES,JM1
LOW,LOW,MEDIUM,LOW,LOW,LOW,LOW,LOW,YES,JM1
LOW,LOW,LOW,LOW,LOW,LOW,LOW,LOW,YES,JM1
HIGH,MEDIUM,LOW,MEDIUM,HIGH,HIGH,HIGH,MEDIUM,YES,JM1
MEDIUM,MEDIUM,LOW,MEDIUM,MEDIUM,HIGH,HIGH,MEDIUM,YES,JM1
HIGH,HIGH,HIGH,HIGH,HIGH,HIGH,HIGH,HIGH,YES,JM1
HIGH,HIGH,HIGH,HIGH,HIGH,HIGH,HIGH,HIGH,YES,JM1
HIGH,HIGH,LOW,HIGH,HIGH,HIGH,HIGH,HIGH,YES,JM1
HIGH,HIGH,LOW,HIGH,HIGH,HIGH,HIGH,HIGH,YES,JM1
HIGH,HIGH,HIGH,HIGH,LOW,LOW,LOW,HIGH,YES,JM1
LOW,LOW,MEDIUM,LOW,LOW,LOW,LOW,LOW,YES,JM1
HIGH,HIGH,HIGH,HIGH,MEDIUM,HIGH,HIGH,HIGH,YES,JM1
HIGH,HIGH,HIGH,HIGH,LOW,LOW,LOW,HIGH,YES,JM1
HIGH,HIGH,HIGH,HIGH,HIGH,HIGH,HIGH,HIGH,YES,JM1
LOW,LOW,LOW,LOW,LOW,LOW,LOW,LOW,YES,JM1
HIGH,HIGH,HIGH,HIGH,HIGH,HIGH,HIGH,HIGH,YES,JM1
MEDIUM,LOW,LOW,LOW,MEDIUM,MEDIUM,MEDIUM,LOW,YES,JM1
HIGH,HIGH,HIGH,HIGH,HIGH,HIGH,HIGH,HIGH,YES,JM1
HIGH,HIGH,LOW,HIGH,HIGH,HIGH,HIGH,HIGH,YES,JM1
MEDIUM,LOW,LOW,MEDIUM,HIGH,MEDIUM,MEDIUM,LOW,YES,JM1
MEDIUM,MEDIUM,LOW,MEDIUM,MEDIUM,MEDIUM,MEDIUM,MEDIUM,YES,JM1
MEDIUM,LOW,LOW,LOW,MEDIUM,MEDIUM,MEDIUM,LOW,YES,JM1
HIGH,HIGH,HIGH,HIGH,HIGH,HIGH,HIGH,HIGH,YES,JM1
HIGH,HIGH,HIGH,HIGH,LOW,LOW,LOW,HIGH,YES,JM1
HIGH,MEDIUM,HIGH,MEDIUM,HIGH,HIGH,HIGH,MEDIUM,YES,JM1
HIGH,HIGH,HIGH,HIGH,HIGH,HIGH,HIGH,HIGH,YES,JM1
MEDIUM,MEDIUM,LOW,HIGH,MEDIUM,MEDIUM,MEDIUM,MEDIUM,YES,JM1
HIGH,HIGH,LOW,HIGH,HIGH,HIGH,HIGH,HIGH,YES,JM1
HIGH,HIGH,LOW,MEDIUM,HIGH,MEDIUM,HIGH,MEDIUM,YES,JM1
HIGH,HIGH,LOW,HIGH,HIGH,HIGH,HIGH,HIGH,YES,JM1
HIGH,LOW,LOW,MEDIUM,HIGH,HIGH,HIGH,LOW,YES,JM1
HIGH,MEDIUM,HIGH,HIGH,HIGH,HIGH,HIGH,MEDIUM,YES,JM1
LOW,LOW,LOW,LOW,LOW,MEDIUM,MEDIUM,LOW,YES,JM1
MEDIUM,LOW,LOW,LOW,LOW,LOW,LOW,LOW,YES,JM1
LOW,LOW,LOW,LOW,LOW,LOW,LOW,LOW,YES,JM1
HIGH,HIGH,HIGH,HIGH,HIGH,HIGH,HIGH,HIGH,YES,JM1
HIGH,HIGH,HIGH,HIGH,HIGH,HIGH,HIGH,HIGH,YES,JM1
HIGH,HIGH,HIGH,HIGH,HIGH,HIGH,HIGH,HIGH,YES,JM1
HIGH,HIGH,MEDIUM,HIGH,HIGH,HIGH,HIGH,HIGH,YES,JM1
MEDIUM,HIGH,MEDIUM,MEDIUM,HIGH,MEDIUM,MEDIUM,HIGH,YES,JM1
MEDIUM,MEDIUM,LOW,HIGH,LOW,LOW,LOW,MEDIUM,YES,JM1
HIGH,HIGH,LOW,HIGH,HIGH,HIGH,HIGH,HIGH,YES,JM1
HIGH,HIGH,HIGH,HIGH,HIGH,HIGH,HIGH,HIGH,YES,JM1
LOW,LOW,LOW,MEDIUM,LOW,LOW,LOW,LOW,YES,JM1
HIGH,HIGH,LOW,HIGH,HIGH,HIGH,HIGH,MEDIUM,YES,JM1
HIGH,MEDIUM,LOW,MEDIUM,LOW,LOW,LOW,MEDIUM,YES,JM1
LOW,LOW,LOW,LOW,LOW,LOW,LOW,LOW,YES,JM1
HIGH,HIGH,LOW,MEDIUM,HIGH,HIGH,HIGH,HIGH,YES,JM1
HIGH,HIGH,LOW,HIGH,HIGH,HIGH,HIGH,HIGH,YES,JM1
HIGH,HIGH,HIGH,HIGH,HIGH,HIGH,HIGH,HIGH,YES,JM1
HIGH,MEDIUM,LOW,HIGH,HIGH,HIGH,HIGH,MEDIUM,YES,JM1
HIGH,HIGH,LOW,HIGH,HIGH,HIGH,HIGH,HIGH,YES,JM1
HIGH,HIGH,HIGH,HIGH,HIGH,HIGH,HIGH,HIGH,YES,JM1
HIGH,MEDIUM,LOW,MEDIUM,HIGH,MEDIUM,MEDIUM,MEDIUM,YES,JM1
HIGH,HIGH,LOW,HIGH,HIGH,HIGH,HIGH,HIGH,YES,JM1
HIGH,MEDIUM,HIGH,MEDIUM,HIGH,HIGH,HIGH,MEDIUM,YES,JM1
HIGH,HIGH,HIGH,HIGH,HIGH,HIGH,HIGH,HIGH,YES,JM1
HIGH,HIGH,HIGH,HIGH,HIGH,HIGH,HIGH,HIGH,YES,JM1
HIGH,HIGH,HIGH,HIGH,HIGH,HIGH,HIGH,HIGH,YES,JM1
HIGH,HIGH,HIGH,HIGH,HIGH,HIGH,HIGH,HIGH,YES,JM1
HIGH,HIGH,HIGH,HIGH,LOW,LOW,LOW,HIGH,YES,JM1
HIGH,HIGH,HIGH,HIGH,LOW,LOW,LOW,HIGH,YES,JM1
HIGH,HIGH,HIGH,HIGH,LOW,LOW,LOW,HIGH,YES,JM1
MEDIUM,LOW,LOW,LOW,MEDIUM,LOW,LOW,LOW,YES,JM1
HIGH,MEDIUM,LOW,MEDIUM,HIGH,HIGH,HIGH,MEDIUM,YES,JM1
HIGH,HIGH,HIGH,HIGH,HIGH,HIGH,HIGH,HIGH,YES,JM1
HIGH,LOW,LOW,MEDIUM,HIGH,LOW,MEDIUM,LOW,YES,JM1
HIGH,HIGH,LOW,HIGH,HIGH,HIGH,HIGH,HIGH,YES,JM1
HIGH,MEDIUM,LOW,HIGH,HIGH,LOW,MEDIUM,MEDIUM,YES,JM1
HIGH,HIGH,HIGH,HIGH,LOW,LOW,LOW,HIGH,YES,JM1
HIGH,HIGH,HIGH,HIGH,LOW,LOW,LOW,HIGH,YES,JM1
HIGH,HIGH,HIGH,HIGH,HIGH,HIGH,HIGH,HIGH,YES,JM1
HIGH,HIGH,MEDIUM,HIGH,HIGH,HIGH,HIGH,HIGH,YES,JM1
HIGH,HIGH,HIGH,HIGH,HIGH,HIGH,HIGH,HIGH,YES,JM1
HIGH,HIGH,HIGH,HIGH,HIGH,HIGH,HIGH,HIGH,YES,JM1
HIGH,HIGH,HIGH,HIGH,HIGH,HIGH,HIGH,HIGH,YES,JM1
HIGH,MEDIUM,LOW,MEDIUM,HIGH,MEDIUM,MEDIUM,MEDIUM,YES,JM1
MEDIUM,MEDIUM,LOW,MEDIUM,MEDIUM,MEDIUM,MEDIUM,MEDIUM,YES,JM1
MEDIUM,MEDIUM,LOW,HIGH,MEDIUM,MEDIUM,MEDIUM,MEDIUM,YES,JM1
HIGH,HIGH,HIGH,HIGH,HIGH,HIGH,HIGH,HIGH,YES,JM1
HIGH,HIGH,HIGH,HIGH,HIGH,HIGH,HIGH,HIGH,YES,JM1
HIGH,HIGH,HIGH,HIGH,LOW,LOW,LOW,HIGH,YES,JM1
HIGH,HIGH,HIGH,HIGH,HIGH,HIGH,HIGH,HIGH,YES,JM1
HIGH,HIGH,HIGH,HIGH,HIGH,HIGH,HIGH,HIGH,YES,JM1
HIGH,HIGH,HIGH,HIGH,HIGH,HIGH,HIGH,HIGH,YES,JM1
HIGH,HIGH,HIGH,HIGH,HIGH,HIGH,HIGH,HIGH,YES,JM1
HIGH,LOW,LOW,LOW,HIGH,HIGH,HIGH,LOW,YES,JM1
HIGH,MEDIUM,HIGH,LOW,HIGH,HIGH,HIGH,MEDIUM,YES,JM1
HIGH,MEDIUM,LOW,HIGH,HIGH,HIGH,HIGH,MEDIUM,YES,JM1
HIGH,HIGH,HIGH,HIGH,HIGH,HIGH,HIGH,HIGH,YES,JM1
HIGH,HIGH,HIGH,HIGH,HIGH,HIGH,HIGH,HIGH,YES,JM1
HIGH,HIGH,HIGH,HIGH,HIGH,HIGH,HIGH,HIGH,YES,JM1
HIGH,MEDIUM,MEDIUM,LOW,HIGH,HIGH,HIGH,MEDIUM,YES,JM1
HIGH,HIGH,HIGH,HIGH,HIGH,HIGH,HIGH,HIGH,YES,JM1
HIGH,LOW,LOW,LOW,HIGH,HIGH,HIGH,LOW,YES,JM1
HIGH,HIGH,HIGH,HIGH,HIGH,HIGH,HIGH,HIGH,YES,JM1
HIGH,HIGH,HIGH,HIGH,LOW,LOW,LOW,HIGH,YES,JM1
HIGH,MEDIUM,LOW,HIGH,HIGH,HIGH,HIGH,MEDIUM,YES,JM1
HIGH,HIGH,HIGH,MEDIUM,HIGH,HIGH,HIGH,HIGH,YES,JM1
MEDIUM,MEDIUM,LOW,MEDIUM,MEDIUM,LOW,MEDIUM,MEDIUM,YES,JM1
MEDIUM,LOW,LOW,LOW,MEDIUM,LOW,MEDIUM,LOW,YES,JM1
HIGH,HIGH,LOW,LOW,MEDIUM,MEDIUM,MEDIUM,MEDIUM,YES,JM1
HIGH,HIGH,LOW,LOW,MEDIUM,MEDIUM,MEDIUM,HIGH,YES,JM1
HIGH,HIGH,HIGH,HIGH,HIGH,HIGH,HIGH,HIGH,YES,JM1
HIGH,HIGH,HIGH,HIGH,HIGH,HIGH,HIGH,HIGH,YES,JM1
MEDIUM,LOW,LOW,LOW,MEDIUM,LOW,LOW,LOW,YES,JM1
LOW,LOW,LOW,LOW,LOW,LOW,LOW,LOW,YES,JM1
LOW,LOW,LOW,LOW,LOW,LOW,LOW,LOW,YES,JM1
HIGH,HIGH,HIGH,HIGH,HIGH,HIGH,HIGH,HIGH,YES,JM1
HIGH,HIGH,LOW,HIGH,LOW,LOW,LOW,HIGH,YES,JM1
HIGH,HIGH,HIGH,HIGH,HIGH,HIGH,HIGH,HIGH,YES,JM1
HIGH,HIGH,HIGH,HIGH,HIGH,HIGH,HIGH,HIGH,YES,JM1
HIGH,HIGH,HIGH,HIGH,HIGH,HIGH,HIGH,HIGH,YES,JM1
HIGH,HIGH,HIGH,MEDIUM,LOW,LOW,LOW,HIGH,YES,JM1
HIGH,HIGH,HIGH,HIGH,HIGH,HIGH,HIGH,HIGH,YES,JM1
HIGH,HIGH,LOW,HIGH,HIGH,HIGH,HIGH,HIGH,YES,JM1
HIGH,HIGH,HIGH,HIGH,HIGH,HIGH,HIGH,HIGH,YES,JM1
HIGH,MEDIUM,LOW,HIGH,HIGH,HIGH,HIGH,MEDIUM,YES,JM1
HIGH,HIGH,HIGH,HIGH,LOW,LOW,LOW,HIGH,YES,JM1
HIGH,HIGH,HIGH,HIGH,HIGH,HIGH,HIGH,HIGH,YES,JM1
HIGH,HIGH,HIGH,HIGH,HIGH,HIGH,HIGH,HIGH,YES,JM1
HIGH,HIGH,LOW,MEDIUM,HIGH,HIGH,HIGH,HIGH,YES,JM1
HIGH,HIGH,LOW,HIGH,HIGH,HIGH,HIGH,HIGH,YES,JM1
HIGH,HIGH,LOW,HIGH,HIGH,MEDIUM,HIGH,HIGH,YES,JM1
MEDIUM,LOW,LOW,MEDIUM,MEDIUM,MEDIUM,MEDIUM,LOW,YES,JM1
HIGH,MEDIUM,LOW,HIGH,HIGH,MEDIUM,HIGH,MEDIUM,YES,JM1
HIGH,HIGH,HIGH,HIGH,HIGH,HIGH,HIGH,HIGH,YES,JM1
MEDIUM,LOW,LOW,LOW,HIGH,HIGH,HIGH,LOW,YES,JM1
HIGH,MEDIUM,HIGH,LOW,LOW,LOW,LOW,MEDIUM,YES,JM1
HIGH,HIGH,LOW,HIGH,HIGH,HIGH,HIGH,HIGH,YES,JM1
HIGH,LOW,LOW,MEDIUM,LOW,LOW,LOW,LOW,YES,JM1
HIGH,MEDIUM,LOW,MEDIUM,HIGH,HIGH,HIGH,MEDIUM,YES,JM1
HIGH,HIGH,HIGH,HIGH,LOW,LOW,LOW,HIGH,YES,JM1
HIGH,HIGH,HIGH,HIGH,HIGH,HIGH,HIGH,HIGH,YES,JM1
HIGH,HIGH,HIGH,HIGH,HIGH,HIGH,HIGH,HIGH,YES,JM1
HIGH,HIGH,HIGH,HIGH,HIGH,HIGH,HIGH,HIGH,YES,JM1
HIGH,HIGH,HIGH,HIGH,LOW,LOW,LOW,HIGH,YES,JM1
HIGH,HIGH,HIGH,HIGH,HIGH,HIGH,HIGH,HIGH,YES,JM1
HIGH,HIGH,LOW,LOW,HIGH,HIGH,HIGH,HIGH,YES,JM1
HIGH,HIGH,HIGH,HIGH,LOW,LOW,LOW,MEDIUM,YES,JM1
MEDIUM,MEDIUM,LOW,MEDIUM,MEDIUM,MEDIUM,MEDIUM,MEDIUM,YES,JM1
HIGH,HIGH,HIGH,HIGH,LOW,LOW,LOW,HIGH,YES,JM1
HIGH,HIGH,HIGH,HIGH,LOW,LOW,LOW,HIGH,YES,JM1
MEDIUM,MEDIUM,HIGH,LOW,HIGH,HIGH,HIGH,MEDIUM,YES,JM1
HIGH,HIGH,HIGH,HIGH,LOW,LOW,LOW,HIGH,YES,JM1
LOW,LOW,LOW,LOW,LOW,MEDIUM,MEDIUM,LOW,YES,JM1
HIGH,HIGH,HIGH,HIGH,LOW,LOW,LOW,HIGH,YES,JM1
HIGH,HIGH,LOW,HIGH,HIGH,HIGH,HIGH,HIGH,YES,JM1
MEDIUM,MEDIUM,LOW,MEDIUM,MEDIUM,LOW,MEDIUM,MEDIUM,YES,JM1
HIGH,MEDIUM,LOW,MEDIUM,MEDIUM,MEDIUM,MEDIUM,MEDIUM,YES,JM1
HIGH,MEDIUM,LOW,HIGH,HIGH,HIGH,HIGH,MEDIUM,YES,JM1
HIGH,HIGH,HIGH,HIGH,LOW,LOW,LOW,HIGH,YES,JM1
HIGH,LOW,LOW,LOW,HIGH,HIGH,HIGH,LOW,YES,JM1
HIGH,HIGH,LOW,HIGH,HIGH,HIGH,HIGH,HIGH,YES,JM1
HIGH,LOW,LOW,LOW,HIGH,HIGH,HIGH,LOW,YES,JM1
HIGH,LOW,LOW,LOW,LOW,LOW,LOW,LOW,YES,JM1
HIGH,HIGH,HIGH,HIGH,LOW,LOW,LOW,HIGH,YES,JM1
HIGH,HIGH,LOW,HIGH,HIGH,HIGH,HIGH,HIGH,YES,JM1
HIGH,HIGH,HIGH,HIGH,HIGH,HIGH,HIGH,HIGH,YES,JM1
LOW,LOW,LOW,LOW,LOW,LOW,LOW,LOW,YES,JM1
MEDIUM,MEDIUM,MEDIUM,LOW,MEDIUM,HIGH,MEDIUM,MEDIUM,YES,JM1
MEDIUM,LOW,LOW,LOW,MEDIUM,HIGH,MEDIUM,LOW,YES,JM1
HIGH,HIGH,LOW,HIGH,HIGH,HIGH,HIGH,HIGH,YES,JM1
HIGH,HIGH,HIGH,HIGH,HIGH,HIGH,HIGH,HIGH,YES,JM1
HIGH,HIGH,LOW,HIGH,HIGH,HIGH,HIGH,HIGH,YES,JM1
HIGH,HIGH,HIGH,HIGH,HIGH,HIGH,HIGH,HIGH,YES,JM1
HIGH,HIGH,HIGH,HIGH,HIGH,HIGH,HIGH,HIGH,YES,JM1
HIGH,HIGH,HIGH,HIGH,LOW,LOW,LOW,HIGH,YES,JM1
HIGH,HIGH,LOW,HIGH,HIGH,HIGH,HIGH,HIGH,YES,JM1
HIGH,LOW,LOW,LOW,HIGH,MEDIUM,HIGH,LOW,YES,JM1
HIGH,HIGH,HIGH,HIGH,HIGH,HIGH,HIGH,HIGH,YES,JM1
HIGH,HIGH,HIGH,HIGH,LOW,LOW,LOW,HIGH,YES,JM1
HIGH,HIGH,HIGH,HIGH,HIGH,HIGH,HIGH,HIGH,YES,JM1
HIGH,HIGH,HIGH,HIGH,HIGH,HIGH,HIGH,HIGH,YES,JM1
HIGH,HIGH,HIGH,HIGH,HIGH,HIGH,HIGH,HIGH,YES,JM1
MEDIUM,HIGH,HIGH,LOW,HIGH,HIGH,HIGH,HIGH,YES,JM1
HIGH,HIGH,HIGH,HIGH,HIGH,HIGH,HIGH,HIGH,YES,JM1
HIGH,HIGH,HIGH,HIGH,HIGH,HIGH,HIGH,HIGH,YES,JM1
HIGH,HIGH,LOW,MEDIUM,HIGH,HIGH,HIGH,HIGH,YES,JM1
HIGH,HIGH,HIGH,HIGH,LOW,LOW,LOW,HIGH,YES,JM1
HIGH,HIGH,LOW,HIGH,HIGH,HIGH,HIGH,HIGH,YES,JM1
HIGH,HIGH,HIGH,HIGH,HIGH,HIGH,HIGH,HIGH,YES,JM1
HIGH,HIGH,LOW,HIGH,HIGH,HIGH,HIGH,HIGH,YES,JM1
HIGH,HIGH,HIGH,HIGH,HIGH,HIGH,HIGH,HIGH,YES,JM1
HIGH,HIGH,HIGH,HIGH,HIGH,HIGH,HIGH,HIGH,YES,JM1
LOW,LOW,LOW,LOW,MEDIUM,MEDIUM,MEDIUM,LOW,YES,JM1
HIGH,HIGH,HIGH,HIGH,HIGH,HIGH,HIGH,HIGH,YES,JM1
HIGH,HIGH,HIGH,HIGH,HIGH,HIGH,HIGH,HIGH,YES,JM1
HIGH,HIGH,LOW,HIGH,HIGH,HIGH,HIGH,HIGH,YES,JM1
HIGH,HIGH,HIGH,HIGH,HIGH,HIGH,HIGH,HIGH,YES,JM1
HIGH,HIGH,HIGH,HIGH,HIGH,HIGH,HIGH,HIGH,YES,JM1
HIGH,HIGH,HIGH,HIGH,HIGH,HIGH,HIGH,HIGH,YES,JM1
HIGH,HIGH,HIGH,LOW,LOW,LOW,LOW,HIGH,YES,JM1
MEDIUM,HIGH,HIGH,LOW,MEDIUM,HIGH,MEDIUM,HIGH,YES,JM1
HIGH,HIGH,LOW,HIGH,HIGH,MEDIUM,HIGH,HIGH,YES,JM1
HIGH,HIGH,HIGH,HIGH,LOW,LOW,LOW,HIGH,YES,JM1
HIGH,HIGH,HIGH,HIGH,HIGH,HIGH,HIGH,HIGH,YES,JM1
HIGH,HIGH,HIGH,HIGH,HIGH,HIGH,HIGH,HIGH,YES,JM1
HIGH,HIGH,HIGH,HIGH,HIGH,HIGH,HIGH,HIGH,YES,JM1
HIGH,HIGH,LOW,HIGH,HIGH,HIGH,HIGH,HIGH,YES,JM1
HIGH,HIGH,HIGH,MEDIUM,HIGH,HIGH,HIGH,HIGH,YES,JM1
HIGH,HIGH,HIGH,HIGH,HIGH,HIGH,HIGH,HIGH,YES,JM1
HIGH,HIGH,MEDIUM,HIGH,HIGH,HIGH,HIGH,HIGH,YES,JM1
LOW,LOW,LOW,LOW,LOW,LOW,LOW,LOW,YES,JM1
HIGH,HIGH,HIGH,HIGH,LOW,LOW,LOW,HIGH,YES,JM1
HIGH,LOW,LOW,LOW,HIGH,HIGH,HIGH,LOW,YES,JM1
HIGH,HIGH,HIGH,HIGH,HIGH,HIGH,HIGH,HIGH,YES,JM1
HIGH,HIGH,LOW,HIGH,HIGH,HIGH,HIGH,HIGH,YES,JM1
HIGH,HIGH,HIGH,HIGH,HIGH,HIGH,HIGH,HIGH,YES,JM1
HIGH,HIGH,HIGH,HIGH,HIGH,HIGH,HIGH,HIGH,YES,JM1
HIGH,MEDIUM,LOW,HIGH,LOW,LOW,LOW,MEDIUM,YES,JM1
HIGH,LOW,LOW,LOW,HIGH,LOW,MEDIUM,LOW,YES,JM1
HIGH,HIGH,HIGH,HIGH,LOW,LOW,LOW,HIGH,YES,JM1
HIGH,MEDIUM,LOW,MEDIUM,HIGH,MEDIUM,MEDIUM,MEDIUM,YES,JM1
HIGH,HIGH,HIGH,HIGH,LOW,LOW,LOW,HIGH,YES,JM1
HIGH,HIGH,LOW,HIGH,HIGH,HIGH,HIGH,HIGH,YES,JM1
HIGH,HIGH,HIGH,HIGH,HIGH,HIGH,HIGH,HIGH,YES,JM1
HIGH,MEDIUM,LOW,MEDIUM,MEDIUM,MEDIUM,MEDIUM,MEDIUM,YES,JM1
HIGH,MEDIUM,LOW,MEDIUM,HIGH,HIGH,HIGH,MEDIUM,YES,JM1
HIGH,HIGH,HIGH,HIGH,HIGH,HIGH,HIGH,HIGH,YES,JM1
HIGH,HIGH,LOW,HIGH,HIGH,HIGH,HIGH,HIGH,YES,JM1
HIGH,HIGH,LOW,HIGH,HIGH,HIGH,HIGH,MEDIUM,YES,JM1
HIGH,HIGH,HIGH,HIGH,HIGH,HIGH,HIGH,HIGH,YES,JM1
HIGH,HIGH,HIGH,HIGH,HIGH,HIGH,HIGH,HIGH,YES,JM1
HIGH,HIGH,MEDIUM,HIGH,HIGH,HIGH,HIGH,HIGH,YES,JM1
HIGH,HIGH,LOW,HIGH,HIGH,HIGH,HIGH,HIGH,YES,JM1
HIGH,MEDIUM,LOW,MEDIUM,HIGH,MEDIUM,HIGH,MEDIUM,YES,JM1
HIGH,HIGH,LOW,HIGH,HIGH,HIGH,HIGH,HIGH,YES,JM1
HIGH,HIGH,HIGH,HIGH,HIGH,HIGH,HIGH,HIGH,YES,JM1
HIGH,HIGH,HIGH,HIGH,HIGH,HIGH,HIGH,HIGH,YES,JM1
HIGH,HIGH,HIGH,HIGH,HIGH,HIGH,HIGH,HIGH,YES,JM1
HIGH,HIGH,LOW,HIGH,HIGH,HIGH,HIGH,HIGH,YES,JM1
HIGH,HIGH,MEDIUM,HIGH,HIGH,HIGH,HIGH,HIGH,YES,JM1
HIGH,HIGH,HIGH,HIGH,HIGH,HIGH,HIGH,HIGH,YES,JM1
HIGH,HIGH,MEDIUM,HIGH,HIGH,HIGH,HIGH,HIGH,YES,JM1
HIGH,HIGH,HIGH,HIGH,HIGH,HIGH,HIGH,HIGH,YES,JM1
HIGH,HIGH,HIGH,HIGH,LOW,LOW,LOW,HIGH,YES,JM1
HIGH,HIGH,HIGH,HIGH,HIGH,HIGH,HIGH,HIGH,YES,JM1
HIGH,HIGH,HIGH,HIGH,HIGH,HIGH,HIGH,HIGH,YES,JM1
HIGH,HIGH,HIGH,HIGH,HIGH,HIGH,HIGH,HIGH,YES,JM1
HIGH,HIGH,HIGH,HIGH,HIGH,HIGH,HIGH,HIGH,YES,JM1
HIGH,HIGH,HIGH,HIGH,HIGH,HIGH,HIGH,HIGH,YES,JM1
HIGH,HIGH,LOW,LOW,HIGH,HIGH,HIGH,HIGH,YES,JM1
HIGH,MEDIUM,LOW,MEDIUM,HIGH,HIGH,HIGH,MEDIUM,YES,JM1
HIGH,HIGH,HIGH,HIGH,HIGH,HIGH,HIGH,HIGH,YES,JM1
HIGH,HIGH,HIGH,HIGH,HIGH,HIGH,HIGH,HIGH,YES,JM1
HIGH,HIGH,LOW,HIGH,HIGH,HIGH,HIGH,HIGH,YES,JM1
HIGH,HIGH,HIGH,HIGH,HIGH,HIGH,HIGH,HIGH,YES,JM1
HIGH,HIGH,HIGH,HIGH,HIGH,HIGH,HIGH,HIGH,YES,JM1
HIGH,HIGH,LOW,HIGH,HIGH,HIGH,HIGH,HIGH,YES,JM1
HIGH,HIGH,HIGH,HIGH,LOW,LOW,LOW,HIGH,YES,JM1
HIGH,HIGH,HIGH,HIGH,HIGH,HIGH,HIGH,HIGH,YES,JM1
HIGH,HIGH,HIGH,HIGH,HIGH,HIGH,HIGH,HIGH,YES,JM1
HIGH,HIGH,HIGH,HIGH,HIGH,HIGH,HIGH,HIGH,YES,JM1
HIGH,HIGH,HIGH,HIGH,HIGH,HIGH,HIGH,HIGH,YES,JM1
HIGH,LOW,LOW,LOW,HIGH,HIGH,HIGH,LOW,YES,JM1
HIGH,HIGH,HIGH,HIGH,HIGH,HIGH,HIGH,HIGH,YES,JM1
MEDIUM,LOW,LOW,LOW,MEDIUM,MEDIUM,MEDIUM,LOW,YES,JM1
HIGH,HIGH,HIGH,HIGH,HIGH,HIGH,HIGH,HIGH,YES,JM1
HIGH,HIGH,LOW,HIGH,HIGH,HIGH,HIGH,HIGH,YES,JM1
HIGH,HIGH,HIGH,HIGH,HIGH,HIGH,HIGH,HIGH,YES,JM1
HIGH,HIGH,HIGH,HIGH,HIGH,HIGH,HIGH,HIGH,YES,JM1
HIGH,HIGH,HIGH,HIGH,HIGH,HIGH,HIGH,HIGH,YES,JM1
HIGH,HIGH,HIGH,HIGH,HIGH,HIGH,HIGH,HIGH,YES,JM1
HIGH,HIGH,LOW,HIGH,HIGH,HIGH,HIGH,HIGH,YES,JM1
HIGH,HIGH,HIGH,HIGH,HIGH,HIGH,HIGH,HIGH,YES,JM1
HIGH,HIGH,HIGH,HIGH,HIGH,HIGH,HIGH,HIGH,YES,JM1
HIGH,HIGH,HIGH,HIGH,HIGH,HIGH,HIGH,HIGH,YES,JM1
HIGH,HIGH,HIGH,HIGH,HIGH,HIGH,HIGH,HIGH,YES,JM1
HIGH,HIGH,HIGH,HIGH,HIGH,HIGH,HIGH,HIGH,YES,JM1
HIGH,HIGH,HIGH,HIGH,HIGH,HIGH,HIGH,HIGH,YES,JM1
HIGH,HIGH,LOW,LOW,HIGH,HIGH,HIGH,HIGH,YES,JM1
HIGH,HIGH,HIGH,HIGH,LOW,LOW,LOW,HIGH,YES,JM1
HIGH,HIGH,HIGH,HIGH,HIGH,HIGH,HIGH,HIGH,YES,JM1
HIGH,HIGH,MEDIUM,HIGH,HIGH,HIGH,HIGH,HIGH,NO,JM1
MEDIUM,LOW,LOW,LOW,MEDIUM,LOW,LOW,LOW,NO,JM1
HIGH,MEDIUM,LOW,HIGH,HIGH,HIGH,HIGH,HIGH,NO,JM1
HIGH,HIGH,HIGH,HIGH,LOW,LOW,LOW,HIGH,NO,JM1
HIGH,HIGH,LOW,HIGH,HIGH,HIGH,HIGH,HIGH,NO,JM1
LOW,LOW,LOW,LOW,LOW,LOW,LOW,LOW,NO,JM1
HIGH,HIGH,HIGH,HIGH,HIGH,HIGH,HIGH,HIGH,NO,JM1
HIGH,MEDIUM,LOW,MEDIUM,HIGH,HIGH,HIGH,MEDIUM,NO,JM1
HIGH,HIGH,HIGH,MEDIUM,HIGH,HIGH,HIGH,HIGH,NO,JM1
HIGH,MEDIUM,LOW,MEDIUM,HIGH,HIGH,HIGH,MEDIUM,NO,JM1
LOW,LOW,LOW,LOW,LOW,LOW,LOW,LOW,NO,JM1
HIGH,LOW,MEDIUM,MEDIUM,HIGH,HIGH,HIGH,LOW,NO,JM1
MEDIUM,MEDIUM,LOW,MEDIUM,LOW,LOW,LOW,MEDIUM,NO,JM1
MEDIUM,LOW,LOW,LOW,MEDIUM,MEDIUM,MEDIUM,LOW,NO,JM1
HIGH,HIGH,HIGH,HIGH,HIGH,HIGH,HIGH,HIGH,NO,JM1
MEDIUM,LOW,MEDIUM,LOW,MEDIUM,LOW,MEDIUM,LOW,NO,JM1
MEDIUM,MEDIUM,MEDIUM,MEDIUM,HIGH,MEDIUM,MEDIUM,MEDIUM,NO,JM1
MEDIUM,MEDIUM,HIGH,MEDIUM,MEDIUM,MEDIUM,MEDIUM,MEDIUM,NO,JM1
LOW,LOW,LOW,MEDIUM,MEDIUM,MEDIUM,MEDIUM,LOW,NO,JM1
LOW,LOW,LOW,LOW,LOW,LOW,LOW,LOW,NO,JM1
HIGH,HIGH,HIGH,HIGH,HIGH,HIGH,HIGH,HIGH,NO,JM1
MEDIUM,MEDIUM,LOW,MEDIUM,HIGH,MEDIUM,HIGH,MEDIUM,NO,JM1
LOW,MEDIUM,HIGH,MEDIUM,MEDIUM,MEDIUM,MEDIUM,MEDIUM,NO,JM1
HIGH,HIGH,HIGH,HIGH,HIGH,HIGH,HIGH,HIGH,NO,JM1
MEDIUM,HIGH,HIGH,MEDIUM,LOW,LOW,LOW,HIGH,NO,JM1
HIGH,LOW,LOW,MEDIUM,HIGH,LOW,MEDIUM,LOW,NO,JM1
HIGH,HIGH,HIGH,HIGH,HIGH,HIGH,HIGH,HIGH,NO,JM1
HIGH,HIGH,LOW,HIGH,HIGH,HIGH,HIGH,HIGH,NO,JM1
HIGH,HIGH,HIGH,HIGH,HIGH,HIGH,HIGH,HIGH,NO,JM1
MEDIUM,LOW,LOW,LOW,MEDIUM,MEDIUM,MEDIUM,LOW,NO,JM1
LOW,LOW,LOW,LOW,LOW,LOW,LOW,LOW,NO,JM1
HIGH,MEDIUM,LOW,HIGH,HIGH,HIGH,HIGH,MEDIUM,NO,JM1
HIGH,MEDIUM,MEDIUM,HIGH,HIGH,HIGH,HIGH,MEDIUM,NO,JM1
LOW,LOW,LOW,LOW,LOW,LOW,LOW,LOW,NO,JM1
HIGH,HIGH,MEDIUM,HIGH,HIGH,HIGH,HIGH,HIGH,NO,JM1
HIGH,HIGH,HIGH,HIGH,HIGH,HIGH,HIGH,HIGH,NO,JM1
LOW,LOW,LOW,LOW,LOW,LOW,LOW,LOW,NO,JM1
HIGH,HIGH,HIGH,HIGH,LOW,LOW,LOW,HIGH,NO,JM1
HIGH,HIGH,HIGH,HIGH,HIGH,HIGH,HIGH,HIGH,NO,JM1
LOW,LOW,LOW,LOW,LOW,LOW,LOW,LOW,NO,JM1
LOW,LOW,LOW,LOW,LOW,MEDIUM,MEDIUM,LOW,NO,JM1
HIGH,HIGH,HIGH,HIGH,HIGH,HIGH,HIGH,HIGH,NO,JM1
LOW,LOW,LOW,LOW,LOW,LOW,LOW,LOW,NO,JM1
HIGH,HIGH,LOW,HIGH,MEDIUM,MEDIUM,MEDIUM,HIGH,NO,JM1
LOW,LOW,LOW,LOW,LOW,LOW,LOW,LOW,NO,JM1
LOW,LOW,LOW,LOW,LOW,LOW,LOW,LOW,NO,JM1
LOW,LOW,LOW,LOW,MEDIUM,MEDIUM,MEDIUM,LOW,NO,JM1
HIGH,LOW,LOW,LOW,MEDIUM,MEDIUM,MEDIUM,LOW,NO,JM1
HIGH,HIGH,HIGH,HIGH,HIGH,HIGH,HIGH,HIGH,NO,JM1
MEDIUM,HIGH,HIGH,HIGH,HIGH,HIGH,HIGH,HIGH,NO,JM1
HIGH,HIGH,HIGH,LOW,HIGH,HIGH,HIGH,HIGH,NO,JM1
MEDIUM,MEDIUM,HIGH,LOW,HIGH,HIGH,HIGH,MEDIUM,NO,JM1
HIGH,HIGH,LOW,HIGH,HIGH,HIGH,HIGH,HIGH,NO,JM1
LOW,LOW,MEDIUM,LOW,LOW,MEDIUM,LOW,LOW,NO,JM1
HIGH,HIGH,HIGH,LOW,HIGH,HIGH,HIGH,HIGH,NO,JM1
HIGH,LOW,LOW,LOW,LOW,LOW,LOW,LOW,NO,JM1
MEDIUM,MEDIUM,LOW,LOW,HIGH,MEDIUM,HIGH,MEDIUM,NO,JM1
MEDIUM,MEDIUM,HIGH,LOW,HIGH,HIGH,HIGH,MEDIUM,NO,JM1
MEDIUM,MEDIUM,HIGH,MEDIUM,MEDIUM,HIGH,HIGH,MEDIUM,NO,JM1
HIGH,HIGH,MEDIUM,HIGH,HIGH,HIGH,HIGH,HIGH,NO,JM1
MEDIUM,MEDIUM,LOW,MEDIUM,MEDIUM,LOW,LOW,MEDIUM,NO,JM1
LOW,LOW,LOW,MEDIUM,LOW,LOW,LOW,LOW,NO,JM1
LOW,MEDIUM,HIGH,HIGH,MEDIUM,MEDIUM,MEDIUM,MEDIUM,NO,JM1
HIGH,HIGH,HIGH,HIGH,HIGH,HIGH,HIGH,HIGH,NO,JM1
LOW,LOW,LOW,LOW,LOW,LOW,LOW,LOW,NO,JM1
HIGH,HIGH,HIGH,HIGH,HIGH,HIGH,HIGH,HIGH,NO,JM1
HIGH,HIGH,HIGH,HIGH,HIGH,HIGH,HIGH,HIGH,NO,JM1
HIGH,HIGH,HIGH,HIGH,LOW,LOW,LOW,HIGH,NO,JM1
MEDIUM,HIGH,LOW,HIGH,MEDIUM,LOW,LOW,HIGH,NO,JM1
HIGH,LOW,LOW,MEDIUM,HIGH,MEDIUM,HIGH,LOW,NO,JM1
HIGH,LOW,LOW,LOW,HIGH,MEDIUM,MEDIUM,LOW,NO,JM1
HIGH,HIGH,LOW,HIGH,HIGH,HIGH,HIGH,HIGH,NO,JM1
MEDIUM,LOW,MEDIUM,LOW,HIGH,MEDIUM,MEDIUM,LOW,NO,JM1
HIGH,LOW,LOW,LOW,HIGH,HIGH,HIGH,LOW,NO,JM1
MEDIUM,LOW,MEDIUM,LOW,HIGH,MEDIUM,MEDIUM,LOW,NO,JM1
MEDIUM,LOW,MEDIUM,LOW,HIGH,MEDIUM,MEDIUM,LOW,NO,JM1
HIGH,MEDIUM,MEDIUM,MEDIUM,LOW,LOW,LOW,MEDIUM,NO,JM1
MEDIUM,LOW,MEDIUM,LOW,HIGH,MEDIUM,HIGH,LOW,NO,JM1
HIGH,LOW,LOW,MEDIUM,LOW,LOW,LOW,LOW,NO,JM1
HIGH,MEDIUM,LOW,MEDIUM,LOW,LOW,LOW,MEDIUM,NO,JM1
HIGH,HIGH,HIGH,HIGH,LOW,LOW,LOW,HIGH,NO,JM1
HIGH,MEDIUM,LOW,LOW,HIGH,HIGH,HIGH,MEDIUM,NO,JM1
MEDIUM,HIGH,HIGH,LOW,MEDIUM,HIGH,MEDIUM,HIGH,NO,JM1
HIGH,HIGH,MEDIUM,MEDIUM,MEDIUM,HIGH,HIGH,HIGH,NO,JM1
LOW,MEDIUM,HIGH,LOW,LOW,MEDIUM,LOW,MEDIUM,NO,JM1
MEDIUM,LOW,LOW,LOW,MEDIUM,LOW,MEDIUM,LOW,NO,JM1
HIGH,HIGH,HIGH,HIGH,LOW,LOW,LOW,HIGH,NO,JM1
MEDIUM,LOW,LOW,LOW,LOW,LOW,LOW,LOW,NO,JM1
MEDIUM,MEDIUM,HIGH,MEDIUM,MEDIUM,MEDIUM,MEDIUM,MEDIUM,NO,JM1
HIGH,HIGH,LOW,HIGH,HIGH,HIGH,HIGH,HIGH,NO,JM1
HIGH,HIGH,HIGH,HIGH,HIGH,HIGH,HIGH,HIGH,NO,JM1
MEDIUM,MEDIUM,LOW,LOW,MEDIUM,HIGH,MEDIUM,MEDIUM,NO,JM1
HIGH,MEDIUM,LOW,HIGH,HIGH,HIGH,HIGH,MEDIUM,NO,JM1
HIGH,HIGH,HIGH,HIGH,HIGH,HIGH,HIGH,HIGH,NO,JM1
HIGH,HIGH,HIGH,LOW,HIGH,HIGH,HIGH,HIGH,NO,JM1
MEDIUM,MEDIUM,HIGH,LOW,MEDIUM,MEDIUM,MEDIUM,MEDIUM,NO,JM1
HIGH,HIGH,HIGH,LOW,MEDIUM,HIGH,HIGH,HIGH,NO,JM1
LOW,MEDIUM,LOW,MEDIUM,MEDIUM,MEDIUM,MEDIUM,MEDIUM,NO,JM1
HIGH,HIGH,LOW,LOW,HIGH,HIGH,HIGH,HIGH,NO,JM1
LOW,LOW,LOW,LOW,LOW,MEDIUM,LOW,LOW,NO,JM1
LOW,MEDIUM,MEDIUM,MEDIUM,LOW,MEDIUM,LOW,MEDIUM,NO,JM1
LOW,LOW,LOW,LOW,LOW,LOW,LOW,LOW,NO,JM1
MEDIUM,HIGH,HIGH,HIGH,LOW,LOW,LOW,HIGH,NO,JM1
HIGH,HIGH,HIGH,HIGH,LOW,LOW,LOW,HIGH,NO,JM1
LOW,LOW,LOW,LOW,LOW,LOW,LOW,LOW,NO,JM1
HIGH,HIGH,HIGH,LOW,LOW,LOW,LOW,HIGH,NO,JM1
LOW,LOW,MEDIUM,LOW,LOW,MEDIUM,LOW,LOW,NO,JM1
HIGH,HIGH,HIGH,HIGH,HIGH,MEDIUM,HIGH,HIGH,NO,JM1
LOW,LOW,LOW,LOW,LOW,LOW,LOW,LOW,NO,JM1
LOW,LOW,LOW,LOW,LOW,MEDIUM,LOW,LOW,NO,JM1
MEDIUM,LOW,LOW,LOW,MEDIUM,MEDIUM,MEDIUM,LOW,NO,JM1
MEDIUM,LOW,LOW,LOW,MEDIUM,MEDIUM,MEDIUM,LOW,NO,JM1
LOW,LOW,LOW,LOW,LOW,LOW,LOW,LOW,NO,JM1
MEDIUM,LOW,LOW,LOW,MEDIUM,LOW,MEDIUM,LOW,NO,JM1
MEDIUM,HIGH,MEDIUM,HIGH,HIGH,MEDIUM,HIGH,HIGH,NO,JM1
LOW,LOW,LOW,LOW,LOW,MEDIUM,LOW,LOW,NO,JM1
MEDIUM,MEDIUM,LOW,LOW,MEDIUM,MEDIUM,MEDIUM,MEDIUM,NO,JM1
HIGH,LOW,LOW,LOW,HIGH,HIGH,HIGH,LOW,NO,JM1
LOW,LOW,LOW,LOW,LOW,LOW,LOW,LOW,NO,JM1
HIGH,HIGH,HIGH,HIGH,HIGH,HIGH,HIGH,HIGH,NO,JM1
LOW,MEDIUM,MEDIUM,LOW,LOW,MEDIUM,MEDIUM,MEDIUM,NO,JM1
LOW,LOW,LOW,LOW,LOW,LOW,LOW,LOW,NO,JM1
LOW,LOW,LOW,LOW,LOW,LOW,LOW,LOW,NO,JM1
LOW,MEDIUM,HIGH,MEDIUM,LOW,LOW,LOW,MEDIUM,NO,JM1
LOW,MEDIUM,HIGH,MEDIUM,LOW,LOW,LOW,MEDIUM,NO,JM1
LOW,MEDIUM,HIGH,MEDIUM,LOW,LOW,LOW,MEDIUM,NO,JM1
MEDIUM,MEDIUM,LOW,MEDIUM,MEDIUM,HIGH,MEDIUM,MEDIUM,NO,JM1
LOW,LOW,LOW,LOW,LOW,LOW,LOW,LOW,NO,JM1
LOW,LOW,LOW,LOW,LOW,MEDIUM,LOW,LOW,NO,JM1
LOW,LOW,LOW,LOW,LOW,LOW,LOW,LOW,NO,JM1
MEDIUM,LOW,LOW,MEDIUM,MEDIUM,LOW,MEDIUM,LOW,NO,JM1
MEDIUM,LOW,LOW,LOW,HIGH,MEDIUM,MEDIUM,LOW,NO,JM1
HIGH,HIGH,HIGH,HIGH,HIGH,HIGH,HIGH,HIGH,NO,JM1
MEDIUM,LOW,LOW,LOW,MEDIUM,LOW,MEDIUM,LOW,NO,JM1
HIGH,HIGH,HIGH,HIGH,HIGH,HIGH,HIGH,HIGH,NO,JM1
MEDIUM,MEDIUM,HIGH,MEDIUM,MEDIUM,MEDIUM,MEDIUM,MEDIUM,NO,JM1
LOW,LOW,LOW,LOW,LOW,LOW,LOW,LOW,NO,JM1
HIGH,LOW,LOW,MEDIUM,LOW,LOW,LOW,LOW,NO,JM1
LOW,LOW,LOW,LOW,LOW,LOW,LOW,LOW,NO,JM1
MEDIUM,MEDIUM,HIGH,MEDIUM,LOW,LOW,LOW,MEDIUM,NO,JM1
MEDIUM,MEDIUM,HIGH,MEDIUM,MEDIUM,HIGH,MEDIUM,MEDIUM,NO,JM1
MEDIUM,HIGH,HIGH,MEDIUM,MEDIUM,HIGH,HIGH,HIGH,NO,JM1
LOW,LOW,LOW,LOW,LOW,LOW,LOW,LOW,NO,JM1
HIGH,HIGH,HIGH,LOW,LOW,LOW,LOW,HIGH,NO,JM1
LOW,LOW,LOW,LOW,LOW,LOW,LOW,LOW,NO,JM1
LOW,LOW,LOW,LOW,LOW,LOW,LOW,LOW,NO,JM1
MEDIUM,MEDIUM,LOW,HIGH,MEDIUM,HIGH,MEDIUM,MEDIUM,NO,JM1
HIGH,HIGH,HIGH,LOW,HIGH,HIGH,HIGH,HIGH,NO,JM1
MEDIUM,MEDIUM,MEDIUM,MEDIUM,MEDIUM,MEDIUM,MEDIUM,MEDIUM,NO,JM1
LOW,LOW,LOW,LOW,LOW,LOW,LOW,LOW,NO,JM1
MEDIUM,MEDIUM,MEDIUM,MEDIUM,MEDIUM,MEDIUM,MEDIUM,MEDIUM,NO,JM1
MEDIUM,MEDIUM,HIGH,LOW,MEDIUM,MEDIUM,MEDIUM,MEDIUM,NO,JM1
HIGH,HIGH,LOW,MEDIUM,LOW,LOW,LOW,HIGH,NO,JM1
MEDIUM,LOW,LOW,LOW,MEDIUM,HIGH,MEDIUM,LOW,NO,JM1
HIGH,HIGH,HIGH,HIGH,HIGH,HIGH,HIGH,HIGH,NO,JM1
MEDIUM,MEDIUM,HIGH,HIGH,MEDIUM,MEDIUM,MEDIUM,MEDIUM,NO,JM1
LOW,LOW,LOW,LOW,LOW,MEDIUM,MEDIUM,LOW,NO,JM1
MEDIUM,MEDIUM,LOW,MEDIUM,MEDIUM,MEDIUM,MEDIUM,MEDIUM,NO,JM1
MEDIUM,MEDIUM,HIGH,MEDIUM,MEDIUM,MEDIUM,MEDIUM,MEDIUM,NO,JM1
LOW,LOW,LOW,MEDIUM,LOW,MEDIUM,LOW,LOW,NO,JM1
HIGH,HIGH,LOW,LOW,HIGH,HIGH,HIGH,HIGH,NO,JM1
HIGH,MEDIUM,LOW,HIGH,HIGH,MEDIUM,HIGH,MEDIUM,NO,JM1
MEDIUM,MEDIUM,LOW,MEDIUM,MEDIUM,HIGH,MEDIUM,MEDIUM,NO,JM1
LOW,LOW,LOW,LOW,MEDIUM,MEDIUM,MEDIUM,LOW,NO,JM1
HIGH,HIGH,LOW,HIGH,HIGH,HIGH,HIGH,HIGH,NO,JM1
LOW,LOW,LOW,MEDIUM,LOW,LOW,LOW,LOW,NO,JM1
HIGH,HIGH,HIGH,HIGH,HIGH,HIGH,HIGH,HIGH,NO,JM1
LOW,LOW,LOW,LOW,LOW,LOW,LOW,LOW,NO,JM1
MEDIUM,MEDIUM,MEDIUM,MEDIUM,MEDIUM,HIGH,MEDIUM,MEDIUM,NO,JM1
HIGH,LOW,LOW,MEDIUM,HIGH,HIGH,HIGH,LOW,NO,JM1
LOW,LOW,LOW,LOW,LOW,LOW,LOW,LOW,NO,JM1
LOW,LOW,LOW,LOW,LOW,LOW,LOW,LOW,NO,JM1
LOW,LOW,LOW,LOW,LOW,LOW,LOW,LOW,NO,JM1
LOW,LOW,LOW,LOW,LOW,LOW,LOW,LOW,NO,JM1
LOW,LOW,LOW,LOW,LOW,LOW,LOW,LOW,NO,JM1
MEDIUM,LOW,LOW,LOW,LOW,LOW,LOW,LOW,NO,JM1
LOW,LOW,LOW,LOW,LOW,LOW,LOW,LOW,NO,JM1
LOW,LOW,LOW,LOW,LOW,LOW,LOW,LOW,NO,JM1
LOW,LOW,LOW,LOW,LOW,LOW,LOW,LOW,NO,JM1
LOW,LOW,LOW,LOW,LOW,LOW,LOW,LOW,NO,JM1
LOW,LOW,LOW,LOW,LOW,LOW,LOW,LOW,NO,JM1
LOW,LOW,LOW,LOW,LOW,LOW,LOW,LOW,NO,JM1
MEDIUM,HIGH,HIGH,MEDIUM,MEDIUM,HIGH,HIGH,HIGH,NO,JM1
MEDIUM,MEDIUM,MEDIUM,MEDIUM,MEDIUM,HIGH,MEDIUM,MEDIUM,NO,JM1
MEDIUM,HIGH,HIGH,MEDIUM,MEDIUM,HIGH,HIGH,HIGH,NO,JM1
LOW,MEDIUM,MEDIUM,MEDIUM,MEDIUM,HIGH,MEDIUM,MEDIUM,NO,JM1
LOW,MEDIUM,MEDIUM,MEDIUM,MEDIUM,HIGH,MEDIUM,MEDIUM,NO,JM1
LOW,MEDIUM,HIGH,MEDIUM,MEDIUM,HIGH,MEDIUM,MEDIUM,NO,JM1
LOW,MEDIUM,HIGH,MEDIUM,MEDIUM,MEDIUM,MEDIUM,MEDIUM,NO,JM1
MEDIUM,HIGH,LOW,HIGH,HIGH,HIGH,HIGH,HIGH,NO,JM1
MEDIUM,HIGH,LOW,HIGH,MEDIUM,HIGH,HIGH,HIGH,NO,JM1
MEDIUM,HIGH,LOW,HIGH,MEDIUM,HIGH,HIGH,HIGH,NO,JM1
HIGH,HIGH,LOW,MEDIUM,MEDIUM,HIGH,MEDIUM,HIGH,NO,JM1
LOW,LOW,LOW,LOW,LOW,LOW,LOW,LOW,NO,JM1
LOW,LOW,LOW,LOW,LOW,LOW,LOW,LOW,NO,JM1
LOW,MEDIUM,LOW,MEDIUM,LOW,LOW,LOW,MEDIUM,NO,JM1
LOW,LOW,LOW,LOW,MEDIUM,LOW,LOW,LOW,NO,JM1
HIGH,HIGH,HIGH,HIGH,HIGH,HIGH,HIGH,HIGH,NO,JM1
MEDIUM,MEDIUM,LOW,HIGH,MEDIUM,MEDIUM,MEDIUM,MEDIUM,NO,JM1
LOW,LOW,LOW,LOW,LOW,LOW,LOW,LOW,NO,JM1
LOW,LOW,LOW,LOW,LOW,LOW,LOW,LOW,NO,JM1
LOW,LOW,LOW,LOW,LOW,LOW,LOW,LOW,NO,JM1
LOW,MEDIUM,HIGH,MEDIUM,HIGH,HIGH,HIGH,MEDIUM,NO,JM1
LOW,LOW,LOW,LOW,LOW,LOW,LOW,LOW,NO,JM1
LOW,LOW,LOW,LOW,LOW,LOW,LOW,LOW,NO,JM1
LOW,LOW,LOW,LOW,LOW,LOW,LOW,LOW,NO,JM1
MEDIUM,HIGH,HIGH,HIGH,HIGH,MEDIUM,MEDIUM,HIGH,NO,JM1
MEDIUM,HIGH,LOW,HIGH,MEDIUM,MEDIUM,MEDIUM,HIGH,NO,JM1
LOW,LOW,LOW,LOW,LOW,LOW,LOW,LOW,NO,JM1
LOW,LOW,LOW,LOW,LOW,LOW,LOW,LOW,NO,JM1
LOW,LOW,LOW,LOW,LOW,LOW,LOW,LOW,NO,JM1
HIGH,HIGH,HIGH,HIGH,LOW,LOW,LOW,HIGH,NO,JM1
LOW,LOW,LOW,LOW,LOW,LOW,LOW,LOW,NO,JM1
LOW,LOW,MEDIUM,LOW,LOW,LOW,LOW,LOW,NO,JM1
LOW,LOW,LOW,LOW,LOW,LOW,LOW,LOW,NO,JM1
LOW,LOW,LOW,LOW,LOW,LOW,LOW,LOW,NO,JM1
LOW,LOW,MEDIUM,LOW,LOW,LOW,LOW,LOW,NO,JM1
LOW,LOW,MEDIUM,LOW,LOW,LOW,LOW,LOW,NO,JM1
LOW,LOW,LOW,LOW,LOW,LOW,LOW,LOW,NO,JM1
LOW,LOW,LOW,LOW,LOW,LOW,LOW,LOW,NO,JM1
LOW,LOW,LOW,LOW,MEDIUM,MEDIUM,MEDIUM,LOW,NO,JM1
LOW,LOW,LOW,LOW,LOW,LOW,LOW,LOW,NO,JM1
LOW,LOW,LOW,LOW,LOW,LOW,LOW,LOW,NO,JM1
HIGH,HIGH,HIGH,HIGH,LOW,LOW,LOW,HIGH,NO,JM1
LOW,LOW,LOW,LOW,LOW,LOW,LOW,LOW,NO,JM1
LOW,LOW,LOW,LOW,LOW,LOW,LOW,LOW,NO,JM1
MEDIUM,MEDIUM,HIGH,MEDIUM,MEDIUM,MEDIUM,MEDIUM,MEDIUM,NO,JM1
MEDIUM,LOW,LOW,MEDIUM,HIGH,HIGH,HIGH,LOW,NO,JM1
LOW,LOW,LOW,LOW,MEDIUM,MEDIUM,MEDIUM,LOW,NO,JM1
HIGH,HIGH,LOW,HIGH,HIGH,HIGH,HIGH,HIGH,NO,JM1
LOW,LOW,LOW,LOW,LOW,LOW,LOW,LOW,NO,JM1
HIGH,HIGH,HIGH,MEDIUM,HIGH,HIGH,HIGH,HIGH,NO,JM1
HIGH,HIGH,HIGH,HIGH,HIGH,HIGH,HIGH,HIGH,NO,JM1
LOW,LOW,LOW,LOW,LOW,LOW,LOW,LOW,NO,JM1
HIGH,MEDIUM,HIGH,HIGH,HIGH,HIGH,HIGH,MEDIUM,NO,JM1
MEDIUM,HIGH,HIGH,MEDIUM,MEDIUM,MEDIUM,MEDIUM,HIGH,NO,JM1
LOW,LOW,LOW,LOW,LOW,LOW,LOW,LOW,NO,JM1
HIGH,HIGH,LOW,HIGH,HIGH,HIGH,HIGH,HIGH,NO,JM1
MEDIUM,MEDIUM,LOW,MEDIUM,MEDIUM,MEDIUM,MEDIUM,MEDIUM,NO,JM1
LOW,LOW,LOW,LOW,LOW,LOW,LOW,LOW,NO,JM1
LOW,LOW,LOW,LOW,LOW,LOW,LOW,LOW,NO,JM1
MEDIUM,LOW,LOW,LOW,MEDIUM,MEDIUM,MEDIUM,LOW,NO,JM1
HIGH,MEDIUM,HIGH,MEDIUM,HIGH,HIGH,HIGH,MEDIUM,NO,JM1
LOW,LOW,LOW,LOW,LOW,LOW,LOW,LOW,NO,JM1
HIGH,HIGH,HIGH,MEDIUM,HIGH,HIGH,HIGH,HIGH,NO,JM1
MEDIUM,MEDIUM,MEDIUM,MEDIUM,MEDIUM,MEDIUM,MEDIUM,MEDIUM,NO,JM1
MEDIUM,MEDIUM,LOW,MEDIUM,MEDIUM,MEDIUM,MEDIUM,MEDIUM,NO,JM1
LOW,LOW,LOW,LOW,LOW,LOW,LOW,LOW,NO,JM1
LOW,LOW,LOW,LOW,LOW,LOW,LOW,LOW,NO,JM1
HIGH,HIGH,MEDIUM,MEDIUM,HIGH,HIGH,HIGH,HIGH,NO,JM1
LOW,LOW,LOW,LOW,LOW,LOW,LOW,LOW,NO,JM1
LOW,LOW,LOW,LOW,LOW,LOW,LOW,LOW,NO,JM1
MEDIUM,MEDIUM,LOW,HIGH,MEDIUM,LOW,MEDIUM,MEDIUM,NO,JM1
MEDIUM,MEDIUM,HIGH,LOW,MEDIUM,MEDIUM,MEDIUM,MEDIUM,NO,JM1
LOW,LOW,LOW,LOW,LOW,LOW,LOW,LOW,NO,JM1
LOW,LOW,LOW,LOW,LOW,MEDIUM,LOW,LOW,NO,JM1
LOW,LOW,LOW,LOW,LOW,LOW,LOW,LOW,NO,JM1
LOW,LOW,LOW,LOW,LOW,LOW,LOW,LOW,NO,JM1
LOW,LOW,LOW,LOW,LOW,LOW,LOW,LOW,NO,JM1
LOW,LOW,LOW,LOW,LOW,LOW,LOW,LOW,NO,JM1
LOW,LOW,LOW,LOW,LOW,LOW,LOW,LOW,NO,JM1
LOW,LOW,LOW,LOW,LOW,LOW,LOW,LOW,NO,JM1
LOW,LOW,LOW,LOW,LOW,LOW,LOW,LOW,NO,JM1
LOW,LOW,LOW,LOW,LOW,LOW,LOW,LOW,NO,JM1
LOW,LOW,LOW,LOW,LOW,LOW,LOW,LOW,NO,JM1
LOW,LOW,LOW,LOW,LOW,LOW,LOW,LOW,NO,JM1
LOW,LOW,LOW,LOW,LOW,LOW,LOW,LOW,NO,JM1
LOW,LOW,LOW,LOW,LOW,LOW,LOW,LOW,NO,JM1
HIGH,HIGH,LOW,HIGH,HIGH,HIGH,HIGH,HIGH,NO,JM1
LOW,LOW,LOW,LOW,LOW,LOW,LOW,LOW,NO,JM1
MEDIUM,MEDIUM,LOW,MEDIUM,MEDIUM,MEDIUM,MEDIUM,MEDIUM,NO,JM1
LOW,LOW,LOW,LOW,LOW,LOW,LOW,LOW,NO,JM1
LOW,LOW,LOW,LOW,LOW,LOW,LOW,LOW,NO,JM1
MEDIUM,LOW,LOW,LOW,MEDIUM,MEDIUM,MEDIUM,LOW,NO,JM1
HIGH,HIGH,HIGH,HIGH,HIGH,HIGH,HIGH,HIGH,NO,JM1
LOW,LOW,LOW,LOW,MEDIUM,MEDIUM,MEDIUM,LOW,NO,JM1
LOW,LOW,LOW,LOW,LOW,LOW,LOW,LOW,NO,JM1
MEDIUM,LOW,LOW,LOW,MEDIUM,MEDIUM,MEDIUM,LOW,NO,JM1
LOW,LOW,LOW,LOW,MEDIUM,MEDIUM,MEDIUM,LOW,NO,JM1
MEDIUM,LOW,LOW,LOW,MEDIUM,LOW,MEDIUM,LOW,NO,JM1
LOW,LOW,MEDIUM,LOW,LOW,LOW,LOW,LOW,NO,JM1
MEDIUM,HIGH,HIGH,MEDIUM,LOW,LOW,LOW,HIGH,NO,JM1
HIGH,HIGH,HIGH,HIGH,LOW,LOW,LOW,HIGH,NO,JM1
HIGH,HIGH,HIGH,LOW,LOW,LOW,LOW,HIGH,NO,JM1
HIGH,HIGH,HIGH,HIGH,LOW,LOW,LOW,HIGH,NO,JM1
HIGH,MEDIUM,MEDIUM,MEDIUM,HIGH,HIGH,HIGH,MEDIUM,NO,JM1
MEDIUM,LOW,LOW,MEDIUM,MEDIUM,MEDIUM,MEDIUM,LOW,NO,JM1
LOW,LOW,LOW,LOW,MEDIUM,MEDIUM,MEDIUM,LOW,NO,JM1
LOW,LOW,LOW,LOW,MEDIUM,MEDIUM,MEDIUM,LOW,NO,JM1
LOW,LOW,LOW,LOW,LOW,LOW,LOW,LOW,NO,JM1
HIGH,HIGH,HIGH,HIGH,LOW,LOW,LOW,HIGH,NO,JM1
HIGH,HIGH,HIGH,HIGH,HIGH,HIGH,HIGH,HIGH,NO,JM1
HIGH,LOW,LOW,MEDIUM,MEDIUM,MEDIUM,MEDIUM,LOW,NO,JM1
LOW,LOW,LOW,LOW,LOW,LOW,LOW,LOW,NO,JM1
HIGH,HIGH,LOW,LOW,HIGH,HIGH,HIGH,HIGH,NO,JM1
HIGH,LOW,LOW,LOW,HIGH,HIGH,HIGH,LOW,NO,JM1
MEDIUM,LOW,LOW,LOW,HIGH,MEDIUM,MEDIUM,LOW,NO,JM1
MEDIUM,MEDIUM,MEDIUM,LOW,MEDIUM,HIGH,MEDIUM,MEDIUM,NO,JM1
LOW,MEDIUM,MEDIUM,LOW,LOW,HIGH,MEDIUM,MEDIUM,NO,JM1
HIGH,HIGH,HIGH,MEDIUM,HIGH,HIGH,HIGH,HIGH,NO,JM1
HIGH,MEDIUM,LOW,MEDIUM,MEDIUM,HIGH,HIGH,MEDIUM,NO,JM1
MEDIUM,MEDIUM,HIGH,LOW,MEDIUM,HIGH,MEDIUM,MEDIUM,NO,JM1
LOW,LOW,LOW,MEDIUM,LOW,LOW,LOW,LOW,NO,JM1
LOW,LOW,LOW,LOW,LOW,LOW,LOW,LOW,NO,JM1
HIGH,MEDIUM,MEDIUM,LOW,MEDIUM,HIGH,HIGH,MEDIUM,NO,JM1
HIGH,LOW,LOW,MEDIUM,HIGH,MEDIUM,HIGH,LOW,NO,JM1
LOW,LOW,LOW,LOW,MEDIUM,MEDIUM,MEDIUM,LOW,NO,JM1
HIGH,HIGH,HIGH,HIGH,HIGH,HIGH,HIGH,HIGH,NO,JM1
HIGH,LOW,LOW,LOW,HIGH,MEDIUM,HIGH,LOW,NO,JM1
MEDIUM,LOW,LOW,LOW,MEDIUM,LOW,MEDIUM,LOW,NO,JM1
LOW,LOW,LOW,LOW,MEDIUM,MEDIUM,MEDIUM,LOW,NO,JM1
LOW,LOW,LOW,LOW,LOW,LOW,LOW,LOW,NO,JM1
LOW,LOW,LOW,LOW,LOW,LOW,LOW,LOW,NO,JM1
MEDIUM,LOW,LOW,LOW,MEDIUM,HIGH,MEDIUM,LOW,NO,JM1
LOW,LOW,LOW,LOW,LOW,LOW,LOW,LOW,NO,JM1
MEDIUM,HIGH,HIGH,MEDIUM,HIGH,HIGH,HIGH,HIGH,NO,JM1
LOW,LOW,LOW,LOW,LOW,LOW,LOW,LOW,NO,JM1
MEDIUM,MEDIUM,HIGH,LOW,MEDIUM,HIGH,MEDIUM,MEDIUM,NO,JM1
HIGH,MEDIUM,LOW,HIGH,HIGH,MEDIUM,HIGH,MEDIUM,NO,JM1
HIGH,HIGH,HIGH,HIGH,HIGH,HIGH,HIGH,HIGH,NO,JM1
LOW,LOW,LOW,LOW,MEDIUM,MEDIUM,MEDIUM,LOW,NO,JM1
HIGH,LOW,MEDIUM,MEDIUM,HIGH,HIGH,HIGH,LOW,NO,JM1
MEDIUM,LOW,LOW,MEDIUM,MEDIUM,MEDIUM,MEDIUM,LOW,NO,JM1
HIGH,HIGH,HIGH,MEDIUM,HIGH,HIGH,HIGH,HIGH,NO,JM1
MEDIUM,MEDIUM,LOW,MEDIUM,MEDIUM,HIGH,HIGH,MEDIUM,NO,JM1
MEDIUM,LOW,LOW,MEDIUM,LOW,MEDIUM,LOW,LOW,NO,JM1
HIGH,HIGH,LOW,HIGH,HIGH,HIGH,HIGH,HIGH,NO,JM1
LOW,LOW,LOW,LOW,LOW,LOW,LOW,LOW,NO,JM1
HIGH,LOW,LOW,LOW,HIGH,MEDIUM,HIGH,LOW,NO,JM1
HIGH,LOW,LOW,LOW,HIGH,MEDIUM,HIGH,LOW,NO,JM1
HIGH,MEDIUM,MEDIUM,LOW,MEDIUM,HIGH,HIGH,MEDIUM,NO,JM1
MEDIUM,LOW,LOW,LOW,MEDIUM,MEDIUM,MEDIUM,LOW,NO,JM1
MEDIUM,LOW,LOW,LOW,MEDIUM,MEDIUM,MEDIUM,LOW,NO,JM1
MEDIUM,MEDIUM,MEDIUM,LOW,LOW,LOW,LOW,MEDIUM,NO,JM1
LOW,LOW,LOW,LOW,LOW,LOW,LOW,LOW,NO,JM1
LOW,LOW,LOW,LOW,LOW,LOW,LOW,LOW,NO,JM1
MEDIUM,MEDIUM,LOW,HIGH,MEDIUM,HIGH,MEDIUM,MEDIUM,NO,JM1
LOW,MEDIUM,HIGH,MEDIUM,LOW,MEDIUM,MEDIUM,MEDIUM,NO,JM1
LOW,LOW,LOW,LOW,LOW,LOW,LOW,LOW,NO,JM1
HIGH,MEDIUM,LOW,MEDIUM,HIGH,HIGH,HIGH,MEDIUM,NO,JM1
MEDIUM,MEDIUM,HIGH,MEDIUM,LOW,LOW,LOW,MEDIUM,NO,JM1
LOW,LOW,MEDIUM,LOW,LOW,LOW,LOW,LOW,NO,JM1
LOW,LOW,MEDIUM,LOW,LOW,LOW,LOW,LOW,NO,JM1
MEDIUM,LOW,LOW,MEDIUM,MEDIUM,MEDIUM,MEDIUM,LOW,NO,JM1
LOW,LOW,LOW,MEDIUM,LOW,LOW,LOW,LOW,NO,JM1
MEDIUM,LOW,LOW,LOW,MEDIUM,MEDIUM,MEDIUM,LOW,NO,JM1
LOW,LOW,LOW,LOW,LOW,LOW,LOW,LOW,NO,JM1
LOW,LOW,LOW,LOW,MEDIUM,MEDIUM,MEDIUM,LOW,NO,JM1
LOW,LOW,LOW,MEDIUM,MEDIUM,LOW,MEDIUM,LOW,NO,JM1
LOW,LOW,LOW,LOW,LOW,LOW,LOW,LOW,NO,JM1
MEDIUM,LOW,LOW,LOW,MEDIUM,HIGH,MEDIUM,LOW,NO,JM1
MEDIUM,LOW,LOW,LOW,LOW,LOW,LOW,LOW,NO,JM1
MEDIUM,MEDIUM,LOW,LOW,HIGH,HIGH,HIGH,MEDIUM,NO,JM1
MEDIUM,LOW,LOW,LOW,MEDIUM,MEDIUM,MEDIUM,LOW,NO,JM1
HIGH,HIGH,HIGH,MEDIUM,HIGH,HIGH,HIGH,HIGH,NO,JM1
MEDIUM,LOW,LOW,LOW,MEDIUM,HIGH,HIGH,LOW,NO,JM1
LOW,LOW,LOW,MEDIUM,MEDIUM,LOW,MEDIUM,LOW,NO,JM1
MEDIUM,MEDIUM,MEDIUM,MEDIUM,MEDIUM,HIGH,HIGH,MEDIUM,NO,JM1
LOW,LOW,LOW,LOW,LOW,MEDIUM,MEDIUM,LOW,NO,JM1
HIGH,MEDIUM,HIGH,LOW,LOW,LOW,LOW,MEDIUM,NO,JM1
HIGH,HIGH,LOW,HIGH,HIGH,HIGH,HIGH,HIGH,NO,JM1
MEDIUM,HIGH,HIGH,LOW,LOW,LOW,LOW,HIGH,NO,JM1
LOW,LOW,LOW,LOW,LOW,MEDIUM,LOW,LOW,NO,JM1
MEDIUM,HIGH,HIGH,LOW,HIGH,HIGH,HIGH,HIGH,NO,JM1
HIGH,HIGH,LOW,HIGH,HIGH,HIGH,HIGH,HIGH,NO,JM1
MEDIUM,MEDIUM,MEDIUM,MEDIUM,MEDIUM,HIGH,MEDIUM,MEDIUM,NO,JM1
HIGH,MEDIUM,LOW,MEDIUM,MEDIUM,MEDIUM,MEDIUM,LOW,NO,JM1
LOW,LOW,LOW,LOW,LOW,LOW,LOW,LOW,NO,JM1
LOW,LOW,LOW,LOW,LOW,LOW,LOW,LOW,NO,JM1
HIGH,HIGH,LOW,HIGH,HIGH,HIGH,HIGH,MEDIUM,NO,JM1
LOW,LOW,LOW,LOW,LOW,LOW,LOW,LOW,NO,JM1
MEDIUM,MEDIUM,LOW,MEDIUM,HIGH,MEDIUM,MEDIUM,MEDIUM,NO,JM1
MEDIUM,MEDIUM,LOW,MEDIUM,HIGH,MEDIUM,MEDIUM,MEDIUM,NO,JM1
MEDIUM,MEDIUM,LOW,MEDIUM,HIGH,MEDIUM,MEDIUM,MEDIUM,NO,JM1
LOW,LOW,LOW,LOW,LOW,LOW,LOW,LOW,NO,JM1
HIGH,HIGH,HIGH,HIGH,HIGH,HIGH,HIGH,HIGH,NO,JM1
LOW,LOW,LOW,LOW,LOW,LOW,LOW,LOW,NO,JM1
LOW,LOW,LOW,LOW,LOW,LOW,LOW,LOW,NO,JM1
HIGH,HIGH,HIGH,HIGH,HIGH,HIGH,HIGH,HIGH,NO,JM1
LOW,LOW,LOW,LOW,LOW,LOW,LOW,LOW,NO,JM1
LOW,LOW,LOW,MEDIUM,LOW,LOW,LOW,LOW,NO,JM1
LOW,LOW,LOW,LOW,MEDIUM,LOW,LOW,LOW,NO,JM1
MEDIUM,MEDIUM,HIGH,LOW,MEDIUM,HIGH,MEDIUM,MEDIUM,NO,JM1
LOW,LOW,LOW,LOW,LOW,LOW,LOW,LOW,NO,JM1
LOW,LOW,LOW,LOW,LOW,LOW,LOW,LOW,NO,JM1
HIGH,MEDIUM,LOW,MEDIUM,HIGH,MEDIUM,HIGH,MEDIUM,NO,JM1
HIGH,MEDIUM,LOW,MEDIUM,HIGH,MEDIUM,HIGH,MEDIUM,NO,JM1
HIGH,MEDIUM,LOW,MEDIUM,HIGH,MEDIUM,HIGH,MEDIUM,NO,JM1
LOW,LOW,LOW,LOW,MEDIUM,LOW,MEDIUM,LOW,NO,JM1
LOW,HIGH,HIGH,LOW,LOW,LOW,LOW,HIGH,NO,JM1
MEDIUM,MEDIUM,LOW,MEDIUM,MEDIUM,MEDIUM,MEDIUM,MEDIUM,NO,JM1
MEDIUM,HIGH,HIGH,MEDIUM,LOW,LOW,LOW,HIGH,NO,JM1
HIGH,MEDIUM,MEDIUM,LOW,HIGH,MEDIUM,MEDIUM,MEDIUM,NO,JM1
MEDIUM,MEDIUM,LOW,MEDIUM,MEDIUM,MEDIUM,MEDIUM,MEDIUM,NO,JM1
LOW,LOW,LOW,LOW,LOW,LOW,LOW,LOW,NO,JM1
LOW,MEDIUM,MEDIUM,LOW,LOW,MEDIUM,MEDIUM,MEDIUM,NO,JM1
LOW,LOW,LOW,LOW,LOW,LOW,LOW,LOW,NO,JM1
LOW,MEDIUM,MEDIUM,LOW,LOW,MEDIUM,MEDIUM,MEDIUM,NO,JM1
MEDIUM,MEDIUM,LOW,LOW,MEDIUM,MEDIUM,MEDIUM,MEDIUM,NO,JM1
LOW,LOW,LOW,LOW,LOW,LOW,LOW,LOW,NO,JM1
LOW,LOW,MEDIUM,LOW,LOW,MEDIUM,LOW,LOW,NO,JM1
HIGH,HIGH,HIGH,LOW,MEDIUM,HIGH,HIGH,HIGH,NO,JM1
HIGH,HIGH,HIGH,HIGH,HIGH,HIGH,HIGH,HIGH,NO,JM1
LOW,LOW,LOW,LOW,LOW,LOW,LOW,LOW,NO,JM1
HIGH,HIGH,HIGH,HIGH,LOW,LOW,LOW,HIGH,NO,JM1
LOW,LOW,LOW,LOW,LOW,LOW,LOW,LOW,NO,JM1
LOW,LOW,LOW,LOW,LOW,LOW,LOW,LOW,NO,JM1
MEDIUM,HIGH,HIGH,HIGH,LOW,LOW,LOW,HIGH,NO,JM1
MEDIUM,HIGH,HIGH,MEDIUM,LOW,LOW,LOW,HIGH,NO,JM1
MEDIUM,MEDIUM,HIGH,MEDIUM,LOW,LOW,LOW,MEDIUM,NO,JM1
HIGH,LOW,LOW,LOW,HIGH,MEDIUM,HIGH,LOW,NO,JM1
HIGH,LOW,LOW,LOW,HIGH,HIGH,HIGH,LOW,NO,JM1
HIGH,MEDIUM,MEDIUM,MEDIUM,HIGH,HIGH,HIGH,MEDIUM,NO,JM1
HIGH,LOW,LOW,LOW,HIGH,HIGH,HIGH,LOW,NO,JM1
LOW,LOW,LOW,LOW,LOW,LOW,LOW,LOW,NO,JM1
HIGH,LOW,LOW,MEDIUM,MEDIUM,MEDIUM,MEDIUM,LOW,NO,JM1
LOW,LOW,LOW,LOW,LOW,LOW,LOW,LOW,NO,JM1
MEDIUM,HIGH,LOW,LOW,MEDIUM,MEDIUM,MEDIUM,HIGH,NO,JM1
HIGH,HIGH,HIGH,HIGH,HIGH,HIGH,HIGH,HIGH,NO,JM1
HIGH,LOW,LOW,LOW,HIGH,HIGH,HIGH,LOW,NO,JM1
MEDIUM,LOW,LOW,LOW,MEDIUM,LOW,LOW,LOW,NO,JM1
MEDIUM,MEDIUM,MEDIUM,LOW,MEDIUM,MEDIUM,MEDIUM,MEDIUM,NO,JM1
MEDIUM,MEDIUM,LOW,MEDIUM,HIGH,HIGH,HIGH,MEDIUM,NO,JM1
LOW,LOW,LOW,LOW,LOW,LOW,LOW,LOW,NO,JM1
HIGH,HIGH,HIGH,HIGH,HIGH,HIGH,HIGH,HIGH,NO,JM1
MEDIUM,LOW,LOW,LOW,HIGH,MEDIUM,MEDIUM,LOW,NO,JM1
HIGH,HIGH,HIGH,HIGH,HIGH,HIGH,HIGH,HIGH,NO,JM1
LOW,LOW,LOW,LOW,LOW,LOW,LOW,LOW,NO,JM1
LOW,LOW,LOW,LOW,LOW,LOW,LOW,LOW,NO,JM1
LOW,LOW,LOW,LOW,LOW,LOW,LOW,LOW,NO,JM1
LOW,LOW,LOW,LOW,LOW,LOW,LOW,LOW,NO,JM1
LOW,LOW,LOW,LOW,LOW,LOW,LOW,LOW,NO,JM1
LOW,LOW,LOW,LOW,LOW,LOW,LOW,LOW,NO,JM1
HIGH,HIGH,HIGH,LOW,LOW,LOW,LOW,HIGH,NO,JM1
LOW,LOW,MEDIUM,LOW,LOW,LOW,LOW,LOW,NO,JM1
LOW,LOW,MEDIUM,LOW,LOW,MEDIUM,LOW,LOW,NO,JM1
LOW,LOW,LOW,LOW,LOW,LOW,LOW,LOW,NO,JM1
LOW,LOW,LOW,LOW,LOW,LOW,LOW,LOW,NO,JM1
LOW,LOW,LOW,LOW,LOW,LOW,LOW,LOW,NO,JM1
MEDIUM,HIGH,HIGH,LOW,MEDIUM,HIGH,MEDIUM,HIGH,NO,JM1
LOW,LOW,LOW,LOW,LOW,LOW,LOW,LOW,NO,JM1
MEDIUM,HIGH,HIGH,LOW,MEDIUM,MEDIUM,MEDIUM,HIGH,NO,JM1
LOW,LOW,LOW,LOW,LOW,LOW,LOW,LOW,NO,JM1
MEDIUM,MEDIUM,HIGH,LOW,MEDIUM,MEDIUM,MEDIUM,MEDIUM,NO,JM1
LOW,LOW,LOW,LOW,LOW,LOW,LOW,LOW,NO,JM1
MEDIUM,MEDIUM,HIGH,LOW,MEDIUM,MEDIUM,MEDIUM,MEDIUM,NO,JM1
LOW,MEDIUM,LOW,LOW,LOW,MEDIUM,MEDIUM,MEDIUM,NO,JM1
HIGH,MEDIUM,LOW,MEDIUM,HIGH,HIGH,HIGH,MEDIUM,NO,JM1
HIGH,MEDIUM,LOW,MEDIUM,HIGH,HIGH,HIGH,MEDIUM,NO,JM1
LOW,LOW,LOW,LOW,LOW,LOW,LOW,LOW,NO,JM1
HIGH,HIGH,LOW,HIGH,HIGH,HIGH,HIGH,HIGH,NO,JM1
HIGH,HIGH,LOW,HIGH,HIGH,HIGH,HIGH,HIGH,NO,JM1
LOW,LOW,LOW,MEDIUM,LOW,MEDIUM,LOW,LOW,NO,JM1
LOW,MEDIUM,HIGH,LOW,LOW,LOW,LOW,MEDIUM,NO,JM1
LOW,MEDIUM,HIGH,LOW,LOW,LOW,LOW,MEDIUM,NO,JM1
LOW,LOW,LOW,LOW,MEDIUM,LOW,MEDIUM,LOW,NO,JM1
MEDIUM,LOW,LOW,LOW,MEDIUM,MEDIUM,MEDIUM,LOW,NO,JM1
LOW,LOW,LOW,LOW,MEDIUM,LOW,MEDIUM,LOW,NO,JM1
MEDIUM,LOW,LOW,LOW,MEDIUM,MEDIUM,MEDIUM,LOW,NO,JM1
MEDIUM,MEDIUM,LOW,LOW,MEDIUM,MEDIUM,MEDIUM,MEDIUM,NO,JM1
LOW,LOW,LOW,LOW,MEDIUM,LOW,MEDIUM,LOW,NO,JM1
HIGH,MEDIUM,LOW,MEDIUM,HIGH,HIGH,HIGH,MEDIUM,NO,JM1
LOW,LOW,LOW,LOW,MEDIUM,LOW,MEDIUM,LOW,NO,JM1
HIGH,MEDIUM,LOW,MEDIUM,MEDIUM,MEDIUM,MEDIUM,MEDIUM,NO,JM1
LOW,LOW,LOW,LOW,MEDIUM,LOW,MEDIUM,LOW,NO,JM1
LOW,MEDIUM,LOW,MEDIUM,LOW,LOW,LOW,MEDIUM,NO,JM1
LOW,MEDIUM,LOW,LOW,LOW,LOW,LOW,LOW,NO,JM1
LOW,LOW,LOW,LOW,LOW,MEDIUM,LOW,LOW,NO,JM1
LOW,LOW,LOW,LOW,LOW,MEDIUM,MEDIUM,LOW,NO,JM1
LOW,LOW,LOW,LOW,LOW,MEDIUM,MEDIUM,LOW,NO,JM1
LOW,LOW,LOW,LOW,MEDIUM,MEDIUM,MEDIUM,LOW,NO,JM1
MEDIUM,HIGH,LOW,MEDIUM,MEDIUM,MEDIUM,MEDIUM,HIGH,NO,JM1
MEDIUM,MEDIUM,LOW,MEDIUM,MEDIUM,MEDIUM,MEDIUM,MEDIUM,NO,JM1
LOW,LOW,LOW,LOW,LOW,LOW,LOW,LOW,NO,JM1
MEDIUM,MEDIUM,LOW,MEDIUM,MEDIUM,MEDIUM,MEDIUM,MEDIUM,NO,JM1
LOW,LOW,LOW,LOW,LOW,MEDIUM,LOW,LOW,NO,JM1
MEDIUM,LOW,MEDIUM,MEDIUM,MEDIUM,MEDIUM,MEDIUM,LOW,NO,JM1
MEDIUM,MEDIUM,HIGH,MEDIUM,LOW,LOW,LOW,MEDIUM,NO,JM1
LOW,LOW,LOW,LOW,LOW,LOW,LOW,LOW,NO,JM1
HIGH,HIGH,HIGH,HIGH,HIGH,HIGH,HIGH,HIGH,NO,JM1
MEDIUM,MEDIUM,LOW,MEDIUM,MEDIUM,MEDIUM,MEDIUM,MEDIUM,NO,JM1
MEDIUM,LOW,LOW,MEDIUM,MEDIUM,MEDIUM,MEDIUM,LOW,NO,JM1
HIGH,HIGH,LOW,HIGH,HIGH,HIGH,HIGH,HIGH,NO,JM1
MEDIUM,LOW,LOW,LOW,LOW,LOW,LOW,LOW,NO,JM1
MEDIUM,LOW,LOW,MEDIUM,MEDIUM,MEDIUM,MEDIUM,LOW,NO,JM1
LOW,LOW,LOW,LOW,MEDIUM,MEDIUM,MEDIUM,LOW,NO,JM1
HIGH,LOW,LOW,MEDIUM,HIGH,HIGH,HIGH,LOW,NO,JM1
MEDIUM,MEDIUM,HIGH,MEDIUM,HIGH,HIGH,HIGH,MEDIUM,NO,JM1
MEDIUM,LOW,LOW,MEDIUM,HIGH,HIGH,HIGH,LOW,NO,JM1
HIGH,HIGH,LOW,HIGH,HIGH,HIGH,HIGH,HIGH,NO,JM1
MEDIUM,MEDIUM,MEDIUM,LOW,MEDIUM,HIGH,MEDIUM,MEDIUM,NO,JM1
LOW,MEDIUM,LOW,MEDIUM,LOW,HIGH,MEDIUM,MEDIUM,NO,JM1
MEDIUM,LOW,LOW,LOW,MEDIUM,MEDIUM,MEDIUM,LOW,NO,JM1
MEDIUM,LOW,LOW,LOW,MEDIUM,MEDIUM,MEDIUM,LOW,NO,JM1
HIGH,HIGH,HIGH,HIGH,LOW,LOW,LOW,HIGH,NO,JM1
LOW,LOW,LOW,LOW,LOW,LOW,LOW,LOW,NO,JM1
LOW,LOW,LOW,LOW,LOW,LOW,LOW,LOW,NO,JM1
HIGH,HIGH,LOW,MEDIUM,HIGH,HIGH,HIGH,MEDIUM,NO,JM1
HIGH,HIGH,LOW,HIGH,LOW,LOW,LOW,HIGH,NO,JM1
HIGH,HIGH,LOW,HIGH,HIGH,HIGH,HIGH,HIGH,NO,JM1
LOW,LOW,LOW,LOW,LOW,LOW,LOW,LOW,NO,JM1
LOW,LOW,LOW,LOW,LOW,LOW,LOW,LOW,NO,JM1
LOW,LOW,LOW,LOW,LOW,LOW,LOW,LOW,NO,JM1
LOW,LOW,LOW,LOW,LOW,LOW,LOW,LOW,NO,JM1
LOW,LOW,LOW,LOW,LOW,LOW,LOW,LOW,NO,JM1
LOW,LOW,LOW,LOW,LOW,LOW,LOW,LOW,NO,JM1
MEDIUM,MEDIUM,MEDIUM,MEDIUM,MEDIUM,MEDIUM,MEDIUM,MEDIUM,NO,JM1
LOW,LOW,LOW,LOW,LOW,LOW,LOW,LOW,NO,JM1
LOW,LOW,LOW,LOW,LOW,LOW,LOW,LOW,NO,JM1
LOW,LOW,LOW,LOW,LOW,LOW,LOW,LOW,NO,JM1
LOW,LOW,LOW,LOW,LOW,LOW,LOW,LOW,NO,JM1
MEDIUM,MEDIUM,HIGH,LOW,MEDIUM,HIGH,MEDIUM,MEDIUM,NO,JM1
LOW,LOW,LOW,LOW,LOW,LOW,LOW,LOW,NO,JM1
LOW,LOW,LOW,LOW,LOW,LOW,LOW,LOW,NO,JM1
LOW,LOW,LOW,LOW,LOW,LOW,LOW,LOW,NO,JM1
MEDIUM,LOW,MEDIUM,LOW,MEDIUM,HIGH,MEDIUM,LOW,NO,JM1
MEDIUM,LOW,MEDIUM,LOW,MEDIUM,HIGH,MEDIUM,LOW,NO,JM1
MEDIUM,LOW,MEDIUM,LOW,MEDIUM,HIGH,MEDIUM,LOW,NO,JM1
MEDIUM,LOW,MEDIUM,LOW,MEDIUM,MEDIUM,MEDIUM,LOW,NO,JM1
LOW,LOW,LOW,LOW,LOW,LOW,LOW,LOW,NO,JM1
MEDIUM,MEDIUM,LOW,MEDIUM,MEDIUM,LOW,MEDIUM,MEDIUM,NO,JM1
MEDIUM,LOW,LOW,LOW,MEDIUM,MEDIUM,MEDIUM,LOW,NO,JM1
HIGH,HIGH,HIGH,MEDIUM,HIGH,HIGH,HIGH,HIGH,NO,JM1
HIGH,HIGH,HIGH,HIGH,HIGH,HIGH,HIGH,HIGH,NO,JM1
HIGH,HIGH,HIGH,HIGH,HIGH,HIGH,HIGH,HIGH,NO,JM1
HIGH,HIGH,HIGH,MEDIUM,HIGH,HIGH,HIGH,HIGH,NO,JM1
HIGH,HIGH,HIGH,MEDIUM,MEDIUM,HIGH,HIGH,HIGH,NO,JM1
MEDIUM,MEDIUM,LOW,MEDIUM,HIGH,MEDIUM,HIGH,MEDIUM,NO,JM1
LOW,LOW,MEDIUM,MEDIUM,LOW,LOW,LOW,LOW,NO,JM1
MEDIUM,LOW,LOW,LOW,MEDIUM,MEDIUM,MEDIUM,LOW,NO,JM1
HIGH,HIGH,HIGH,MEDIUM,HIGH,HIGH,HIGH,HIGH,NO,JM1
MEDIUM,MEDIUM,HIGH,LOW,MEDIUM,MEDIUM,MEDIUM,MEDIUM,NO,JM1
HIGH,HIGH,HIGH,MEDIUM,HIGH,HIGH,HIGH,HIGH,NO,JM1
HIGH,HIGH,HIGH,MEDIUM,HIGH,HIGH,HIGH,HIGH,NO,JM1
HIGH,HIGH,HIGH,MEDIUM,HIGH,HIGH,HIGH,HIGH,NO,JM1
HIGH,HIGH,HIGH,LOW,MEDIUM,HIGH,HIGH,HIGH,NO,JM1
LOW,LOW,LOW,LOW,LOW,LOW,LOW,LOW,NO,JM1
LOW,LOW,MEDIUM,LOW,LOW,MEDIUM,LOW,LOW,NO,JM1
MEDIUM,MEDIUM,HIGH,LOW,MEDIUM,HIGH,MEDIUM,MEDIUM,NO,JM1
MEDIUM,MEDIUM,LOW,LOW,HIGH,HIGH,HIGH,MEDIUM,NO,JM1
LOW,LOW,LOW,LOW,LOW,LOW,LOW,LOW,NO,JM1
LOW,LOW,LOW,LOW,LOW,MEDIUM,LOW,LOW,NO,JM1
LOW,LOW,LOW,LOW,LOW,LOW,LOW,LOW,NO,JM1
LOW,LOW,LOW,LOW,LOW,LOW,LOW,LOW,NO,JM1
HIGH,HIGH,LOW,HIGH,HIGH,HIGH,HIGH,MEDIUM,NO,JM1
MEDIUM,MEDIUM,HIGH,HIGH,HIGH,HIGH,HIGH,MEDIUM,NO,JM1
HIGH,MEDIUM,HIGH,MEDIUM,MEDIUM,MEDIUM,MEDIUM,MEDIUM,NO,JM1
MEDIUM,MEDIUM,HIGH,MEDIUM,MEDIUM,MEDIUM,MEDIUM,MEDIUM,NO,JM1
HIGH,MEDIUM,HIGH,MEDIUM,MEDIUM,MEDIUM,MEDIUM,MEDIUM,NO,JM1
HIGH,MEDIUM,HIGH,MEDIUM,HIGH,MEDIUM,HIGH,MEDIUM,NO,JM1
HIGH,HIGH,HIGH,HIGH,HIGH,HIGH,HIGH,HIGH,NO,JM1
LOW,LOW,LOW,LOW,LOW,MEDIUM,MEDIUM,LOW,NO,JM1
HIGH,MEDIUM,LOW,MEDIUM,HIGH,MEDIUM,HIGH,MEDIUM,NO,JM1
HIGH,HIGH,HIGH,HIGH,HIGH,HIGH,HIGH,HIGH,NO,JM1
HIGH,HIGH,HIGH,HIGH,HIGH,HIGH,HIGH,HIGH,NO,JM1
HIGH,HIGH,HIGH,HIGH,HIGH,HIGH,HIGH,HIGH,NO,JM1
LOW,LOW,LOW,LOW,MEDIUM,MEDIUM,MEDIUM,LOW,NO,JM1
HIGH,HIGH,HIGH,HIGH,HIGH,HIGH,HIGH,HIGH,NO,JM1
MEDIUM,MEDIUM,HIGH,MEDIUM,MEDIUM,MEDIUM,MEDIUM,MEDIUM,NO,JM1
HIGH,HIGH,HIGH,HIGH,HIGH,HIGH,HIGH,HIGH,NO,JM1
MEDIUM,MEDIUM,HIGH,HIGH,HIGH,HIGH,HIGH,MEDIUM,NO,JM1
HIGH,MEDIUM,LOW,MEDIUM,LOW,LOW,LOW,LOW,NO,JM1
LOW,LOW,LOW,LOW,LOW,LOW,LOW,LOW,NO,JM1
LOW,LOW,LOW,LOW,LOW,LOW,LOW,LOW,NO,JM1
LOW,LOW,LOW,LOW,LOW,LOW,LOW,LOW,NO,JM1
HIGH,HIGH,HIGH,HIGH,HIGH,MEDIUM,HIGH,HIGH,NO,JM1
MEDIUM,LOW,LOW,LOW,MEDIUM,LOW,MEDIUM,LOW,NO,JM1
MEDIUM,LOW,LOW,LOW,HIGH,MEDIUM,MEDIUM,LOW,NO,JM1
HIGH,MEDIUM,HIGH,LOW,MEDIUM,MEDIUM,MEDIUM,MEDIUM,NO,JM1
HIGH,LOW,LOW,LOW,HIGH,MEDIUM,HIGH,LOW,NO,JM1
HIGH,LOW,LOW,LOW,HIGH,MEDIUM,HIGH,LOW,NO,JM1
HIGH,LOW,LOW,LOW,HIGH,MEDIUM,HIGH,LOW,NO,JM1
HIGH,LOW,LOW,LOW,HIGH,HIGH,HIGH,LOW,NO,JM1
LOW,LOW,LOW,LOW,LOW,LOW,LOW,LOW,NO,JM1
MEDIUM,MEDIUM,MEDIUM,LOW,MEDIUM,MEDIUM,MEDIUM,MEDIUM,NO,JM1
HIGH,MEDIUM,HIGH,HIGH,HIGH,MEDIUM,HIGH,MEDIUM,NO,JM1
MEDIUM,HIGH,HIGH,HIGH,MEDIUM,MEDIUM,MEDIUM,HIGH,NO,JM1
LOW,LOW,LOW,LOW,LOW,LOW,LOW,LOW,NO,JM1
HIGH,MEDIUM,HIGH,LOW,MEDIUM,HIGH,MEDIUM,MEDIUM,NO,JM1
LOW,LOW,LOW,LOW,LOW,LOW,LOW,LOW,NO,JM1
HIGH,LOW,LOW,LOW,MEDIUM,LOW,MEDIUM,LOW,NO,JM1
MEDIUM,LOW,MEDIUM,LOW,MEDIUM,LOW,MEDIUM,LOW,NO,JM1
MEDIUM,LOW,LOW,LOW,MEDIUM,MEDIUM,MEDIUM,LOW,NO,JM1
MEDIUM,LOW,LOW,LOW,MEDIUM,LOW,MEDIUM,LOW,NO,JM1
MEDIUM,LOW,LOW,LOW,MEDIUM,LOW,LOW,LOW,NO,JM1
HIGH,HIGH,HIGH,HIGH,HIGH,HIGH,HIGH,HIGH,NO,JM1
LOW,LOW,LOW,LOW,LOW,LOW,LOW,LOW,NO,JM1
LOW,LOW,LOW,LOW,LOW,LOW,LOW,LOW,NO,JM1
HIGH,LOW,LOW,LOW,HIGH,LOW,MEDIUM,LOW,NO,JM1
LOW,LOW,LOW,LOW,LOW,LOW,LOW,LOW,NO,JM1
LOW,LOW,LOW,LOW,LOW,LOW,LOW,LOW,NO,JM1
HIGH,HIGH,HIGH,HIGH,HIGH,MEDIUM,HIGH,HIGH,NO,JM1
HIGH,HIGH,HIGH,HIGH,HIGH,HIGH,HIGH,HIGH,NO,JM1
MEDIUM,LOW,LOW,LOW,MEDIUM,LOW,LOW,LOW,NO,JM1
MEDIUM,LOW,LOW,LOW,MEDIUM,LOW,MEDIUM,LOW,NO,JM1
MEDIUM,LOW,LOW,LOW,MEDIUM,LOW,LOW,LOW,NO,JM1
LOW,LOW,LOW,LOW,LOW,LOW,LOW,LOW,NO,JM1
MEDIUM,MEDIUM,HIGH,HIGH,MEDIUM,LOW,MEDIUM,MEDIUM,NO,JM1
MEDIUM,MEDIUM,HIGH,MEDIUM,MEDIUM,MEDIUM,MEDIUM,MEDIUM,NO,JM1
HIGH,MEDIUM,HIGH,MEDIUM,HIGH,MEDIUM,MEDIUM,MEDIUM,NO,JM1
LOW,LOW,LOW,LOW,LOW,LOW,LOW,LOW,NO,JM1
MEDIUM,MEDIUM,HIGH,MEDIUM,MEDIUM,MEDIUM,MEDIUM,MEDIUM,NO,JM1
HIGH,LOW,LOW,LOW,HIGH,MEDIUM,MEDIUM,LOW,NO,JM1
LOW,LOW,LOW,LOW,LOW,LOW,LOW,LOW,NO,JM1
MEDIUM,HIGH,MEDIUM,MEDIUM,MEDIUM,HIGH,MEDIUM,HIGH,NO,JM1
MEDIUM,LOW,LOW,MEDIUM,MEDIUM,MEDIUM,MEDIUM,LOW,NO,JM1
MEDIUM,HIGH,MEDIUM,MEDIUM,HIGH,HIGH,HIGH,HIGH,NO,JM1
LOW,LOW,LOW,LOW,LOW,LOW,LOW,LOW,NO,JM1
LOW,LOW,LOW,LOW,LOW,LOW,LOW,LOW,NO,JM1
LOW,LOW,LOW,LOW,LOW,MEDIUM,MEDIUM,LOW,NO,JM1
LOW,MEDIUM,MEDIUM,LOW,LOW,MEDIUM,MEDIUM,MEDIUM,NO,JM1
MEDIUM,MEDIUM,HIGH,LOW,HIGH,HIGH,HIGH,MEDIUM,NO,JM1
MEDIUM,MEDIUM,HIGH,MEDIUM,MEDIUM,HIGH,MEDIUM,MEDIUM,NO,JM1
LOW,LOW,LOW,LOW,LOW,LOW,LOW,LOW,NO,JM1
MEDIUM,LOW,LOW,MEDIUM,MEDIUM,MEDIUM,MEDIUM,LOW,NO,JM1
LOW,MEDIUM,LOW,MEDIUM,LOW,LOW,LOW,MEDIUM,NO,JM1
HIGH,HIGH,LOW,HIGH,HIGH,HIGH,HIGH,HIGH,NO,JM1
MEDIUM,MEDIUM,HIGH,LOW,LOW,LOW,LOW,MEDIUM,NO,JM1
MEDIUM,HIGH,MEDIUM,HIGH,LOW,LOW,LOW,HIGH,NO,JM1
HIGH,HIGH,HIGH,HIGH,HIGH,HIGH,HIGH,HIGH,NO,JM1
LOW,HIGH,HIGH,LOW,MEDIUM,MEDIUM,MEDIUM,HIGH,NO,JM1
MEDIUM,MEDIUM,LOW,MEDIUM,MEDIUM,MEDIUM,MEDIUM,MEDIUM,NO,JM1
LOW,MEDIUM,LOW,LOW,MEDIUM,HIGH,MEDIUM,MEDIUM,NO,JM1
LOW,LOW,LOW,LOW,LOW,MEDIUM,LOW,LOW,NO,JM1
LOW,LOW,LOW,MEDIUM,MEDIUM,LOW,LOW,LOW,NO,JM1
LOW,MEDIUM,LOW,LOW,MEDIUM,MEDIUM,MEDIUM,MEDIUM,NO,JM1
LOW,LOW,LOW,LOW,LOW,LOW,LOW,LOW,NO,JM1
LOW,LOW,LOW,LOW,MEDIUM,LOW,LOW,LOW,NO,JM1
HIGH,HIGH,MEDIUM,LOW,HIGH,HIGH,HIGH,HIGH,NO,JM1
HIGH,HIGH,HIGH,MEDIUM,HIGH,HIGH,HIGH,HIGH,NO,JM1
MEDIUM,HIGH,HIGH,LOW,MEDIUM,MEDIUM,MEDIUM,HIGH,NO,JM1
MEDIUM,MEDIUM,LOW,MEDIUM,HIGH,HIGH,HIGH,MEDIUM,NO,JM1
LOW,LOW,LOW,LOW,LOW,LOW,LOW,LOW,NO,JM1
LOW,MEDIUM,HIGH,LOW,MEDIUM,HIGH,MEDIUM,MEDIUM,NO,JM1
LOW,MEDIUM,HIGH,LOW,MEDIUM,HIGH,MEDIUM,MEDIUM,NO,JM1
LOW,LOW,LOW,LOW,LOW,LOW,LOW,LOW,NO,JM1
HIGH,HIGH,HIGH,LOW,MEDIUM,HIGH,HIGH,HIGH,NO,JM1
HIGH,HIGH,HIGH,MEDIUM,HIGH,HIGH,HIGH,HIGH,NO,JM1
LOW,LOW,LOW,LOW,LOW,LOW,LOW,LOW,NO,JM1
MEDIUM,HIGH,HIGH,HIGH,LOW,LOW,LOW,HIGH,NO,JM1
MEDIUM,MEDIUM,LOW,LOW,MEDIUM,MEDIUM,MEDIUM,MEDIUM,NO,JM1
LOW,MEDIUM,HIGH,LOW,LOW,MEDIUM,LOW,MEDIUM,NO,JM1
HIGH,HIGH,HIGH,LOW,MEDIUM,HIGH,MEDIUM,HIGH,NO,JM1
HIGH,HIGH,LOW,LOW,LOW,LOW,LOW,HIGH,NO,JM1
LOW,MEDIUM,LOW,MEDIUM,MEDIUM,MEDIUM,MEDIUM,MEDIUM,NO,JM1
MEDIUM,LOW,LOW,LOW,MEDIUM,MEDIUM,MEDIUM,LOW,NO,JM1
LOW,LOW,LOW,LOW,LOW,LOW,LOW,LOW,NO,JM1
LOW,LOW,LOW,LOW,LOW,LOW,LOW,LOW,NO,JM1
LOW,LOW,LOW,LOW,LOW,LOW,LOW,LOW,NO,JM1
LOW,LOW,LOW,LOW,LOW,LOW,LOW,LOW,NO,JM1
LOW,MEDIUM,HIGH,MEDIUM,MEDIUM,HIGH,MEDIUM,MEDIUM,NO,JM1
HIGH,HIGH,HIGH,HIGH,HIGH,HIGH,HIGH,HIGH,NO,JM1
MEDIUM,LOW,MEDIUM,LOW,HIGH,MEDIUM,HIGH,LOW,NO,JM1
HIGH,HIGH,HIGH,HIGH,HIGH,HIGH,HIGH,HIGH,NO,JM1
MEDIUM,HIGH,HIGH,HIGH,LOW,LOW,LOW,HIGH,NO,JM1
MEDIUM,HIGH,HIGH,HIGH,LOW,LOW,LOW,HIGH,NO,JM1
LOW,LOW,MEDIUM,LOW,MEDIUM,MEDIUM,MEDIUM,LOW,NO,JM1
LOW,LOW,MEDIUM,LOW,LOW,MEDIUM,LOW,LOW,NO,JM1
MEDIUM,LOW,LOW,LOW,MEDIUM,HIGH,HIGH,LOW,NO,JM1
LOW,LOW,LOW,MEDIUM,LOW,MEDIUM,LOW,LOW,NO,JM1
MEDIUM,LOW,LOW,LOW,MEDIUM,MEDIUM,MEDIUM,LOW,NO,JM1
LOW,LOW,LOW,MEDIUM,LOW,MEDIUM,LOW,LOW,NO,JM1
LOW,LOW,LOW,LOW,LOW,MEDIUM,LOW,LOW,NO,JM1
MEDIUM,LOW,LOW,LOW,MEDIUM,MEDIUM,MEDIUM,LOW,NO,JM1
LOW,LOW,LOW,LOW,MEDIUM,HIGH,MEDIUM,LOW,NO,JM1
LOW,LOW,LOW,LOW,LOW,LOW,LOW,LOW,NO,JM1
LOW,LOW,LOW,LOW,LOW,LOW,LOW,LOW,NO,JM1
LOW,LOW,LOW,LOW,LOW,LOW,LOW,LOW,NO,JM1
LOW,LOW,LOW,LOW,LOW,LOW,LOW,LOW,NO,JM1
LOW,LOW,LOW,MEDIUM,LOW,LOW,LOW,LOW,NO,JM1
MEDIUM,MEDIUM,MEDIUM,MEDIUM,MEDIUM,MEDIUM,MEDIUM,MEDIUM,NO,JM1
LOW,LOW,LOW,MEDIUM,LOW,LOW,LOW,LOW,NO,JM1
MEDIUM,MEDIUM,MEDIUM,MEDIUM,MEDIUM,MEDIUM,MEDIUM,MEDIUM,NO,JM1
LOW,LOW,LOW,LOW,LOW,LOW,LOW,LOW,NO,JM1
LOW,LOW,LOW,LOW,LOW,LOW,LOW,LOW,NO,JM1
LOW,LOW,MEDIUM,LOW,MEDIUM,MEDIUM,MEDIUM,LOW,NO,JM1
MEDIUM,LOW,LOW,MEDIUM,MEDIUM,MEDIUM,MEDIUM,LOW,NO,JM1
LOW,LOW,LOW,LOW,LOW,LOW,LOW,LOW,NO,JM1
HIGH,MEDIUM,LOW,HIGH,HIGH,MEDIUM,HIGH,MEDIUM,NO,JM1
HIGH,HIGH,HIGH,HIGH,HIGH,HIGH,HIGH,HIGH,NO,JM1
MEDIUM,MEDIUM,LOW,LOW,MEDIUM,HIGH,MEDIUM,MEDIUM,NO,JM1
LOW,LOW,LOW,LOW,LOW,LOW,LOW,LOW,NO,JM1
LOW,MEDIUM,MEDIUM,LOW,LOW,MEDIUM,MEDIUM,MEDIUM,NO,JM1
LOW,LOW,LOW,LOW,LOW,LOW,LOW,LOW,NO,JM1
LOW,LOW,LOW,LOW,LOW,MEDIUM,LOW,LOW,NO,JM1
HIGH,LOW,LOW,LOW,HIGH,MEDIUM,HIGH,LOW,NO,JM1
HIGH,LOW,LOW,LOW,HIGH,MEDIUM,HIGH,LOW,NO,JM1
LOW,LOW,LOW,LOW,MEDIUM,LOW,LOW,LOW,NO,JM1
MEDIUM,LOW,LOW,MEDIUM,MEDIUM,MEDIUM,MEDIUM,LOW,NO,JM1
LOW,LOW,LOW,LOW,LOW,LOW,LOW,LOW,NO,JM1
LOW,LOW,LOW,LOW,LOW,LOW,LOW,LOW,NO,JM1
LOW,LOW,LOW,LOW,LOW,LOW,LOW,LOW,NO,JM1
LOW,MEDIUM,LOW,MEDIUM,MEDIUM,MEDIUM,MEDIUM,MEDIUM,NO,JM1
MEDIUM,LOW,LOW,LOW,LOW,MEDIUM,MEDIUM,LOW,NO,JM1
MEDIUM,LOW,MEDIUM,LOW,LOW,LOW,LOW,LOW,NO,JM1
MEDIUM,MEDIUM,HIGH,LOW,MEDIUM,HIGH,MEDIUM,MEDIUM,NO,JM1
HIGH,HIGH,HIGH,HIGH,HIGH,HIGH,HIGH,HIGH,NO,JM1
MEDIUM,MEDIUM,HIGH,LOW,MEDIUM,HIGH,MEDIUM,MEDIUM,NO,JM1
MEDIUM,LOW,LOW,LOW,MEDIUM,MEDIUM,MEDIUM,LOW,NO,JM1
MEDIUM,MEDIUM,HIGH,LOW,MEDIUM,HIGH,MEDIUM,MEDIUM,NO,JM1
MEDIUM,MEDIUM,LOW,MEDIUM,MEDIUM,MEDIUM,MEDIUM,MEDIUM,NO,JM1
HIGH,HIGH,HIGH,HIGH,HIGH,HIGH,HIGH,HIGH,NO,JM1
HIGH,HIGH,HIGH,MEDIUM,HIGH,HIGH,HIGH,HIGH,NO,JM1
HIGH,HIGH,HIGH,MEDIUM,LOW,LOW,LOW,HIGH,NO,JM1
LOW,LOW,LOW,LOW,MEDIUM,LOW,MEDIUM,LOW,NO,JM1
LOW,LOW,LOW,LOW,LOW,LOW,LOW,LOW,NO,JM1
MEDIUM,LOW,LOW,LOW,MEDIUM,MEDIUM,MEDIUM,LOW,NO,JM1
HIGH,HIGH,HIGH,HIGH,LOW,LOW,LOW,HIGH,NO,JM1
HIGH,LOW,LOW,LOW,HIGH,MEDIUM,HIGH,LOW,NO,JM1
HIGH,LOW,LOW,LOW,HIGH,LOW,HIGH,LOW,NO,JM1
MEDIUM,LOW,LOW,LOW,HIGH,LOW,MEDIUM,LOW,NO,JM1
HIGH,LOW,LOW,LOW,HIGH,LOW,MEDIUM,LOW,NO,JM1
MEDIUM,LOW,LOW,MEDIUM,MEDIUM,LOW,MEDIUM,LOW,NO,JM1
LOW,LOW,LOW,LOW,LOW,LOW,LOW,LOW,NO,JM1
LOW,LOW,LOW,LOW,LOW,LOW,LOW,LOW,NO,JM1
MEDIUM,LOW,LOW,MEDIUM,HIGH,MEDIUM,HIGH,LOW,NO,JM1
HIGH,HIGH,LOW,HIGH,HIGH,HIGH,HIGH,HIGH,NO,JM1
HIGH,HIGH,HIGH,HIGH,HIGH,HIGH,HIGH,HIGH,NO,JM1
HIGH,HIGH,MEDIUM,HIGH,HIGH,HIGH,HIGH,HIGH,NO,JM1
LOW,MEDIUM,LOW,LOW,MEDIUM,MEDIUM,MEDIUM,MEDIUM,NO,JM1
HIGH,LOW,LOW,LOW,HIGH,LOW,HIGH,LOW,NO,JM1
HIGH,LOW,LOW,LOW,HIGH,LOW,MEDIUM,LOW,NO,JM1
MEDIUM,MEDIUM,LOW,MEDIUM,MEDIUM,MEDIUM,MEDIUM,MEDIUM,NO,JM1
LOW,LOW,LOW,LOW,MEDIUM,LOW,LOW,LOW,NO,JM1
HIGH,HIGH,HIGH,HIGH,LOW,LOW,LOW,HIGH,NO,JM1
HIGH,HIGH,LOW,HIGH,HIGH,HIGH,HIGH,HIGH,NO,JM1
HIGH,HIGH,LOW,HIGH,HIGH,MEDIUM,HIGH,HIGH,NO,JM1
MEDIUM,MEDIUM,LOW,MEDIUM,HIGH,MEDIUM,MEDIUM,MEDIUM,NO,JM1
LOW,LOW,LOW,LOW,LOW,LOW,LOW,LOW,NO,JM1
LOW,LOW,LOW,LOW,MEDIUM,MEDIUM,MEDIUM,LOW,NO,JM1
HIGH,HIGH,HIGH,HIGH,LOW,LOW,LOW,HIGH,NO,JM1
MEDIUM,MEDIUM,HIGH,MEDIUM,LOW,LOW,LOW,MEDIUM,NO,JM1
HIGH,HIGH,HIGH,HIGH,HIGH,HIGH,HIGH,HIGH,NO,JM1
MEDIUM,MEDIUM,LOW,LOW,MEDIUM,MEDIUM,MEDIUM,MEDIUM,NO,JM1
HIGH,LOW,LOW,LOW,HIGH,HIGH,HIGH,LOW,NO,JM1
HIGH,HIGH,HIGH,HIGH,HIGH,HIGH,HIGH,HIGH,NO,JM1
MEDIUM,LOW,LOW,LOW,MEDIUM,MEDIUM,MEDIUM,LOW,NO,JM1
MEDIUM,MEDIUM,LOW,MEDIUM,LOW,LOW,LOW,MEDIUM,NO,JM1
HIGH,MEDIUM,LOW,MEDIUM,LOW,LOW,LOW,MEDIUM,NO,JM1
MEDIUM,MEDIUM,LOW,MEDIUM,MEDIUM,MEDIUM,MEDIUM,MEDIUM,NO,JM1
MEDIUM,MEDIUM,LOW,MEDIUM,MEDIUM,LOW,LOW,MEDIUM,NO,JM1
HIGH,HIGH,HIGH,LOW,LOW,LOW,LOW,HIGH,NO,JM1
HIGH,LOW,LOW,LOW,HIGH,HIGH,HIGH,HIGH,NO,JM1
HIGH,MEDIUM,LOW,MEDIUM,HIGH,HIGH,HIGH,MEDIUM,NO,JM1
HIGH,HIGH,HIGH,HIGH,HIGH,HIGH,HIGH,HIGH,NO,JM1
LOW,LOW,LOW,LOW,LOW,LOW,LOW,LOW,NO,JM1
HIGH,MEDIUM,HIGH,MEDIUM,HIGH,HIGH,HIGH,MEDIUM,NO,JM1
LOW,LOW,LOW,LOW,LOW,LOW,LOW,LOW,NO,JM1
HIGH,HIGH,LOW,MEDIUM,HIGH,HIGH,HIGH,HIGH,NO,JM1
HIGH,HIGH,HIGH,HIGH,HIGH,HIGH,HIGH,HIGH,NO,JM1
LOW,MEDIUM,HIGH,MEDIUM,MEDIUM,MEDIUM,MEDIUM,MEDIUM,NO,JM1
LOW,MEDIUM,HIGH,MEDIUM,LOW,LOW,LOW,MEDIUM,NO,JM1
MEDIUM,LOW,LOW,LOW,MEDIUM,MEDIUM,MEDIUM,LOW,NO,JM1
HIGH,HIGH,HIGH,HIGH,HIGH,HIGH,HIGH,HIGH,NO,JM1
HIGH,LOW,LOW,LOW,MEDIUM,MEDIUM,MEDIUM,LOW,NO,JM1
MEDIUM,LOW,LOW,LOW,LOW,LOW,LOW,LOW,NO,JM1
MEDIUM,LOW,LOW,LOW,MEDIUM,MEDIUM,MEDIUM,LOW,NO,JM1
MEDIUM,LOW,MEDIUM,LOW,MEDIUM,MEDIUM,MEDIUM,LOW,NO,JM1
LOW,LOW,LOW,LOW,LOW,LOW,LOW,LOW,NO,JM1
HIGH,HIGH,LOW,LOW,LOW,LOW,LOW,HIGH,NO,JM1
LOW,LOW,LOW,MEDIUM,LOW,LOW,LOW,LOW,NO,JM1
LOW,LOW,LOW,LOW,MEDIUM,MEDIUM,MEDIUM,LOW,NO,JM1
LOW,LOW,LOW,LOW,LOW,LOW,LOW,LOW,NO,JM1
HIGH,MEDIUM,LOW,MEDIUM,LOW,LOW,LOW,MEDIUM,NO,JM1
HIGH,HIGH,HIGH,HIGH,HIGH,HIGH,HIGH,HIGH,NO,JM1
HIGH,HIGH,HIGH,LOW,HIGH,HIGH,HIGH,HIGH,NO,JM1
MEDIUM,LOW,LOW,LOW,MEDIUM,MEDIUM,MEDIUM,LOW,NO,JM1
LOW,LOW,LOW,LOW,LOW,LOW,LOW,LOW,NO,JM1
MEDIUM,LOW,LOW,LOW,MEDIUM,LOW,LOW,LOW,NO,JM1
LOW,MEDIUM,MEDIUM,MEDIUM,LOW,LOW,LOW,MEDIUM,NO,JM1
LOW,LOW,LOW,LOW,MEDIUM,MEDIUM,MEDIUM,LOW,NO,JM1
LOW,LOW,LOW,LOW,LOW,LOW,LOW,LOW,NO,JM1
MEDIUM,HIGH,HIGH,LOW,MEDIUM,HIGH,HIGH,HIGH,NO,JM1
MEDIUM,HIGH,HIGH,LOW,MEDIUM,HIGH,MEDIUM,HIGH,NO,JM1
LOW,LOW,LOW,LOW,LOW,LOW,LOW,LOW,NO,JM1
HIGH,MEDIUM,LOW,LOW,HIGH,MEDIUM,HIGH,MEDIUM,NO,JM1
MEDIUM,MEDIUM,LOW,MEDIUM,MEDIUM,MEDIUM,MEDIUM,MEDIUM,NO,JM1
HIGH,HIGH,LOW,MEDIUM,HIGH,MEDIUM,HIGH,HIGH,NO,JM1
LOW,LOW,LOW,LOW,LOW,LOW,LOW,LOW,NO,JM1
MEDIUM,LOW,LOW,LOW,MEDIUM,LOW,MEDIUM,LOW,NO,JM1
LOW,LOW,LOW,LOW,LOW,LOW,LOW,LOW,NO,JM1
LOW,LOW,LOW,LOW,LOW,LOW,LOW,LOW,NO,JM1
LOW,LOW,LOW,LOW,LOW,LOW,LOW,LOW,NO,JM1
LOW,LOW,LOW,LOW,LOW,LOW,LOW,LOW,NO,JM1
LOW,LOW,LOW,LOW,LOW,LOW,LOW,LOW,NO,JM1
LOW,HIGH,HIGH,MEDIUM,MEDIUM,MEDIUM,MEDIUM,HIGH,NO,JM1
MEDIUM,LOW,LOW,LOW,MEDIUM,LOW,MEDIUM,LOW,NO,JM1
LOW,LOW,LOW,MEDIUM,LOW,LOW,LOW,LOW,NO,JM1
LOW,LOW,MEDIUM,LOW,LOW,MEDIUM,MEDIUM,LOW,NO,JM1
LOW,LOW,MEDIUM,LOW,LOW,MEDIUM,LOW,LOW,NO,JM1
LOW,LOW,LOW,MEDIUM,MEDIUM,MEDIUM,MEDIUM,LOW,NO,JM1
LOW,LOW,LOW,MEDIUM,MEDIUM,MEDIUM,MEDIUM,LOW,NO,JM1
MEDIUM,MEDIUM,LOW,HIGH,HIGH,HIGH,HIGH,MEDIUM,NO,JM1
LOW,LOW,LOW,LOW,LOW,LOW,LOW,LOW,NO,JM1
MEDIUM,MEDIUM,LOW,MEDIUM,HIGH,MEDIUM,HIGH,MEDIUM,NO,JM1
LOW,LOW,LOW,MEDIUM,MEDIUM,MEDIUM,MEDIUM,LOW,NO,JM1
HIGH,MEDIUM,LOW,MEDIUM,LOW,LOW,LOW,MEDIUM,NO,JM1
MEDIUM,HIGH,HIGH,LOW,LOW,LOW,LOW,HIGH,NO,JM1
HIGH,HIGH,HIGH,HIGH,LOW,LOW,LOW,HIGH,NO,JM1
HIGH,HIGH,HIGH,HIGH,LOW,LOW,LOW,HIGH,NO,JM1
HIGH,HIGH,HIGH,LOW,LOW,LOW,LOW,HIGH,NO,JM1
LOW,LOW,LOW,LOW,LOW,LOW,LOW,LOW,NO,JM1
MEDIUM,LOW,LOW,MEDIUM,MEDIUM,MEDIUM,MEDIUM,LOW,NO,JM1
LOW,LOW,LOW,LOW,LOW,LOW,LOW,LOW,NO,JM1
LOW,LOW,LOW,LOW,LOW,LOW,LOW,LOW,NO,JM1
LOW,LOW,LOW,LOW,LOW,LOW,LOW,LOW,NO,JM1
LOW,LOW,LOW,LOW,LOW,LOW,LOW,LOW,NO,JM1
LOW,LOW,LOW,LOW,LOW,LOW,LOW,LOW,NO,JM1
LOW,LOW,LOW,LOW,LOW,LOW,LOW,LOW,NO,JM1
LOW,LOW,LOW,LOW,LOW,LOW,LOW,LOW,NO,JM1
LOW,LOW,LOW,LOW,LOW,LOW,LOW,LOW,NO,JM1
HIGH,HIGH,LOW,MEDIUM,HIGH,HIGH,HIGH,HIGH,NO,JM1
MEDIUM,LOW,LOW,LOW,HIGH,MEDIUM,MEDIUM,LOW,NO,JM1
MEDIUM,MEDIUM,HIGH,MEDIUM,MEDIUM,HIGH,MEDIUM,MEDIUM,NO,JM1
LOW,LOW,LOW,LOW,LOW,LOW,LOW,LOW,NO,JM1
LOW,LOW,LOW,LOW,LOW,LOW,LOW,LOW,NO,JM1
MEDIUM,HIGH,LOW,HIGH,HIGH,MEDIUM,HIGH,MEDIUM,NO,JM1
HIGH,HIGH,LOW,HIGH,HIGH,HIGH,HIGH,HIGH,NO,JM1
LOW,LOW,LOW,LOW,LOW,LOW,LOW,LOW,NO,JM1
LOW,LOW,LOW,LOW,MEDIUM,LOW,LOW,LOW,NO,JM1
HIGH,HIGH,HIGH,HIGH,HIGH,MEDIUM,HIGH,HIGH,NO,JM1
MEDIUM,LOW,LOW,MEDIUM,MEDIUM,MEDIUM,MEDIUM,LOW,NO,JM1
MEDIUM,LOW,LOW,MEDIUM,LOW,MEDIUM,MEDIUM,LOW,NO,JM1
LOW,LOW,LOW,LOW,LOW,LOW,LOW,LOW,NO,JM1
MEDIUM,LOW,LOW,LOW,LOW,MEDIUM,LOW,LOW,NO,JM1
HIGH,HIGH,HIGH,MEDIUM,HIGH,HIGH,HIGH,HIGH,NO,JM1
LOW,LOW,LOW,LOW,LOW,LOW,LOW,LOW,NO,JM1
LOW,LOW,LOW,LOW,LOW,LOW,LOW,LOW,NO,JM1
HIGH,MEDIUM,LOW,MEDIUM,HIGH,MEDIUM,MEDIUM,MEDIUM,NO,JM1
MEDIUM,HIGH,HIGH,MEDIUM,MEDIUM,HIGH,MEDIUM,HIGH,NO,JM1
HIGH,HIGH,HIGH,HIGH,HIGH,HIGH,HIGH,HIGH,NO,JM1
MEDIUM,HIGH,HIGH,HIGH,MEDIUM,MEDIUM,MEDIUM,HIGH,NO,JM1
HIGH,HIGH,HIGH,MEDIUM,LOW,LOW,LOW,HIGH,NO,JM1
LOW,LOW,MEDIUM,LOW,LOW,LOW,LOW,LOW,NO,JM1
HIGH,MEDIUM,LOW,MEDIUM,HIGH,HIGH,HIGH,MEDIUM,NO,JM1
HIGH,MEDIUM,LOW,LOW,LOW,LOW,LOW,MEDIUM,NO,JM1
HIGH,HIGH,LOW,HIGH,HIGH,HIGH,HIGH,HIGH,NO,JM1
HIGH,HIGH,MEDIUM,HIGH,HIGH,HIGH,HIGH,HIGH,NO,JM1
LOW,MEDIUM,HIGH,LOW,LOW,MEDIUM,LOW,MEDIUM,NO,JM1
HIGH,HIGH,HIGH,HIGH,HIGH,HIGH,HIGH,HIGH,NO,JM1
MEDIUM,MEDIUM,LOW,MEDIUM,MEDIUM,MEDIUM,MEDIUM,MEDIUM,NO,JM1
MEDIUM,MEDIUM,HIGH,LOW,MEDIUM,HIGH,MEDIUM,MEDIUM,NO,JM1
MEDIUM,LOW,LOW,MEDIUM,MEDIUM,MEDIUM,MEDIUM,LOW,NO,JM1
MEDIUM,MEDIUM,LOW,LOW,LOW,MEDIUM,MEDIUM,MEDIUM,NO,JM1
MEDIUM,HIGH,HIGH,MEDIUM,MEDIUM,HIGH,MEDIUM,HIGH,NO,JM1
MEDIUM,MEDIUM,HIGH,MEDIUM,MEDIUM,MEDIUM,MEDIUM,MEDIUM,NO,JM1
HIGH,HIGH,HIGH,MEDIUM,HIGH,HIGH,HIGH,HIGH,NO,JM1
MEDIUM,MEDIUM,HIGH,MEDIUM,MEDIUM,MEDIUM,MEDIUM,MEDIUM,NO,JM1
MEDIUM,MEDIUM,LOW,LOW,MEDIUM,HIGH,MEDIUM,MEDIUM,NO,JM1
LOW,LOW,LOW,LOW,LOW,LOW,LOW,LOW,NO,JM1
LOW,LOW,LOW,LOW,LOW,LOW,LOW,LOW,NO,JM1
LOW,MEDIUM,LOW,HIGH,LOW,LOW,LOW,MEDIUM,NO,JM1
HIGH,HIGH,LOW,HIGH,HIGH,HIGH,HIGH,HIGH,NO,JM1
LOW,LOW,LOW,LOW,LOW,LOW,LOW,LOW,NO,JM1
LOW,LOW,MEDIUM,LOW,LOW,MEDIUM,MEDIUM,LOW,NO,JM1
MEDIUM,MEDIUM,LOW,LOW,MEDIUM,MEDIUM,MEDIUM,MEDIUM,NO,JM1
HIGH,HIGH,HIGH,HIGH,HIGH,HIGH,HIGH,HIGH,NO,JM1
LOW,LOW,MEDIUM,LOW,LOW,MEDIUM,MEDIUM,LOW,NO,JM1
LOW,MEDIUM,MEDIUM,LOW,LOW,MEDIUM,MEDIUM,MEDIUM,NO,JM1
LOW,MEDIUM,MEDIUM,LOW,MEDIUM,HIGH,MEDIUM,MEDIUM,NO,JM1
HIGH,HIGH,HIGH,LOW,HIGH,HIGH,HIGH,HIGH,NO,JM1
LOW,LOW,LOW,LOW,LOW,LOW,LOW,LOW,NO,JM1
MEDIUM,LOW,MEDIUM,LOW,LOW,MEDIUM,LOW,LOW,NO,JM1
HIGH,HIGH,HIGH,HIGH,HIGH,HIGH,HIGH,HIGH,NO,JM1
MEDIUM,HIGH,HIGH,MEDIUM,MEDIUM,LOW,MEDIUM,HIGH,NO,JM1
MEDIUM,HIGH,MEDIUM,LOW,MEDIUM,MEDIUM,MEDIUM,HIGH,NO,JM1
HIGH,HIGH,LOW,LOW,MEDIUM,HIGH,MEDIUM,HIGH,NO,JM1
MEDIUM,MEDIUM,LOW,MEDIUM,MEDIUM,MEDIUM,MEDIUM,MEDIUM,NO,JM1
LOW,MEDIUM,MEDIUM,MEDIUM,LOW,MEDIUM,MEDIUM,MEDIUM,NO,JM1
MEDIUM,HIGH,HIGH,HIGH,HIGH,HIGH,HIGH,HIGH,NO,JM1
HIGH,HIGH,LOW,HIGH,HIGH,HIGH,HIGH,HIGH,NO,JM1
LOW,MEDIUM,MEDIUM,LOW,LOW,LOW,LOW,MEDIUM,NO,JM1
MEDIUM,MEDIUM,LOW,MEDIUM,MEDIUM,MEDIUM,MEDIUM,MEDIUM,NO,JM1
HIGH,HIGH,HIGH,HIGH,HIGH,HIGH,HIGH,HIGH,NO,JM1
LOW,MEDIUM,MEDIUM,LOW,LOW,LOW,LOW,MEDIUM,NO,JM1
LOW,MEDIUM,LOW,MEDIUM,LOW,MEDIUM,LOW,MEDIUM,NO,JM1
LOW,LOW,MEDIUM,LOW,LOW,LOW,LOW,LOW,NO,JM1
HIGH,HIGH,LOW,HIGH,HIGH,HIGH,HIGH,HIGH,NO,JM1
HIGH,HIGH,LOW,HIGH,MEDIUM,HIGH,HIGH,HIGH,NO,JM1
MEDIUM,HIGH,LOW,HIGH,MEDIUM,HIGH,MEDIUM,HIGH,NO,JM1
LOW,LOW,LOW,MEDIUM,LOW,LOW,LOW,LOW,NO,JM1
MEDIUM,LOW,LOW,LOW,MEDIUM,MEDIUM,MEDIUM,LOW,NO,JM1
LOW,LOW,LOW,LOW,LOW,MEDIUM,LOW,LOW,NO,JM1
MEDIUM,MEDIUM,HIGH,MEDIUM,MEDIUM,HIGH,MEDIUM,MEDIUM,NO,JM1
MEDIUM,MEDIUM,LOW,MEDIUM,LOW,LOW,LOW,MEDIUM,NO,JM1
HIGH,HIGH,HIGH,LOW,HIGH,HIGH,HIGH,HIGH,NO,JM1
MEDIUM,HIGH,HIGH,LOW,MEDIUM,HIGH,HIGH,HIGH,NO,JM1
LOW,MEDIUM,MEDIUM,LOW,LOW,LOW,LOW,MEDIUM,NO,JM1
LOW,MEDIUM,MEDIUM,LOW,MEDIUM,MEDIUM,MEDIUM,MEDIUM,NO,JM1
LOW,LOW,LOW,MEDIUM,LOW,LOW,LOW,LOW,NO,JM1
MEDIUM,HIGH,HIGH,LOW,HIGH,MEDIUM,HIGH,HIGH,NO,JM1
HIGH,HIGH,HIGH,HIGH,HIGH,HIGH,HIGH,HIGH,NO,JM1
LOW,MEDIUM,MEDIUM,LOW,LOW,LOW,LOW,MEDIUM,NO,JM1
LOW,MEDIUM,MEDIUM,LOW,LOW,LOW,LOW,MEDIUM,NO,JM1
LOW,MEDIUM,MEDIUM,LOW,LOW,LOW,LOW,MEDIUM,NO,JM1
LOW,LOW,LOW,LOW,LOW,LOW,LOW,LOW,NO,JM1
HIGH,HIGH,HIGH,HIGH,HIGH,HIGH,HIGH,HIGH,NO,JM1
MEDIUM,LOW,LOW,MEDIUM,MEDIUM,MEDIUM,MEDIUM,LOW,NO,JM1
MEDIUM,HIGH,LOW,MEDIUM,MEDIUM,HIGH,HIGH,HIGH,NO,JM1
LOW,MEDIUM,LOW,LOW,MEDIUM,MEDIUM,MEDIUM,MEDIUM,NO,JM1
HIGH,HIGH,HIGH,HIGH,HIGH,HIGH,HIGH,HIGH,NO,JM1
LOW,LOW,MEDIUM,LOW,LOW,MEDIUM,LOW,LOW,NO,JM1
HIGH,HIGH,HIGH,HIGH,HIGH,HIGH,HIGH,HIGH,NO,JM1
MEDIUM,HIGH,HIGH,LOW,MEDIUM,HIGH,HIGH,HIGH,NO,JM1
MEDIUM,MEDIUM,HIGH,MEDIUM,MEDIUM,MEDIUM,MEDIUM,MEDIUM,NO,JM1
LOW,MEDIUM,LOW,LOW,LOW,MEDIUM,LOW,MEDIUM,NO,JM1
MEDIUM,HIGH,HIGH,LOW,MEDIUM,HIGH,MEDIUM,HIGH,NO,JM1
LOW,HIGH,HIGH,LOW,MEDIUM,HIGH,HIGH,HIGH,NO,JM1
HIGH,HIGH,HIGH,LOW,HIGH,HIGH,HIGH,HIGH,NO,JM1
LOW,LOW,LOW,LOW,LOW,LOW,LOW,LOW,NO,JM1
LOW,MEDIUM,HIGH,LOW,LOW,MEDIUM,LOW,MEDIUM,NO,JM1
HIGH,HIGH,HIGH,HIGH,HIGH,HIGH,HIGH,HIGH,NO,JM1
LOW,MEDIUM,LOW,LOW,LOW,LOW,LOW,MEDIUM,NO,JM1
HIGH,HIGH,HIGH,HIGH,LOW,LOW,LOW,HIGH,NO,JM1
HIGH,HIGH,HIGH,MEDIUM,LOW,LOW,LOW,HIGH,NO,JM1
LOW,LOW,LOW,LOW,LOW,LOW,LOW,LOW,NO,JM1
LOW,MEDIUM,MEDIUM,LOW,LOW,MEDIUM,LOW,MEDIUM,NO,JM1
LOW,LOW,LOW,LOW,LOW,LOW,LOW,LOW,NO,JM1
HIGH,HIGH,HIGH,HIGH,HIGH,HIGH,HIGH,HIGH,NO,JM1
HIGH,HIGH,HIGH,MEDIUM,HIGH,HIGH,HIGH,HIGH,NO,JM1
HIGH,HIGH,LOW,HIGH,MEDIUM,MEDIUM,MEDIUM,HIGH,NO,JM1
HIGH,HIGH,HIGH,HIGH,HIGH,HIGH,HIGH,HIGH,NO,JM1
MEDIUM,MEDIUM,HIGH,LOW,LOW,LOW,LOW,MEDIUM,NO,JM1
MEDIUM,MEDIUM,MEDIUM,MEDIUM,MEDIUM,MEDIUM,MEDIUM,MEDIUM,NO,JM1
HIGH,MEDIUM,HIGH,MEDIUM,HIGH,HIGH,HIGH,MEDIUM,NO,JM1
HIGH,HIGH,LOW,HIGH,HIGH,HIGH,HIGH,HIGH,NO,JM1
MEDIUM,HIGH,HIGH,MEDIUM,LOW,LOW,LOW,HIGH,NO,JM1
HIGH,HIGH,HIGH,LOW,MEDIUM,HIGH,HIGH,HIGH,NO,JM1
HIGH,HIGH,HIGH,HIGH,LOW,LOW,LOW,HIGH,NO,JM1
LOW,MEDIUM,MEDIUM,LOW,LOW,MEDIUM,LOW,MEDIUM,NO,JM1
LOW,MEDIUM,MEDIUM,LOW,LOW,MEDIUM,LOW,MEDIUM,NO,JM1
HIGH,LOW,LOW,LOW,MEDIUM,MEDIUM,MEDIUM,LOW,NO,JM1
MEDIUM,LOW,LOW,MEDIUM,MEDIUM,MEDIUM,MEDIUM,LOW,NO,JM1
MEDIUM,MEDIUM,HIGH,HIGH,MEDIUM,MEDIUM,MEDIUM,MEDIUM,NO,JM1
LOW,LOW,LOW,MEDIUM,LOW,LOW,LOW,LOW,NO,JM1
LOW,LOW,LOW,LOW,LOW,LOW,LOW,LOW,NO,JM1
MEDIUM,MEDIUM,HIGH,MEDIUM,LOW,MEDIUM,LOW,MEDIUM,NO,JM1
HIGH,HIGH,HIGH,HIGH,LOW,LOW,LOW,HIGH,NO,JM1
HIGH,HIGH,HIGH,HIGH,HIGH,HIGH,HIGH,HIGH,NO,JM1
LOW,MEDIUM,HIGH,MEDIUM,LOW,MEDIUM,LOW,MEDIUM,NO,JM1
HIGH,HIGH,HIGH,HIGH,LOW,LOW,LOW,HIGH,NO,JM1
LOW,LOW,LOW,LOW,LOW,LOW,LOW,LOW,NO,JM1
HIGH,MEDIUM,LOW,HIGH,HIGH,MEDIUM,HIGH,MEDIUM,NO,JM1
LOW,HIGH,HIGH,HIGH,LOW,MEDIUM,LOW,HIGH,NO,JM1
MEDIUM,LOW,LOW,LOW,MEDIUM,MEDIUM,MEDIUM,LOW,NO,JM1
LOW,MEDIUM,LOW,MEDIUM,MEDIUM,MEDIUM,MEDIUM,MEDIUM,NO,JM1
HIGH,HIGH,HIGH,HIGH,HIGH,HIGH,HIGH,HIGH,NO,JM1
LOW,MEDIUM,MEDIUM,LOW,MEDIUM,MEDIUM,MEDIUM,MEDIUM,NO,JM1
MEDIUM,HIGH,LOW,MEDIUM,MEDIUM,HIGH,MEDIUM,HIGH,NO,JM1
MEDIUM,MEDIUM,HIGH,LOW,LOW,MEDIUM,MEDIUM,MEDIUM,NO,JM1
MEDIUM,MEDIUM,HIGH,LOW,LOW,MEDIUM,LOW,MEDIUM,NO,JM1
HIGH,LOW,LOW,LOW,HIGH,HIGH,HIGH,HIGH,NO,JM1
LOW,LOW,LOW,MEDIUM,MEDIUM,LOW,LOW,LOW,NO,JM1
HIGH,HIGH,HIGH,HIGH,HIGH,HIGH,HIGH,HIGH,NO,JM1
LOW,LOW,MEDIUM,LOW,LOW,LOW,LOW,LOW,NO,JM1
LOW,MEDIUM,HIGH,LOW,LOW,MEDIUM,LOW,MEDIUM,NO,JM1
HIGH,HIGH,LOW,HIGH,HIGH,HIGH,HIGH,HIGH,NO,JM1
HIGH,HIGH,HIGH,HIGH,HIGH,HIGH,HIGH,HIGH,NO,JM1
HIGH,HIGH,HIGH,MEDIUM,HIGH,HIGH,HIGH,HIGH,NO,JM1
MEDIUM,HIGH,HIGH,LOW,LOW,LOW,LOW,HIGH,NO,JM1
HIGH,HIGH,HIGH,LOW,HIGH,HIGH,HIGH,HIGH,NO,JM1
HIGH,HIGH,MEDIUM,HIGH,HIGH,HIGH,HIGH,HIGH,NO,JM1
MEDIUM,HIGH,HIGH,MEDIUM,MEDIUM,MEDIUM,MEDIUM,HIGH,NO,JM1
HIGH,HIGH,MEDIUM,HIGH,HIGH,HIGH,HIGH,HIGH,NO,JM1
MEDIUM,HIGH,HIGH,LOW,MEDIUM,MEDIUM,MEDIUM,HIGH,NO,JM1
MEDIUM,LOW,LOW,LOW,HIGH,HIGH,HIGH,LOW,NO,JM1
HIGH,HIGH,LOW,HIGH,HIGH,HIGH,HIGH,HIGH,NO,JM1
MEDIUM,LOW,LOW,MEDIUM,MEDIUM,MEDIUM,MEDIUM,LOW,NO,JM1
MEDIUM,MEDIUM,HIGH,MEDIUM,MEDIUM,MEDIUM,MEDIUM,MEDIUM,NO,JM1
MEDIUM,MEDIUM,HIGH,MEDIUM,MEDIUM,MEDIUM,MEDIUM,MEDIUM,NO,JM1
MEDIUM,LOW,LOW,LOW,LOW,LOW,LOW,LOW,NO,JM1
MEDIUM,MEDIUM,HIGH,LOW,MEDIUM,MEDIUM,MEDIUM,MEDIUM,NO,JM1
LOW,LOW,LOW,LOW,LOW,LOW,LOW,LOW,NO,JM1
LOW,LOW,LOW,LOW,LOW,MEDIUM,MEDIUM,LOW,NO,JM1
MEDIUM,MEDIUM,HIGH,LOW,MEDIUM,MEDIUM,MEDIUM,MEDIUM,NO,JM1
HIGH,HIGH,HIGH,MEDIUM,HIGH,HIGH,HIGH,HIGH,NO,JM1
LOW,LOW,LOW,LOW,LOW,LOW,LOW,LOW,NO,JM1
MEDIUM,MEDIUM,MEDIUM,MEDIUM,MEDIUM,HIGH,MEDIUM,MEDIUM,NO,JM1
MEDIUM,MEDIUM,LOW,MEDIUM,MEDIUM,HIGH,MEDIUM,MEDIUM,NO,JM1
MEDIUM,LOW,LOW,LOW,HIGH,MEDIUM,HIGH,LOW,NO,JM1
HIGH,HIGH,HIGH,HIGH,HIGH,HIGH,HIGH,HIGH,NO,JM1
LOW,LOW,LOW,LOW,MEDIUM,LOW,LOW,LOW,NO,JM1
MEDIUM,MEDIUM,MEDIUM,MEDIUM,MEDIUM,MEDIUM,MEDIUM,MEDIUM,NO,JM1
MEDIUM,LOW,MEDIUM,LOW,MEDIUM,MEDIUM,MEDIUM,LOW,NO,JM1
MEDIUM,LOW,MEDIUM,LOW,MEDIUM,MEDIUM,MEDIUM,LOW,NO,JM1
MEDIUM,MEDIUM,MEDIUM,HIGH,MEDIUM,HIGH,HIGH,MEDIUM,NO,JM1
LOW,LOW,LOW,LOW,MEDIUM,MEDIUM,MEDIUM,LOW,NO,JM1
LOW,LOW,LOW,LOW,LOW,LOW,LOW,LOW,NO,JM1
MEDIUM,MEDIUM,LOW,LOW,MEDIUM,HIGH,HIGH,MEDIUM,NO,JM1
LOW,LOW,LOW,LOW,LOW,MEDIUM,LOW,LOW,NO,JM1
LOW,LOW,LOW,LOW,LOW,LOW,LOW,LOW,NO,JM1
LOW,MEDIUM,MEDIUM,LOW,LOW,LOW,LOW,MEDIUM,NO,JM1
MEDIUM,MEDIUM,LOW,MEDIUM,MEDIUM,MEDIUM,MEDIUM,MEDIUM,NO,JM1
MEDIUM,LOW,LOW,LOW,MEDIUM,LOW,MEDIUM,LOW,NO,JM1
LOW,LOW,MEDIUM,LOW,LOW,MEDIUM,MEDIUM,LOW,NO,JM1
LOW,LOW,LOW,LOW,MEDIUM,MEDIUM,MEDIUM,LOW,NO,JM1
LOW,LOW,LOW,LOW,LOW,LOW,LOW,LOW,NO,JM1
HIGH,MEDIUM,MEDIUM,HIGH,HIGH,HIGH,HIGH,MEDIUM,NO,JM1
LOW,MEDIUM,MEDIUM,LOW,LOW,LOW,LOW,MEDIUM,NO,JM1
LOW,MEDIUM,MEDIUM,LOW,LOW,MEDIUM,LOW,MEDIUM,NO,JM1
LOW,LOW,LOW,LOW,LOW,LOW,LOW,LOW,NO,JM1
LOW,LOW,LOW,LOW,LOW,LOW,LOW,LOW,NO,JM1
MEDIUM,MEDIUM,LOW,MEDIUM,MEDIUM,MEDIUM,MEDIUM,MEDIUM,NO,JM1
LOW,MEDIUM,LOW,MEDIUM,MEDIUM,MEDIUM,MEDIUM,MEDIUM,NO,JM1
LOW,LOW,LOW,LOW,MEDIUM,LOW,LOW,LOW,NO,JM1
LOW,LOW,LOW,MEDIUM,MEDIUM,MEDIUM,MEDIUM,LOW,NO,JM1
MEDIUM,LOW,LOW,LOW,MEDIUM,LOW,MEDIUM,LOW,NO,JM1
MEDIUM,MEDIUM,LOW,MEDIUM,MEDIUM,HIGH,MEDIUM,MEDIUM,NO,JM1
LOW,LOW,LOW,LOW,LOW,LOW,LOW,LOW,NO,JM1
MEDIUM,MEDIUM,LOW,LOW,LOW,LOW,LOW,MEDIUM,NO,JM1
MEDIUM,MEDIUM,LOW,LOW,LOW,LOW,LOW,MEDIUM,NO,JM1
HIGH,HIGH,HIGH,HIGH,LOW,LOW,LOW,HIGH,NO,JM1
LOW,LOW,LOW,LOW,LOW,LOW,LOW,LOW,NO,JM1
LOW,LOW,LOW,LOW,LOW,LOW,LOW,LOW,NO,JM1
LOW,LOW,LOW,LOW,LOW,LOW,LOW,LOW,NO,JM1
LOW,LOW,LOW,LOW,LOW,LOW,LOW,LOW,NO,JM1
HIGH,MEDIUM,MEDIUM,HIGH,HIGH,HIGH,HIGH,MEDIUM,NO,JM1
HIGH,MEDIUM,LOW,MEDIUM,HIGH,HIGH,HIGH,MEDIUM,NO,JM1
LOW,LOW,LOW,LOW,LOW,LOW,LOW,LOW,NO,JM1
LOW,LOW,LOW,LOW,LOW,LOW,LOW,LOW,NO,JM1
MEDIUM,HIGH,HIGH,MEDIUM,HIGH,MEDIUM,HIGH,HIGH,NO,JM1
LOW,LOW,LOW,LOW,LOW,LOW,LOW,LOW,NO,JM1
LOW,LOW,LOW,LOW,LOW,LOW,LOW,LOW,NO,JM1
LOW,LOW,LOW,LOW,LOW,LOW,LOW,LOW,NO,JM1
LOW,LOW,LOW,LOW,LOW,LOW,LOW,LOW,NO,JM1
LOW,LOW,LOW,LOW,LOW,LOW,LOW,LOW,NO,JM1
MEDIUM,LOW,LOW,LOW,LOW,LOW,LOW,LOW,NO,JM1
LOW,LOW,LOW,LOW,LOW,LOW,LOW,LOW,NO,JM1
LOW,LOW,LOW,LOW,LOW,MEDIUM,LOW,LOW,NO,JM1
LOW,LOW,LOW,LOW,LOW,LOW,LOW,LOW,NO,JM1
MEDIUM,MEDIUM,LOW,LOW,MEDIUM,MEDIUM,MEDIUM,MEDIUM,NO,JM1
LOW,MEDIUM,LOW,LOW,LOW,LOW,LOW,MEDIUM,NO,JM1
LOW,LOW,LOW,LOW,MEDIUM,LOW,MEDIUM,LOW,NO,JM1
LOW,MEDIUM,MEDIUM,LOW,LOW,LOW,LOW,MEDIUM,NO,JM1
LOW,LOW,LOW,LOW,LOW,MEDIUM,MEDIUM,LOW,NO,JM1
HIGH,LOW,LOW,LOW,MEDIUM,MEDIUM,MEDIUM,LOW,NO,JM1
LOW,LOW,LOW,LOW,LOW,LOW,LOW,LOW,NO,JM1
LOW,LOW,LOW,LOW,LOW,LOW,LOW,LOW,NO,JM1
LOW,LOW,LOW,LOW,LOW,LOW,LOW,LOW,NO,JM1
MEDIUM,LOW,LOW,LOW,LOW,LOW,LOW,LOW,NO,JM1
LOW,LOW,LOW,LOW,LOW,LOW,LOW,LOW,NO,JM1
LOW,LOW,LOW,LOW,LOW,LOW,LOW,LOW,NO,JM1
LOW,LOW,LOW,LOW,LOW,LOW,LOW,LOW,NO,JM1
HIGH,LOW,LOW,LOW,HIGH,MEDIUM,HIGH,LOW,NO,JM1
MEDIUM,LOW,LOW,LOW,MEDIUM,MEDIUM,MEDIUM,LOW,NO,JM1
LOW,LOW,LOW,LOW,LOW,LOW,LOW,LOW,NO,JM1
LOW,LOW,LOW,LOW,LOW,LOW,LOW,LOW,NO,JM1
LOW,LOW,LOW,LOW,LOW,LOW,LOW,LOW,NO,JM1
LOW,LOW,LOW,LOW,LOW,LOW,LOW,LOW,NO,JM1
MEDIUM,LOW,MEDIUM,LOW,MEDIUM,MEDIUM,MEDIUM,LOW,NO,JM1
HIGH,MEDIUM,HIGH,MEDIUM,HIGH,MEDIUM,HIGH,MEDIUM,NO,JM1
LOW,LOW,LOW,LOW,LOW,LOW,LOW,LOW,NO,JM1
MEDIUM,MEDIUM,LOW,HIGH,MEDIUM,MEDIUM,MEDIUM,MEDIUM,NO,JM1
LOW,LOW,LOW,LOW,LOW,LOW,LOW,LOW,NO,JM1
LOW,LOW,LOW,LOW,LOW,LOW,LOW,LOW,NO,JM1
LOW,LOW,LOW,LOW,LOW,LOW,LOW,LOW,NO,JM1
LOW,LOW,LOW,LOW,LOW,LOW,LOW,LOW,NO,JM1
LOW,LOW,LOW,LOW,LOW,LOW,LOW,LOW,NO,JM1
LOW,LOW,LOW,LOW,LOW,LOW,LOW,LOW,NO,JM1
LOW,LOW,LOW,LOW,LOW,LOW,LOW,LOW,NO,JM1
MEDIUM,LOW,LOW,LOW,LOW,LOW,LOW,LOW,NO,JM1
LOW,LOW,LOW,LOW,LOW,LOW,LOW,LOW,NO,JM1
LOW,LOW,LOW,LOW,LOW,LOW,LOW,LOW,NO,JM1
LOW,LOW,LOW,LOW,LOW,LOW,LOW,LOW,NO,JM1
LOW,LOW,LOW,MEDIUM,LOW,LOW,LOW,LOW,NO,JM1
LOW,LOW,LOW,LOW,LOW,LOW,LOW,LOW,NO,JM1
MEDIUM,LOW,LOW,LOW,MEDIUM,MEDIUM,MEDIUM,LOW,NO,JM1
MEDIUM,LOW,LOW,LOW,MEDIUM,MEDIUM,MEDIUM,LOW,NO,JM1
MEDIUM,LOW,LOW,LOW,MEDIUM,MEDIUM,MEDIUM,LOW,NO,JM1
LOW,LOW,LOW,LOW,LOW,MEDIUM,LOW,LOW,NO,JM1
LOW,LOW,LOW,LOW,LOW,LOW,LOW,LOW,NO,JM1
LOW,LOW,LOW,LOW,LOW,LOW,LOW,LOW,NO,JM1
LOW,LOW,LOW,LOW,LOW,LOW,LOW,LOW,NO,JM1
LOW,LOW,LOW,LOW,LOW,LOW,LOW,LOW,NO,JM1
LOW,LOW,LOW,LOW,LOW,LOW,LOW,LOW,NO,JM1
LOW,LOW,LOW,LOW,LOW,LOW,LOW,LOW,NO,JM1
LOW,LOW,LOW,LOW,LOW,LOW,LOW,LOW,NO,JM1
LOW,LOW,LOW,LOW,LOW,LOW,LOW,LOW,NO,JM1
LOW,LOW,LOW,LOW,LOW,LOW,LOW,LOW,NO,JM1
LOW,LOW,LOW,LOW,LOW,LOW,LOW,LOW,NO,JM1
MEDIUM,MEDIUM,MEDIUM,MEDIUM,MEDIUM,MEDIUM,MEDIUM,MEDIUM,NO,JM1
MEDIUM,HIGH,HIGH,MEDIUM,MEDIUM,MEDIUM,MEDIUM,HIGH,NO,JM1
MEDIUM,HIGH,HIGH,HIGH,MEDIUM,MEDIUM,MEDIUM,HIGH,NO,JM1
MEDIUM,LOW,LOW,LOW,MEDIUM,LOW,MEDIUM,LOW,NO,JM1
MEDIUM,LOW,LOW,MEDIUM,MEDIUM,MEDIUM,MEDIUM,LOW,NO,JM1
LOW,LOW,LOW,LOW,LOW,LOW,LOW,LOW,NO,JM1
HIGH,HIGH,HIGH,HIGH,HIGH,HIGH,HIGH,HIGH,NO,JM1
MEDIUM,HIGH,HIGH,HIGH,MEDIUM,MEDIUM,MEDIUM,HIGH,NO,JM1
MEDIUM,HIGH,HIGH,HIGH,MEDIUM,MEDIUM,MEDIUM,HIGH,NO,JM1
HIGH,HIGH,HIGH,HIGH,HIGH,HIGH,HIGH,HIGH,NO,JM1
MEDIUM,MEDIUM,HIGH,HIGH,MEDIUM,MEDIUM,MEDIUM,MEDIUM,NO,JM1
HIGH,HIGH,HIGH,HIGH,HIGH,HIGH,HIGH,HIGH,NO,JM1
HIGH,HIGH,LOW,HIGH,HIGH,HIGH,HIGH,HIGH,NO,JM1
MEDIUM,HIGH,HIGH,HIGH,MEDIUM,HIGH,HIGH,HIGH,NO,JM1
HIGH,HIGH,HIGH,HIGH,HIGH,HIGH,HIGH,HIGH,NO,JM1
LOW,HIGH,HIGH,HIGH,MEDIUM,MEDIUM,MEDIUM,HIGH,NO,JM1
MEDIUM,HIGH,HIGH,HIGH,MEDIUM,MEDIUM,MEDIUM,HIGH,NO,JM1
LOW,MEDIUM,HIGH,HIGH,LOW,LOW,LOW,MEDIUM,NO,JM1
MEDIUM,LOW,LOW,LOW,MEDIUM,MEDIUM,MEDIUM,LOW,NO,JM1
LOW,LOW,LOW,LOW,LOW,LOW,LOW,LOW,NO,JM1
LOW,LOW,LOW,LOW,LOW,LOW,LOW,LOW,NO,JM1
LOW,LOW,LOW,LOW,LOW,LOW,LOW,LOW,NO,JM1
LOW,LOW,LOW,LOW,LOW,LOW,LOW,LOW,NO,JM1
LOW,LOW,LOW,LOW,LOW,LOW,LOW,LOW,NO,JM1
LOW,LOW,LOW,LOW,LOW,LOW,LOW,LOW,NO,JM1
LOW,MEDIUM,MEDIUM,MEDIUM,LOW,LOW,LOW,MEDIUM,NO,JM1
LOW,LOW,LOW,LOW,LOW,LOW,LOW,LOW,NO,JM1
LOW,LOW,LOW,LOW,LOW,LOW,LOW,LOW,NO,JM1
LOW,LOW,LOW,LOW,LOW,LOW,LOW,LOW,NO,JM1
LOW,LOW,LOW,LOW,LOW,LOW,LOW,LOW,NO,JM1
LOW,LOW,LOW,LOW,LOW,LOW,LOW,LOW,NO,JM1
LOW,LOW,LOW,LOW,LOW,LOW,LOW,LOW,NO,JM1
LOW,MEDIUM,LOW,LOW,LOW,MEDIUM,MEDIUM,MEDIUM,NO,JM1
HIGH,HIGH,HIGH,MEDIUM,HIGH,HIGH,HIGH,HIGH,NO,JM1
HIGH,HIGH,HIGH,MEDIUM,HIGH,HIGH,HIGH,HIGH,NO,JM1
HIGH,HIGH,HIGH,LOW,LOW,LOW,LOW,HIGH,NO,JM1
HIGH,HIGH,HIGH,HIGH,LOW,LOW,LOW,HIGH,NO,JM1
MEDIUM,MEDIUM,LOW,MEDIUM,MEDIUM,MEDIUM,MEDIUM,LOW,NO,JM1
HIGH,HIGH,HIGH,MEDIUM,HIGH,MEDIUM,MEDIUM,HIGH,NO,JM1
HIGH,HIGH,HIGH,MEDIUM,HIGH,MEDIUM,MEDIUM,HIGH,NO,JM1
MEDIUM,LOW,LOW,MEDIUM,MEDIUM,HIGH,HIGH,LOW,NO,JM1
LOW,LOW,LOW,LOW,LOW,MEDIUM,MEDIUM,LOW,NO,JM1
MEDIUM,LOW,LOW,MEDIUM,MEDIUM,MEDIUM,MEDIUM,LOW,NO,JM1
MEDIUM,LOW,LOW,LOW,MEDIUM,LOW,MEDIUM,LOW,NO,JM1
HIGH,HIGH,LOW,HIGH,HIGH,HIGH,HIGH,HIGH,NO,JM1
LOW,LOW,LOW,LOW,LOW,LOW,LOW,LOW,NO,JM1
HIGH,MEDIUM,LOW,MEDIUM,HIGH,HIGH,HIGH,MEDIUM,NO,JM1
MEDIUM,LOW,LOW,LOW,LOW,LOW,LOW,LOW,NO,JM1
MEDIUM,MEDIUM,LOW,MEDIUM,HIGH,MEDIUM,MEDIUM,MEDIUM,NO,JM1
LOW,LOW,LOW,LOW,LOW,LOW,LOW,LOW,NO,JM1
LOW,LOW,LOW,MEDIUM,MEDIUM,LOW,LOW,LOW,NO,JM1
MEDIUM,MEDIUM,MEDIUM,LOW,MEDIUM,MEDIUM,MEDIUM,MEDIUM,NO,JM1
LOW,LOW,LOW,LOW,LOW,LOW,LOW,LOW,NO,JM1
HIGH,MEDIUM,LOW,LOW,MEDIUM,HIGH,MEDIUM,MEDIUM,NO,JM1
HIGH,HIGH,HIGH,HIGH,HIGH,HIGH,HIGH,HIGH,NO,JM1
HIGH,MEDIUM,LOW,MEDIUM,HIGH,MEDIUM,MEDIUM,MEDIUM,NO,JM1
LOW,LOW,LOW,LOW,LOW,MEDIUM,LOW,LOW,NO,JM1
LOW,LOW,LOW,LOW,LOW,LOW,LOW,LOW,NO,JM1
LOW,LOW,LOW,LOW,LOW,LOW,LOW,LOW,NO,JM1
HIGH,HIGH,HIGH,HIGH,HIGH,HIGH,HIGH,HIGH,NO,JM1
LOW,LOW,MEDIUM,LOW,LOW,LOW,LOW,LOW,NO,JM1
HIGH,HIGH,HIGH,MEDIUM,HIGH,HIGH,HIGH,HIGH,NO,JM1
LOW,LOW,LOW,LOW,LOW,LOW,LOW,LOW,NO,JM1
LOW,LOW,MEDIUM,LOW,LOW,MEDIUM,LOW,LOW,NO,JM1
HIGH,HIGH,HIGH,LOW,HIGH,HIGH,HIGH,HIGH,NO,JM1
HIGH,MEDIUM,LOW,LOW,MEDIUM,MEDIUM,MEDIUM,MEDIUM,NO,JM1
MEDIUM,MEDIUM,MEDIUM,LOW,MEDIUM,MEDIUM,MEDIUM,MEDIUM,NO,JM1
LOW,LOW,MEDIUM,LOW,LOW,LOW,LOW,LOW,NO,JM1
LOW,LOW,LOW,LOW,LOW,LOW,LOW,LOW,NO,JM1
MEDIUM,MEDIUM,LOW,LOW,HIGH,HIGH,HIGH,MEDIUM,NO,JM1
MEDIUM,HIGH,HIGH,MEDIUM,LOW,LOW,LOW,HIGH,NO,JM1
MEDIUM,HIGH,HIGH,MEDIUM,HIGH,HIGH,HIGH,HIGH,NO,JM1
HIGH,HIGH,HIGH,HIGH,HIGH,HIGH,HIGH,HIGH,NO,JM1
MEDIUM,LOW,LOW,LOW,LOW,LOW,LOW,LOW,NO,JM1
LOW,LOW,LOW,LOW,LOW,LOW,LOW,LOW,NO,JM1
LOW,LOW,LOW,LOW,LOW,LOW,LOW,LOW,NO,JM1
HIGH,HIGH,HIGH,HIGH,LOW,LOW,LOW,HIGH,NO,JM1
MEDIUM,MEDIUM,LOW,LOW,LOW,LOW,LOW,MEDIUM,NO,JM1
HIGH,MEDIUM,LOW,MEDIUM,LOW,LOW,LOW,MEDIUM,NO,JM1
MEDIUM,LOW,LOW,MEDIUM,LOW,LOW,LOW,LOW,NO,JM1
HIGH,HIGH,LOW,HIGH,LOW,LOW,LOW,MEDIUM,NO,JM1
MEDIUM,HIGH,LOW,HIGH,MEDIUM,HIGH,MEDIUM,HIGH,NO,JM1
LOW,LOW,LOW,LOW,LOW,LOW,LOW,LOW,NO,JM1
LOW,LOW,LOW,LOW,LOW,LOW,LOW,LOW,NO,JM1
HIGH,MEDIUM,HIGH,MEDIUM,HIGH,HIGH,HIGH,MEDIUM,NO,JM1
HIGH,HIGH,HIGH,HIGH,HIGH,HIGH,HIGH,HIGH,NO,JM1
HIGH,HIGH,HIGH,MEDIUM,HIGH,HIGH,HIGH,HIGH,NO,JM1
HIGH,HIGH,HIGH,HIGH,HIGH,HIGH,HIGH,HIGH,NO,JM1
MEDIUM,HIGH,LOW,MEDIUM,MEDIUM,HIGH,HIGH,HIGH,NO,JM1
HIGH,HIGH,LOW,MEDIUM,HIGH,MEDIUM,MEDIUM,HIGH,NO,JM1
MEDIUM,LOW,LOW,LOW,MEDIUM,HIGH,MEDIUM,LOW,NO,JM1
HIGH,HIGH,HIGH,HIGH,HIGH,HIGH,HIGH,HIGH,NO,JM1
HIGH,HIGH,HIGH,HIGH,HIGH,HIGH,HIGH,HIGH,NO,JM1
LOW,LOW,LOW,LOW,LOW,LOW,LOW,LOW,NO,JM1
MEDIUM,LOW,LOW,LOW,LOW,LOW,LOW,LOW,NO,JM1
MEDIUM,LOW,LOW,LOW,LOW,LOW,LOW,LOW,NO,JM1
HIGH,HIGH,HIGH,MEDIUM,MEDIUM,HIGH,HIGH,HIGH,NO,JM1
HIGH,HIGH,HIGH,LOW,HIGH,HIGH,HIGH,HIGH,NO,JM1
HIGH,HIGH,HIGH,HIGH,HIGH,HIGH,HIGH,HIGH,NO,JM1
HIGH,HIGH,HIGH,HIGH,HIGH,HIGH,HIGH,HIGH,NO,JM1
HIGH,HIGH,HIGH,HIGH,HIGH,HIGH,HIGH,HIGH,NO,JM1
MEDIUM,MEDIUM,LOW,HIGH,MEDIUM,HIGH,MEDIUM,MEDIUM,NO,JM1
MEDIUM,MEDIUM,HIGH,MEDIUM,MEDIUM,HIGH,HIGH,MEDIUM,NO,JM1
MEDIUM,MEDIUM,HIGH,HIGH,MEDIUM,HIGH,HIGH,MEDIUM,NO,JM1
HIGH,MEDIUM,MEDIUM,HIGH,HIGH,HIGH,HIGH,MEDIUM,NO,JM1
MEDIUM,MEDIUM,LOW,HIGH,HIGH,MEDIUM,HIGH,MEDIUM,NO,JM1
HIGH,MEDIUM,LOW,HIGH,HIGH,MEDIUM,MEDIUM,MEDIUM,NO,JM1
LOW,LOW,LOW,LOW,LOW,LOW,LOW,LOW,NO,JM1
MEDIUM,MEDIUM,LOW,LOW,MEDIUM,MEDIUM,MEDIUM,MEDIUM,NO,JM1
HIGH,HIGH,HIGH,HIGH,HIGH,HIGH,HIGH,HIGH,NO,JM1
MEDIUM,LOW,LOW,LOW,MEDIUM,MEDIUM,MEDIUM,LOW,NO,JM1
LOW,LOW,LOW,LOW,LOW,LOW,LOW,LOW,NO,JM1
HIGH,MEDIUM,LOW,MEDIUM,HIGH,MEDIUM,HIGH,MEDIUM,NO,JM1
LOW,LOW,LOW,LOW,LOW,LOW,LOW,LOW,NO,JM1
MEDIUM,LOW,LOW,LOW,MEDIUM,MEDIUM,MEDIUM,LOW,NO,JM1
HIGH,MEDIUM,LOW,MEDIUM,MEDIUM,MEDIUM,MEDIUM,MEDIUM,NO,JM1
HIGH,MEDIUM,LOW,MEDIUM,MEDIUM,MEDIUM,MEDIUM,MEDIUM,NO,JM1
HIGH,HIGH,HIGH,HIGH,HIGH,HIGH,HIGH,HIGH,NO,JM1
HIGH,HIGH,HIGH,HIGH,HIGH,HIGH,HIGH,HIGH,NO,JM1
LOW,LOW,LOW,LOW,LOW,LOW,LOW,LOW,NO,JM1
LOW,LOW,LOW,LOW,LOW,LOW,LOW,LOW,NO,JM1
MEDIUM,HIGH,HIGH,HIGH,HIGH,HIGH,HIGH,HIGH,NO,JM1
LOW,LOW,LOW,LOW,LOW,LOW,LOW,LOW,NO,JM1
LOW,LOW,LOW,LOW,LOW,LOW,LOW,LOW,NO,JM1
LOW,LOW,LOW,LOW,LOW,LOW,LOW,LOW,NO,JM1
LOW,LOW,LOW,LOW,LOW,LOW,LOW,LOW,NO,JM1
HIGH,MEDIUM,LOW,MEDIUM,MEDIUM,MEDIUM,MEDIUM,MEDIUM,NO,JM1
LOW,LOW,LOW,LOW,LOW,LOW,LOW,LOW,NO,JM1
HIGH,HIGH,HIGH,HIGH,HIGH,HIGH,HIGH,HIGH,NO,JM1
HIGH,HIGH,HIGH,HIGH,HIGH,HIGH,HIGH,HIGH,NO,JM1
HIGH,HIGH,HIGH,MEDIUM,HIGH,HIGH,HIGH,HIGH,NO,JM1
MEDIUM,MEDIUM,LOW,LOW,MEDIUM,MEDIUM,MEDIUM,MEDIUM,NO,JM1
MEDIUM,MEDIUM,LOW,HIGH,LOW,LOW,LOW,MEDIUM,NO,JM1
MEDIUM,MEDIUM,LOW,HIGH,LOW,LOW,LOW,MEDIUM,NO,JM1
MEDIUM,HIGH,LOW,HIGH,MEDIUM,MEDIUM,MEDIUM,HIGH,NO,JM1
MEDIUM,LOW,MEDIUM,LOW,LOW,LOW,LOW,LOW,NO,JM1
HIGH,HIGH,HIGH,MEDIUM,LOW,LOW,LOW,HIGH,NO,JM1
LOW,LOW,LOW,LOW,MEDIUM,MEDIUM,MEDIUM,LOW,NO,JM1
LOW,LOW,LOW,LOW,LOW,LOW,LOW,LOW,NO,JM1
LOW,LOW,LOW,LOW,LOW,MEDIUM,MEDIUM,LOW,NO,JM1
LOW,LOW,LOW,LOW,LOW,LOW,LOW,LOW,NO,JM1
LOW,LOW,LOW,LOW,LOW,MEDIUM,MEDIUM,LOW,NO,JM1
MEDIUM,MEDIUM,HIGH,MEDIUM,LOW,LOW,LOW,MEDIUM,NO,JM1
LOW,LOW,LOW,LOW,LOW,LOW,LOW,LOW,NO,JM1
LOW,LOW,LOW,LOW,LOW,LOW,LOW,LOW,NO,JM1
LOW,LOW,LOW,LOW,LOW,LOW,LOW,LOW,NO,JM1
LOW,LOW,LOW,LOW,LOW,LOW,LOW,LOW,NO,JM1
LOW,LOW,LOW,LOW,LOW,LOW,LOW,LOW,NO,JM1
MEDIUM,MEDIUM,LOW,MEDIUM,LOW,LOW,LOW,MEDIUM,NO,JM1
HIGH,MEDIUM,LOW,HIGH,HIGH,MEDIUM,HIGH,MEDIUM,NO,JM1
LOW,LOW,LOW,LOW,LOW,LOW,LOW,LOW,NO,JM1
HIGH,HIGH,LOW,HIGH,HIGH,HIGH,HIGH,HIGH,NO,JM1
LOW,LOW,LOW,LOW,LOW,LOW,LOW,LOW,NO,JM1
MEDIUM,MEDIUM,HIGH,MEDIUM,MEDIUM,MEDIUM,MEDIUM,MEDIUM,NO,JM1
LOW,LOW,LOW,LOW,LOW,LOW,LOW,LOW,NO,JM1
LOW,LOW,LOW,LOW,LOW,LOW,LOW,LOW,NO,JM1
LOW,LOW,LOW,MEDIUM,LOW,LOW,LOW,LOW,NO,JM1
MEDIUM,LOW,LOW,LOW,MEDIUM,MEDIUM,MEDIUM,LOW,NO,JM1
MEDIUM,MEDIUM,LOW,LOW,MEDIUM,HIGH,MEDIUM,MEDIUM,NO,JM1
LOW,LOW,LOW,LOW,MEDIUM,MEDIUM,MEDIUM,LOW,NO,JM1
MEDIUM,HIGH,LOW,LOW,MEDIUM,HIGH,HIGH,HIGH,NO,JM1
HIGH,MEDIUM,LOW,HIGH,HIGH,HIGH,HIGH,MEDIUM,NO,JM1
HIGH,HIGH,HIGH,HIGH,HIGH,HIGH,HIGH,HIGH,NO,JM1
LOW,LOW,LOW,LOW,LOW,MEDIUM,LOW,LOW,NO,JM1
MEDIUM,HIGH,LOW,HIGH,MEDIUM,MEDIUM,MEDIUM,HIGH,NO,JM1
MEDIUM,MEDIUM,LOW,MEDIUM,MEDIUM,MEDIUM,MEDIUM,MEDIUM,NO,JM1
MEDIUM,MEDIUM,HIGH,LOW,HIGH,HIGH,HIGH,MEDIUM,NO,JM1
MEDIUM,MEDIUM,LOW,LOW,MEDIUM,HIGH,MEDIUM,MEDIUM,NO,JM1
LOW,LOW,LOW,LOW,LOW,MEDIUM,MEDIUM,LOW,NO,JM1
LOW,LOW,LOW,LOW,LOW,LOW,LOW,LOW,NO,JM1
MEDIUM,LOW,LOW,LOW,LOW,MEDIUM,MEDIUM,LOW,NO,JM1
MEDIUM,LOW,LOW,LOW,LOW,LOW,LOW,LOW,NO,JM1
MEDIUM,LOW,LOW,LOW,HIGH,HIGH,HIGH,LOW,NO,JM1
LOW,LOW,LOW,LOW,LOW,LOW,LOW,LOW,NO,JM1
MEDIUM,MEDIUM,LOW,LOW,MEDIUM,MEDIUM,MEDIUM,MEDIUM,NO,JM1
MEDIUM,HIGH,LOW,LOW,MEDIUM,HIGH,MEDIUM,HIGH,NO,JM1
HIGH,MEDIUM,LOW,LOW,LOW,LOW,LOW,MEDIUM,NO,JM1
MEDIUM,LOW,LOW,LOW,MEDIUM,MEDIUM,MEDIUM,LOW,NO,JM1
LOW,LOW,LOW,LOW,MEDIUM,MEDIUM,MEDIUM,LOW,NO,JM1
MEDIUM,LOW,LOW,LOW,LOW,LOW,LOW,LOW,NO,JM1
LOW,LOW,LOW,LOW,MEDIUM,MEDIUM,MEDIUM,LOW,NO,JM1
MEDIUM,LOW,LOW,LOW,MEDIUM,MEDIUM,MEDIUM,LOW,NO,JM1
LOW,LOW,LOW,LOW,LOW,LOW,LOW,LOW,NO,JM1
LOW,LOW,LOW,LOW,LOW,LOW,LOW,LOW,NO,JM1
MEDIUM,MEDIUM,LOW,MEDIUM,MEDIUM,MEDIUM,MEDIUM,MEDIUM,NO,JM1
LOW,LOW,LOW,LOW,MEDIUM,MEDIUM,MEDIUM,LOW,NO,JM1
HIGH,LOW,LOW,LOW,HIGH,MEDIUM,HIGH,LOW,NO,JM1
MEDIUM,MEDIUM,MEDIUM,LOW,HIGH,HIGH,HIGH,MEDIUM,NO,JM1
MEDIUM,LOW,LOW,LOW,MEDIUM,MEDIUM,MEDIUM,LOW,NO,JM1
LOW,LOW,LOW,LOW,LOW,MEDIUM,LOW,LOW,NO,JM1
LOW,LOW,LOW,LOW,LOW,LOW,LOW,LOW,NO,JM1
MEDIUM,HIGH,HIGH,HIGH,LOW,LOW,LOW,HIGH,NO,JM1
LOW,LOW,MEDIUM,LOW,LOW,MEDIUM,MEDIUM,LOW,NO,JM1
LOW,LOW,LOW,LOW,MEDIUM,HIGH,HIGH,LOW,NO,JM1
LOW,LOW,LOW,LOW,MEDIUM,MEDIUM,MEDIUM,LOW,NO,JM1
LOW,LOW,LOW,LOW,LOW,LOW,LOW,LOW,NO,JM1
MEDIUM,LOW,LOW,LOW,MEDIUM,HIGH,MEDIUM,LOW,NO,JM1
HIGH,MEDIUM,HIGH,MEDIUM,LOW,LOW,LOW,MEDIUM,NO,JM1
HIGH,HIGH,HIGH,LOW,LOW,LOW,LOW,HIGH,NO,JM1
MEDIUM,LOW,LOW,LOW,HIGH,MEDIUM,MEDIUM,LOW,NO,JM1
MEDIUM,LOW,MEDIUM,LOW,MEDIUM,HIGH,MEDIUM,LOW,NO,JM1
MEDIUM,LOW,LOW,LOW,LOW,LOW,LOW,LOW,NO,JM1
MEDIUM,MEDIUM,LOW,MEDIUM,MEDIUM,MEDIUM,MEDIUM,MEDIUM,NO,JM1
MEDIUM,LOW,LOW,LOW,LOW,LOW,LOW,LOW,NO,JM1
LOW,LOW,LOW,LOW,LOW,LOW,LOW,LOW,NO,JM1
MEDIUM,MEDIUM,LOW,MEDIUM,MEDIUM,MEDIUM,MEDIUM,MEDIUM,NO,JM1
LOW,LOW,LOW,MEDIUM,LOW,LOW,LOW,LOW,NO,JM1
MEDIUM,LOW,LOW,LOW,MEDIUM,HIGH,MEDIUM,LOW,NO,JM1
HIGH,HIGH,HIGH,HIGH,HIGH,HIGH,HIGH,HIGH,NO,JM1
MEDIUM,HIGH,HIGH,MEDIUM,LOW,LOW,LOW,HIGH,NO,JM1
MEDIUM,HIGH,MEDIUM,MEDIUM,LOW,LOW,LOW,HIGH,NO,JM1
MEDIUM,HIGH,HIGH,MEDIUM,LOW,LOW,LOW,HIGH,NO,JM1
MEDIUM,HIGH,MEDIUM,MEDIUM,HIGH,HIGH,HIGH,HIGH,NO,JM1
MEDIUM,MEDIUM,HIGH,MEDIUM,LOW,LOW,LOW,MEDIUM,NO,JM1
HIGH,HIGH,LOW,HIGH,HIGH,HIGH,HIGH,HIGH,NO,JM1
MEDIUM,MEDIUM,LOW,LOW,MEDIUM,MEDIUM,MEDIUM,MEDIUM,NO,JM1
HIGH,HIGH,HIGH,HIGH,HIGH,HIGH,HIGH,HIGH,NO,JM1
MEDIUM,MEDIUM,HIGH,MEDIUM,MEDIUM,MEDIUM,MEDIUM,MEDIUM,NO,JM1
LOW,LOW,LOW,LOW,LOW,LOW,LOW,LOW,NO,JM1
LOW,MEDIUM,HIGH,MEDIUM,MEDIUM,MEDIUM,MEDIUM,MEDIUM,NO,JM1
LOW,LOW,LOW,LOW,LOW,MEDIUM,LOW,LOW,NO,JM1
LOW,LOW,LOW,LOW,LOW,MEDIUM,LOW,LOW,NO,JM1
MEDIUM,MEDIUM,HIGH,MEDIUM,MEDIUM,MEDIUM,MEDIUM,MEDIUM,NO,JM1
MEDIUM,LOW,LOW,LOW,LOW,LOW,LOW,LOW,NO,JM1
MEDIUM,HIGH,HIGH,HIGH,MEDIUM,HIGH,HIGH,HIGH,NO,JM1
LOW,LOW,LOW,LOW,LOW,LOW,LOW,LOW,NO,JM1
LOW,LOW,LOW,LOW,LOW,LOW,LOW,LOW,NO,JM1
LOW,LOW,LOW,LOW,LOW,LOW,LOW,LOW,NO,JM1
LOW,LOW,LOW,LOW,LOW,LOW,LOW,LOW,NO,JM1
HIGH,LOW,LOW,LOW,HIGH,HIGH,HIGH,LOW,NO,JM1
LOW,LOW,LOW,LOW,MEDIUM,MEDIUM,MEDIUM,LOW,NO,JM1
MEDIUM,MEDIUM,HIGH,LOW,LOW,LOW,LOW,MEDIUM,NO,JM1
LOW,LOW,LOW,LOW,LOW,LOW,LOW,LOW,NO,JM1
HIGH,HIGH,LOW,HIGH,HIGH,HIGH,HIGH,HIGH,NO,JM1
MEDIUM,LOW,LOW,LOW,MEDIUM,MEDIUM,MEDIUM,LOW,NO,JM1
MEDIUM,LOW,LOW,LOW,MEDIUM,HIGH,HIGH,LOW,NO,JM1
LOW,LOW,LOW,LOW,LOW,LOW,LOW,LOW,NO,JM1
MEDIUM,MEDIUM,HIGH,HIGH,LOW,LOW,LOW,MEDIUM,NO,JM1
LOW,LOW,LOW,LOW,MEDIUM,LOW,MEDIUM,LOW,NO,JM1
HIGH,HIGH,HIGH,HIGH,LOW,LOW,LOW,HIGH,NO,JM1
LOW,LOW,LOW,LOW,LOW,LOW,LOW,LOW,NO,JM1
HIGH,MEDIUM,LOW,MEDIUM,LOW,LOW,LOW,MEDIUM,NO,JM1
HIGH,LOW,LOW,LOW,LOW,LOW,LOW,LOW,NO,JM1
MEDIUM,LOW,LOW,LOW,MEDIUM,MEDIUM,MEDIUM,LOW,NO,JM1
LOW,LOW,LOW,LOW,LOW,LOW,LOW,LOW,NO,JM1
LOW,LOW,MEDIUM,LOW,MEDIUM,MEDIUM,MEDIUM,LOW,NO,JM1
LOW,LOW,LOW,LOW,LOW,LOW,LOW,LOW,NO,JM1
HIGH,HIGH,LOW,HIGH,HIGH,HIGH,HIGH,HIGH,NO,JM1
HIGH,MEDIUM,HIGH,LOW,HIGH,HIGH,HIGH,MEDIUM,NO,JM1
MEDIUM,MEDIUM,LOW,MEDIUM,HIGH,HIGH,HIGH,MEDIUM,NO,JM1
LOW,LOW,LOW,LOW,MEDIUM,MEDIUM,MEDIUM,LOW,NO,JM1
HIGH,HIGH,MEDIUM,HIGH,HIGH,HIGH,HIGH,HIGH,NO,JM1
LOW,LOW,LOW,LOW,LOW,LOW,LOW,LOW,NO,JM1
LOW,LOW,LOW,LOW,LOW,LOW,LOW,LOW,NO,JM1
LOW,LOW,LOW,LOW,LOW,LOW,LOW,LOW,NO,JM1
MEDIUM,LOW,LOW,LOW,MEDIUM,LOW,MEDIUM,LOW,NO,JM1
LOW,LOW,LOW,LOW,LOW,LOW,LOW,LOW,NO,JM1
MEDIUM,MEDIUM,MEDIUM,MEDIUM,MEDIUM,MEDIUM,MEDIUM,MEDIUM,NO,JM1
HIGH,MEDIUM,LOW,LOW,HIGH,HIGH,HIGH,MEDIUM,NO,JM1
LOW,LOW,LOW,LOW,MEDIUM,LOW,MEDIUM,LOW,NO,JM1
HIGH,MEDIUM,LOW,HIGH,HIGH,MEDIUM,HIGH,MEDIUM,NO,JM1
HIGH,LOW,LOW,LOW,HIGH,MEDIUM,HIGH,LOW,NO,JM1
HIGH,LOW,LOW,LOW,HIGH,MEDIUM,HIGH,LOW,NO,JM1
LOW,LOW,LOW,LOW,MEDIUM,LOW,LOW,LOW,NO,JM1
HIGH,HIGH,LOW,HIGH,HIGH,HIGH,HIGH,HIGH,NO,JM1
HIGH,LOW,LOW,LOW,HIGH,HIGH,HIGH,LOW,NO,JM1
HIGH,LOW,LOW,LOW,HIGH,MEDIUM,MEDIUM,LOW,NO,JM1
HIGH,LOW,LOW,LOW,HIGH,MEDIUM,HIGH,LOW,NO,JM1
HIGH,MEDIUM,LOW,LOW,HIGH,HIGH,HIGH,MEDIUM,NO,JM1
LOW,LOW,LOW,LOW,LOW,LOW,LOW,LOW,NO,JM1
MEDIUM,LOW,LOW,LOW,HIGH,MEDIUM,MEDIUM,LOW,NO,JM1
HIGH,HIGH,HIGH,HIGH,HIGH,HIGH,HIGH,HIGH,NO,JM1
HIGH,LOW,LOW,LOW,HIGH,HIGH,HIGH,LOW,NO,JM1
HIGH,LOW,LOW,LOW,HIGH,HIGH,HIGH,LOW,NO,JM1
MEDIUM,MEDIUM,LOW,HIGH,MEDIUM,HIGH,HIGH,MEDIUM,NO,JM1
MEDIUM,MEDIUM,LOW,HIGH,MEDIUM,HIGH,HIGH,MEDIUM,NO,JM1
HIGH,HIGH,LOW,HIGH,HIGH,HIGH,HIGH,HIGH,NO,JM1
MEDIUM,LOW,LOW,LOW,MEDIUM,LOW,LOW,LOW,NO,JM1
HIGH,HIGH,LOW,HIGH,HIGH,HIGH,HIGH,HIGH,NO,JM1
LOW,LOW,LOW,LOW,MEDIUM,LOW,LOW,LOW,NO,JM1
LOW,LOW,LOW,LOW,LOW,LOW,LOW,LOW,NO,JM1
HIGH,LOW,MEDIUM,LOW,HIGH,HIGH,HIGH,LOW,NO,JM1
HIGH,HIGH,HIGH,HIGH,HIGH,HIGH,HIGH,HIGH,NO,JM1
MEDIUM,LOW,LOW,LOW,MEDIUM,MEDIUM,MEDIUM,LOW,NO,JM1
LOW,LOW,LOW,LOW,LOW,LOW,LOW,LOW,NO,JM1
HIGH,HIGH,HIGH,HIGH,HIGH,HIGH,HIGH,HIGH,NO,JM1
MEDIUM,LOW,LOW,LOW,HIGH,HIGH,HIGH,LOW,NO,JM1
MEDIUM,MEDIUM,LOW,MEDIUM,MEDIUM,MEDIUM,MEDIUM,MEDIUM,NO,JM1
HIGH,LOW,LOW,LOW,HIGH,HIGH,HIGH,LOW,NO,JM1
HIGH,LOW,LOW,LOW,HIGH,MEDIUM,HIGH,LOW,NO,JM1
HIGH,LOW,LOW,LOW,HIGH,HIGH,HIGH,LOW,NO,JM1
HIGH,LOW,LOW,LOW,HIGH,MEDIUM,HIGH,LOW,NO,JM1
HIGH,LOW,LOW,LOW,HIGH,MEDIUM,HIGH,LOW,NO,JM1
MEDIUM,MEDIUM,HIGH,MEDIUM,MEDIUM,MEDIUM,MEDIUM,MEDIUM,NO,JM1
HIGH,MEDIUM,LOW,LOW,HIGH,HIGH,HIGH,MEDIUM,NO,JM1
MEDIUM,LOW,LOW,LOW,MEDIUM,MEDIUM,MEDIUM,LOW,NO,JM1
HIGH,LOW,LOW,LOW,HIGH,MEDIUM,HIGH,LOW,NO,JM1
HIGH,MEDIUM,LOW,HIGH,HIGH,MEDIUM,HIGH,MEDIUM,NO,JM1
HIGH,LOW,LOW,MEDIUM,HIGH,HIGH,HIGH,LOW,NO,JM1
HIGH,LOW,LOW,MEDIUM,HIGH,MEDIUM,HIGH,LOW,NO,JM1
HIGH,HIGH,LOW,HIGH,HIGH,HIGH,HIGH,HIGH,NO,JM1
HIGH,HIGH,LOW,HIGH,HIGH,HIGH,HIGH,HIGH,NO,JM1
LOW,LOW,LOW,LOW,MEDIUM,MEDIUM,MEDIUM,LOW,NO,JM1
HIGH,HIGH,LOW,HIGH,HIGH,HIGH,HIGH,HIGH,NO,JM1
MEDIUM,LOW,LOW,LOW,MEDIUM,LOW,MEDIUM,LOW,NO,JM1
HIGH,LOW,LOW,LOW,HIGH,MEDIUM,HIGH,LOW,NO,JM1
HIGH,LOW,LOW,MEDIUM,HIGH,HIGH,HIGH,LOW,NO,JM1
LOW,LOW,LOW,LOW,LOW,LOW,LOW,LOW,NO,JM1
HIGH,HIGH,LOW,HIGH,HIGH,HIGH,HIGH,HIGH,NO,JM1
HIGH,HIGH,HIGH,HIGH,HIGH,HIGH,HIGH,HIGH,NO,JM1
HIGH,HIGH,LOW,HIGH,HIGH,HIGH,HIGH,HIGH,NO,JM1
HIGH,HIGH,HIGH,HIGH,HIGH,HIGH,HIGH,HIGH,NO,JM1
HIGH,HIGH,LOW,HIGH,HIGH,HIGH,HIGH,HIGH,NO,JM1
MEDIUM,LOW,LOW,LOW,MEDIUM,MEDIUM,MEDIUM,LOW,NO,JM1
HIGH,MEDIUM,LOW,MEDIUM,HIGH,HIGH,HIGH,MEDIUM,NO,JM1
HIGH,MEDIUM,LOW,MEDIUM,HIGH,HIGH,HIGH,MEDIUM,NO,JM1
HIGH,LOW,LOW,LOW,HIGH,HIGH,HIGH,LOW,NO,JM1
LOW,LOW,LOW,LOW,LOW,LOW,LOW,LOW,NO,JM1
MEDIUM,LOW,LOW,MEDIUM,LOW,LOW,LOW,LOW,NO,JM1
MEDIUM,HIGH,LOW,MEDIUM,MEDIUM,HIGH,MEDIUM,HIGH,NO,JM1
MEDIUM,LOW,LOW,LOW,HIGH,MEDIUM,MEDIUM,LOW,NO,JM1
HIGH,HIGH,HIGH,HIGH,HIGH,HIGH,HIGH,HIGH,NO,JM1
LOW,LOW,LOW,MEDIUM,LOW,LOW,LOW,LOW,NO,JM1
HIGH,HIGH,HIGH,HIGH,HIGH,HIGH,HIGH,HIGH,NO,JM1
HIGH,HIGH,HIGH,MEDIUM,HIGH,HIGH,HIGH,HIGH,NO,JM1
HIGH,MEDIUM,HIGH,LOW,HIGH,MEDIUM,HIGH,MEDIUM,NO,JM1
HIGH,MEDIUM,LOW,HIGH,HIGH,HIGH,HIGH,MEDIUM,NO,JM1
MEDIUM,MEDIUM,HIGH,MEDIUM,MEDIUM,MEDIUM,MEDIUM,MEDIUM,NO,JM1
HIGH,HIGH,LOW,HIGH,HIGH,MEDIUM,HIGH,HIGH,NO,JM1
HIGH,HIGH,MEDIUM,HIGH,HIGH,HIGH,HIGH,HIGH,NO,JM1
HIGH,HIGH,LOW,MEDIUM,HIGH,HIGH,HIGH,HIGH,NO,JM1
LOW,LOW,LOW,LOW,LOW,LOW,LOW,LOW,NO,JM1
HIGH,HIGH,HIGH,HIGH,HIGH,HIGH,HIGH,HIGH,NO,JM1
MEDIUM,LOW,LOW,LOW,HIGH,LOW,MEDIUM,LOW,NO,JM1
LOW,LOW,LOW,LOW,LOW,LOW,LOW,LOW,NO,JM1
MEDIUM,LOW,LOW,MEDIUM,MEDIUM,MEDIUM,MEDIUM,LOW,NO,JM1
HIGH,MEDIUM,HIGH,MEDIUM,LOW,LOW,LOW,MEDIUM,NO,JM1
HIGH,LOW,LOW,LOW,HIGH,MEDIUM,HIGH,LOW,NO,JM1
MEDIUM,MEDIUM,HIGH,LOW,MEDIUM,HIGH,MEDIUM,MEDIUM,NO,JM1
MEDIUM,MEDIUM,MEDIUM,MEDIUM,MEDIUM,MEDIUM,MEDIUM,MEDIUM,NO,JM1
HIGH,LOW,LOW,LOW,HIGH,HIGH,HIGH,LOW,NO,JM1
MEDIUM,LOW,LOW,LOW,MEDIUM,MEDIUM,MEDIUM,LOW,NO,JM1
HIGH,HIGH,LOW,HIGH,HIGH,HIGH,HIGH,HIGH,NO,JM1
MEDIUM,LOW,LOW,LOW,LOW,LOW,LOW,LOW,NO,JM1
HIGH,LOW,LOW,LOW,HIGH,HIGH,HIGH,LOW,NO,JM1
HIGH,MEDIUM,LOW,MEDIUM,HIGH,HIGH,HIGH,MEDIUM,NO,JM1
HIGH,MEDIUM,HIGH,HIGH,HIGH,HIGH,HIGH,MEDIUM,NO,JM1
HIGH,HIGH,HIGH,HIGH,HIGH,HIGH,HIGH,HIGH,NO,JM1
HIGH,MEDIUM,LOW,MEDIUM,LOW,LOW,LOW,MEDIUM,NO,JM1
HIGH,LOW,LOW,LOW,HIGH,MEDIUM,HIGH,LOW,NO,JM1
MEDIUM,LOW,LOW,LOW,MEDIUM,MEDIUM,MEDIUM,LOW,NO,JM1
HIGH,LOW,LOW,LOW,HIGH,HIGH,HIGH,LOW,NO,JM1
HIGH,LOW,LOW,LOW,HIGH,HIGH,HIGH,LOW,NO,JM1
LOW,LOW,LOW,LOW,LOW,LOW,LOW,LOW,NO,JM1
HIGH,LOW,LOW,LOW,HIGH,HIGH,HIGH,LOW,NO,JM1
MEDIUM,LOW,LOW,LOW,MEDIUM,LOW,MEDIUM,LOW,NO,JM1
LOW,LOW,LOW,LOW,LOW,LOW,LOW,LOW,NO,JM1
MEDIUM,LOW,LOW,LOW,LOW,LOW,LOW,LOW,NO,JM1
HIGH,MEDIUM,HIGH,MEDIUM,HIGH,HIGH,HIGH,MEDIUM,NO,JM1
HIGH,MEDIUM,LOW,MEDIUM,HIGH,HIGH,HIGH,MEDIUM,NO,JM1
MEDIUM,LOW,LOW,LOW,MEDIUM,MEDIUM,MEDIUM,LOW,NO,JM1
HIGH,MEDIUM,LOW,HIGH,LOW,LOW,LOW,MEDIUM,NO,JM1
MEDIUM,HIGH,HIGH,HIGH,LOW,LOW,LOW,HIGH,NO,JM1
LOW,LOW,LOW,LOW,LOW,LOW,LOW,LOW,NO,JM1
HIGH,MEDIUM,LOW,MEDIUM,HIGH,HIGH,HIGH,MEDIUM,NO,JM1
HIGH,HIGH,LOW,HIGH,HIGH,HIGH,HIGH,HIGH,NO,JM1
MEDIUM,HIGH,HIGH,MEDIUM,HIGH,HIGH,HIGH,HIGH,NO,JM1
LOW,LOW,LOW,LOW,LOW,LOW,LOW,LOW,NO,JM1
LOW,LOW,LOW,LOW,MEDIUM,LOW,LOW,LOW,NO,JM1
LOW,LOW,LOW,LOW,LOW,LOW,LOW,LOW,NO,JM1
MEDIUM,LOW,LOW,LOW,MEDIUM,LOW,MEDIUM,LOW,NO,JM1
HIGH,LOW,LOW,LOW,HIGH,MEDIUM,HIGH,LOW,NO,JM1
HIGH,LOW,LOW,LOW,HIGH,MEDIUM,HIGH,LOW,NO,JM1
HIGH,LOW,LOW,LOW,HIGH,MEDIUM,HIGH,LOW,NO,JM1
HIGH,LOW,LOW,LOW,HIGH,LOW,MEDIUM,LOW,NO,JM1
HIGH,LOW,LOW,LOW,HIGH,HIGH,HIGH,LOW,NO,JM1
LOW,LOW,LOW,LOW,LOW,LOW,LOW,LOW,NO,JM1
HIGH,MEDIUM,LOW,LOW,HIGH,HIGH,HIGH,MEDIUM,NO,JM1
HIGH,HIGH,MEDIUM,HIGH,HIGH,HIGH,HIGH,HIGH,NO,JM1
HIGH,LOW,LOW,LOW,HIGH,MEDIUM,HIGH,LOW,NO,JM1
MEDIUM,LOW,LOW,LOW,HIGH,MEDIUM,HIGH,LOW,NO,JM1
HIGH,LOW,LOW,LOW,HIGH,HIGH,HIGH,LOW,NO,JM1
LOW,LOW,LOW,LOW,LOW,LOW,LOW,LOW,NO,JM1
MEDIUM,MEDIUM,MEDIUM,LOW,HIGH,MEDIUM,HIGH,MEDIUM,NO,JM1
MEDIUM,LOW,LOW,LOW,MEDIUM,MEDIUM,MEDIUM,LOW,NO,JM1
HIGH,HIGH,HIGH,HIGH,HIGH,HIGH,HIGH,HIGH,NO,JM1
HIGH,HIGH,HIGH,HIGH,HIGH,HIGH,HIGH,HIGH,NO,JM1
HIGH,HIGH,HIGH,HIGH,HIGH,HIGH,HIGH,HIGH,NO,JM1
LOW,LOW,LOW,LOW,MEDIUM,MEDIUM,MEDIUM,LOW,NO,JM1
LOW,LOW,LOW,LOW,MEDIUM,LOW,MEDIUM,LOW,NO,JM1
HIGH,LOW,LOW,LOW,HIGH,LOW,MEDIUM,LOW,NO,JM1
MEDIUM,LOW,LOW,LOW,LOW,LOW,LOW,LOW,NO,JM1
MEDIUM,LOW,LOW,LOW,LOW,LOW,LOW,LOW,NO,JM1
LOW,LOW,LOW,LOW,LOW,LOW,LOW,LOW,NO,JM1
MEDIUM,LOW,LOW,LOW,HIGH,MEDIUM,MEDIUM,LOW,NO,JM1
HIGH,LOW,LOW,LOW,LOW,LOW,LOW,LOW,NO,JM1
HIGH,LOW,LOW,LOW,HIGH,MEDIUM,HIGH,LOW,NO,JM1
LOW,LOW,LOW,LOW,MEDIUM,LOW,LOW,LOW,NO,JM1
LOW,LOW,LOW,LOW,MEDIUM,LOW,MEDIUM,LOW,NO,JM1
LOW,LOW,LOW,LOW,LOW,LOW,LOW,LOW,NO,JM1
LOW,LOW,LOW,LOW,LOW,LOW,LOW,LOW,NO,JM1
HIGH,LOW,LOW,MEDIUM,HIGH,MEDIUM,HIGH,LOW,NO,JM1
HIGH,LOW,LOW,LOW,HIGH,MEDIUM,HIGH,LOW,NO,JM1
LOW,LOW,LOW,LOW,LOW,LOW,LOW,LOW,NO,JM1
HIGH,HIGH,LOW,HIGH,HIGH,HIGH,HIGH,HIGH,NO,JM1
HIGH,LOW,LOW,LOW,HIGH,HIGH,HIGH,LOW,NO,JM1
MEDIUM,LOW,LOW,LOW,HIGH,MEDIUM,MEDIUM,LOW,NO,JM1
HIGH,HIGH,HIGH,HIGH,HIGH,HIGH,HIGH,HIGH,NO,JM1
HIGH,MEDIUM,HIGH,MEDIUM,HIGH,HIGH,HIGH,MEDIUM,NO,JM1
HIGH,HIGH,HIGH,HIGH,HIGH,HIGH,HIGH,HIGH,NO,JM1
MEDIUM,LOW,MEDIUM,LOW,MEDIUM,HIGH,MEDIUM,LOW,NO,JM1
MEDIUM,LOW,LOW,LOW,LOW,LOW,LOW,LOW,NO,JM1
LOW,LOW,LOW,LOW,LOW,LOW,LOW,LOW,NO,JM1
LOW,LOW,LOW,LOW,LOW,LOW,LOW,LOW,NO,JM1
LOW,LOW,LOW,LOW,LOW,LOW,LOW,LOW,NO,JM1
LOW,MEDIUM,LOW,MEDIUM,LOW,LOW,LOW,MEDIUM,NO,JM1
LOW,LOW,LOW,LOW,LOW,LOW,LOW,LOW,NO,JM1
LOW,LOW,LOW,LOW,LOW,LOW,LOW,LOW,NO,JM1
LOW,LOW,LOW,LOW,LOW,LOW,LOW,LOW,NO,JM1
LOW,LOW,LOW,LOW,LOW,LOW,LOW,LOW,NO,JM1
LOW,LOW,LOW,LOW,LOW,LOW,LOW,LOW,NO,JM1
LOW,LOW,LOW,LOW,LOW,LOW,LOW,LOW,NO,JM1
LOW,LOW,LOW,LOW,LOW,LOW,LOW,LOW,NO,JM1
HIGH,HIGH,HIGH,HIGH,HIGH,HIGH,HIGH,HIGH,NO,JM1
HIGH,LOW,LOW,MEDIUM,LOW,LOW,LOW,LOW,NO,JM1
HIGH,HIGH,HIGH,HIGH,HIGH,HIGH,HIGH,HIGH,NO,JM1
MEDIUM,LOW,LOW,LOW,HIGH,MEDIUM,MEDIUM,LOW,NO,JM1
HIGH,MEDIUM,LOW,MEDIUM,HIGH,HIGH,HIGH,MEDIUM,NO,JM1
HIGH,HIGH,LOW,HIGH,HIGH,HIGH,HIGH,HIGH,NO,JM1
MEDIUM,LOW,LOW,LOW,LOW,LOW,LOW,LOW,NO,JM1
HIGH,MEDIUM,LOW,HIGH,HIGH,HIGH,HIGH,MEDIUM,NO,JM1
HIGH,LOW,LOW,MEDIUM,HIGH,HIGH,HIGH,LOW,NO,JM1
MEDIUM,LOW,LOW,LOW,HIGH,MEDIUM,MEDIUM,LOW,NO,JM1
HIGH,HIGH,LOW,HIGH,HIGH,HIGH,HIGH,HIGH,NO,JM1
HIGH,MEDIUM,MEDIUM,MEDIUM,HIGH,HIGH,HIGH,MEDIUM,NO,JM1
HIGH,HIGH,LOW,MEDIUM,HIGH,HIGH,HIGH,HIGH,NO,JM1
HIGH,MEDIUM,MEDIUM,MEDIUM,LOW,LOW,LOW,MEDIUM,NO,JM1
HIGH,MEDIUM,LOW,MEDIUM,HIGH,HIGH,HIGH,MEDIUM,NO,JM1
MEDIUM,LOW,LOW,LOW,MEDIUM,MEDIUM,MEDIUM,LOW,NO,JM1
MEDIUM,LOW,LOW,LOW,HIGH,MEDIUM,HIGH,LOW,NO,JM1
HIGH,LOW,LOW,LOW,HIGH,MEDIUM,HIGH,LOW,NO,JM1
HIGH,MEDIUM,LOW,LOW,HIGH,HIGH,HIGH,MEDIUM,NO,JM1
HIGH,MEDIUM,LOW,LOW,HIGH,HIGH,HIGH,MEDIUM,NO,JM1
HIGH,MEDIUM,MEDIUM,MEDIUM,HIGH,HIGH,HIGH,MEDIUM,NO,JM1
HIGH,HIGH,LOW,HIGH,HIGH,HIGH,HIGH,HIGH,NO,JM1
HIGH,MEDIUM,MEDIUM,MEDIUM,HIGH,HIGH,HIGH,MEDIUM,NO,JM1
HIGH,LOW,LOW,LOW,HIGH,MEDIUM,HIGH,LOW,NO,JM1
HIGH,MEDIUM,LOW,HIGH,LOW,LOW,LOW,MEDIUM,NO,JM1
HIGH,LOW,LOW,LOW,LOW,LOW,LOW,LOW,NO,JM1
HIGH,LOW,LOW,LOW,HIGH,HIGH,HIGH,LOW,NO,JM1
HIGH,LOW,LOW,LOW,HIGH,MEDIUM,HIGH,LOW,NO,JM1
LOW,LOW,LOW,LOW,LOW,LOW,LOW,LOW,NO,JM1
HIGH,LOW,MEDIUM,MEDIUM,LOW,LOW,LOW,LOW,NO,JM1
HIGH,MEDIUM,LOW,MEDIUM,HIGH,HIGH,HIGH,MEDIUM,NO,JM1
HIGH,LOW,LOW,LOW,HIGH,MEDIUM,HIGH,LOW,NO,JM1
HIGH,LOW,LOW,LOW,HIGH,MEDIUM,HIGH,LOW,NO,JM1
MEDIUM,LOW,LOW,LOW,HIGH,MEDIUM,MEDIUM,LOW,NO,JM1
LOW,LOW,LOW,LOW,LOW,LOW,LOW,LOW,NO,JM1
LOW,LOW,LOW,LOW,LOW,LOW,LOW,LOW,NO,JM1
MEDIUM,LOW,LOW,LOW,HIGH,MEDIUM,MEDIUM,LOW,NO,JM1
LOW,LOW,LOW,LOW,LOW,LOW,LOW,LOW,NO,JM1
LOW,LOW,LOW,LOW,LOW,LOW,LOW,LOW,NO,JM1
LOW,LOW,LOW,MEDIUM,LOW,LOW,LOW,LOW,NO,JM1
LOW,LOW,LOW,LOW,LOW,LOW,LOW,LOW,NO,JM1
LOW,LOW,LOW,LOW,MEDIUM,LOW,LOW,LOW,NO,JM1
LOW,LOW,LOW,LOW,LOW,LOW,LOW,LOW,NO,JM1
HIGH,HIGH,HIGH,HIGH,LOW,LOW,LOW,HIGH,NO,JM1
LOW,LOW,LOW,LOW,LOW,LOW,LOW,LOW,NO,JM1
LOW,LOW,LOW,LOW,LOW,LOW,LOW,LOW,NO,JM1
LOW,LOW,LOW,LOW,LOW,LOW,LOW,LOW,NO,JM1
LOW,LOW,LOW,LOW,LOW,LOW,LOW,LOW,NO,JM1
LOW,LOW,LOW,LOW,MEDIUM,MEDIUM,MEDIUM,LOW,NO,JM1
HIGH,MEDIUM,MEDIUM,MEDIUM,HIGH,HIGH,HIGH,MEDIUM,NO,JM1
MEDIUM,LOW,LOW,LOW,MEDIUM,LOW,MEDIUM,LOW,NO,JM1
HIGH,LOW,LOW,LOW,HIGH,HIGH,HIGH,LOW,NO,JM1
HIGH,MEDIUM,LOW,MEDIUM,HIGH,HIGH,HIGH,MEDIUM,NO,JM1
MEDIUM,LOW,LOW,LOW,MEDIUM,MEDIUM,MEDIUM,LOW,NO,JM1
LOW,LOW,LOW,LOW,MEDIUM,HIGH,HIGH,LOW,NO,JM1
LOW,LOW,LOW,LOW,MEDIUM,MEDIUM,MEDIUM,LOW,NO,JM1
LOW,LOW,LOW,LOW,LOW,LOW,LOW,LOW,NO,JM1
HIGH,LOW,LOW,LOW,HIGH,HIGH,HIGH,LOW,NO,JM1
MEDIUM,LOW,LOW,MEDIUM,MEDIUM,MEDIUM,MEDIUM,LOW,NO,JM1
MEDIUM,LOW,LOW,LOW,MEDIUM,LOW,MEDIUM,LOW,NO,JM1
MEDIUM,LOW,LOW,LOW,MEDIUM,MEDIUM,MEDIUM,LOW,NO,JM1
LOW,LOW,LOW,LOW,LOW,LOW,LOW,LOW,NO,JM1
HIGH,HIGH,LOW,MEDIUM,LOW,LOW,LOW,HIGH,NO,JM1
LOW,LOW,LOW,LOW,LOW,LOW,LOW,LOW,NO,JM1
LOW,LOW,LOW,LOW,LOW,LOW,LOW,LOW,NO,JM1
LOW,LOW,LOW,LOW,LOW,LOW,LOW,LOW,NO,JM1
LOW,LOW,LOW,LOW,LOW,LOW,LOW,LOW,NO,JM1
LOW,LOW,LOW,LOW,LOW,LOW,LOW,LOW,NO,JM1
LOW,LOW,LOW,LOW,LOW,LOW,LOW,LOW,NO,JM1
LOW,LOW,LOW,LOW,LOW,LOW,LOW,LOW,NO,JM1
LOW,LOW,LOW,LOW,LOW,LOW,LOW,LOW,NO,JM1
LOW,LOW,LOW,LOW,LOW,LOW,LOW,LOW,NO,JM1
MEDIUM,LOW,LOW,LOW,MEDIUM,LOW,MEDIUM,LOW,NO,JM1
LOW,LOW,LOW,LOW,LOW,LOW,LOW,LOW,NO,JM1
LOW,LOW,LOW,LOW,LOW,LOW,LOW,LOW,NO,JM1
MEDIUM,LOW,LOW,LOW,MEDIUM,MEDIUM,MEDIUM,LOW,NO,JM1
LOW,LOW,LOW,LOW,LOW,LOW,LOW,LOW,NO,JM1
LOW,LOW,LOW,LOW,LOW,LOW,LOW,LOW,NO,JM1
HIGH,HIGH,HIGH,HIGH,HIGH,MEDIUM,HIGH,HIGH,NO,JM1
LOW,LOW,LOW,LOW,LOW,LOW,LOW,LOW,NO,JM1
MEDIUM,MEDIUM,LOW,LOW,MEDIUM,MEDIUM,MEDIUM,MEDIUM,NO,JM1
LOW,LOW,LOW,LOW,MEDIUM,LOW,LOW,LOW,NO,JM1
LOW,LOW,LOW,LOW,LOW,LOW,LOW,LOW,NO,JM1
LOW,LOW,LOW,LOW,LOW,LOW,LOW,LOW,NO,JM1
LOW,LOW,MEDIUM,LOW,LOW,LOW,LOW,LOW,NO,JM1
LOW,LOW,LOW,LOW,LOW,LOW,LOW,LOW,NO,JM1
MEDIUM,LOW,LOW,MEDIUM,LOW,LOW,LOW,LOW,NO,JM1
MEDIUM,MEDIUM,LOW,MEDIUM,HIGH,HIGH,HIGH,MEDIUM,NO,JM1
MEDIUM,LOW,LOW,LOW,HIGH,HIGH,HIGH,LOW,NO,JM1
LOW,LOW,LOW,LOW,LOW,LOW,LOW,LOW,NO,JM1
LOW,LOW,LOW,LOW,LOW,LOW,LOW,LOW,NO,JM1
LOW,LOW,LOW,MEDIUM,LOW,LOW,LOW,LOW,NO,JM1
LOW,LOW,MEDIUM,LOW,LOW,LOW,LOW,LOW,NO,JM1
LOW,LOW,LOW,LOW,LOW,LOW,LOW,LOW,NO,JM1
MEDIUM,MEDIUM,MEDIUM,MEDIUM,LOW,LOW,LOW,MEDIUM,NO,JM1
LOW,LOW,LOW,LOW,LOW,LOW,LOW,LOW,NO,JM1
LOW,LOW,LOW,LOW,LOW,LOW,LOW,LOW,NO,JM1
LOW,LOW,LOW,LOW,LOW,LOW,LOW,LOW,NO,JM1
LOW,MEDIUM,HIGH,LOW,LOW,MEDIUM,LOW,MEDIUM,NO,JM1
MEDIUM,HIGH,LOW,LOW,MEDIUM,HIGH,HIGH,HIGH,NO,JM1
LOW,LOW,LOW,LOW,MEDIUM,MEDIUM,MEDIUM,LOW,NO,JM1
MEDIUM,LOW,LOW,LOW,MEDIUM,MEDIUM,MEDIUM,LOW,NO,JM1
LOW,LOW,LOW,LOW,LOW,LOW,LOW,LOW,NO,JM1
LOW,LOW,LOW,LOW,LOW,LOW,LOW,LOW,NO,JM1
LOW,LOW,LOW,LOW,MEDIUM,MEDIUM,MEDIUM,LOW,NO,JM1
LOW,LOW,LOW,LOW,LOW,LOW,LOW,LOW,NO,JM1
LOW,LOW,LOW,LOW,MEDIUM,LOW,MEDIUM,LOW,NO,JM1
LOW,LOW,LOW,LOW,MEDIUM,LOW,MEDIUM,LOW,NO,JM1
MEDIUM,HIGH,HIGH,MEDIUM,LOW,LOW,LOW,HIGH,NO,JM1
LOW,LOW,LOW,LOW,LOW,LOW,LOW,LOW,NO,JM1
LOW,LOW,LOW,LOW,LOW,LOW,LOW,LOW,NO,JM1
LOW,LOW,LOW,LOW,LOW,LOW,LOW,LOW,NO,JM1
LOW,LOW,LOW,MEDIUM,LOW,LOW,LOW,LOW,NO,JM1
LOW,LOW,LOW,MEDIUM,MEDIUM,MEDIUM,MEDIUM,LOW,NO,JM1
MEDIUM,MEDIUM,LOW,LOW,MEDIUM,MEDIUM,MEDIUM,MEDIUM,NO,JM1
LOW,LOW,LOW,LOW,LOW,LOW,LOW,LOW,NO,JM1
LOW,LOW,LOW,LOW,LOW,LOW,LOW,LOW,NO,JM1
LOW,LOW,LOW,LOW,MEDIUM,MEDIUM,MEDIUM,LOW,NO,JM1
MEDIUM,MEDIUM,LOW,HIGH,HIGH,HIGH,HIGH,MEDIUM,NO,JM1
LOW,LOW,LOW,LOW,MEDIUM,MEDIUM,MEDIUM,LOW,NO,JM1
LOW,LOW,LOW,LOW,MEDIUM,MEDIUM,MEDIUM,LOW,NO,JM1
LOW,LOW,LOW,LOW,LOW,LOW,LOW,LOW,NO,JM1
LOW,LOW,LOW,LOW,LOW,LOW,LOW,LOW,NO,JM1
HIGH,MEDIUM,LOW,HIGH,HIGH,HIGH,HIGH,MEDIUM,NO,JM1
LOW,LOW,LOW,LOW,LOW,LOW,LOW,LOW,NO,JM1
MEDIUM,LOW,LOW,MEDIUM,HIGH,MEDIUM,MEDIUM,LOW,NO,JM1
LOW,LOW,LOW,LOW,LOW,LOW,LOW,LOW,NO,JM1
LOW,LOW,LOW,MEDIUM,MEDIUM,LOW,LOW,LOW,NO,JM1
HIGH,HIGH,LOW,HIGH,LOW,LOW,LOW,MEDIUM,NO,JM1
HIGH,HIGH,HIGH,HIGH,HIGH,HIGH,HIGH,HIGH,NO,JM1
LOW,LOW,LOW,LOW,MEDIUM,MEDIUM,MEDIUM,LOW,NO,JM1
LOW,LOW,LOW,LOW,MEDIUM,MEDIUM,MEDIUM,LOW,NO,JM1
LOW,LOW,LOW,LOW,LOW,LOW,LOW,LOW,NO,JM1
LOW,LOW,LOW,LOW,LOW,LOW,LOW,LOW,NO,JM1
LOW,LOW,LOW,LOW,LOW,LOW,LOW,LOW,NO,JM1
LOW,LOW,LOW,LOW,LOW,LOW,LOW,LOW,NO,JM1
HIGH,HIGH,HIGH,HIGH,HIGH,HIGH,HIGH,HIGH,NO,JM1
MEDIUM,HIGH,LOW,HIGH,HIGH,MEDIUM,HIGH,HIGH,NO,JM1
HIGH,HIGH,HIGH,HIGH,HIGH,MEDIUM,HIGH,HIGH,NO,JM1
LOW,LOW,LOW,LOW,MEDIUM,MEDIUM,MEDIUM,LOW,NO,JM1
LOW,LOW,LOW,LOW,LOW,LOW,LOW,LOW,NO,JM1
LOW,LOW,LOW,LOW,LOW,LOW,LOW,LOW,NO,JM1
LOW,LOW,LOW,LOW,LOW,LOW,LOW,LOW,NO,JM1
MEDIUM,LOW,LOW,LOW,MEDIUM,MEDIUM,MEDIUM,LOW,NO,JM1
MEDIUM,MEDIUM,LOW,LOW,HIGH,HIGH,HIGH,MEDIUM,NO,JM1
MEDIUM,MEDIUM,LOW,MEDIUM,HIGH,HIGH,HIGH,MEDIUM,NO,JM1
MEDIUM,MEDIUM,MEDIUM,HIGH,MEDIUM,HIGH,HIGH,MEDIUM,NO,JM1
MEDIUM,MEDIUM,LOW,MEDIUM,HIGH,HIGH,HIGH,MEDIUM,NO,JM1
MEDIUM,MEDIUM,LOW,MEDIUM,HIGH,HIGH,HIGH,MEDIUM,NO,JM1
LOW,LOW,LOW,LOW,MEDIUM,MEDIUM,MEDIUM,LOW,NO,JM1
LOW,LOW,LOW,LOW,LOW,LOW,LOW,LOW,NO,JM1
LOW,LOW,LOW,LOW,LOW,LOW,LOW,LOW,NO,JM1
MEDIUM,LOW,LOW,MEDIUM,MEDIUM,MEDIUM,MEDIUM,LOW,NO,JM1
LOW,LOW,LOW,LOW,MEDIUM,MEDIUM,MEDIUM,LOW,NO,JM1
LOW,LOW,LOW,LOW,MEDIUM,MEDIUM,MEDIUM,LOW,NO,JM1
LOW,LOW,LOW,LOW,LOW,LOW,LOW,LOW,NO,JM1
LOW,LOW,LOW,LOW,LOW,MEDIUM,MEDIUM,LOW,NO,JM1
LOW,LOW,LOW,LOW,LOW,LOW,LOW,LOW,NO,JM1
MEDIUM,LOW,LOW,MEDIUM,LOW,LOW,LOW,LOW,NO,JM1
LOW,LOW,LOW,LOW,LOW,LOW,LOW,LOW,NO,JM1
LOW,LOW,LOW,LOW,LOW,LOW,LOW,LOW,NO,JM1
LOW,LOW,LOW,LOW,LOW,LOW,LOW,LOW,NO,JM1
LOW,LOW,LOW,LOW,LOW,LOW,LOW,LOW,NO,JM1
LOW,LOW,LOW,LOW,MEDIUM,MEDIUM,MEDIUM,LOW,NO,JM1
MEDIUM,LOW,LOW,LOW,HIGH,HIGH,HIGH,LOW,NO,JM1
MEDIUM,LOW,LOW,LOW,HIGH,HIGH,HIGH,LOW,NO,JM1
MEDIUM,LOW,LOW,LOW,HIGH,HIGH,HIGH,LOW,NO,JM1
MEDIUM,MEDIUM,LOW,MEDIUM,HIGH,HIGH,HIGH,MEDIUM,NO,JM1
HIGH,MEDIUM,HIGH,HIGH,HIGH,HIGH,HIGH,MEDIUM,NO,JM1
MEDIUM,MEDIUM,MEDIUM,HIGH,MEDIUM,HIGH,HIGH,MEDIUM,NO,JM1
LOW,LOW,LOW,LOW,LOW,LOW,LOW,LOW,NO,JM1
LOW,LOW,LOW,LOW,MEDIUM,MEDIUM,MEDIUM,LOW,NO,JM1
LOW,LOW,LOW,LOW,LOW,LOW,LOW,LOW,NO,JM1
LOW,LOW,LOW,LOW,LOW,LOW,LOW,LOW,NO,JM1
LOW,LOW,LOW,LOW,LOW,LOW,LOW,LOW,NO,JM1
LOW,LOW,LOW,LOW,LOW,LOW,LOW,LOW,NO,JM1
LOW,LOW,LOW,MEDIUM,LOW,LOW,LOW,LOW,NO,JM1
LOW,LOW,LOW,LOW,LOW,LOW,LOW,LOW,NO,JM1
MEDIUM,LOW,LOW,LOW,LOW,LOW,LOW,LOW,NO,JM1
LOW,MEDIUM,MEDIUM,HIGH,LOW,LOW,LOW,MEDIUM,NO,JM1
MEDIUM,LOW,LOW,LOW,LOW,LOW,LOW,LOW,NO,JM1
MEDIUM,MEDIUM,LOW,MEDIUM,MEDIUM,MEDIUM,MEDIUM,MEDIUM,NO,JM1
LOW,LOW,LOW,LOW,LOW,LOW,LOW,LOW,NO,JM1
MEDIUM,MEDIUM,LOW,LOW,HIGH,HIGH,HIGH,MEDIUM,NO,JM1
LOW,LOW,LOW,LOW,LOW,LOW,LOW,LOW,NO,JM1
LOW,LOW,LOW,LOW,LOW,LOW,LOW,LOW,NO,JM1
LOW,LOW,LOW,LOW,LOW,LOW,LOW,LOW,NO,JM1
LOW,LOW,LOW,LOW,LOW,LOW,LOW,LOW,NO,JM1
LOW,LOW,LOW,LOW,LOW,LOW,LOW,LOW,NO,JM1
LOW,LOW,LOW,LOW,HIGH,HIGH,HIGH,LOW,NO,JM1
MEDIUM,LOW,LOW,LOW,HIGH,HIGH,HIGH,LOW,NO,JM1
LOW,LOW,LOW,LOW,LOW,MEDIUM,LOW,LOW,NO,JM1
LOW,LOW,LOW,LOW,LOW,MEDIUM,LOW,LOW,NO,JM1
LOW,LOW,LOW,LOW,LOW,MEDIUM,LOW,LOW,NO,JM1
LOW,LOW,LOW,LOW,LOW,LOW,LOW,LOW,NO,JM1
LOW,LOW,LOW,LOW,LOW,LOW,LOW,LOW,NO,JM1
LOW,LOW,LOW,LOW,LOW,LOW,LOW,LOW,NO,JM1
LOW,LOW,LOW,LOW,LOW,LOW,LOW,LOW,NO,JM1
LOW,LOW,LOW,LOW,LOW,LOW,LOW,LOW,NO,JM1
LOW,LOW,LOW,LOW,LOW,LOW,LOW,LOW,NO,JM1
MEDIUM,LOW,LOW,MEDIUM,MEDIUM,HIGH,HIGH,LOW,NO,JM1
LOW,LOW,LOW,LOW,LOW,LOW,LOW,LOW,NO,JM1
MEDIUM,LOW,LOW,LOW,MEDIUM,LOW,MEDIUM,LOW,NO,JM1
MEDIUM,LOW,LOW,MEDIUM,LOW,LOW,LOW,LOW,NO,JM1
HIGH,HIGH,HIGH,HIGH,MEDIUM,MEDIUM,MEDIUM,HIGH,NO,JM1
MEDIUM,MEDIUM,HIGH,MEDIUM,MEDIUM,MEDIUM,MEDIUM,MEDIUM,NO,JM1
HIGH,HIGH,LOW,HIGH,HIGH,HIGH,HIGH,HIGH,NO,JM1
LOW,LOW,LOW,LOW,LOW,LOW,LOW,LOW,NO,JM1
LOW,MEDIUM,HIGH,MEDIUM,LOW,LOW,LOW,MEDIUM,NO,JM1
LOW,LOW,LOW,LOW,LOW,LOW,LOW,LOW,NO,JM1
LOW,LOW,LOW,LOW,LOW,LOW,LOW,LOW,NO,JM1
LOW,LOW,LOW,LOW,LOW,LOW,LOW,LOW,NO,JM1
LOW,LOW,LOW,LOW,MEDIUM,LOW,MEDIUM,LOW,NO,JM1
LOW,LOW,LOW,LOW,LOW,LOW,LOW,LOW,NO,JM1
MEDIUM,LOW,LOW,MEDIUM,MEDIUM,LOW,LOW,LOW,NO,JM1
HIGH,HIGH,LOW,HIGH,HIGH,HIGH,HIGH,MEDIUM,NO,JM1
HIGH,HIGH,HIGH,HIGH,HIGH,HIGH,HIGH,HIGH,NO,JM1
LOW,LOW,LOW,LOW,LOW,LOW,LOW,LOW,NO,JM1
HIGH,HIGH,HIGH,HIGH,LOW,LOW,LOW,HIGH,NO,JM1
MEDIUM,LOW,LOW,MEDIUM,MEDIUM,HIGH,MEDIUM,LOW,NO,JM1
LOW,LOW,LOW,LOW,LOW,MEDIUM,MEDIUM,LOW,NO,JM1
HIGH,HIGH,HIGH,HIGH,HIGH,HIGH,HIGH,HIGH,NO,JM1
MEDIUM,HIGH,HIGH,HIGH,HIGH,HIGH,HIGH,HIGH,NO,JM1
MEDIUM,LOW,LOW,MEDIUM,MEDIUM,LOW,LOW,LOW,NO,JM1
LOW,LOW,LOW,LOW,LOW,LOW,LOW,LOW,NO,JM1
MEDIUM,LOW,LOW,LOW,MEDIUM,MEDIUM,MEDIUM,LOW,NO,JM1
LOW,HIGH,MEDIUM,LOW,LOW,LOW,LOW,HIGH,NO,JM1
LOW,LOW,LOW,LOW,LOW,MEDIUM,LOW,LOW,NO,JM1
LOW,LOW,LOW,LOW,LOW,LOW,LOW,LOW,NO,JM1
LOW,LOW,MEDIUM,LOW,LOW,MEDIUM,MEDIUM,LOW,NO,JM1
LOW,LOW,LOW,LOW,LOW,LOW,LOW,LOW,NO,JM1
HIGH,HIGH,HIGH,MEDIUM,HIGH,HIGH,HIGH,HIGH,NO,JM1
LOW,LOW,LOW,LOW,LOW,LOW,LOW,LOW,NO,JM1
MEDIUM,LOW,LOW,LOW,MEDIUM,MEDIUM,MEDIUM,LOW,NO,JM1
HIGH,MEDIUM,LOW,MEDIUM,HIGH,HIGH,HIGH,MEDIUM,NO,JM1
HIGH,HIGH,HIGH,LOW,HIGH,HIGH,HIGH,HIGH,NO,JM1
HIGH,MEDIUM,HIGH,LOW,LOW,LOW,LOW,MEDIUM,NO,JM1
LOW,LOW,LOW,LOW,LOW,LOW,LOW,LOW,NO,JM1
MEDIUM,LOW,LOW,LOW,LOW,LOW,LOW,LOW,NO,JM1
LOW,MEDIUM,HIGH,MEDIUM,LOW,MEDIUM,LOW,MEDIUM,NO,JM1
MEDIUM,LOW,LOW,LOW,MEDIUM,MEDIUM,MEDIUM,LOW,NO,JM1
HIGH,HIGH,LOW,HIGH,HIGH,HIGH,HIGH,HIGH,NO,JM1
MEDIUM,MEDIUM,LOW,MEDIUM,HIGH,MEDIUM,HIGH,MEDIUM,NO,JM1
MEDIUM,MEDIUM,LOW,LOW,MEDIUM,MEDIUM,MEDIUM,MEDIUM,NO,JM1
MEDIUM,LOW,LOW,LOW,MEDIUM,MEDIUM,MEDIUM,LOW,NO,JM1
LOW,LOW,LOW,LOW,LOW,LOW,LOW,LOW,NO,JM1
LOW,LOW,LOW,LOW,MEDIUM,MEDIUM,MEDIUM,LOW,NO,JM1
MEDIUM,HIGH,HIGH,MEDIUM,HIGH,HIGH,HIGH,HIGH,NO,JM1
HIGH,HIGH,HIGH,HIGH,HIGH,HIGH,HIGH,HIGH,NO,JM1
HIGH,HIGH,HIGH,HIGH,HIGH,HIGH,HIGH,HIGH,NO,JM1
LOW,LOW,LOW,LOW,LOW,LOW,LOW,LOW,NO,JM1
MEDIUM,LOW,LOW,LOW,MEDIUM,MEDIUM,MEDIUM,LOW,NO,JM1
LOW,LOW,LOW,LOW,LOW,LOW,LOW,LOW,NO,JM1
MEDIUM,HIGH,HIGH,MEDIUM,HIGH,HIGH,HIGH,HIGH,NO,JM1
MEDIUM,MEDIUM,LOW,MEDIUM,LOW,LOW,LOW,MEDIUM,NO,JM1
MEDIUM,LOW,LOW,MEDIUM,MEDIUM,MEDIUM,MEDIUM,LOW,NO,JM1
LOW,LOW,LOW,LOW,LOW,LOW,LOW,LOW,NO,JM1
MEDIUM,LOW,LOW,LOW,MEDIUM,LOW,MEDIUM,LOW,NO,JM1
LOW,LOW,LOW,MEDIUM,LOW,LOW,LOW,LOW,NO,JM1
LOW,MEDIUM,LOW,MEDIUM,LOW,LOW,LOW,MEDIUM,NO,JM1
LOW,LOW,LOW,LOW,MEDIUM,HIGH,MEDIUM,LOW,NO,JM1
LOW,MEDIUM,HIGH,LOW,LOW,HIGH,MEDIUM,MEDIUM,NO,JM1
LOW,LOW,LOW,LOW,LOW,LOW,LOW,LOW,NO,JM1
MEDIUM,MEDIUM,LOW,LOW,MEDIUM,HIGH,MEDIUM,MEDIUM,NO,JM1
LOW,MEDIUM,MEDIUM,MEDIUM,MEDIUM,MEDIUM,MEDIUM,MEDIUM,NO,JM1
HIGH,MEDIUM,LOW,MEDIUM,MEDIUM,MEDIUM,MEDIUM,MEDIUM,NO,JM1
HIGH,HIGH,LOW,HIGH,MEDIUM,MEDIUM,MEDIUM,HIGH,NO,JM1
LOW,LOW,LOW,LOW,LOW,LOW,LOW,LOW,NO,JM1
MEDIUM,LOW,LOW,LOW,MEDIUM,LOW,MEDIUM,LOW,NO,JM1
LOW,LOW,LOW,LOW,LOW,LOW,LOW,LOW,NO,JM1
LOW,LOW,LOW,LOW,MEDIUM,MEDIUM,MEDIUM,LOW,NO,JM1
MEDIUM,LOW,LOW,LOW,MEDIUM,LOW,LOW,LOW,NO,JM1
HIGH,HIGH,HIGH,HIGH,HIGH,HIGH,HIGH,HIGH,NO,JM1
MEDIUM,MEDIUM,LOW,LOW,MEDIUM,HIGH,MEDIUM,MEDIUM,NO,JM1
LOW,LOW,LOW,LOW,MEDIUM,HIGH,MEDIUM,LOW,NO,JM1
HIGH,HIGH,HIGH,MEDIUM,HIGH,HIGH,HIGH,HIGH,NO,JM1
HIGH,HIGH,HIGH,HIGH,HIGH,HIGH,HIGH,HIGH,NO,JM1
MEDIUM,LOW,LOW,MEDIUM,MEDIUM,MEDIUM,MEDIUM,LOW,NO,JM1
HIGH,HIGH,HIGH,HIGH,HIGH,HIGH,HIGH,HIGH,NO,JM1
LOW,MEDIUM,HIGH,MEDIUM,LOW,MEDIUM,LOW,MEDIUM,NO,JM1
MEDIUM,LOW,LOW,LOW,MEDIUM,MEDIUM,MEDIUM,LOW,NO,JM1
LOW,MEDIUM,LOW,HIGH,MEDIUM,MEDIUM,MEDIUM,MEDIUM,NO,JM1
MEDIUM,LOW,LOW,LOW,MEDIUM,MEDIUM,MEDIUM,LOW,NO,JM1
MEDIUM,MEDIUM,LOW,MEDIUM,MEDIUM,HIGH,MEDIUM,MEDIUM,NO,JM1
MEDIUM,MEDIUM,HIGH,MEDIUM,MEDIUM,MEDIUM,MEDIUM,MEDIUM,NO,JM1
LOW,LOW,LOW,LOW,MEDIUM,MEDIUM,MEDIUM,LOW,NO,JM1
MEDIUM,HIGH,HIGH,HIGH,HIGH,HIGH,HIGH,HIGH,NO,JM1
LOW,LOW,LOW,MEDIUM,LOW,LOW,LOW,LOW,NO,JM1
MEDIUM,LOW,MEDIUM,LOW,MEDIUM,MEDIUM,MEDIUM,LOW,NO,JM1
MEDIUM,MEDIUM,LOW,LOW,MEDIUM,MEDIUM,MEDIUM,MEDIUM,NO,JM1
LOW,MEDIUM,LOW,LOW,LOW,HIGH,MEDIUM,MEDIUM,NO,JM1
LOW,LOW,LOW,LOW,LOW,MEDIUM,LOW,LOW,NO,JM1
MEDIUM,MEDIUM,LOW,MEDIUM,MEDIUM,HIGH,HIGH,MEDIUM,NO,JM1
MEDIUM,MEDIUM,LOW,MEDIUM,MEDIUM,HIGH,HIGH,MEDIUM,NO,JM1
LOW,LOW,LOW,LOW,LOW,MEDIUM,LOW,LOW,NO,JM1
LOW,LOW,LOW,LOW,MEDIUM,MEDIUM,MEDIUM,LOW,NO,JM1
LOW,LOW,LOW,LOW,LOW,LOW,LOW,LOW,NO,JM1
LOW,LOW,LOW,LOW,LOW,LOW,LOW,LOW,NO,JM1
MEDIUM,MEDIUM,LOW,LOW,MEDIUM,MEDIUM,MEDIUM,MEDIUM,NO,JM1
LOW,LOW,LOW,LOW,MEDIUM,LOW,MEDIUM,LOW,NO,JM1
HIGH,MEDIUM,LOW,MEDIUM,MEDIUM,MEDIUM,MEDIUM,MEDIUM,NO,JM1
LOW,LOW,LOW,LOW,LOW,LOW,LOW,LOW,NO,JM1
MEDIUM,LOW,LOW,LOW,LOW,LOW,LOW,LOW,NO,JM1
LOW,LOW,LOW,LOW,LOW,LOW,LOW,LOW,NO,JM1
MEDIUM,HIGH,HIGH,LOW,LOW,LOW,LOW,HIGH,NO,JM1
LOW,LOW,LOW,LOW,LOW,LOW,LOW,LOW,NO,JM1
MEDIUM,LOW,LOW,LOW,MEDIUM,MEDIUM,MEDIUM,LOW,NO,JM1
LOW,LOW,LOW,LOW,LOW,MEDIUM,LOW,LOW,NO,JM1
LOW,LOW,LOW,LOW,MEDIUM,MEDIUM,MEDIUM,LOW,NO,JM1
MEDIUM,LOW,LOW,LOW,LOW,LOW,LOW,LOW,NO,JM1
MEDIUM,MEDIUM,LOW,MEDIUM,LOW,LOW,LOW,MEDIUM,NO,JM1
MEDIUM,LOW,LOW,LOW,MEDIUM,MEDIUM,MEDIUM,LOW,NO,JM1
LOW,LOW,LOW,LOW,LOW,LOW,LOW,LOW,NO,JM1
LOW,LOW,LOW,LOW,LOW,LOW,LOW,LOW,NO,JM1
LOW,MEDIUM,LOW,LOW,LOW,LOW,LOW,MEDIUM,NO,JM1
LOW,LOW,LOW,LOW,LOW,LOW,LOW,LOW,NO,JM1
MEDIUM,LOW,LOW,LOW,MEDIUM,MEDIUM,MEDIUM,LOW,NO,JM1
HIGH,HIGH,HIGH,HIGH,LOW,LOW,LOW,HIGH,NO,JM1
MEDIUM,MEDIUM,LOW,HIGH,HIGH,HIGH,HIGH,MEDIUM,NO,JM1
MEDIUM,MEDIUM,LOW,HIGH,HIGH,HIGH,HIGH,MEDIUM,NO,JM1
MEDIUM,LOW,LOW,MEDIUM,MEDIUM,MEDIUM,MEDIUM,LOW,NO,JM1
MEDIUM,LOW,LOW,LOW,MEDIUM,MEDIUM,MEDIUM,LOW,NO,JM1
LOW,LOW,LOW,LOW,LOW,LOW,LOW,LOW,NO,JM1
LOW,LOW,LOW,LOW,MEDIUM,MEDIUM,MEDIUM,LOW,NO,JM1
LOW,LOW,LOW,LOW,LOW,LOW,LOW,LOW,NO,JM1
MEDIUM,MEDIUM,LOW,MEDIUM,MEDIUM,MEDIUM,MEDIUM,MEDIUM,NO,JM1
MEDIUM,LOW,LOW,MEDIUM,MEDIUM,MEDIUM,MEDIUM,LOW,NO,JM1
LOW,LOW,LOW,LOW,LOW,LOW,LOW,LOW,NO,JM1
HIGH,HIGH,HIGH,HIGH,LOW,LOW,LOW,HIGH,NO,JM1
LOW,LOW,LOW,LOW,LOW,LOW,LOW,LOW,NO,JM1
LOW,LOW,LOW,LOW,LOW,LOW,LOW,LOW,NO,JM1
LOW,LOW,LOW,LOW,LOW,LOW,LOW,LOW,NO,JM1
MEDIUM,LOW,LOW,MEDIUM,MEDIUM,MEDIUM,MEDIUM,LOW,NO,JM1
LOW,MEDIUM,LOW,LOW,MEDIUM,HIGH,MEDIUM,MEDIUM,NO,JM1
LOW,MEDIUM,LOW,LOW,MEDIUM,HIGH,MEDIUM,MEDIUM,NO,JM1
LOW,MEDIUM,LOW,LOW,MEDIUM,HIGH,MEDIUM,MEDIUM,NO,JM1
LOW,LOW,LOW,LOW,LOW,LOW,LOW,LOW,NO,JM1
MEDIUM,MEDIUM,LOW,LOW,MEDIUM,HIGH,MEDIUM,MEDIUM,NO,JM1
LOW,MEDIUM,LOW,LOW,MEDIUM,HIGH,MEDIUM,MEDIUM,NO,JM1
HIGH,HIGH,LOW,HIGH,HIGH,HIGH,HIGH,HIGH,NO,JM1
LOW,MEDIUM,LOW,LOW,MEDIUM,HIGH,MEDIUM,MEDIUM,NO,JM1
LOW,LOW,LOW,LOW,LOW,LOW,LOW,LOW,NO,JM1
LOW,LOW,LOW,LOW,LOW,LOW,LOW,LOW,NO,JM1
MEDIUM,MEDIUM,HIGH,LOW,MEDIUM,HIGH,HIGH,MEDIUM,NO,JM1
LOW,LOW,LOW,LOW,LOW,LOW,LOW,LOW,NO,JM1
LOW,MEDIUM,LOW,LOW,MEDIUM,HIGH,MEDIUM,MEDIUM,NO,JM1
LOW,LOW,LOW,LOW,LOW,LOW,LOW,LOW,NO,JM1
LOW,LOW,LOW,LOW,LOW,LOW,LOW,LOW,NO,JM1
HIGH,HIGH,MEDIUM,LOW,HIGH,HIGH,HIGH,HIGH,NO,JM1
HIGH,HIGH,HIGH,HIGH,MEDIUM,MEDIUM,MEDIUM,HIGH,NO,JM1
LOW,LOW,LOW,LOW,LOW,LOW,LOW,LOW,NO,JM1
LOW,LOW,LOW,LOW,LOW,LOW,LOW,LOW,NO,JM1
HIGH,HIGH,HIGH,HIGH,LOW,LOW,LOW,HIGH,NO,JM1
HIGH,HIGH,HIGH,HIGH,HIGH,HIGH,HIGH,HIGH,NO,JM1
MEDIUM,MEDIUM,LOW,MEDIUM,MEDIUM,MEDIUM,MEDIUM,MEDIUM,NO,JM1
HIGH,HIGH,HIGH,HIGH,MEDIUM,MEDIUM,MEDIUM,HIGH,NO,JM1
MEDIUM,MEDIUM,LOW,MEDIUM,MEDIUM,MEDIUM,MEDIUM,MEDIUM,NO,JM1
MEDIUM,MEDIUM,LOW,LOW,LOW,LOW,LOW,MEDIUM,NO,JM1
HIGH,HIGH,HIGH,HIGH,HIGH,HIGH,HIGH,HIGH,NO,JM1
MEDIUM,MEDIUM,LOW,LOW,MEDIUM,MEDIUM,MEDIUM,MEDIUM,NO,JM1
LOW,LOW,LOW,LOW,LOW,LOW,LOW,LOW,NO,JM1
HIGH,HIGH,HIGH,HIGH,HIGH,HIGH,HIGH,HIGH,NO,JM1
HIGH,HIGH,HIGH,HIGH,HIGH,HIGH,HIGH,HIGH,NO,JM1
MEDIUM,MEDIUM,LOW,LOW,MEDIUM,LOW,MEDIUM,MEDIUM,NO,JM1
LOW,MEDIUM,MEDIUM,LOW,MEDIUM,MEDIUM,MEDIUM,MEDIUM,NO,JM1
LOW,MEDIUM,LOW,MEDIUM,MEDIUM,LOW,MEDIUM,MEDIUM,NO,JM1
MEDIUM,MEDIUM,HIGH,LOW,MEDIUM,LOW,MEDIUM,MEDIUM,NO,JM1
HIGH,HIGH,HIGH,HIGH,HIGH,HIGH,HIGH,HIGH,NO,JM1
LOW,LOW,LOW,LOW,LOW,LOW,LOW,LOW,NO,JM1
LOW,LOW,LOW,LOW,LOW,LOW,LOW,LOW,NO,JM1
LOW,LOW,LOW,LOW,LOW,LOW,LOW,LOW,NO,JM1
MEDIUM,LOW,LOW,LOW,MEDIUM,MEDIUM,MEDIUM,LOW,NO,JM1
LOW,LOW,MEDIUM,LOW,LOW,MEDIUM,LOW,LOW,NO,JM1
LOW,LOW,LOW,LOW,LOW,LOW,LOW,LOW,NO,JM1
MEDIUM,MEDIUM,LOW,LOW,MEDIUM,MEDIUM,MEDIUM,MEDIUM,NO,JM1
MEDIUM,MEDIUM,LOW,LOW,MEDIUM,MEDIUM,MEDIUM,MEDIUM,NO,JM1
MEDIUM,MEDIUM,MEDIUM,LOW,MEDIUM,LOW,MEDIUM,MEDIUM,NO,JM1
HIGH,HIGH,HIGH,HIGH,MEDIUM,MEDIUM,MEDIUM,HIGH,NO,JM1
MEDIUM,MEDIUM,LOW,LOW,MEDIUM,MEDIUM,MEDIUM,MEDIUM,NO,JM1
MEDIUM,LOW,LOW,LOW,MEDIUM,MEDIUM,MEDIUM,LOW,NO,JM1
LOW,LOW,LOW,LOW,LOW,LOW,LOW,LOW,NO,JM1
LOW,LOW,LOW,LOW,LOW,LOW,LOW,LOW,NO,JM1
LOW,LOW,LOW,LOW,LOW,LOW,LOW,LOW,NO,JM1
LOW,LOW,LOW,LOW,LOW,LOW,LOW,LOW,NO,JM1
LOW,LOW,LOW,LOW,LOW,LOW,LOW,LOW,NO,JM1
LOW,LOW,LOW,LOW,LOW,LOW,LOW,LOW,NO,JM1
LOW,LOW,LOW,LOW,LOW,LOW,LOW,LOW,NO,JM1
LOW,LOW,LOW,LOW,LOW,LOW,LOW,LOW,NO,JM1
LOW,LOW,LOW,LOW,LOW,LOW,LOW,LOW,NO,JM1
LOW,LOW,LOW,LOW,LOW,LOW,LOW,LOW,NO,JM1
MEDIUM,MEDIUM,HIGH,MEDIUM,MEDIUM,MEDIUM,MEDIUM,MEDIUM,NO,JM1
MEDIUM,MEDIUM,HIGH,MEDIUM,MEDIUM,MEDIUM,MEDIUM,MEDIUM,NO,JM1
HIGH,LOW,LOW,LOW,HIGH,HIGH,HIGH,LOW,NO,JM1
HIGH,HIGH,LOW,MEDIUM,HIGH,HIGH,HIGH,HIGH,NO,JM1
LOW,MEDIUM,MEDIUM,LOW,LOW,MEDIUM,MEDIUM,MEDIUM,NO,JM1
LOW,LOW,LOW,LOW,LOW,LOW,LOW,LOW,NO,JM1
LOW,LOW,LOW,LOW,LOW,LOW,LOW,LOW,NO,JM1
LOW,LOW,LOW,LOW,LOW,LOW,LOW,LOW,NO,JM1
LOW,LOW,LOW,LOW,LOW,LOW,LOW,LOW,NO,JM1
MEDIUM,MEDIUM,HIGH,MEDIUM,MEDIUM,MEDIUM,MEDIUM,MEDIUM,NO,JM1
HIGH,HIGH,LOW,MEDIUM,HIGH,HIGH,HIGH,HIGH,NO,JM1
LOW,LOW,LOW,LOW,LOW,LOW,LOW,LOW,NO,JM1
HIGH,MEDIUM,MEDIUM,MEDIUM,MEDIUM,MEDIUM,MEDIUM,MEDIUM,NO,JM1
LOW,MEDIUM,LOW,LOW,MEDIUM,LOW,MEDIUM,MEDIUM,NO,JM1
LOW,LOW,LOW,LOW,LOW,LOW,LOW,LOW,NO,JM1
LOW,LOW,LOW,LOW,LOW,LOW,LOW,LOW,NO,JM1
LOW,LOW,LOW,LOW,LOW,LOW,LOW,LOW,NO,JM1
MEDIUM,LOW,LOW,LOW,MEDIUM,MEDIUM,MEDIUM,LOW,NO,JM1
LOW,LOW,LOW,MEDIUM,LOW,LOW,LOW,LOW,NO,JM1
HIGH,HIGH,HIGH,HIGH,HIGH,HIGH,HIGH,HIGH,NO,JM1
MEDIUM,HIGH,HIGH,HIGH,LOW,MEDIUM,MEDIUM,HIGH,NO,JM1
HIGH,HIGH,HIGH,HIGH,HIGH,HIGH,HIGH,HIGH,NO,JM1
LOW,LOW,LOW,LOW,LOW,LOW,LOW,LOW,NO,JM1
HIGH,HIGH,LOW,HIGH,HIGH,HIGH,HIGH,HIGH,NO,JM1
HIGH,HIGH,HIGH,HIGH,HIGH,HIGH,HIGH,HIGH,NO,JM1
LOW,LOW,LOW,LOW,LOW,LOW,LOW,LOW,NO,JM1
MEDIUM,MEDIUM,LOW,MEDIUM,HIGH,MEDIUM,HIGH,MEDIUM,NO,JM1
LOW,LOW,LOW,LOW,LOW,LOW,LOW,LOW,NO,JM1
LOW,LOW,LOW,LOW,LOW,LOW,LOW,LOW,NO,JM1
LOW,LOW,LOW,LOW,LOW,LOW,LOW,LOW,NO,JM1
MEDIUM,MEDIUM,MEDIUM,LOW,MEDIUM,MEDIUM,MEDIUM,MEDIUM,NO,JM1
LOW,LOW,LOW,LOW,LOW,LOW,LOW,LOW,NO,JM1
LOW,LOW,LOW,LOW,LOW,LOW,LOW,LOW,NO,JM1
LOW,LOW,LOW,LOW,LOW,LOW,LOW,LOW,NO,JM1
LOW,MEDIUM,LOW,LOW,LOW,MEDIUM,LOW,MEDIUM,NO,JM1
MEDIUM,LOW,LOW,LOW,MEDIUM,MEDIUM,MEDIUM,LOW,NO,JM1
HIGH,LOW,LOW,LOW,HIGH,HIGH,HIGH,LOW,NO,JM1
LOW,MEDIUM,LOW,LOW,MEDIUM,LOW,MEDIUM,MEDIUM,NO,JM1
LOW,MEDIUM,MEDIUM,LOW,MEDIUM,MEDIUM,MEDIUM,MEDIUM,NO,JM1
LOW,MEDIUM,MEDIUM,LOW,MEDIUM,MEDIUM,MEDIUM,MEDIUM,NO,JM1
LOW,MEDIUM,MEDIUM,LOW,MEDIUM,MEDIUM,MEDIUM,MEDIUM,NO,JM1
LOW,MEDIUM,MEDIUM,MEDIUM,MEDIUM,MEDIUM,MEDIUM,MEDIUM,NO,JM1
HIGH,HIGH,LOW,HIGH,HIGH,HIGH,HIGH,MEDIUM,NO,JM1
LOW,MEDIUM,HIGH,LOW,LOW,LOW,LOW,MEDIUM,NO,JM1
MEDIUM,LOW,LOW,LOW,MEDIUM,LOW,MEDIUM,LOW,NO,JM1
LOW,LOW,LOW,LOW,LOW,LOW,LOW,LOW,NO,JM1
MEDIUM,MEDIUM,LOW,LOW,MEDIUM,LOW,MEDIUM,MEDIUM,NO,JM1
LOW,LOW,LOW,LOW,LOW,LOW,LOW,LOW,NO,JM1
LOW,MEDIUM,LOW,LOW,MEDIUM,LOW,MEDIUM,MEDIUM,NO,JM1
LOW,HIGH,HIGH,HIGH,HIGH,MEDIUM,MEDIUM,HIGH,NO,JM1
LOW,MEDIUM,LOW,MEDIUM,MEDIUM,LOW,LOW,MEDIUM,NO,JM1
LOW,LOW,LOW,LOW,LOW,LOW,LOW,LOW,NO,JM1
MEDIUM,HIGH,LOW,HIGH,MEDIUM,LOW,MEDIUM,HIGH,NO,JM1
LOW,LOW,LOW,LOW,MEDIUM,MEDIUM,MEDIUM,LOW,NO,JM1
LOW,LOW,LOW,LOW,LOW,LOW,LOW,LOW,NO,JM1
HIGH,HIGH,LOW,HIGH,HIGH,HIGH,HIGH,HIGH,NO,JM1
LOW,LOW,LOW,LOW,LOW,LOW,LOW,LOW,NO,JM1
LOW,LOW,LOW,LOW,LOW,LOW,LOW,LOW,NO,JM1
LOW,LOW,LOW,LOW,LOW,MEDIUM,LOW,LOW,NO,JM1
HIGH,LOW,LOW,MEDIUM,HIGH,HIGH,HIGH,LOW,NO,JM1
LOW,LOW,LOW,LOW,LOW,LOW,LOW,LOW,NO,JM1
LOW,LOW,LOW,LOW,MEDIUM,MEDIUM,MEDIUM,LOW,NO,JM1
HIGH,HIGH,HIGH,HIGH,HIGH,HIGH,HIGH,HIGH,NO,JM1
LOW,LOW,LOW,LOW,LOW,LOW,LOW,LOW,NO,JM1
HIGH,MEDIUM,MEDIUM,MEDIUM,HIGH,MEDIUM,HIGH,MEDIUM,NO,JM1
HIGH,HIGH,LOW,LOW,HIGH,HIGH,HIGH,HIGH,NO,JM1
LOW,LOW,LOW,LOW,LOW,LOW,LOW,LOW,NO,JM1
LOW,LOW,MEDIUM,LOW,LOW,LOW,LOW,LOW,NO,JM1
HIGH,HIGH,HIGH,HIGH,HIGH,HIGH,HIGH,HIGH,NO,JM1
MEDIUM,MEDIUM,MEDIUM,MEDIUM,MEDIUM,LOW,LOW,MEDIUM,NO,JM1
LOW,LOW,MEDIUM,MEDIUM,LOW,LOW,LOW,LOW,NO,JM1
MEDIUM,MEDIUM,HIGH,HIGH,MEDIUM,LOW,MEDIUM,MEDIUM,NO,JM1
LOW,MEDIUM,HIGH,LOW,LOW,LOW,LOW,MEDIUM,NO,JM1
HIGH,HIGH,HIGH,HIGH,HIGH,HIGH,HIGH,HIGH,NO,JM1
HIGH,HIGH,LOW,HIGH,HIGH,HIGH,HIGH,HIGH,NO,JM1
LOW,LOW,LOW,LOW,LOW,LOW,LOW,LOW,NO,JM1
LOW,LOW,LOW,LOW,LOW,LOW,LOW,LOW,NO,JM1
HIGH,HIGH,LOW,LOW,HIGH,HIGH,HIGH,HIGH,NO,JM1
HIGH,HIGH,LOW,LOW,HIGH,HIGH,HIGH,HIGH,NO,JM1
LOW,LOW,MEDIUM,MEDIUM,LOW,LOW,LOW,LOW,NO,JM1
LOW,LOW,LOW,LOW,LOW,LOW,LOW,LOW,NO,JM1
LOW,LOW,LOW,LOW,LOW,LOW,LOW,LOW,NO,JM1
HIGH,MEDIUM,LOW,MEDIUM,HIGH,MEDIUM,HIGH,MEDIUM,NO,JM1
LOW,LOW,MEDIUM,MEDIUM,LOW,LOW,LOW,LOW,NO,JM1
MEDIUM,LOW,MEDIUM,MEDIUM,MEDIUM,LOW,LOW,LOW,NO,JM1
HIGH,HIGH,HIGH,HIGH,HIGH,LOW,MEDIUM,HIGH,NO,JM1
HIGH,HIGH,HIGH,HIGH,HIGH,HIGH,HIGH,HIGH,NO,JM1
MEDIUM,LOW,LOW,MEDIUM,MEDIUM,HIGH,HIGH,LOW,NO,JM1
MEDIUM,LOW,LOW,LOW,LOW,LOW,LOW,LOW,NO,JM1
HIGH,MEDIUM,HIGH,HIGH,HIGH,LOW,MEDIUM,MEDIUM,NO,JM1
LOW,LOW,LOW,LOW,LOW,LOW,LOW,LOW,NO,JM1
HIGH,HIGH,MEDIUM,HIGH,HIGH,HIGH,HIGH,HIGH,NO,JM1
LOW,LOW,LOW,LOW,LOW,LOW,LOW,LOW,NO,JM1
HIGH,HIGH,HIGH,HIGH,HIGH,HIGH,HIGH,HIGH,NO,JM1
LOW,LOW,LOW,LOW,LOW,LOW,LOW,LOW,NO,JM1
LOW,LOW,LOW,LOW,LOW,LOW,LOW,LOW,NO,JM1
HIGH,HIGH,HIGH,HIGH,HIGH,HIGH,HIGH,HIGH,NO,JM1
LOW,LOW,LOW,LOW,LOW,LOW,LOW,LOW,NO,JM1
LOW,LOW,LOW,LOW,LOW,LOW,LOW,LOW,NO,JM1
LOW,LOW,LOW,LOW,LOW,LOW,LOW,LOW,NO,JM1
LOW,MEDIUM,HIGH,LOW,MEDIUM,MEDIUM,MEDIUM,MEDIUM,NO,JM1
LOW,LOW,LOW,LOW,MEDIUM,MEDIUM,MEDIUM,LOW,NO,JM1
LOW,LOW,LOW,LOW,MEDIUM,MEDIUM,MEDIUM,LOW,NO,JM1
LOW,LOW,LOW,LOW,MEDIUM,MEDIUM,MEDIUM,LOW,NO,JM1
HIGH,HIGH,LOW,MEDIUM,HIGH,HIGH,HIGH,MEDIUM,NO,JM1
LOW,MEDIUM,LOW,LOW,LOW,MEDIUM,MEDIUM,MEDIUM,NO,JM1
LOW,LOW,LOW,LOW,LOW,LOW,LOW,LOW,NO,JM1
LOW,LOW,LOW,LOW,LOW,LOW,LOW,LOW,NO,JM1
MEDIUM,MEDIUM,LOW,MEDIUM,MEDIUM,HIGH,MEDIUM,MEDIUM,NO,JM1
MEDIUM,MEDIUM,HIGH,LOW,MEDIUM,HIGH,MEDIUM,MEDIUM,NO,JM1
LOW,LOW,MEDIUM,LOW,MEDIUM,MEDIUM,MEDIUM,LOW,NO,JM1
HIGH,HIGH,LOW,MEDIUM,MEDIUM,HIGH,HIGH,HIGH,NO,JM1
HIGH,MEDIUM,LOW,MEDIUM,HIGH,HIGH,HIGH,MEDIUM,NO,JM1
MEDIUM,LOW,LOW,MEDIUM,MEDIUM,LOW,LOW,LOW,NO,JM1
MEDIUM,LOW,LOW,MEDIUM,MEDIUM,LOW,LOW,LOW,NO,JM1
MEDIUM,LOW,LOW,MEDIUM,LOW,LOW,LOW,LOW,NO,JM1
LOW,MEDIUM,LOW,MEDIUM,LOW,LOW,LOW,MEDIUM,NO,JM1
MEDIUM,LOW,LOW,MEDIUM,MEDIUM,LOW,LOW,LOW,NO,JM1
MEDIUM,LOW,LOW,MEDIUM,LOW,LOW,LOW,LOW,NO,JM1
MEDIUM,LOW,LOW,MEDIUM,MEDIUM,LOW,LOW,LOW,NO,JM1
MEDIUM,LOW,LOW,MEDIUM,LOW,LOW,LOW,LOW,NO,JM1
MEDIUM,LOW,LOW,MEDIUM,LOW,LOW,LOW,LOW,NO,JM1
MEDIUM,LOW,LOW,MEDIUM,MEDIUM,LOW,LOW,LOW,NO,JM1
MEDIUM,HIGH,LOW,MEDIUM,MEDIUM,HIGH,MEDIUM,HIGH,NO,JM1
HIGH,HIGH,HIGH,HIGH,HIGH,HIGH,HIGH,HIGH,NO,JM1
MEDIUM,HIGH,LOW,MEDIUM,MEDIUM,HIGH,MEDIUM,HIGH,NO,JM1
MEDIUM,HIGH,LOW,MEDIUM,MEDIUM,MEDIUM,MEDIUM,HIGH,NO,JM1
HIGH,HIGH,HIGH,MEDIUM,HIGH,HIGH,HIGH,HIGH,NO,JM1
LOW,MEDIUM,LOW,LOW,LOW,MEDIUM,LOW,MEDIUM,NO,JM1
MEDIUM,HIGH,LOW,HIGH,MEDIUM,MEDIUM,MEDIUM,HIGH,NO,JM1
MEDIUM,HIGH,HIGH,MEDIUM,MEDIUM,MEDIUM,MEDIUM,HIGH,NO,JM1
HIGH,HIGH,HIGH,HIGH,HIGH,HIGH,HIGH,HIGH,NO,JM1
HIGH,HIGH,HIGH,MEDIUM,HIGH,HIGH,HIGH,HIGH,NO,JM1
HIGH,HIGH,HIGH,HIGH,HIGH,HIGH,HIGH,HIGH,NO,JM1
MEDIUM,LOW,LOW,LOW,MEDIUM,MEDIUM,MEDIUM,LOW,NO,JM1
HIGH,HIGH,HIGH,HIGH,HIGH,HIGH,HIGH,HIGH,NO,JM1
LOW,LOW,LOW,LOW,LOW,LOW,LOW,LOW,NO,JM1
HIGH,HIGH,HIGH,HIGH,HIGH,HIGH,HIGH,HIGH,NO,JM1
HIGH,HIGH,LOW,MEDIUM,HIGH,HIGH,HIGH,HIGH,NO,JM1
LOW,HIGH,LOW,HIGH,MEDIUM,LOW,LOW,HIGH,NO,JM1
LOW,LOW,LOW,MEDIUM,LOW,MEDIUM,MEDIUM,LOW,NO,JM1
HIGH,MEDIUM,HIGH,HIGH,HIGH,HIGH,HIGH,MEDIUM,NO,JM1
LOW,LOW,LOW,LOW,LOW,LOW,LOW,LOW,NO,JM1
LOW,LOW,LOW,LOW,MEDIUM,LOW,MEDIUM,LOW,NO,JM1
MEDIUM,HIGH,LOW,LOW,HIGH,MEDIUM,MEDIUM,HIGH,NO,JM1
MEDIUM,LOW,LOW,LOW,HIGH,HIGH,HIGH,LOW,NO,JM1
MEDIUM,LOW,LOW,LOW,HIGH,HIGH,HIGH,LOW,NO,JM1
MEDIUM,MEDIUM,LOW,LOW,MEDIUM,MEDIUM,MEDIUM,MEDIUM,NO,JM1
HIGH,MEDIUM,LOW,HIGH,HIGH,HIGH,HIGH,MEDIUM,NO,JM1
MEDIUM,HIGH,HIGH,MEDIUM,HIGH,HIGH,HIGH,HIGH,NO,JM1
HIGH,MEDIUM,LOW,HIGH,HIGH,HIGH,HIGH,MEDIUM,NO,JM1
HIGH,MEDIUM,LOW,MEDIUM,HIGH,MEDIUM,HIGH,MEDIUM,NO,JM1
HIGH,MEDIUM,LOW,LOW,HIGH,HIGH,HIGH,MEDIUM,NO,JM1
MEDIUM,LOW,LOW,MEDIUM,MEDIUM,MEDIUM,MEDIUM,LOW,NO,JM1
MEDIUM,LOW,LOW,LOW,MEDIUM,MEDIUM,MEDIUM,LOW,NO,JM1
HIGH,HIGH,HIGH,HIGH,HIGH,HIGH,HIGH,HIGH,NO,JM1
LOW,LOW,LOW,LOW,LOW,LOW,LOW,LOW,NO,JM1
MEDIUM,LOW,LOW,LOW,MEDIUM,MEDIUM,MEDIUM,LOW,NO,JM1
MEDIUM,LOW,LOW,MEDIUM,HIGH,HIGH,HIGH,LOW,NO,JM1
HIGH,MEDIUM,LOW,HIGH,HIGH,HIGH,HIGH,MEDIUM,NO,JM1
HIGH,HIGH,HIGH,MEDIUM,HIGH,HIGH,HIGH,HIGH,NO,JM1
HIGH,HIGH,HIGH,HIGH,HIGH,HIGH,HIGH,HIGH,NO,JM1
HIGH,HIGH,LOW,HIGH,HIGH,HIGH,HIGH,HIGH,NO,JM1
HIGH,HIGH,MEDIUM,HIGH,HIGH,HIGH,HIGH,HIGH,NO,JM1
HIGH,HIGH,LOW,MEDIUM,HIGH,HIGH,HIGH,HIGH,NO,JM1
HIGH,HIGH,MEDIUM,HIGH,HIGH,HIGH,HIGH,HIGH,NO,JM1
LOW,LOW,LOW,LOW,LOW,MEDIUM,LOW,LOW,NO,JM1
HIGH,HIGH,LOW,HIGH,HIGH,HIGH,HIGH,HIGH,NO,JM1
HIGH,HIGH,HIGH,LOW,HIGH,HIGH,HIGH,HIGH,NO,JM1
HIGH,MEDIUM,LOW,MEDIUM,HIGH,HIGH,HIGH,MEDIUM,NO,JM1
LOW,LOW,LOW,LOW,LOW,LOW,LOW,LOW,NO,JM1
HIGH,HIGH,HIGH,HIGH,HIGH,HIGH,HIGH,HIGH,NO,JM1
HIGH,MEDIUM,LOW,MEDIUM,HIGH,HIGH,HIGH,MEDIUM,NO,JM1
LOW,LOW,LOW,LOW,LOW,MEDIUM,LOW,LOW,NO,JM1
LOW,LOW,LOW,LOW,MEDIUM,MEDIUM,MEDIUM,LOW,NO,JM1
HIGH,HIGH,HIGH,HIGH,HIGH,HIGH,HIGH,HIGH,NO,JM1
LOW,LOW,LOW,LOW,LOW,LOW,LOW,LOW,NO,JM1
MEDIUM,LOW,LOW,LOW,MEDIUM,MEDIUM,MEDIUM,LOW,NO,JM1
LOW,LOW,LOW,LOW,MEDIUM,MEDIUM,MEDIUM,LOW,NO,JM1
HIGH,HIGH,HIGH,HIGH,HIGH,HIGH,HIGH,HIGH,NO,JM1
HIGH,LOW,LOW,MEDIUM,HIGH,HIGH,HIGH,LOW,NO,JM1
MEDIUM,LOW,LOW,LOW,MEDIUM,MEDIUM,MEDIUM,LOW,NO,JM1
HIGH,MEDIUM,LOW,LOW,HIGH,HIGH,HIGH,MEDIUM,NO,JM1
LOW,LOW,LOW,LOW,MEDIUM,MEDIUM,MEDIUM,LOW,NO,JM1
HIGH,HIGH,HIGH,HIGH,HIGH,HIGH,HIGH,HIGH,NO,JM1
HIGH,HIGH,HIGH,HIGH,HIGH,HIGH,HIGH,HIGH,NO,JM1
HIGH,HIGH,LOW,HIGH,HIGH,HIGH,HIGH,HIGH,NO,JM1
HIGH,HIGH,LOW,MEDIUM,HIGH,HIGH,HIGH,HIGH,NO,JM1
MEDIUM,HIGH,LOW,MEDIUM,MEDIUM,HIGH,HIGH,HIGH,NO,JM1
HIGH,HIGH,LOW,MEDIUM,HIGH,HIGH,HIGH,HIGH,NO,JM1
LOW,LOW,LOW,LOW,LOW,LOW,LOW,LOW,NO,JM1
HIGH,HIGH,HIGH,HIGH,HIGH,HIGH,HIGH,HIGH,NO,JM1
HIGH,MEDIUM,LOW,MEDIUM,HIGH,HIGH,HIGH,MEDIUM,NO,JM1
HIGH,HIGH,HIGH,HIGH,HIGH,HIGH,HIGH,HIGH,NO,JM1
LOW,LOW,LOW,LOW,MEDIUM,LOW,LOW,LOW,NO,JM1
LOW,LOW,LOW,LOW,LOW,LOW,LOW,LOW,NO,JM1
HIGH,MEDIUM,LOW,MEDIUM,HIGH,HIGH,HIGH,MEDIUM,NO,JM1
HIGH,HIGH,MEDIUM,HIGH,HIGH,HIGH,HIGH,HIGH,NO,JM1
MEDIUM,LOW,LOW,LOW,MEDIUM,MEDIUM,MEDIUM,LOW,NO,JM1
MEDIUM,LOW,LOW,MEDIUM,MEDIUM,HIGH,MEDIUM,LOW,NO,JM1
MEDIUM,LOW,LOW,MEDIUM,MEDIUM,HIGH,MEDIUM,LOW,NO,JM1
LOW,LOW,LOW,LOW,LOW,LOW,LOW,LOW,NO,JM1
HIGH,HIGH,HIGH,HIGH,HIGH,HIGH,HIGH,HIGH,NO,JM1
LOW,LOW,LOW,LOW,MEDIUM,MEDIUM,MEDIUM,LOW,NO,JM1
LOW,LOW,LOW,LOW,MEDIUM,MEDIUM,MEDIUM,LOW,NO,JM1
LOW,LOW,LOW,LOW,MEDIUM,LOW,LOW,LOW,NO,JM1
HIGH,HIGH,LOW,HIGH,HIGH,HIGH,HIGH,HIGH,NO,JM1
HIGH,HIGH,HIGH,HIGH,HIGH,HIGH,HIGH,HIGH,NO,JM1
LOW,LOW,LOW,LOW,LOW,MEDIUM,LOW,LOW,NO,JM1
LOW,LOW,LOW,LOW,LOW,MEDIUM,LOW,LOW,NO,JM1
LOW,LOW,LOW,LOW,LOW,LOW,LOW,LOW,NO,JM1
MEDIUM,LOW,LOW,MEDIUM,MEDIUM,LOW,MEDIUM,LOW,NO,JM1
HIGH,HIGH,HIGH,HIGH,HIGH,HIGH,HIGH,HIGH,NO,JM1
LOW,LOW,LOW,LOW,LOW,LOW,LOW,LOW,NO,JM1
LOW,MEDIUM,HIGH,MEDIUM,MEDIUM,MEDIUM,MEDIUM,MEDIUM,NO,JM1
LOW,LOW,LOW,LOW,LOW,LOW,LOW,LOW,NO,JM1
LOW,LOW,LOW,LOW,LOW,LOW,LOW,LOW,NO,JM1
LOW,MEDIUM,MEDIUM,LOW,LOW,MEDIUM,LOW,MEDIUM,NO,JM1
LOW,LOW,LOW,LOW,LOW,LOW,LOW,LOW,NO,JM1
LOW,LOW,LOW,LOW,LOW,LOW,LOW,LOW,NO,JM1
LOW,MEDIUM,LOW,LOW,MEDIUM,MEDIUM,MEDIUM,MEDIUM,NO,JM1
MEDIUM,MEDIUM,HIGH,MEDIUM,MEDIUM,MEDIUM,MEDIUM,MEDIUM,NO,JM1
MEDIUM,MEDIUM,HIGH,MEDIUM,HIGH,HIGH,HIGH,MEDIUM,NO,JM1
LOW,LOW,LOW,LOW,LOW,LOW,LOW,LOW,NO,JM1
MEDIUM,HIGH,MEDIUM,MEDIUM,HIGH,HIGH,HIGH,HIGH,NO,JM1
MEDIUM,MEDIUM,LOW,HIGH,LOW,LOW,LOW,MEDIUM,NO,JM1
HIGH,HIGH,LOW,HIGH,LOW,LOW,LOW,HIGH,NO,JM1
HIGH,HIGH,LOW,HIGH,HIGH,HIGH,HIGH,HIGH,NO,JM1
MEDIUM,MEDIUM,LOW,HIGH,LOW,LOW,LOW,MEDIUM,NO,JM1
LOW,LOW,LOW,LOW,LOW,LOW,LOW,LOW,NO,JM1
MEDIUM,MEDIUM,LOW,HIGH,LOW,LOW,LOW,MEDIUM,NO,JM1
MEDIUM,LOW,LOW,MEDIUM,MEDIUM,MEDIUM,MEDIUM,LOW,NO,JM1
LOW,LOW,LOW,LOW,LOW,LOW,LOW,LOW,NO,JM1
LOW,LOW,LOW,LOW,LOW,LOW,LOW,LOW,NO,JM1
HIGH,HIGH,LOW,HIGH,HIGH,HIGH,HIGH,HIGH,NO,JM1
MEDIUM,MEDIUM,LOW,MEDIUM,MEDIUM,HIGH,HIGH,MEDIUM,NO,JM1
MEDIUM,LOW,LOW,LOW,LOW,LOW,LOW,LOW,NO,JM1
LOW,LOW,LOW,LOW,LOW,LOW,LOW,LOW,NO,JM1
LOW,LOW,LOW,LOW,LOW,LOW,LOW,LOW,NO,JM1
MEDIUM,LOW,LOW,LOW,LOW,LOW,LOW,LOW,NO,JM1
LOW,LOW,LOW,LOW,LOW,LOW,LOW,LOW,NO,JM1
LOW,MEDIUM,LOW,MEDIUM,LOW,LOW,LOW,MEDIUM,NO,JM1
LOW,LOW,LOW,LOW,LOW,LOW,LOW,LOW,NO,JM1
LOW,LOW,LOW,LOW,LOW,LOW,LOW,LOW,NO,JM1
LOW,LOW,LOW,LOW,MEDIUM,LOW,LOW,LOW,NO,JM1
LOW,LOW,LOW,LOW,LOW,LOW,LOW,LOW,NO,JM1
LOW,LOW,LOW,LOW,LOW,LOW,LOW,LOW,NO,JM1
HIGH,HIGH,LOW,HIGH,LOW,LOW,LOW,HIGH,NO,JM1
HIGH,LOW,LOW,LOW,LOW,LOW,LOW,LOW,NO,JM1
MEDIUM,LOW,LOW,MEDIUM,LOW,LOW,LOW,LOW,NO,JM1
LOW,LOW,LOW,LOW,LOW,LOW,LOW,LOW,NO,JM1
MEDIUM,LOW,LOW,LOW,LOW,LOW,LOW,LOW,NO,JM1
MEDIUM,LOW,LOW,LOW,MEDIUM,MEDIUM,MEDIUM,LOW,NO,JM1
MEDIUM,HIGH,HIGH,LOW,LOW,LOW,LOW,HIGH,NO,JM1
LOW,LOW,LOW,LOW,LOW,LOW,LOW,LOW,NO,JM1
LOW,LOW,LOW,LOW,LOW,LOW,LOW,LOW,NO,JM1
LOW,LOW,LOW,LOW,LOW,LOW,LOW,LOW,NO,JM1
LOW,LOW,LOW,LOW,MEDIUM,LOW,LOW,LOW,NO,JM1
LOW,LOW,LOW,LOW,LOW,LOW,LOW,LOW,NO,JM1
MEDIUM,MEDIUM,HIGH,MEDIUM,MEDIUM,MEDIUM,MEDIUM,MEDIUM,NO,JM1
LOW,LOW,LOW,LOW,LOW,LOW,LOW,LOW,NO,JM1
LOW,LOW,LOW,LOW,LOW,LOW,LOW,LOW,NO,JM1
HIGH,HIGH,HIGH,HIGH,HIGH,HIGH,HIGH,HIGH,NO,JM1
LOW,LOW,LOW,LOW,LOW,LOW,LOW,LOW,NO,JM1
LOW,LOW,LOW,LOW,LOW,LOW,LOW,LOW,NO,JM1
LOW,LOW,LOW,LOW,LOW,LOW,LOW,LOW,NO,JM1
LOW,LOW,LOW,LOW,LOW,LOW,LOW,LOW,NO,JM1
LOW,LOW,LOW,LOW,LOW,LOW,LOW,LOW,NO,JM1
LOW,LOW,LOW,LOW,LOW,LOW,LOW,LOW,NO,JM1
LOW,LOW,LOW,LOW,LOW,LOW,LOW,LOW,NO,JM1
MEDIUM,HIGH,HIGH,MEDIUM,MEDIUM,MEDIUM,MEDIUM,HIGH,NO,JM1
MEDIUM,MEDIUM,HIGH,MEDIUM,MEDIUM,MEDIUM,MEDIUM,MEDIUM,NO,JM1
MEDIUM,MEDIUM,HIGH,MEDIUM,MEDIUM,LOW,MEDIUM,MEDIUM,NO,JM1
LOW,LOW,LOW,LOW,LOW,LOW,LOW,LOW,NO,JM1
MEDIUM,HIGH,HIGH,MEDIUM,MEDIUM,MEDIUM,MEDIUM,HIGH,NO,JM1
MEDIUM,MEDIUM,HIGH,MEDIUM,MEDIUM,MEDIUM,MEDIUM,MEDIUM,NO,JM1
HIGH,HIGH,HIGH,HIGH,LOW,LOW,LOW,HIGH,NO,JM1
LOW,LOW,MEDIUM,LOW,LOW,LOW,LOW,LOW,NO,JM1
HIGH,MEDIUM,LOW,LOW,HIGH,HIGH,HIGH,MEDIUM,NO,JM1
LOW,LOW,LOW,LOW,LOW,LOW,LOW,LOW,NO,JM1
LOW,LOW,LOW,LOW,LOW,LOW,LOW,LOW,NO,JM1
LOW,LOW,LOW,LOW,LOW,LOW,LOW,LOW,NO,JM1
HIGH,HIGH,LOW,HIGH,HIGH,MEDIUM,HIGH,HIGH,NO,JM1
LOW,LOW,LOW,LOW,LOW,LOW,LOW,LOW,NO,JM1
MEDIUM,LOW,MEDIUM,MEDIUM,MEDIUM,MEDIUM,MEDIUM,LOW,NO,JM1
HIGH,HIGH,LOW,HIGH,HIGH,HIGH,HIGH,HIGH,NO,JM1
LOW,LOW,LOW,LOW,LOW,MEDIUM,LOW,LOW,NO,JM1
LOW,LOW,LOW,LOW,LOW,LOW,LOW,LOW,NO,JM1
LOW,LOW,LOW,LOW,LOW,LOW,LOW,LOW,NO,JM1
LOW,LOW,LOW,LOW,LOW,LOW,LOW,LOW,NO,JM1
MEDIUM,LOW,MEDIUM,LOW,MEDIUM,HIGH,HIGH,LOW,NO,JM1
LOW,LOW,MEDIUM,LOW,LOW,MEDIUM,MEDIUM,LOW,NO,JM1
LOW,LOW,LOW,LOW,LOW,LOW,LOW,LOW,NO,JM1
LOW,MEDIUM,MEDIUM,LOW,MEDIUM,MEDIUM,MEDIUM,MEDIUM,NO,JM1
MEDIUM,MEDIUM,HIGH,MEDIUM,MEDIUM,MEDIUM,MEDIUM,MEDIUM,NO,JM1
LOW,LOW,LOW,LOW,LOW,LOW,LOW,LOW,NO,JM1
LOW,LOW,LOW,LOW,LOW,LOW,LOW,LOW,NO,JM1
HIGH,HIGH,LOW,HIGH,HIGH,HIGH,HIGH,HIGH,NO,JM1
HIGH,HIGH,MEDIUM,HIGH,HIGH,HIGH,HIGH,HIGH,NO,JM1
LOW,LOW,LOW,LOW,LOW,LOW,LOW,LOW,NO,JM1
MEDIUM,LOW,LOW,MEDIUM,LOW,LOW,LOW,LOW,NO,JM1
MEDIUM,HIGH,HIGH,LOW,LOW,LOW,LOW,HIGH,NO,JM1
HIGH,HIGH,HIGH,HIGH,HIGH,HIGH,HIGH,HIGH,NO,JM1
HIGH,HIGH,HIGH,MEDIUM,HIGH,HIGH,HIGH,HIGH,NO,JM1
HIGH,HIGH,LOW,HIGH,HIGH,HIGH,HIGH,HIGH,NO,JM1
LOW,MEDIUM,LOW,LOW,LOW,LOW,LOW,LOW,NO,JM1
MEDIUM,MEDIUM,LOW,MEDIUM,MEDIUM,MEDIUM,MEDIUM,MEDIUM,NO,JM1
LOW,LOW,LOW,LOW,LOW,LOW,LOW,LOW,NO,JM1
LOW,LOW,LOW,MEDIUM,LOW,MEDIUM,MEDIUM,LOW,NO,JM1
LOW,LOW,LOW,LOW,LOW,LOW,LOW,LOW,NO,JM1
LOW,LOW,LOW,LOW,LOW,LOW,LOW,LOW,NO,JM1
MEDIUM,HIGH,HIGH,MEDIUM,MEDIUM,HIGH,HIGH,HIGH,NO,JM1
LOW,LOW,LOW,MEDIUM,LOW,LOW,LOW,LOW,NO,JM1
HIGH,HIGH,HIGH,HIGH,HIGH,HIGH,HIGH,HIGH,NO,JM1
LOW,LOW,LOW,LOW,LOW,LOW,LOW,LOW,NO,JM1
LOW,LOW,LOW,LOW,LOW,LOW,LOW,LOW,NO,JM1
LOW,MEDIUM,MEDIUM,LOW,LOW,MEDIUM,LOW,MEDIUM,NO,JM1
LOW,MEDIUM,MEDIUM,LOW,MEDIUM,MEDIUM,MEDIUM,MEDIUM,NO,JM1
LOW,MEDIUM,MEDIUM,LOW,LOW,MEDIUM,LOW,MEDIUM,NO,JM1
LOW,LOW,LOW,LOW,LOW,LOW,LOW,LOW,NO,JM1
LOW,LOW,LOW,LOW,LOW,LOW,LOW,LOW,NO,JM1
LOW,LOW,LOW,LOW,LOW,LOW,LOW,LOW,NO,JM1
LOW,LOW,LOW,LOW,LOW,LOW,LOW,LOW,NO,JM1
LOW,LOW,LOW,LOW,LOW,LOW,LOW,LOW,NO,JM1
LOW,LOW,LOW,LOW,LOW,LOW,LOW,LOW,NO,JM1
MEDIUM,LOW,LOW,MEDIUM,MEDIUM,HIGH,HIGH,LOW,NO,JM1
LOW,LOW,LOW,LOW,LOW,LOW,LOW,LOW,NO,JM1
LOW,LOW,LOW,LOW,LOW,LOW,LOW,LOW,NO,JM1
LOW,LOW,LOW,LOW,MEDIUM,LOW,MEDIUM,LOW,NO,JM1
LOW,LOW,LOW,LOW,LOW,LOW,LOW,LOW,NO,JM1
LOW,MEDIUM,MEDIUM,LOW,LOW,MEDIUM,LOW,MEDIUM,NO,JM1
MEDIUM,HIGH,HIGH,MEDIUM,HIGH,HIGH,HIGH,HIGH,NO,JM1
LOW,MEDIUM,MEDIUM,LOW,MEDIUM,HIGH,MEDIUM,MEDIUM,NO,JM1
LOW,LOW,LOW,LOW,LOW,LOW,LOW,LOW,NO,JM1
MEDIUM,MEDIUM,LOW,HIGH,MEDIUM,LOW,MEDIUM,MEDIUM,NO,JM1
LOW,MEDIUM,LOW,LOW,MEDIUM,HIGH,MEDIUM,MEDIUM,NO,JM1
MEDIUM,HIGH,MEDIUM,HIGH,MEDIUM,MEDIUM,MEDIUM,HIGH,NO,JM1
LOW,LOW,LOW,LOW,LOW,LOW,LOW,LOW,NO,JM1
MEDIUM,LOW,LOW,MEDIUM,MEDIUM,MEDIUM,MEDIUM,LOW,NO,JM1
HIGH,HIGH,LOW,HIGH,HIGH,HIGH,HIGH,HIGH,NO,JM1
LOW,LOW,LOW,LOW,LOW,LOW,LOW,LOW,NO,JM1
LOW,LOW,LOW,LOW,LOW,LOW,LOW,LOW,NO,JM1
LOW,LOW,LOW,LOW,LOW,LOW,LOW,LOW,NO,JM1
LOW,LOW,LOW,LOW,LOW,LOW,LOW,LOW,NO,JM1
HIGH,HIGH,HIGH,HIGH,HIGH,HIGH,HIGH,HIGH,NO,JM1
LOW,LOW,LOW,LOW,LOW,LOW,LOW,LOW,NO,JM1
LOW,LOW,LOW,LOW,LOW,LOW,LOW,LOW,NO,JM1
LOW,LOW,LOW,LOW,LOW,LOW,LOW,LOW,NO,JM1
LOW,LOW,LOW,LOW,LOW,LOW,LOW,LOW,NO,JM1
LOW,LOW,LOW,LOW,LOW,LOW,LOW,LOW,NO,JM1
LOW,LOW,LOW,LOW,LOW,LOW,LOW,LOW,NO,JM1
LOW,LOW,LOW,LOW,MEDIUM,LOW,LOW,LOW,NO,JM1
LOW,LOW,LOW,LOW,MEDIUM,MEDIUM,MEDIUM,LOW,NO,JM1
LOW,LOW,LOW,LOW,LOW,LOW,LOW,LOW,NO,JM1
LOW,LOW,LOW,LOW,LOW,LOW,LOW,LOW,NO,JM1
HIGH,HIGH,LOW,HIGH,HIGH,HIGH,HIGH,HIGH,NO,JM1
HIGH,HIGH,HIGH,HIGH,HIGH,HIGH,HIGH,HIGH,NO,JM1
HIGH,MEDIUM,LOW,MEDIUM,HIGH,HIGH,HIGH,MEDIUM,NO,JM1
HIGH,HIGH,LOW,HIGH,HIGH,HIGH,HIGH,HIGH,NO,JM1
HIGH,HIGH,HIGH,HIGH,HIGH,HIGH,HIGH,HIGH,NO,JM1
LOW,MEDIUM,MEDIUM,MEDIUM,LOW,LOW,LOW,MEDIUM,NO,JM1
MEDIUM,MEDIUM,HIGH,LOW,LOW,LOW,LOW,MEDIUM,NO,JM1
HIGH,MEDIUM,LOW,MEDIUM,LOW,LOW,LOW,MEDIUM,NO,JM1
HIGH,MEDIUM,LOW,MEDIUM,LOW,LOW,LOW,MEDIUM,NO,JM1
MEDIUM,HIGH,HIGH,HIGH,LOW,LOW,LOW,HIGH,NO,JM1
HIGH,HIGH,HIGH,HIGH,HIGH,MEDIUM,MEDIUM,HIGH,NO,JM1
MEDIUM,LOW,LOW,LOW,LOW,LOW,LOW,LOW,NO,JM1
MEDIUM,LOW,LOW,LOW,MEDIUM,MEDIUM,MEDIUM,LOW,NO,JM1
HIGH,HIGH,HIGH,MEDIUM,LOW,LOW,LOW,HIGH,NO,JM1
HIGH,HIGH,HIGH,HIGH,LOW,LOW,LOW,HIGH,NO,JM1
MEDIUM,MEDIUM,HIGH,MEDIUM,LOW,LOW,LOW,MEDIUM,NO,JM1
HIGH,HIGH,HIGH,HIGH,LOW,LOW,LOW,HIGH,NO,JM1
MEDIUM,LOW,LOW,LOW,LOW,LOW,LOW,LOW,NO,JM1
MEDIUM,LOW,LOW,LOW,LOW,LOW,LOW,LOW,NO,JM1
MEDIUM,MEDIUM,HIGH,MEDIUM,LOW,LOW,LOW,MEDIUM,NO,JM1
MEDIUM,LOW,LOW,LOW,LOW,LOW,LOW,LOW,NO,JM1
HIGH,HIGH,HIGH,HIGH,LOW,LOW,LOW,HIGH,NO,JM1
HIGH,HIGH,HIGH,MEDIUM,LOW,LOW,LOW,HIGH,NO,JM1
HIGH,HIGH,HIGH,HIGH,LOW,LOW,LOW,HIGH,NO,JM1
HIGH,HIGH,HIGH,HIGH,LOW,LOW,LOW,HIGH,NO,JM1
HIGH,HIGH,HIGH,HIGH,LOW,LOW,LOW,HIGH,NO,JM1
MEDIUM,LOW,LOW,LOW,LOW,LOW,LOW,LOW,NO,JM1
MEDIUM,MEDIUM,LOW,LOW,LOW,LOW,LOW,MEDIUM,NO,JM1
HIGH,HIGH,HIGH,LOW,LOW,LOW,LOW,HIGH,NO,JM1
LOW,LOW,LOW,LOW,LOW,LOW,LOW,LOW,NO,JM1
MEDIUM,LOW,LOW,LOW,LOW,LOW,LOW,LOW,NO,JM1
MEDIUM,MEDIUM,HIGH,LOW,LOW,LOW,LOW,MEDIUM,NO,JM1
HIGH,HIGH,HIGH,HIGH,LOW,LOW,LOW,HIGH,NO,JM1
MEDIUM,LOW,LOW,LOW,LOW,LOW,LOW,LOW,NO,JM1
MEDIUM,MEDIUM,LOW,LOW,LOW,LOW,LOW,MEDIUM,NO,JM1
HIGH,HIGH,HIGH,HIGH,LOW,LOW,LOW,HIGH,NO,JM1
HIGH,HIGH,HIGH,HIGH,LOW,LOW,LOW,HIGH,NO,JM1
MEDIUM,LOW,LOW,LOW,LOW,LOW,LOW,LOW,NO,JM1
MEDIUM,LOW,LOW,LOW,LOW,LOW,LOW,LOW,NO,JM1
MEDIUM,HIGH,HIGH,MEDIUM,LOW,LOW,LOW,HIGH,NO,JM1
HIGH,MEDIUM,LOW,HIGH,LOW,LOW,LOW,MEDIUM,NO,JM1
HIGH,HIGH,HIGH,HIGH,LOW,LOW,LOW,HIGH,NO,JM1
HIGH,HIGH,LOW,HIGH,LOW,LOW,LOW,HIGH,NO,JM1
HIGH,HIGH,HIGH,HIGH,LOW,LOW,LOW,HIGH,NO,JM1
HIGH,HIGH,LOW,HIGH,LOW,LOW,LOW,HIGH,NO,JM1
MEDIUM,LOW,LOW,LOW,LOW,LOW,LOW,LOW,NO,JM1
HIGH,HIGH,HIGH,MEDIUM,LOW,LOW,LOW,HIGH,NO,JM1
MEDIUM,LOW,LOW,LOW,LOW,LOW,LOW,LOW,NO,JM1
HIGH,HIGH,HIGH,HIGH,LOW,LOW,LOW,HIGH,NO,JM1
MEDIUM,LOW,LOW,LOW,LOW,LOW,LOW,LOW,NO,JM1
LOW,LOW,LOW,LOW,LOW,LOW,LOW,LOW,NO,JM1
MEDIUM,LOW,LOW,LOW,LOW,LOW,LOW,LOW,NO,JM1
HIGH,HIGH,LOW,HIGH,HIGH,HIGH,HIGH,HIGH,NO,JM1
HIGH,HIGH,HIGH,LOW,LOW,LOW,LOW,HIGH,NO,JM1
HIGH,HIGH,HIGH,HIGH,LOW,LOW,LOW,HIGH,NO,JM1
HIGH,HIGH,HIGH,MEDIUM,LOW,LOW,LOW,HIGH,NO,JM1
HIGH,MEDIUM,LOW,MEDIUM,LOW,LOW,LOW,MEDIUM,NO,JM1
HIGH,MEDIUM,LOW,LOW,LOW,LOW,LOW,MEDIUM,NO,JM1
LOW,LOW,LOW,LOW,LOW,LOW,LOW,LOW,NO,JM1
MEDIUM,MEDIUM,HIGH,LOW,MEDIUM,MEDIUM,MEDIUM,MEDIUM,NO,JM1
MEDIUM,LOW,LOW,LOW,LOW,LOW,LOW,LOW,NO,JM1
MEDIUM,LOW,LOW,LOW,LOW,LOW,LOW,LOW,NO,JM1
HIGH,HIGH,LOW,HIGH,LOW,LOW,LOW,HIGH,NO,JM1
LOW,LOW,LOW,LOW,LOW,LOW,LOW,LOW,NO,JM1
HIGH,MEDIUM,LOW,LOW,LOW,LOW,LOW,MEDIUM,NO,JM1
HIGH,MEDIUM,LOW,LOW,LOW,LOW,LOW,MEDIUM,NO,JM1
MEDIUM,MEDIUM,LOW,LOW,LOW,LOW,LOW,MEDIUM,NO,JM1
MEDIUM,MEDIUM,LOW,LOW,LOW,LOW,LOW,MEDIUM,NO,JM1
MEDIUM,MEDIUM,LOW,LOW,LOW,LOW,LOW,MEDIUM,NO,JM1
MEDIUM,MEDIUM,LOW,LOW,LOW,LOW,LOW,MEDIUM,NO,JM1
HIGH,HIGH,HIGH,LOW,LOW,LOW,LOW,HIGH,NO,JM1
MEDIUM,MEDIUM,LOW,LOW,LOW,LOW,LOW,MEDIUM,NO,JM1
MEDIUM,MEDIUM,LOW,LOW,LOW,LOW,LOW,MEDIUM,NO,JM1
HIGH,HIGH,HIGH,HIGH,LOW,LOW,LOW,HIGH,NO,JM1
HIGH,MEDIUM,HIGH,LOW,LOW,LOW,LOW,MEDIUM,NO,JM1
HIGH,MEDIUM,LOW,LOW,LOW,LOW,LOW,MEDIUM,NO,JM1
HIGH,HIGH,LOW,HIGH,LOW,LOW,LOW,HIGH,NO,JM1
MEDIUM,MEDIUM,LOW,LOW,LOW,LOW,LOW,MEDIUM,NO,JM1
HIGH,HIGH,LOW,HIGH,HIGH,HIGH,HIGH,HIGH,NO,JM1
LOW,LOW,LOW,LOW,MEDIUM,MEDIUM,MEDIUM,LOW,NO,JM1
MEDIUM,MEDIUM,MEDIUM,HIGH,MEDIUM,LOW,LOW,MEDIUM,NO,JM1
MEDIUM,MEDIUM,LOW,MEDIUM,MEDIUM,LOW,LOW,MEDIUM,NO,JM1
LOW,LOW,LOW,LOW,LOW,LOW,LOW,LOW,NO,JM1
MEDIUM,LOW,LOW,MEDIUM,MEDIUM,MEDIUM,MEDIUM,LOW,NO,JM1
LOW,LOW,LOW,LOW,LOW,LOW,LOW,LOW,NO,JM1
LOW,LOW,LOW,LOW,LOW,LOW,LOW,LOW,NO,JM1
LOW,LOW,LOW,LOW,LOW,LOW,LOW,LOW,NO,JM1
HIGH,LOW,LOW,MEDIUM,MEDIUM,HIGH,HIGH,LOW,NO,JM1
HIGH,LOW,LOW,MEDIUM,MEDIUM,HIGH,HIGH,LOW,NO,JM1
HIGH,HIGH,HIGH,HIGH,HIGH,HIGH,HIGH,HIGH,NO,JM1
MEDIUM,LOW,LOW,LOW,LOW,LOW,LOW,LOW,NO,JM1
MEDIUM,LOW,LOW,LOW,HIGH,MEDIUM,HIGH,LOW,NO,JM1
MEDIUM,LOW,LOW,LOW,LOW,LOW,LOW,LOW,NO,JM1
MEDIUM,LOW,LOW,LOW,MEDIUM,MEDIUM,MEDIUM,LOW,NO,JM1
LOW,HIGH,HIGH,HIGH,LOW,LOW,LOW,HIGH,NO,JM1
LOW,HIGH,HIGH,LOW,HIGH,HIGH,HIGH,HIGH,NO,JM1
LOW,HIGH,HIGH,HIGH,LOW,LOW,LOW,HIGH,NO,JM1
LOW,HIGH,HIGH,MEDIUM,HIGH,HIGH,HIGH,HIGH,NO,JM1
HIGH,MEDIUM,LOW,LOW,MEDIUM,MEDIUM,MEDIUM,MEDIUM,NO,JM1
MEDIUM,MEDIUM,LOW,HIGH,LOW,LOW,LOW,MEDIUM,NO,JM1
HIGH,HIGH,LOW,HIGH,LOW,LOW,LOW,MEDIUM,NO,JM1
MEDIUM,MEDIUM,LOW,HIGH,MEDIUM,MEDIUM,MEDIUM,MEDIUM,NO,JM1
HIGH,MEDIUM,HIGH,MEDIUM,HIGH,HIGH,HIGH,MEDIUM,NO,JM1
MEDIUM,MEDIUM,HIGH,MEDIUM,HIGH,HIGH,HIGH,MEDIUM,NO,JM1
HIGH,HIGH,LOW,HIGH,HIGH,HIGH,HIGH,HIGH,NO,JM1
MEDIUM,LOW,MEDIUM,MEDIUM,MEDIUM,HIGH,MEDIUM,LOW,NO,JM1
LOW,HIGH,HIGH,HIGH,LOW,LOW,LOW,HIGH,NO,JM1
LOW,LOW,LOW,LOW,LOW,LOW,LOW,LOW,NO,JM1
LOW,LOW,LOW,LOW,LOW,LOW,LOW,LOW,NO,JM1
MEDIUM,HIGH,HIGH,LOW,MEDIUM,HIGH,HIGH,HIGH,NO,JM1
LOW,LOW,LOW,LOW,LOW,LOW,LOW,LOW,NO,JM1
MEDIUM,LOW,LOW,LOW,MEDIUM,LOW,LOW,LOW,NO,JM1
MEDIUM,MEDIUM,LOW,LOW,MEDIUM,HIGH,HIGH,MEDIUM,NO,JM1
MEDIUM,MEDIUM,LOW,LOW,MEDIUM,HIGH,MEDIUM,MEDIUM,NO,JM1
HIGH,MEDIUM,LOW,LOW,HIGH,HIGH,HIGH,MEDIUM,NO,JM1
HIGH,HIGH,HIGH,MEDIUM,HIGH,HIGH,HIGH,HIGH,NO,JM1
LOW,LOW,LOW,LOW,LOW,MEDIUM,LOW,LOW,NO,JM1
MEDIUM,HIGH,LOW,MEDIUM,MEDIUM,MEDIUM,MEDIUM,HIGH,NO,JM1
LOW,LOW,LOW,LOW,LOW,LOW,LOW,LOW,NO,JM1
MEDIUM,MEDIUM,HIGH,LOW,MEDIUM,HIGH,MEDIUM,MEDIUM,NO,JM1
LOW,LOW,LOW,LOW,MEDIUM,LOW,MEDIUM,LOW,NO,JM1
HIGH,MEDIUM,LOW,LOW,MEDIUM,HIGH,HIGH,MEDIUM,NO,JM1
HIGH,LOW,LOW,LOW,HIGH,HIGH,HIGH,LOW,NO,JM1
HIGH,MEDIUM,LOW,MEDIUM,HIGH,HIGH,HIGH,MEDIUM,NO,JM1
HIGH,HIGH,LOW,HIGH,MEDIUM,HIGH,HIGH,HIGH,NO,JM1
MEDIUM,MEDIUM,LOW,MEDIUM,MEDIUM,HIGH,MEDIUM,MEDIUM,NO,JM1
LOW,LOW,LOW,LOW,LOW,LOW,LOW,LOW,NO,JM1
HIGH,MEDIUM,LOW,MEDIUM,LOW,LOW,LOW,MEDIUM,NO,JM1
LOW,LOW,LOW,LOW,LOW,LOW,LOW,LOW,NO,JM1
LOW,LOW,LOW,LOW,LOW,LOW,LOW,LOW,NO,JM1
MEDIUM,LOW,LOW,LOW,HIGH,LOW,MEDIUM,LOW,NO,JM1
HIGH,HIGH,HIGH,HIGH,HIGH,HIGH,HIGH,HIGH,NO,JM1
LOW,LOW,LOW,LOW,LOW,LOW,LOW,LOW,NO,JM1
LOW,LOW,LOW,LOW,LOW,LOW,LOW,LOW,NO,JM1
LOW,LOW,LOW,LOW,LOW,LOW,LOW,LOW,NO,JM1
LOW,MEDIUM,HIGH,LOW,LOW,MEDIUM,MEDIUM,MEDIUM,NO,JM1
LOW,LOW,LOW,LOW,LOW,LOW,LOW,LOW,NO,JM1
LOW,LOW,LOW,LOW,LOW,LOW,LOW,LOW,NO,JM1
LOW,LOW,LOW,LOW,LOW,LOW,LOW,LOW,NO,JM1
LOW,LOW,LOW,LOW,LOW,LOW,LOW,LOW,NO,JM1
HIGH,HIGH,HIGH,HIGH,LOW,LOW,LOW,HIGH,NO,JM1
LOW,LOW,LOW,LOW,LOW,LOW,LOW,LOW,NO,JM1
LOW,LOW,LOW,LOW,LOW,LOW,LOW,LOW,NO,JM1
LOW,LOW,LOW,LOW,LOW,LOW,LOW,LOW,NO,JM1
LOW,LOW,LOW,LOW,LOW,LOW,LOW,LOW,NO,JM1
LOW,LOW,LOW,LOW,LOW,LOW,LOW,LOW,NO,JM1
LOW,LOW,LOW,LOW,LOW,LOW,LOW,LOW,NO,JM1
HIGH,HIGH,LOW,HIGH,HIGH,MEDIUM,HIGH,HIGH,NO,JM1
LOW,LOW,LOW,LOW,LOW,LOW,LOW,LOW,NO,JM1
LOW,LOW,LOW,LOW,MEDIUM,MEDIUM,MEDIUM,LOW,NO,JM1
LOW,LOW,LOW,LOW,LOW,LOW,LOW,LOW,NO,JM1
MEDIUM,LOW,MEDIUM,LOW,MEDIUM,MEDIUM,MEDIUM,LOW,NO,JM1
LOW,LOW,LOW,LOW,LOW,LOW,LOW,LOW,NO,JM1
HIGH,HIGH,HIGH,HIGH,HIGH,HIGH,HIGH,HIGH,NO,JM1
HIGH,HIGH,LOW,HIGH,HIGH,HIGH,HIGH,HIGH,NO,JM1
HIGH,HIGH,LOW,HIGH,HIGH,HIGH,HIGH,HIGH,NO,JM1
LOW,LOW,LOW,LOW,LOW,LOW,LOW,LOW,NO,JM1
HIGH,HIGH,LOW,HIGH,LOW,LOW,LOW,HIGH,NO,JM1
MEDIUM,LOW,LOW,LOW,MEDIUM,LOW,MEDIUM,LOW,NO,JM1
LOW,LOW,LOW,LOW,LOW,LOW,LOW,LOW,NO,JM1
LOW,LOW,MEDIUM,LOW,MEDIUM,MEDIUM,MEDIUM,LOW,NO,JM1
LOW,LOW,MEDIUM,LOW,MEDIUM,MEDIUM,MEDIUM,LOW,NO,JM1
LOW,LOW,MEDIUM,LOW,MEDIUM,MEDIUM,MEDIUM,LOW,NO,JM1
LOW,LOW,LOW,LOW,LOW,LOW,LOW,LOW,NO,JM1
HIGH,MEDIUM,MEDIUM,LOW,MEDIUM,MEDIUM,MEDIUM,MEDIUM,NO,JM1
HIGH,MEDIUM,MEDIUM,LOW,HIGH,HIGH,HIGH,MEDIUM,NO,JM1
LOW,LOW,LOW,LOW,LOW,LOW,LOW,LOW,NO,JM1
LOW,LOW,LOW,MEDIUM,MEDIUM,MEDIUM,MEDIUM,LOW,NO,JM1
MEDIUM,LOW,LOW,LOW,HIGH,LOW,MEDIUM,LOW,NO,JM1
LOW,LOW,LOW,LOW,LOW,LOW,LOW,LOW,NO,JM1
MEDIUM,MEDIUM,LOW,MEDIUM,HIGH,HIGH,HIGH,MEDIUM,NO,JM1
MEDIUM,LOW,LOW,LOW,MEDIUM,MEDIUM,MEDIUM,LOW,NO,JM1
LOW,LOW,LOW,LOW,LOW,LOW,LOW,LOW,NO,JM1
LOW,LOW,LOW,LOW,LOW,LOW,LOW,LOW,NO,JM1
LOW,LOW,LOW,LOW,LOW,LOW,LOW,LOW,NO,JM1
LOW,LOW,LOW,LOW,MEDIUM,MEDIUM,MEDIUM,LOW,NO,JM1
LOW,LOW,LOW,LOW,MEDIUM,LOW,LOW,LOW,NO,JM1
LOW,LOW,LOW,LOW,LOW,LOW,LOW,LOW,NO,JM1
LOW,LOW,LOW,LOW,LOW,LOW,LOW,LOW,NO,JM1
LOW,LOW,LOW,LOW,LOW,LOW,LOW,LOW,NO,JM1
HIGH,MEDIUM,LOW,LOW,HIGH,HIGH,HIGH,MEDIUM,NO,JM1
MEDIUM,MEDIUM,LOW,LOW,MEDIUM,MEDIUM,MEDIUM,MEDIUM,NO,JM1
HIGH,HIGH,HIGH,HIGH,LOW,LOW,LOW,HIGH,NO,JM1
HIGH,MEDIUM,MEDIUM,MEDIUM,HIGH,HIGH,HIGH,MEDIUM,NO,JM1
HIGH,HIGH,HIGH,HIGH,LOW,LOW,LOW,HIGH,NO,JM1
MEDIUM,LOW,LOW,LOW,HIGH,MEDIUM,MEDIUM,LOW,NO,JM1
HIGH,HIGH,HIGH,HIGH,HIGH,HIGH,HIGH,HIGH,NO,JM1
HIGH,HIGH,HIGH,HIGH,HIGH,HIGH,HIGH,HIGH,NO,JM1
MEDIUM,LOW,LOW,LOW,MEDIUM,HIGH,HIGH,LOW,NO,JM1
LOW,LOW,LOW,LOW,LOW,MEDIUM,MEDIUM,LOW,NO,JM1
MEDIUM,LOW,LOW,LOW,MEDIUM,MEDIUM,MEDIUM,LOW,NO,JM1
HIGH,HIGH,LOW,HIGH,HIGH,HIGH,HIGH,HIGH,NO,JM1
HIGH,HIGH,LOW,HIGH,HIGH,MEDIUM,HIGH,HIGH,NO,JM1
HIGH,HIGH,LOW,LOW,HIGH,HIGH,HIGH,HIGH,NO,JM1
HIGH,HIGH,LOW,HIGH,HIGH,HIGH,HIGH,HIGH,NO,JM1
MEDIUM,LOW,LOW,MEDIUM,HIGH,MEDIUM,HIGH,LOW,NO,JM1
MEDIUM,LOW,LOW,LOW,HIGH,MEDIUM,HIGH,LOW,NO,JM1
LOW,LOW,LOW,LOW,MEDIUM,LOW,LOW,LOW,NO,JM1
MEDIUM,LOW,LOW,LOW,HIGH,MEDIUM,HIGH,LOW,NO,JM1
HIGH,LOW,LOW,LOW,HIGH,HIGH,HIGH,LOW,NO,JM1
LOW,LOW,MEDIUM,LOW,LOW,LOW,LOW,LOW,NO,JM1
MEDIUM,MEDIUM,LOW,HIGH,MEDIUM,MEDIUM,MEDIUM,MEDIUM,NO,JM1
HIGH,MEDIUM,HIGH,LOW,HIGH,HIGH,HIGH,MEDIUM,NO,JM1
MEDIUM,LOW,LOW,LOW,MEDIUM,MEDIUM,MEDIUM,LOW,NO,JM1
MEDIUM,LOW,LOW,MEDIUM,HIGH,MEDIUM,MEDIUM,LOW,NO,JM1
LOW,LOW,LOW,LOW,MEDIUM,LOW,LOW,LOW,NO,JM1
MEDIUM,LOW,LOW,LOW,MEDIUM,LOW,MEDIUM,LOW,NO,JM1
LOW,LOW,MEDIUM,LOW,LOW,LOW,LOW,LOW,NO,JM1
HIGH,HIGH,MEDIUM,HIGH,HIGH,HIGH,HIGH,HIGH,NO,JM1
HIGH,LOW,LOW,LOW,HIGH,HIGH,HIGH,LOW,NO,JM1
HIGH,LOW,LOW,LOW,HIGH,MEDIUM,HIGH,LOW,NO,JM1
HIGH,LOW,LOW,LOW,HIGH,HIGH,HIGH,LOW,NO,JM1
HIGH,MEDIUM,LOW,LOW,HIGH,HIGH,HIGH,MEDIUM,NO,JM1
HIGH,LOW,LOW,LOW,HIGH,HIGH,HIGH,LOW,NO,JM1
HIGH,HIGH,LOW,LOW,HIGH,HIGH,HIGH,HIGH,NO,JM1
MEDIUM,LOW,LOW,LOW,MEDIUM,MEDIUM,MEDIUM,LOW,NO,JM1
LOW,LOW,LOW,LOW,LOW,LOW,LOW,LOW,NO,JM1
HIGH,LOW,LOW,MEDIUM,MEDIUM,MEDIUM,MEDIUM,LOW,NO,JM1
HIGH,HIGH,LOW,HIGH,HIGH,MEDIUM,MEDIUM,HIGH,NO,JM1
HIGH,HIGH,LOW,LOW,HIGH,HIGH,HIGH,HIGH,NO,JM1
HIGH,HIGH,LOW,HIGH,HIGH,HIGH,HIGH,HIGH,NO,JM1
MEDIUM,LOW,LOW,LOW,MEDIUM,MEDIUM,MEDIUM,LOW,NO,JM1
MEDIUM,LOW,LOW,LOW,HIGH,MEDIUM,MEDIUM,LOW,NO,JM1
MEDIUM,HIGH,LOW,HIGH,HIGH,HIGH,HIGH,HIGH,NO,JM1
MEDIUM,LOW,LOW,LOW,MEDIUM,HIGH,MEDIUM,LOW,NO,JM1
HIGH,LOW,LOW,LOW,HIGH,HIGH,HIGH,LOW,NO,JM1
LOW,LOW,MEDIUM,LOW,LOW,LOW,LOW,LOW,NO,JM1
MEDIUM,LOW,LOW,LOW,LOW,LOW,LOW,LOW,NO,JM1
MEDIUM,LOW,LOW,LOW,MEDIUM,MEDIUM,MEDIUM,LOW,NO,JM1
MEDIUM,LOW,MEDIUM,LOW,HIGH,MEDIUM,MEDIUM,LOW,NO,JM1
LOW,LOW,LOW,LOW,MEDIUM,LOW,LOW,LOW,NO,JM1
MEDIUM,LOW,LOW,LOW,MEDIUM,MEDIUM,MEDIUM,LOW,NO,JM1
HIGH,MEDIUM,LOW,HIGH,HIGH,HIGH,HIGH,MEDIUM,NO,JM1
LOW,LOW,LOW,LOW,LOW,LOW,LOW,LOW,NO,JM1
MEDIUM,LOW,LOW,LOW,MEDIUM,LOW,MEDIUM,LOW,NO,JM1
MEDIUM,LOW,LOW,MEDIUM,LOW,LOW,LOW,LOW,NO,JM1
MEDIUM,LOW,LOW,MEDIUM,HIGH,MEDIUM,HIGH,LOW,NO,JM1
LOW,LOW,LOW,LOW,LOW,LOW,LOW,LOW,NO,JM1
LOW,LOW,LOW,LOW,MEDIUM,LOW,MEDIUM,LOW,NO,JM1
MEDIUM,LOW,LOW,LOW,MEDIUM,LOW,MEDIUM,LOW,NO,JM1
LOW,LOW,MEDIUM,LOW,LOW,LOW,LOW,LOW,NO,JM1
MEDIUM,MEDIUM,LOW,MEDIUM,MEDIUM,MEDIUM,MEDIUM,MEDIUM,NO,JM1
MEDIUM,MEDIUM,LOW,LOW,MEDIUM,MEDIUM,MEDIUM,LOW,NO,JM1
HIGH,HIGH,HIGH,HIGH,HIGH,HIGH,HIGH,HIGH,NO,JM1
MEDIUM,HIGH,HIGH,MEDIUM,MEDIUM,HIGH,MEDIUM,HIGH,NO,JM1
LOW,LOW,LOW,LOW,LOW,LOW,LOW,LOW,NO,JM1
HIGH,HIGH,HIGH,HIGH,HIGH,HIGH,HIGH,HIGH,NO,JM1
MEDIUM,MEDIUM,LOW,LOW,MEDIUM,HIGH,HIGH,MEDIUM,NO,JM1
HIGH,HIGH,HIGH,MEDIUM,HIGH,HIGH,HIGH,HIGH,NO,JM1
MEDIUM,MEDIUM,HIGH,MEDIUM,MEDIUM,HIGH,HIGH,MEDIUM,NO,JM1
HIGH,LOW,LOW,LOW,HIGH,HIGH,HIGH,LOW,NO,JM1
HIGH,HIGH,HIGH,MEDIUM,HIGH,HIGH,HIGH,HIGH,NO,JM1
MEDIUM,LOW,LOW,LOW,MEDIUM,MEDIUM,MEDIUM,LOW,NO,JM1
HIGH,MEDIUM,LOW,LOW,MEDIUM,HIGH,HIGH,MEDIUM,NO,JM1
MEDIUM,MEDIUM,HIGH,MEDIUM,MEDIUM,HIGH,HIGH,MEDIUM,NO,JM1
MEDIUM,MEDIUM,LOW,HIGH,MEDIUM,MEDIUM,MEDIUM,MEDIUM,NO,JM1
HIGH,MEDIUM,LOW,LOW,MEDIUM,MEDIUM,MEDIUM,MEDIUM,NO,JM1
LOW,LOW,LOW,LOW,LOW,LOW,LOW,LOW,NO,JM1
MEDIUM,MEDIUM,LOW,MEDIUM,MEDIUM,MEDIUM,MEDIUM,MEDIUM,NO,JM1
MEDIUM,MEDIUM,LOW,HIGH,MEDIUM,MEDIUM,MEDIUM,MEDIUM,NO,JM1
MEDIUM,MEDIUM,LOW,HIGH,MEDIUM,MEDIUM,MEDIUM,MEDIUM,NO,JM1
MEDIUM,MEDIUM,LOW,HIGH,MEDIUM,MEDIUM,MEDIUM,MEDIUM,NO,JM1
MEDIUM,MEDIUM,HIGH,LOW,MEDIUM,MEDIUM,MEDIUM,MEDIUM,NO,JM1
MEDIUM,LOW,LOW,LOW,MEDIUM,MEDIUM,MEDIUM,LOW,NO,JM1
HIGH,MEDIUM,LOW,MEDIUM,HIGH,HIGH,HIGH,MEDIUM,NO,JM1
MEDIUM,MEDIUM,HIGH,MEDIUM,MEDIUM,HIGH,HIGH,MEDIUM,NO,JM1
MEDIUM,MEDIUM,LOW,LOW,MEDIUM,HIGH,HIGH,MEDIUM,NO,JM1
MEDIUM,LOW,LOW,LOW,MEDIUM,HIGH,HIGH,LOW,NO,JM1
MEDIUM,LOW,LOW,LOW,MEDIUM,HIGH,MEDIUM,LOW,NO,JM1
HIGH,LOW,LOW,LOW,MEDIUM,HIGH,MEDIUM,LOW,NO,JM1
MEDIUM,LOW,LOW,LOW,MEDIUM,HIGH,HIGH,LOW,NO,JM1
LOW,LOW,LOW,LOW,LOW,LOW,LOW,LOW,NO,JM1
MEDIUM,HIGH,HIGH,LOW,MEDIUM,HIGH,HIGH,HIGH,NO,JM1
HIGH,HIGH,HIGH,LOW,HIGH,HIGH,HIGH,HIGH,NO,JM1
LOW,LOW,LOW,LOW,LOW,LOW,LOW,LOW,NO,JM1
HIGH,MEDIUM,LOW,LOW,MEDIUM,MEDIUM,MEDIUM,MEDIUM,NO,JM1
MEDIUM,HIGH,HIGH,HIGH,HIGH,HIGH,HIGH,HIGH,NO,JM1
MEDIUM,HIGH,HIGH,HIGH,HIGH,HIGH,HIGH,HIGH,NO,JM1
MEDIUM,MEDIUM,MEDIUM,LOW,MEDIUM,MEDIUM,MEDIUM,MEDIUM,NO,JM1
LOW,HIGH,HIGH,LOW,LOW,LOW,LOW,HIGH,NO,JM1
MEDIUM,HIGH,HIGH,MEDIUM,HIGH,HIGH,HIGH,HIGH,NO,JM1
HIGH,HIGH,HIGH,HIGH,HIGH,HIGH,HIGH,HIGH,NO,JM1
LOW,LOW,LOW,LOW,LOW,LOW,LOW,LOW,NO,JM1
MEDIUM,MEDIUM,HIGH,LOW,LOW,LOW,LOW,MEDIUM,NO,JM1
LOW,MEDIUM,MEDIUM,LOW,LOW,MEDIUM,LOW,MEDIUM,NO,JM1
MEDIUM,HIGH,HIGH,LOW,LOW,LOW,LOW,HIGH,NO,JM1
MEDIUM,LOW,LOW,LOW,MEDIUM,MEDIUM,MEDIUM,LOW,NO,JM1
MEDIUM,HIGH,MEDIUM,LOW,MEDIUM,HIGH,MEDIUM,HIGH,NO,JM1
LOW,MEDIUM,HIGH,LOW,LOW,LOW,LOW,MEDIUM,NO,JM1
MEDIUM,HIGH,HIGH,LOW,LOW,LOW,LOW,HIGH,NO,JM1
LOW,MEDIUM,HIGH,LOW,LOW,LOW,LOW,MEDIUM,NO,JM1
MEDIUM,MEDIUM,MEDIUM,LOW,MEDIUM,MEDIUM,MEDIUM,MEDIUM,NO,JM1
LOW,LOW,MEDIUM,LOW,LOW,MEDIUM,LOW,LOW,NO,JM1
MEDIUM,MEDIUM,HIGH,LOW,LOW,MEDIUM,MEDIUM,MEDIUM,NO,JM1
LOW,LOW,LOW,LOW,LOW,LOW,LOW,LOW,NO,JM1
LOW,LOW,LOW,LOW,LOW,LOW,LOW,LOW,NO,JM1
LOW,MEDIUM,HIGH,LOW,LOW,LOW,LOW,MEDIUM,NO,JM1
LOW,MEDIUM,HIGH,LOW,MEDIUM,HIGH,MEDIUM,MEDIUM,NO,JM1
LOW,MEDIUM,HIGH,LOW,LOW,LOW,LOW,MEDIUM,NO,JM1
HIGH,HIGH,HIGH,HIGH,HIGH,HIGH,HIGH,HIGH,NO,JM1
LOW,LOW,LOW,LOW,LOW,LOW,LOW,LOW,NO,JM1
LOW,LOW,LOW,LOW,LOW,LOW,LOW,LOW,NO,JM1
LOW,HIGH,HIGH,HIGH,LOW,LOW,LOW,HIGH,NO,JM1
LOW,MEDIUM,HIGH,LOW,LOW,LOW,LOW,MEDIUM,NO,JM1
LOW,MEDIUM,MEDIUM,LOW,LOW,LOW,LOW,MEDIUM,NO,JM1
LOW,LOW,MEDIUM,LOW,LOW,LOW,LOW,LOW,NO,JM1
LOW,LOW,MEDIUM,LOW,LOW,LOW,LOW,LOW,NO,JM1
LOW,MEDIUM,HIGH,LOW,LOW,LOW,LOW,MEDIUM,NO,JM1
LOW,MEDIUM,HIGH,LOW,LOW,LOW,LOW,MEDIUM,NO,JM1
LOW,MEDIUM,HIGH,LOW,LOW,MEDIUM,MEDIUM,MEDIUM,NO,JM1
LOW,MEDIUM,HIGH,LOW,LOW,LOW,LOW,MEDIUM,NO,JM1
MEDIUM,MEDIUM,HIGH,LOW,LOW,LOW,LOW,MEDIUM,NO,JM1
MEDIUM,HIGH,HIGH,HIGH,LOW,LOW,LOW,HIGH,NO,JM1
MEDIUM,HIGH,LOW,LOW,MEDIUM,HIGH,HIGH,HIGH,NO,JM1
LOW,MEDIUM,LOW,MEDIUM,MEDIUM,MEDIUM,MEDIUM,MEDIUM,NO,JM1
MEDIUM,HIGH,HIGH,MEDIUM,MEDIUM,HIGH,HIGH,HIGH,NO,JM1
MEDIUM,HIGH,HIGH,LOW,MEDIUM,MEDIUM,MEDIUM,HIGH,NO,JM1
HIGH,HIGH,HIGH,MEDIUM,HIGH,HIGH,HIGH,HIGH,NO,JM1
MEDIUM,HIGH,HIGH,MEDIUM,HIGH,HIGH,HIGH,HIGH,NO,JM1
HIGH,HIGH,HIGH,MEDIUM,LOW,LOW,LOW,HIGH,NO,JM1
HIGH,HIGH,HIGH,HIGH,LOW,LOW,LOW,HIGH,NO,JM1
LOW,HIGH,HIGH,HIGH,LOW,LOW,LOW,HIGH,NO,JM1
LOW,MEDIUM,HIGH,LOW,MEDIUM,HIGH,MEDIUM,MEDIUM,NO,JM1
LOW,MEDIUM,HIGH,LOW,MEDIUM,HIGH,MEDIUM,MEDIUM,NO,JM1
HIGH,HIGH,HIGH,HIGH,HIGH,HIGH,HIGH,HIGH,NO,JM1
LOW,MEDIUM,HIGH,LOW,LOW,LOW,LOW,MEDIUM,NO,JM1
LOW,MEDIUM,HIGH,LOW,LOW,LOW,LOW,MEDIUM,NO,JM1
LOW,MEDIUM,HIGH,LOW,LOW,LOW,LOW,MEDIUM,NO,JM1
LOW,MEDIUM,HIGH,LOW,LOW,LOW,LOW,MEDIUM,NO,JM1
MEDIUM,LOW,LOW,LOW,HIGH,MEDIUM,MEDIUM,LOW,NO,JM1
MEDIUM,MEDIUM,HIGH,LOW,MEDIUM,HIGH,MEDIUM,MEDIUM,NO,JM1
LOW,MEDIUM,HIGH,LOW,LOW,LOW,LOW,MEDIUM,NO,JM1
LOW,MEDIUM,HIGH,LOW,MEDIUM,HIGH,MEDIUM,MEDIUM,NO,JM1
HIGH,MEDIUM,HIGH,LOW,MEDIUM,MEDIUM,MEDIUM,MEDIUM,NO,JM1
HIGH,MEDIUM,HIGH,MEDIUM,HIGH,HIGH,HIGH,MEDIUM,NO,JM1
HIGH,MEDIUM,HIGH,MEDIUM,HIGH,HIGH,HIGH,MEDIUM,NO,JM1
HIGH,HIGH,HIGH,HIGH,LOW,LOW,LOW,HIGH,NO,JM1
HIGH,LOW,LOW,LOW,MEDIUM,LOW,MEDIUM,LOW,NO,JM1
LOW,MEDIUM,HIGH,LOW,LOW,MEDIUM,MEDIUM,MEDIUM,NO,JM1
HIGH,HIGH,HIGH,MEDIUM,HIGH,HIGH,HIGH,HIGH,NO,JM1
HIGH,HIGH,HIGH,LOW,HIGH,HIGH,HIGH,HIGH,NO,JM1
HIGH,HIGH,HIGH,HIGH,HIGH,HIGH,HIGH,HIGH,NO,JM1
MEDIUM,LOW,LOW,LOW,LOW,MEDIUM,LOW,LOW,NO,JM1
MEDIUM,HIGH,MEDIUM,LOW,MEDIUM,HIGH,MEDIUM,HIGH,NO,JM1
MEDIUM,HIGH,HIGH,LOW,MEDIUM,HIGH,HIGH,HIGH,NO,JM1
MEDIUM,HIGH,HIGH,LOW,MEDIUM,HIGH,HIGH,HIGH,NO,JM1
LOW,LOW,LOW,LOW,LOW,LOW,LOW,LOW,NO,JM1
HIGH,HIGH,HIGH,MEDIUM,MEDIUM,HIGH,MEDIUM,HIGH,NO,JM1
MEDIUM,MEDIUM,LOW,MEDIUM,MEDIUM,MEDIUM,MEDIUM,MEDIUM,NO,JM1
HIGH,HIGH,HIGH,HIGH,LOW,LOW,LOW,HIGH,NO,JM1
HIGH,HIGH,HIGH,MEDIUM,LOW,LOW,LOW,HIGH,NO,JM1
LOW,LOW,MEDIUM,LOW,LOW,LOW,LOW,LOW,NO,JM1
LOW,MEDIUM,HIGH,LOW,LOW,LOW,LOW,MEDIUM,NO,JM1
LOW,MEDIUM,HIGH,LOW,LOW,LOW,LOW,MEDIUM,NO,JM1
LOW,MEDIUM,MEDIUM,LOW,LOW,MEDIUM,MEDIUM,MEDIUM,NO,JM1
LOW,MEDIUM,MEDIUM,LOW,LOW,MEDIUM,MEDIUM,MEDIUM,NO,JM1
LOW,LOW,MEDIUM,LOW,LOW,MEDIUM,MEDIUM,LOW,NO,JM1
LOW,MEDIUM,HIGH,MEDIUM,LOW,LOW,LOW,MEDIUM,NO,JM1
MEDIUM,MEDIUM,HIGH,LOW,MEDIUM,HIGH,MEDIUM,MEDIUM,NO,JM1
LOW,MEDIUM,HIGH,LOW,MEDIUM,HIGH,MEDIUM,MEDIUM,NO,JM1
MEDIUM,MEDIUM,MEDIUM,MEDIUM,LOW,LOW,LOW,MEDIUM,NO,JM1
MEDIUM,LOW,LOW,LOW,LOW,MEDIUM,LOW,LOW,NO,JM1
HIGH,HIGH,HIGH,MEDIUM,LOW,LOW,LOW,HIGH,NO,JM1
HIGH,HIGH,HIGH,MEDIUM,HIGH,HIGH,HIGH,HIGH,NO,JM1
HIGH,HIGH,HIGH,HIGH,HIGH,HIGH,HIGH,HIGH,NO,JM1
MEDIUM,MEDIUM,LOW,MEDIUM,HIGH,HIGH,HIGH,MEDIUM,NO,JM1
MEDIUM,HIGH,HIGH,MEDIUM,MEDIUM,HIGH,HIGH,HIGH,NO,JM1
MEDIUM,HIGH,HIGH,MEDIUM,MEDIUM,HIGH,HIGH,HIGH,NO,JM1
MEDIUM,HIGH,HIGH,MEDIUM,LOW,LOW,LOW,HIGH,NO,JM1
HIGH,HIGH,HIGH,HIGH,HIGH,HIGH,HIGH,HIGH,NO,JM1
HIGH,MEDIUM,LOW,MEDIUM,LOW,LOW,LOW,MEDIUM,NO,JM1
HIGH,HIGH,HIGH,HIGH,HIGH,HIGH,HIGH,HIGH,NO,JM1
MEDIUM,MEDIUM,MEDIUM,LOW,LOW,LOW,LOW,MEDIUM,NO,JM1
LOW,LOW,LOW,LOW,LOW,LOW,LOW,LOW,NO,JM1
MEDIUM,MEDIUM,MEDIUM,LOW,LOW,MEDIUM,MEDIUM,MEDIUM,NO,JM1
LOW,HIGH,HIGH,LOW,MEDIUM,MEDIUM,MEDIUM,HIGH,NO,JM1
LOW,LOW,MEDIUM,LOW,LOW,MEDIUM,LOW,LOW,NO,JM1
LOW,MEDIUM,HIGH,LOW,MEDIUM,HIGH,MEDIUM,MEDIUM,NO,JM1
LOW,MEDIUM,HIGH,LOW,MEDIUM,HIGH,MEDIUM,MEDIUM,NO,JM1
MEDIUM,HIGH,HIGH,LOW,LOW,LOW,LOW,HIGH,NO,JM1
MEDIUM,HIGH,HIGH,LOW,MEDIUM,MEDIUM,MEDIUM,HIGH,NO,JM1
HIGH,HIGH,HIGH,HIGH,LOW,LOW,LOW,HIGH,NO,JM1
HIGH,HIGH,HIGH,HIGH,HIGH,HIGH,HIGH,HIGH,NO,JM1
LOW,LOW,LOW,LOW,LOW,LOW,LOW,LOW,NO,JM1
MEDIUM,MEDIUM,HIGH,LOW,LOW,LOW,LOW,MEDIUM,NO,JM1
MEDIUM,MEDIUM,HIGH,LOW,LOW,LOW,LOW,MEDIUM,NO,JM1
LOW,MEDIUM,HIGH,LOW,LOW,LOW,LOW,MEDIUM,NO,JM1
LOW,MEDIUM,HIGH,LOW,LOW,MEDIUM,MEDIUM,MEDIUM,NO,JM1
MEDIUM,HIGH,HIGH,LOW,LOW,LOW,LOW,HIGH,NO,JM1
MEDIUM,LOW,LOW,MEDIUM,LOW,LOW,LOW,LOW,NO,JM1
MEDIUM,MEDIUM,MEDIUM,LOW,MEDIUM,HIGH,MEDIUM,MEDIUM,NO,JM1
MEDIUM,HIGH,HIGH,LOW,LOW,LOW,LOW,HIGH,NO,JM1
MEDIUM,HIGH,HIGH,LOW,LOW,LOW,LOW,HIGH,NO,JM1
LOW,MEDIUM,HIGH,LOW,LOW,LOW,LOW,MEDIUM,NO,JM1
MEDIUM,MEDIUM,HIGH,LOW,MEDIUM,MEDIUM,MEDIUM,MEDIUM,NO,JM1
MEDIUM,MEDIUM,HIGH,LOW,MEDIUM,MEDIUM,MEDIUM,MEDIUM,NO,JM1
LOW,LOW,LOW,LOW,LOW,LOW,LOW,LOW,NO,JM1
LOW,MEDIUM,HIGH,LOW,LOW,LOW,LOW,MEDIUM,NO,JM1
LOW,LOW,LOW,LOW,LOW,LOW,LOW,LOW,NO,JM1
LOW,MEDIUM,HIGH,LOW,LOW,LOW,LOW,MEDIUM,NO,JM1
LOW,MEDIUM,HIGH,LOW,LOW,LOW,LOW,MEDIUM,NO,JM1
MEDIUM,MEDIUM,MEDIUM,LOW,LOW,MEDIUM,MEDIUM,MEDIUM,NO,JM1
LOW,LOW,LOW,LOW,MEDIUM,MEDIUM,MEDIUM,LOW,NO,JM1
LOW,LOW,LOW,LOW,MEDIUM,MEDIUM,MEDIUM,LOW,NO,JM1
HIGH,HIGH,HIGH,HIGH,HIGH,HIGH,HIGH,HIGH,NO,JM1
MEDIUM,HIGH,HIGH,LOW,MEDIUM,HIGH,MEDIUM,HIGH,NO,JM1
LOW,LOW,LOW,LOW,LOW,LOW,LOW,LOW,NO,JM1
HIGH,MEDIUM,HIGH,MEDIUM,LOW,LOW,LOW,MEDIUM,NO,JM1
LOW,MEDIUM,HIGH,LOW,MEDIUM,HIGH,MEDIUM,MEDIUM,NO,JM1
LOW,MEDIUM,HIGH,LOW,MEDIUM,HIGH,MEDIUM,MEDIUM,NO,JM1
LOW,HIGH,HIGH,HIGH,LOW,LOW,LOW,HIGH,NO,JM1
LOW,LOW,LOW,LOW,LOW,LOW,LOW,LOW,NO,JM1
LOW,MEDIUM,MEDIUM,LOW,LOW,MEDIUM,MEDIUM,MEDIUM,NO,JM1
LOW,LOW,LOW,LOW,LOW,LOW,LOW,LOW,NO,JM1
HIGH,MEDIUM,LOW,MEDIUM,LOW,LOW,LOW,MEDIUM,NO,JM1
LOW,MEDIUM,HIGH,LOW,LOW,MEDIUM,MEDIUM,MEDIUM,NO,JM1
LOW,MEDIUM,HIGH,LOW,LOW,LOW,LOW,MEDIUM,NO,JM1
LOW,LOW,LOW,LOW,LOW,LOW,LOW,LOW,NO,JM1
HIGH,LOW,LOW,LOW,HIGH,HIGH,HIGH,LOW,NO,JM1
MEDIUM,MEDIUM,HIGH,LOW,MEDIUM,HIGH,MEDIUM,MEDIUM,NO,JM1
MEDIUM,MEDIUM,MEDIUM,LOW,LOW,LOW,LOW,MEDIUM,NO,JM1
MEDIUM,MEDIUM,MEDIUM,LOW,LOW,LOW,LOW,MEDIUM,NO,JM1
MEDIUM,MEDIUM,MEDIUM,LOW,LOW,LOW,LOW,MEDIUM,NO,JM1
HIGH,HIGH,HIGH,MEDIUM,LOW,LOW,LOW,HIGH,NO,JM1
LOW,MEDIUM,MEDIUM,LOW,MEDIUM,HIGH,MEDIUM,MEDIUM,NO,JM1
MEDIUM,HIGH,HIGH,LOW,MEDIUM,HIGH,HIGH,HIGH,NO,JM1
MEDIUM,LOW,LOW,LOW,MEDIUM,MEDIUM,MEDIUM,LOW,NO,JM1
HIGH,HIGH,LOW,HIGH,HIGH,HIGH,HIGH,HIGH,NO,JM1
LOW,MEDIUM,HIGH,LOW,MEDIUM,HIGH,MEDIUM,MEDIUM,NO,JM1
HIGH,HIGH,MEDIUM,MEDIUM,LOW,LOW,LOW,HIGH,NO,JM1
LOW,MEDIUM,HIGH,LOW,LOW,LOW,LOW,MEDIUM,NO,JM1
MEDIUM,HIGH,MEDIUM,HIGH,HIGH,HIGH,HIGH,HIGH,NO,JM1
LOW,LOW,MEDIUM,LOW,LOW,MEDIUM,MEDIUM,LOW,NO,JM1
LOW,MEDIUM,HIGH,LOW,LOW,MEDIUM,MEDIUM,MEDIUM,NO,JM1
MEDIUM,HIGH,HIGH,LOW,LOW,LOW,LOW,HIGH,NO,JM1
HIGH,HIGH,HIGH,MEDIUM,HIGH,HIGH,HIGH,HIGH,NO,JM1
HIGH,MEDIUM,LOW,MEDIUM,HIGH,HIGH,HIGH,MEDIUM,NO,JM1
HIGH,HIGH,HIGH,HIGH,LOW,LOW,LOW,HIGH,NO,JM1
MEDIUM,HIGH,HIGH,MEDIUM,LOW,LOW,LOW,HIGH,NO,JM1
MEDIUM,HIGH,HIGH,MEDIUM,HIGH,MEDIUM,HIGH,HIGH,NO,JM1
MEDIUM,HIGH,LOW,LOW,MEDIUM,HIGH,HIGH,HIGH,NO,JM1
HIGH,HIGH,HIGH,HIGH,HIGH,HIGH,HIGH,HIGH,NO,JM1
LOW,LOW,MEDIUM,LOW,LOW,MEDIUM,LOW,LOW,NO,JM1
LOW,LOW,MEDIUM,LOW,LOW,MEDIUM,LOW,LOW,NO,JM1
HIGH,HIGH,LOW,HIGH,HIGH,HIGH,HIGH,HIGH,NO,JM1
MEDIUM,HIGH,LOW,MEDIUM,HIGH,HIGH,HIGH,HIGH,NO,JM1
HIGH,HIGH,HIGH,HIGH,HIGH,HIGH,HIGH,HIGH,NO,JM1
LOW,LOW,LOW,LOW,LOW,LOW,LOW,LOW,NO,JM1
HIGH,HIGH,HIGH,MEDIUM,HIGH,HIGH,HIGH,HIGH,NO,JM1
MEDIUM,MEDIUM,HIGH,LOW,LOW,MEDIUM,MEDIUM,MEDIUM,NO,JM1
MEDIUM,LOW,LOW,LOW,MEDIUM,MEDIUM,MEDIUM,LOW,NO,JM1
LOW,LOW,LOW,LOW,LOW,LOW,LOW,LOW,NO,JM1
MEDIUM,LOW,LOW,LOW,LOW,LOW,LOW,LOW,NO,JM1
LOW,LOW,LOW,LOW,MEDIUM,MEDIUM,MEDIUM,LOW,NO,JM1
MEDIUM,LOW,LOW,LOW,MEDIUM,MEDIUM,MEDIUM,LOW,NO,JM1
LOW,LOW,LOW,LOW,LOW,LOW,LOW,LOW,NO,JM1
LOW,LOW,LOW,LOW,LOW,LOW,LOW,LOW,NO,JM1
LOW,LOW,LOW,LOW,LOW,LOW,LOW,LOW,NO,JM1
MEDIUM,MEDIUM,HIGH,LOW,LOW,LOW,LOW,MEDIUM,NO,JM1
LOW,LOW,MEDIUM,LOW,LOW,LOW,LOW,LOW,NO,JM1
LOW,MEDIUM,HIGH,LOW,LOW,MEDIUM,MEDIUM,MEDIUM,NO,JM1
LOW,MEDIUM,HIGH,LOW,LOW,MEDIUM,MEDIUM,MEDIUM,NO,JM1
LOW,MEDIUM,HIGH,LOW,LOW,MEDIUM,MEDIUM,MEDIUM,NO,JM1
MEDIUM,MEDIUM,HIGH,MEDIUM,MEDIUM,MEDIUM,MEDIUM,MEDIUM,NO,JM1
LOW,LOW,LOW,LOW,LOW,MEDIUM,LOW,LOW,NO,JM1
LOW,MEDIUM,HIGH,LOW,LOW,LOW,LOW,MEDIUM,NO,JM1
LOW,MEDIUM,HIGH,LOW,LOW,LOW,LOW,MEDIUM,NO,JM1
MEDIUM,HIGH,LOW,LOW,LOW,LOW,LOW,HIGH,NO,JM1
LOW,LOW,MEDIUM,LOW,LOW,MEDIUM,LOW,LOW,NO,JM1
MEDIUM,LOW,LOW,LOW,MEDIUM,LOW,LOW,LOW,NO,JM1
LOW,LOW,LOW,LOW,LOW,MEDIUM,MEDIUM,LOW,NO,JM1
MEDIUM,LOW,LOW,LOW,MEDIUM,LOW,MEDIUM,LOW,NO,JM1
LOW,LOW,LOW,LOW,LOW,MEDIUM,MEDIUM,LOW,NO,JM1
LOW,LOW,LOW,LOW,LOW,LOW,LOW,LOW,NO,JM1
LOW,LOW,LOW,LOW,LOW,LOW,LOW,LOW,NO,JM1
LOW,LOW,LOW,LOW,LOW,LOW,LOW,LOW,NO,JM1
LOW,LOW,LOW,LOW,LOW,LOW,LOW,LOW,NO,JM1
HIGH,MEDIUM,HIGH,MEDIUM,MEDIUM,MEDIUM,MEDIUM,MEDIUM,NO,JM1
HIGH,HIGH,HIGH,HIGH,HIGH,HIGH,HIGH,HIGH,NO,JM1
LOW,LOW,LOW,LOW,MEDIUM,LOW,MEDIUM,LOW,NO,JM1
HIGH,MEDIUM,LOW,MEDIUM,HIGH,HIGH,HIGH,MEDIUM,NO,JM1
MEDIUM,MEDIUM,LOW,MEDIUM,MEDIUM,MEDIUM,MEDIUM,MEDIUM,NO,JM1
MEDIUM,MEDIUM,LOW,HIGH,MEDIUM,MEDIUM,MEDIUM,MEDIUM,NO,JM1
LOW,LOW,LOW,MEDIUM,LOW,LOW,LOW,LOW,NO,JM1
MEDIUM,LOW,LOW,LOW,MEDIUM,MEDIUM,MEDIUM,LOW,NO,JM1
MEDIUM,MEDIUM,HIGH,LOW,MEDIUM,HIGH,MEDIUM,MEDIUM,NO,JM1
LOW,LOW,LOW,LOW,LOW,LOW,LOW,LOW,NO,JM1
LOW,LOW,LOW,LOW,LOW,LOW,LOW,LOW,NO,JM1
LOW,LOW,LOW,LOW,LOW,LOW,LOW,LOW,NO,JM1
MEDIUM,MEDIUM,MEDIUM,LOW,MEDIUM,HIGH,MEDIUM,MEDIUM,NO,JM1
LOW,LOW,LOW,LOW,LOW,LOW,LOW,LOW,NO,JM1
MEDIUM,MEDIUM,LOW,MEDIUM,LOW,LOW,LOW,MEDIUM,NO,JM1
MEDIUM,LOW,LOW,LOW,HIGH,MEDIUM,HIGH,LOW,NO,JM1
HIGH,HIGH,HIGH,HIGH,MEDIUM,MEDIUM,MEDIUM,HIGH,NO,JM1
LOW,LOW,LOW,LOW,LOW,LOW,LOW,LOW,NO,JM1
MEDIUM,MEDIUM,LOW,LOW,LOW,LOW,LOW,MEDIUM,NO,JM1
LOW,LOW,LOW,LOW,LOW,LOW,LOW,LOW,NO,JM1
LOW,LOW,LOW,LOW,LOW,LOW,LOW,LOW,NO,JM1
LOW,LOW,LOW,LOW,LOW,LOW,LOW,LOW,NO,JM1
LOW,LOW,LOW,LOW,LOW,LOW,LOW,LOW,NO,JM1
LOW,LOW,LOW,LOW,LOW,LOW,LOW,LOW,NO,JM1
LOW,LOW,LOW,LOW,LOW,LOW,LOW,LOW,NO,JM1
LOW,LOW,LOW,LOW,LOW,LOW,LOW,LOW,NO,JM1
LOW,LOW,LOW,LOW,LOW,MEDIUM,LOW,LOW,NO,JM1
LOW,LOW,LOW,LOW,LOW,LOW,LOW,LOW,NO,JM1
LOW,LOW,LOW,LOW,LOW,LOW,LOW,LOW,NO,JM1
LOW,LOW,LOW,LOW,MEDIUM,MEDIUM,MEDIUM,LOW,NO,JM1
LOW,LOW,LOW,LOW,LOW,LOW,LOW,LOW,NO,JM1
LOW,LOW,LOW,LOW,LOW,LOW,LOW,LOW,NO,JM1
MEDIUM,HIGH,LOW,LOW,HIGH,MEDIUM,MEDIUM,HIGH,NO,JM1
MEDIUM,MEDIUM,LOW,MEDIUM,MEDIUM,MEDIUM,MEDIUM,MEDIUM,NO,JM1
HIGH,HIGH,HIGH,MEDIUM,LOW,LOW,LOW,HIGH,NO,JM1
HIGH,HIGH,HIGH,MEDIUM,HIGH,HIGH,HIGH,HIGH,NO,JM1
MEDIUM,MEDIUM,LOW,MEDIUM,HIGH,HIGH,HIGH,MEDIUM,NO,JM1
HIGH,HIGH,LOW,HIGH,HIGH,HIGH,HIGH,HIGH,NO,JM1
HIGH,HIGH,MEDIUM,HIGH,HIGH,HIGH,HIGH,HIGH,NO,JM1
MEDIUM,MEDIUM,HIGH,HIGH,MEDIUM,MEDIUM,MEDIUM,MEDIUM,NO,JM1
MEDIUM,HIGH,HIGH,MEDIUM,MEDIUM,HIGH,HIGH,HIGH,NO,JM1
LOW,LOW,LOW,LOW,LOW,LOW,LOW,LOW,NO,JM1
LOW,LOW,LOW,LOW,LOW,LOW,LOW,LOW,NO,JM1
LOW,LOW,LOW,LOW,LOW,LOW,LOW,LOW,NO,JM1
LOW,LOW,LOW,MEDIUM,MEDIUM,MEDIUM,MEDIUM,LOW,NO,JM1
MEDIUM,MEDIUM,LOW,MEDIUM,MEDIUM,MEDIUM,MEDIUM,MEDIUM,NO,JM1
MEDIUM,HIGH,HIGH,HIGH,MEDIUM,HIGH,MEDIUM,HIGH,NO,JM1
MEDIUM,HIGH,HIGH,LOW,MEDIUM,HIGH,HIGH,HIGH,NO,JM1
LOW,LOW,LOW,MEDIUM,MEDIUM,MEDIUM,MEDIUM,LOW,NO,JM1
LOW,LOW,LOW,MEDIUM,MEDIUM,MEDIUM,MEDIUM,LOW,NO,JM1
LOW,LOW,LOW,LOW,LOW,LOW,LOW,LOW,NO,JM1
LOW,LOW,LOW,LOW,LOW,LOW,LOW,LOW,NO,JM1
MEDIUM,LOW,LOW,LOW,MEDIUM,MEDIUM,MEDIUM,LOW,NO,JM1
LOW,LOW,LOW,LOW,MEDIUM,MEDIUM,MEDIUM,LOW,NO,JM1
LOW,LOW,LOW,LOW,LOW,LOW,LOW,LOW,NO,JM1
MEDIUM,LOW,LOW,LOW,MEDIUM,MEDIUM,MEDIUM,LOW,NO,JM1
LOW,LOW,LOW,LOW,MEDIUM,MEDIUM,MEDIUM,LOW,NO,JM1
MEDIUM,LOW,LOW,MEDIUM,MEDIUM,MEDIUM,MEDIUM,LOW,NO,JM1
LOW,LOW,LOW,LOW,LOW,LOW,LOW,LOW,NO,JM1
LOW,LOW,LOW,LOW,LOW,LOW,LOW,LOW,NO,JM1
LOW,LOW,LOW,LOW,LOW,MEDIUM,LOW,LOW,NO,JM1
MEDIUM,LOW,LOW,LOW,MEDIUM,LOW,MEDIUM,LOW,NO,JM1
MEDIUM,HIGH,HIGH,LOW,MEDIUM,MEDIUM,MEDIUM,HIGH,NO,JM1
MEDIUM,HIGH,HIGH,LOW,HIGH,MEDIUM,MEDIUM,HIGH,NO,JM1
MEDIUM,HIGH,HIGH,LOW,MEDIUM,MEDIUM,MEDIUM,HIGH,NO,JM1
LOW,HIGH,HIGH,LOW,MEDIUM,LOW,MEDIUM,HIGH,NO,JM1
LOW,LOW,LOW,LOW,LOW,LOW,LOW,LOW,NO,JM1
MEDIUM,MEDIUM,LOW,MEDIUM,MEDIUM,MEDIUM,MEDIUM,MEDIUM,NO,JM1
LOW,LOW,LOW,LOW,LOW,LOW,LOW,LOW,NO,JM1
HIGH,MEDIUM,LOW,MEDIUM,HIGH,HIGH,HIGH,MEDIUM,NO,JM1
MEDIUM,MEDIUM,LOW,LOW,MEDIUM,HIGH,MEDIUM,MEDIUM,NO,JM1
MEDIUM,MEDIUM,LOW,MEDIUM,MEDIUM,MEDIUM,MEDIUM,MEDIUM,NO,JM1
MEDIUM,LOW,LOW,LOW,MEDIUM,MEDIUM,MEDIUM,LOW,NO,JM1
LOW,HIGH,HIGH,MEDIUM,MEDIUM,LOW,LOW,HIGH,NO,JM1
MEDIUM,MEDIUM,LOW,HIGH,MEDIUM,LOW,MEDIUM,HIGH,NO,JM1
LOW,MEDIUM,MEDIUM,LOW,LOW,LOW,LOW,MEDIUM,NO,JM1
MEDIUM,MEDIUM,MEDIUM,MEDIUM,MEDIUM,MEDIUM,MEDIUM,MEDIUM,NO,JM1
LOW,LOW,LOW,LOW,LOW,LOW,LOW,LOW,NO,JM1
LOW,MEDIUM,LOW,LOW,MEDIUM,MEDIUM,MEDIUM,MEDIUM,NO,JM1
LOW,LOW,LOW,MEDIUM,MEDIUM,MEDIUM,MEDIUM,LOW,NO,JM1
MEDIUM,LOW,LOW,LOW,LOW,MEDIUM,MEDIUM,LOW,NO,JM1
LOW,LOW,LOW,LOW,LOW,LOW,LOW,LOW,NO,JM1
LOW,LOW,LOW,LOW,LOW,LOW,LOW,LOW,NO,JM1
LOW,LOW,LOW,LOW,MEDIUM,MEDIUM,MEDIUM,LOW,NO,JM1
MEDIUM,HIGH,HIGH,HIGH,LOW,LOW,LOW,HIGH,NO,JM1
MEDIUM,LOW,LOW,LOW,MEDIUM,MEDIUM,MEDIUM,LOW,NO,JM1
MEDIUM,MEDIUM,LOW,HIGH,HIGH,HIGH,HIGH,MEDIUM,NO,JM1
MEDIUM,HIGH,LOW,MEDIUM,HIGH,HIGH,HIGH,HIGH,NO,JM1
LOW,LOW,LOW,MEDIUM,MEDIUM,MEDIUM,MEDIUM,LOW,NO,JM1
LOW,LOW,LOW,LOW,LOW,LOW,LOW,LOW,NO,JM1
LOW,LOW,LOW,LOW,MEDIUM,MEDIUM,MEDIUM,LOW,NO,JM1
MEDIUM,MEDIUM,LOW,MEDIUM,LOW,LOW,LOW,MEDIUM,NO,JM1
LOW,LOW,LOW,LOW,LOW,LOW,LOW,LOW,NO,JM1
LOW,LOW,LOW,LOW,LOW,LOW,LOW,LOW,NO,JM1
LOW,LOW,LOW,LOW,LOW,MEDIUM,LOW,LOW,NO,JM1
LOW,MEDIUM,MEDIUM,LOW,MEDIUM,MEDIUM,MEDIUM,MEDIUM,NO,JM1
LOW,MEDIUM,MEDIUM,LOW,LOW,LOW,LOW,MEDIUM,NO,JM1
LOW,MEDIUM,MEDIUM,LOW,MEDIUM,MEDIUM,MEDIUM,MEDIUM,NO,JM1
LOW,LOW,LOW,LOW,LOW,LOW,LOW,LOW,NO,JM1
LOW,LOW,LOW,MEDIUM,LOW,LOW,LOW,LOW,NO,JM1
LOW,LOW,LOW,LOW,LOW,LOW,LOW,LOW,NO,JM1
LOW,LOW,LOW,LOW,LOW,LOW,LOW,LOW,NO,JM1
LOW,LOW,LOW,LOW,LOW,LOW,LOW,LOW,NO,JM1
MEDIUM,HIGH,HIGH,HIGH,MEDIUM,HIGH,HIGH,HIGH,NO,JM1
LOW,LOW,LOW,LOW,LOW,LOW,LOW,LOW,NO,JM1
LOW,LOW,LOW,LOW,LOW,LOW,LOW,LOW,NO,JM1
MEDIUM,HIGH,HIGH,HIGH,LOW,LOW,LOW,HIGH,NO,JM1
LOW,LOW,LOW,LOW,MEDIUM,MEDIUM,MEDIUM,LOW,NO,JM1
MEDIUM,MEDIUM,MEDIUM,MEDIUM,LOW,LOW,LOW,MEDIUM,NO,JM1
MEDIUM,MEDIUM,MEDIUM,MEDIUM,MEDIUM,MEDIUM,MEDIUM,MEDIUM,NO,JM1
LOW,LOW,LOW,MEDIUM,LOW,LOW,LOW,LOW,NO,JM1
LOW,LOW,LOW,LOW,LOW,LOW,LOW,LOW,NO,JM1
MEDIUM,HIGH,HIGH,HIGH,LOW,LOW,LOW,HIGH,NO,JM1
MEDIUM,HIGH,HIGH,HIGH,LOW,LOW,LOW,HIGH,NO,JM1
MEDIUM,HIGH,LOW,LOW,MEDIUM,HIGH,HIGH,HIGH,NO,JM1
HIGH,HIGH,LOW,HIGH,LOW,LOW,LOW,HIGH,NO,JM1
LOW,LOW,LOW,LOW,MEDIUM,MEDIUM,MEDIUM,LOW,NO,JM1
LOW,LOW,LOW,LOW,LOW,LOW,LOW,LOW,NO,JM1
LOW,LOW,LOW,MEDIUM,MEDIUM,MEDIUM,MEDIUM,LOW,NO,JM1
MEDIUM,LOW,LOW,LOW,LOW,LOW,LOW,LOW,NO,JM1
MEDIUM,LOW,LOW,LOW,MEDIUM,MEDIUM,MEDIUM,LOW,NO,JM1
HIGH,HIGH,LOW,HIGH,LOW,LOW,LOW,HIGH,NO,JM1
HIGH,HIGH,LOW,HIGH,HIGH,HIGH,HIGH,HIGH,NO,JM1
LOW,LOW,LOW,MEDIUM,LOW,MEDIUM,MEDIUM,LOW,NO,JM1
LOW,MEDIUM,LOW,MEDIUM,LOW,LOW,LOW,MEDIUM,NO,JM1
LOW,LOW,LOW,MEDIUM,LOW,LOW,LOW,LOW,NO,JM1
LOW,LOW,LOW,LOW,LOW,LOW,LOW,LOW,NO,JM1
LOW,LOW,LOW,MEDIUM,LOW,MEDIUM,MEDIUM,LOW,NO,JM1
LOW,LOW,LOW,LOW,LOW,LOW,LOW,LOW,NO,JM1
LOW,LOW,LOW,LOW,LOW,MEDIUM,MEDIUM,LOW,NO,JM1
LOW,LOW,MEDIUM,LOW,LOW,LOW,LOW,LOW,NO,JM1
HIGH,HIGH,HIGH,MEDIUM,HIGH,HIGH,HIGH,HIGH,NO,JM1
LOW,LOW,LOW,LOW,MEDIUM,MEDIUM,MEDIUM,LOW,NO,JM1
LOW,LOW,LOW,LOW,LOW,LOW,LOW,LOW,NO,JM1
MEDIUM,LOW,LOW,LOW,MEDIUM,MEDIUM,MEDIUM,LOW,NO,JM1
LOW,LOW,LOW,LOW,LOW,LOW,LOW,LOW,NO,JM1
LOW,LOW,LOW,LOW,LOW,LOW,LOW,LOW,NO,JM1
LOW,LOW,LOW,LOW,LOW,LOW,LOW,LOW,NO,JM1
HIGH,HIGH,LOW,HIGH,MEDIUM,MEDIUM,MEDIUM,HIGH,NO,JM1
MEDIUM,HIGH,HIGH,MEDIUM,HIGH,MEDIUM,MEDIUM,HIGH,NO,JM1
HIGH,HIGH,HIGH,HIGH,HIGH,HIGH,HIGH,HIGH,NO,JM1
MEDIUM,LOW,LOW,MEDIUM,MEDIUM,MEDIUM,MEDIUM,LOW,NO,JM1
LOW,LOW,LOW,LOW,LOW,LOW,LOW,LOW,NO,JM1
HIGH,HIGH,HIGH,HIGH,HIGH,HIGH,HIGH,HIGH,NO,JM1
HIGH,HIGH,LOW,HIGH,HIGH,HIGH,HIGH,HIGH,NO,JM1
HIGH,HIGH,HIGH,HIGH,LOW,LOW,LOW,HIGH,NO,JM1
HIGH,HIGH,HIGH,MEDIUM,LOW,LOW,LOW,HIGH,NO,JM1
HIGH,HIGH,HIGH,MEDIUM,HIGH,HIGH,HIGH,HIGH,NO,JM1
MEDIUM,LOW,LOW,MEDIUM,LOW,LOW,LOW,LOW,NO,JM1
HIGH,MEDIUM,LOW,MEDIUM,LOW,LOW,LOW,MEDIUM,NO,JM1
HIGH,MEDIUM,LOW,LOW,HIGH,HIGH,HIGH,MEDIUM,NO,JM1
MEDIUM,LOW,LOW,LOW,LOW,LOW,LOW,LOW,NO,JM1
HIGH,HIGH,HIGH,HIGH,LOW,LOW,LOW,HIGH,NO,JM1
HIGH,HIGH,HIGH,HIGH,LOW,LOW,LOW,HIGH,NO,JM1
LOW,LOW,LOW,LOW,LOW,LOW,LOW,LOW,NO,JM1
LOW,LOW,LOW,LOW,LOW,MEDIUM,LOW,LOW,NO,JM1
LOW,LOW,LOW,LOW,LOW,LOW,LOW,LOW,NO,JM1
LOW,LOW,LOW,LOW,LOW,LOW,LOW,LOW,NO,JM1
HIGH,MEDIUM,LOW,MEDIUM,LOW,LOW,LOW,MEDIUM,NO,JM1
HIGH,HIGH,HIGH,HIGH,HIGH,HIGH,HIGH,HIGH,NO,JM1
HIGH,LOW,LOW,LOW,HIGH,HIGH,HIGH,LOW,NO,JM1
LOW,LOW,LOW,LOW,LOW,LOW,LOW,LOW,NO,JM1
MEDIUM,LOW,LOW,LOW,LOW,LOW,LOW,LOW,NO,JM1
HIGH,MEDIUM,HIGH,LOW,LOW,LOW,LOW,MEDIUM,NO,JM1
MEDIUM,MEDIUM,LOW,MEDIUM,LOW,LOW,LOW,MEDIUM,NO,JM1
MEDIUM,MEDIUM,LOW,MEDIUM,MEDIUM,MEDIUM,MEDIUM,MEDIUM,NO,JM1
MEDIUM,LOW,LOW,LOW,LOW,LOW,LOW,LOW,NO,JM1
HIGH,MEDIUM,LOW,MEDIUM,LOW,LOW,LOW,MEDIUM,NO,JM1
HIGH,HIGH,HIGH,HIGH,LOW,LOW,LOW,HIGH,NO,JM1
MEDIUM,LOW,LOW,LOW,LOW,LOW,LOW,LOW,NO,JM1
HIGH,HIGH,LOW,HIGH,LOW,LOW,LOW,HIGH,NO,JM1
HIGH,HIGH,LOW,HIGH,LOW,LOW,LOW,HIGH,NO,JM1
HIGH,HIGH,LOW,HIGH,LOW,LOW,LOW,HIGH,NO,JM1
HIGH,HIGH,HIGH,HIGH,LOW,LOW,LOW,HIGH,NO,JM1
HIGH,HIGH,HIGH,HIGH,LOW,LOW,LOW,HIGH,NO,JM1
HIGH,HIGH,HIGH,HIGH,LOW,LOW,LOW,HIGH,NO,JM1
HIGH,HIGH,HIGH,HIGH,LOW,LOW,LOW,HIGH,NO,JM1
HIGH,HIGH,HIGH,HIGH,LOW,LOW,LOW,HIGH,NO,JM1
HIGH,HIGH,LOW,HIGH,LOW,LOW,LOW,HIGH,NO,JM1
HIGH,HIGH,LOW,HIGH,LOW,LOW,LOW,HIGH,NO,JM1
HIGH,HIGH,LOW,HIGH,LOW,LOW,LOW,HIGH,NO,JM1
HIGH,HIGH,LOW,HIGH,LOW,LOW,LOW,HIGH,NO,JM1
HIGH,LOW,LOW,LOW,LOW,LOW,LOW,LOW,NO,JM1
HIGH,MEDIUM,LOW,MEDIUM,LOW,LOW,LOW,MEDIUM,NO,JM1
HIGH,HIGH,LOW,HIGH,LOW,LOW,LOW,HIGH,NO,JM1
HIGH,MEDIUM,LOW,HIGH,LOW,LOW,LOW,MEDIUM,NO,JM1
HIGH,HIGH,HIGH,HIGH,LOW,LOW,LOW,HIGH,NO,JM1
HIGH,HIGH,LOW,HIGH,LOW,LOW,LOW,HIGH,NO,JM1
HIGH,HIGH,HIGH,HIGH,LOW,LOW,LOW,HIGH,NO,JM1
HIGH,HIGH,LOW,HIGH,LOW,LOW,LOW,HIGH,NO,JM1
HIGH,HIGH,HIGH,HIGH,LOW,LOW,LOW,HIGH,NO,JM1
LOW,LOW,LOW,LOW,LOW,LOW,LOW,LOW,NO,JM1
HIGH,HIGH,LOW,HIGH,LOW,LOW,LOW,HIGH,NO,JM1
HIGH,HIGH,LOW,HIGH,LOW,LOW,LOW,HIGH,NO,JM1
MEDIUM,MEDIUM,HIGH,LOW,LOW,LOW,LOW,MEDIUM,NO,JM1
HIGH,HIGH,HIGH,HIGH,LOW,LOW,LOW,HIGH,NO,JM1
MEDIUM,LOW,LOW,LOW,HIGH,MEDIUM,MEDIUM,LOW,NO,JM1
MEDIUM,MEDIUM,LOW,MEDIUM,MEDIUM,LOW,MEDIUM,MEDIUM,NO,JM1
LOW,LOW,LOW,LOW,LOW,LOW,LOW,LOW,NO,JM1
MEDIUM,HIGH,HIGH,LOW,LOW,LOW,LOW,HIGH,NO,JM1
HIGH,HIGH,HIGH,LOW,LOW,LOW,LOW,HIGH,NO,JM1
MEDIUM,HIGH,HIGH,LOW,LOW,LOW,LOW,HIGH,NO,JM1
HIGH,HIGH,HIGH,LOW,LOW,LOW,LOW,HIGH,NO,JM1
HIGH,HIGH,HIGH,LOW,LOW,LOW,LOW,HIGH,NO,JM1
MEDIUM,HIGH,HIGH,LOW,LOW,LOW,LOW,HIGH,NO,JM1
HIGH,HIGH,HIGH,LOW,LOW,LOW,LOW,HIGH,NO,JM1
MEDIUM,HIGH,HIGH,LOW,LOW,LOW,LOW,HIGH,NO,JM1
HIGH,HIGH,HIGH,LOW,LOW,LOW,LOW,HIGH,NO,JM1
HIGH,HIGH,HIGH,LOW,LOW,LOW,LOW,HIGH,NO,JM1
LOW,MEDIUM,MEDIUM,LOW,LOW,LOW,LOW,MEDIUM,NO,JM1
LOW,MEDIUM,LOW,HIGH,LOW,LOW,LOW,MEDIUM,NO,JM1
LOW,LOW,LOW,LOW,LOW,LOW,LOW,LOW,NO,JM1
MEDIUM,HIGH,HIGH,LOW,MEDIUM,HIGH,HIGH,HIGH,NO,JM1
LOW,LOW,LOW,LOW,LOW,LOW,LOW,LOW,NO,JM1
LOW,LOW,LOW,LOW,LOW,LOW,LOW,LOW,NO,JM1
LOW,LOW,LOW,LOW,LOW,MEDIUM,LOW,LOW,NO,JM1
MEDIUM,MEDIUM,LOW,LOW,MEDIUM,MEDIUM,MEDIUM,MEDIUM,NO,JM1
HIGH,MEDIUM,LOW,MEDIUM,HIGH,HIGH,HIGH,MEDIUM,NO,JM1
MEDIUM,MEDIUM,LOW,MEDIUM,MEDIUM,HIGH,HIGH,MEDIUM,NO,JM1
MEDIUM,LOW,MEDIUM,MEDIUM,MEDIUM,MEDIUM,MEDIUM,LOW,NO,JM1
HIGH,HIGH,LOW,MEDIUM,HIGH,MEDIUM,HIGH,HIGH,NO,JM1
LOW,MEDIUM,HIGH,MEDIUM,MEDIUM,LOW,MEDIUM,MEDIUM,NO,JM1
LOW,LOW,LOW,LOW,LOW,LOW,LOW,LOW,NO,JM1
LOW,LOW,LOW,LOW,LOW,LOW,LOW,LOW,NO,JM1
LOW,LOW,LOW,LOW,LOW,LOW,LOW,LOW,NO,JM1
HIGH,HIGH,HIGH,LOW,MEDIUM,LOW,MEDIUM,HIGH,NO,JM1
LOW,MEDIUM,HIGH,MEDIUM,LOW,LOW,LOW,MEDIUM,NO,JM1
LOW,LOW,LOW,LOW,LOW,LOW,LOW,LOW,NO,JM1
LOW,LOW,MEDIUM,LOW,LOW,MEDIUM,LOW,LOW,NO,JM1
HIGH,HIGH,HIGH,HIGH,HIGH,HIGH,HIGH,HIGH,NO,JM1
MEDIUM,HIGH,HIGH,MEDIUM,LOW,LOW,LOW,HIGH,NO,JM1
LOW,LOW,LOW,LOW,LOW,LOW,LOW,LOW,NO,JM1
MEDIUM,HIGH,HIGH,HIGH,LOW,LOW,LOW,HIGH,NO,JM1
LOW,LOW,MEDIUM,LOW,MEDIUM,HIGH,MEDIUM,LOW,NO,JM1
LOW,LOW,LOW,LOW,LOW,LOW,LOW,LOW,NO,JM1
LOW,LOW,LOW,LOW,LOW,LOW,LOW,LOW,NO,JM1
MEDIUM,HIGH,LOW,HIGH,MEDIUM,MEDIUM,MEDIUM,MEDIUM,NO,JM1
MEDIUM,LOW,LOW,LOW,LOW,MEDIUM,MEDIUM,LOW,NO,JM1
LOW,MEDIUM,LOW,MEDIUM,LOW,LOW,LOW,LOW,NO,JM1
LOW,LOW,MEDIUM,LOW,LOW,MEDIUM,MEDIUM,LOW,NO,JM1
LOW,LOW,LOW,LOW,LOW,LOW,LOW,LOW,NO,JM1
LOW,LOW,LOW,LOW,LOW,LOW,LOW,LOW,NO,JM1
LOW,LOW,LOW,LOW,LOW,LOW,LOW,LOW,NO,JM1
MEDIUM,LOW,LOW,LOW,LOW,LOW,LOW,LOW,NO,JM1
LOW,MEDIUM,HIGH,LOW,LOW,LOW,LOW,MEDIUM,NO,JM1
MEDIUM,LOW,LOW,LOW,LOW,LOW,LOW,LOW,NO,JM1
MEDIUM,MEDIUM,LOW,LOW,LOW,LOW,LOW,MEDIUM,NO,JM1
MEDIUM,MEDIUM,LOW,LOW,LOW,LOW,LOW,MEDIUM,NO,JM1
MEDIUM,MEDIUM,LOW,LOW,LOW,LOW,LOW,MEDIUM,NO,JM1
MEDIUM,LOW,LOW,LOW,LOW,LOW,LOW,LOW,NO,JM1
HIGH,MEDIUM,MEDIUM,HIGH,HIGH,HIGH,HIGH,MEDIUM,NO,JM1
LOW,HIGH,HIGH,HIGH,LOW,LOW,LOW,HIGH,NO,JM1
LOW,MEDIUM,LOW,LOW,LOW,LOW,LOW,LOW,NO,JM1
LOW,LOW,LOW,LOW,LOW,LOW,LOW,LOW,NO,JM1
MEDIUM,HIGH,HIGH,HIGH,LOW,LOW,LOW,HIGH,NO,JM1
LOW,HIGH,HIGH,HIGH,LOW,LOW,LOW,HIGH,NO,JM1
LOW,LOW,LOW,LOW,LOW,LOW,LOW,LOW,NO,JM1
LOW,LOW,LOW,LOW,LOW,LOW,LOW,LOW,NO,JM1
HIGH,HIGH,HIGH,HIGH,HIGH,HIGH,HIGH,HIGH,NO,JM1
LOW,LOW,LOW,LOW,LOW,LOW,LOW,LOW,NO,JM1
LOW,LOW,MEDIUM,LOW,LOW,MEDIUM,LOW,LOW,NO,JM1
LOW,LOW,MEDIUM,LOW,LOW,MEDIUM,LOW,LOW,NO,JM1
LOW,LOW,LOW,LOW,LOW,MEDIUM,LOW,LOW,NO,JM1
LOW,LOW,LOW,LOW,LOW,LOW,LOW,LOW,NO,JM1
LOW,LOW,LOW,LOW,LOW,LOW,LOW,LOW,NO,JM1
LOW,MEDIUM,HIGH,HIGH,MEDIUM,MEDIUM,MEDIUM,MEDIUM,NO,JM1
LOW,HIGH,HIGH,HIGH,LOW,LOW,LOW,HIGH,NO,JM1
LOW,LOW,LOW,LOW,LOW,LOW,LOW,LOW,NO,JM1
LOW,LOW,LOW,LOW,LOW,LOW,LOW,LOW,NO,JM1
LOW,LOW,LOW,LOW,LOW,LOW,LOW,LOW,NO,JM1
LOW,LOW,LOW,LOW,LOW,LOW,LOW,LOW,NO,JM1
MEDIUM,LOW,LOW,MEDIUM,MEDIUM,MEDIUM,MEDIUM,LOW,NO,JM1
MEDIUM,HIGH,HIGH,HIGH,LOW,LOW,LOW,HIGH,NO,JM1
LOW,LOW,MEDIUM,LOW,MEDIUM,MEDIUM,MEDIUM,LOW,NO,JM1
LOW,LOW,LOW,LOW,LOW,LOW,LOW,LOW,NO,JM1
MEDIUM,HIGH,HIGH,MEDIUM,MEDIUM,MEDIUM,MEDIUM,HIGH,NO,JM1
MEDIUM,MEDIUM,MEDIUM,LOW,MEDIUM,MEDIUM,MEDIUM,MEDIUM,NO,JM1
LOW,LOW,MEDIUM,LOW,LOW,LOW,LOW,LOW,NO,JM1
LOW,LOW,LOW,LOW,LOW,LOW,LOW,LOW,NO,JM1
LOW,LOW,LOW,LOW,LOW,LOW,LOW,LOW,NO,JM1
MEDIUM,MEDIUM,LOW,LOW,MEDIUM,LOW,MEDIUM,LOW,NO,JM1
MEDIUM,MEDIUM,LOW,LOW,MEDIUM,LOW,MEDIUM,LOW,NO,JM1
LOW,LOW,LOW,LOW,LOW,MEDIUM,MEDIUM,LOW,NO,JM1
HIGH,HIGH,LOW,MEDIUM,HIGH,HIGH,HIGH,MEDIUM,NO,JM1
LOW,LOW,LOW,LOW,LOW,LOW,LOW,LOW,NO,JM1
LOW,LOW,LOW,LOW,LOW,LOW,LOW,LOW,NO,JM1
LOW,LOW,LOW,LOW,LOW,LOW,LOW,LOW,NO,JM1
LOW,MEDIUM,MEDIUM,MEDIUM,MEDIUM,HIGH,MEDIUM,MEDIUM,NO,JM1
LOW,LOW,LOW,LOW,LOW,LOW,LOW,LOW,NO,JM1
MEDIUM,HIGH,LOW,LOW,MEDIUM,MEDIUM,MEDIUM,HIGH,NO,JM1
MEDIUM,HIGH,LOW,HIGH,MEDIUM,MEDIUM,MEDIUM,MEDIUM,NO,JM1
MEDIUM,HIGH,HIGH,HIGH,HIGH,HIGH,HIGH,HIGH,NO,JM1
LOW,LOW,LOW,LOW,LOW,LOW,LOW,LOW,NO,JM1
MEDIUM,LOW,MEDIUM,LOW,MEDIUM,MEDIUM,MEDIUM,LOW,NO,JM1
LOW,LOW,LOW,LOW,LOW,LOW,LOW,LOW,NO,JM1
LOW,LOW,LOW,LOW,LOW,LOW,LOW,LOW,NO,JM1
LOW,LOW,LOW,LOW,LOW,LOW,LOW,LOW,NO,JM1
LOW,LOW,LOW,LOW,LOW,LOW,LOW,LOW,NO,JM1
HIGH,HIGH,LOW,HIGH,HIGH,HIGH,HIGH,HIGH,NO,JM1
LOW,LOW,LOW,LOW,LOW,LOW,LOW,LOW,NO,JM1
LOW,LOW,LOW,MEDIUM,LOW,LOW,LOW,LOW,NO,JM1
LOW,MEDIUM,HIGH,LOW,LOW,MEDIUM,LOW,MEDIUM,NO,JM1
MEDIUM,HIGH,HIGH,MEDIUM,LOW,LOW,LOW,HIGH,NO,JM1
MEDIUM,HIGH,HIGH,MEDIUM,LOW,LOW,LOW,HIGH,NO,JM1
MEDIUM,MEDIUM,HIGH,LOW,LOW,LOW,LOW,MEDIUM,NO,JM1
LOW,MEDIUM,HIGH,LOW,MEDIUM,HIGH,MEDIUM,MEDIUM,NO,JM1
LOW,MEDIUM,HIGH,LOW,LOW,LOW,LOW,MEDIUM,NO,JM1
MEDIUM,LOW,LOW,LOW,LOW,LOW,LOW,LOW,NO,JM1
HIGH,MEDIUM,HIGH,MEDIUM,LOW,LOW,LOW,MEDIUM,NO,JM1
LOW,MEDIUM,MEDIUM,LOW,MEDIUM,MEDIUM,MEDIUM,MEDIUM,NO,JM1
MEDIUM,LOW,LOW,LOW,LOW,LOW,LOW,LOW,NO,JM1
MEDIUM,MEDIUM,HIGH,LOW,LOW,LOW,LOW,MEDIUM,NO,JM1
LOW,MEDIUM,HIGH,LOW,LOW,LOW,LOW,MEDIUM,NO,JM1
MEDIUM,HIGH,LOW,LOW,LOW,LOW,LOW,MEDIUM,NO,JM1
HIGH,MEDIUM,MEDIUM,HIGH,LOW,LOW,LOW,MEDIUM,NO,JM1
HIGH,HIGH,LOW,MEDIUM,MEDIUM,HIGH,HIGH,HIGH,NO,JM1
MEDIUM,HIGH,HIGH,HIGH,LOW,LOW,LOW,HIGH,NO,JM1
LOW,LOW,LOW,LOW,LOW,LOW,LOW,LOW,NO,JM1
LOW,MEDIUM,HIGH,HIGH,MEDIUM,HIGH,HIGH,MEDIUM,NO,JM1
LOW,LOW,MEDIUM,LOW,LOW,MEDIUM,LOW,LOW,NO,JM1
LOW,LOW,LOW,LOW,LOW,LOW,LOW,LOW,NO,JM1
LOW,LOW,LOW,LOW,LOW,LOW,LOW,LOW,NO,JM1
MEDIUM,MEDIUM,MEDIUM,LOW,MEDIUM,HIGH,MEDIUM,MEDIUM,NO,JM1
LOW,LOW,LOW,LOW,LOW,MEDIUM,LOW,LOW,NO,JM1
LOW,LOW,LOW,LOW,LOW,LOW,LOW,LOW,NO,JM1
LOW,LOW,LOW,LOW,LOW,LOW,LOW,LOW,NO,JM1
LOW,LOW,LOW,LOW,LOW,LOW,LOW,LOW,NO,JM1
HIGH,HIGH,LOW,HIGH,HIGH,HIGH,HIGH,HIGH,NO,JM1
MEDIUM,LOW,MEDIUM,LOW,MEDIUM,MEDIUM,MEDIUM,LOW,NO,JM1
MEDIUM,LOW,MEDIUM,LOW,MEDIUM,MEDIUM,MEDIUM,LOW,NO,JM1
LOW,LOW,MEDIUM,LOW,MEDIUM,MEDIUM,MEDIUM,LOW,NO,JM1
LOW,LOW,LOW,MEDIUM,MEDIUM,LOW,MEDIUM,LOW,NO,JM1
MEDIUM,LOW,MEDIUM,LOW,MEDIUM,MEDIUM,MEDIUM,LOW,NO,JM1
MEDIUM,LOW,MEDIUM,LOW,MEDIUM,MEDIUM,MEDIUM,LOW,NO,JM1
MEDIUM,MEDIUM,HIGH,MEDIUM,MEDIUM,MEDIUM,MEDIUM,MEDIUM,NO,JM1
LOW,LOW,LOW,LOW,LOW,LOW,LOW,LOW,NO,JM1
LOW,LOW,LOW,LOW,LOW,LOW,LOW,LOW,NO,JM1
LOW,LOW,LOW,LOW,LOW,LOW,LOW,LOW,NO,JM1
MEDIUM,HIGH,HIGH,LOW,LOW,LOW,LOW,HIGH,NO,JM1
LOW,LOW,LOW,LOW,LOW,LOW,LOW,LOW,NO,JM1
LOW,LOW,LOW,LOW,LOW,LOW,LOW,LOW,NO,JM1
LOW,LOW,LOW,LOW,LOW,LOW,LOW,LOW,NO,JM1
LOW,LOW,LOW,LOW,LOW,LOW,LOW,LOW,NO,JM1
LOW,LOW,LOW,LOW,LOW,LOW,LOW,LOW,NO,JM1
LOW,LOW,LOW,LOW,LOW,LOW,LOW,LOW,NO,JM1
LOW,LOW,LOW,LOW,LOW,LOW,LOW,LOW,NO,JM1
MEDIUM,HIGH,LOW,HIGH,MEDIUM,LOW,MEDIUM,HIGH,NO,JM1
MEDIUM,MEDIUM,HIGH,MEDIUM,MEDIUM,HIGH,MEDIUM,MEDIUM,NO,JM1
LOW,MEDIUM,HIGH,MEDIUM,MEDIUM,MEDIUM,MEDIUM,MEDIUM,NO,JM1
LOW,LOW,LOW,LOW,LOW,LOW,LOW,LOW,NO,JM1
MEDIUM,MEDIUM,LOW,LOW,MEDIUM,MEDIUM,MEDIUM,MEDIUM,NO,JM1
LOW,LOW,LOW,LOW,LOW,LOW,LOW,LOW,NO,JM1
MEDIUM,LOW,LOW,LOW,MEDIUM,LOW,MEDIUM,LOW,NO,JM1
MEDIUM,LOW,LOW,LOW,MEDIUM,MEDIUM,MEDIUM,LOW,NO,JM1
HIGH,HIGH,HIGH,HIGH,HIGH,HIGH,HIGH,HIGH,NO,JM1
HIGH,HIGH,HIGH,HIGH,HIGH,HIGH,HIGH,HIGH,NO,JM1
LOW,LOW,LOW,LOW,LOW,LOW,LOW,LOW,NO,JM1
LOW,LOW,LOW,LOW,LOW,LOW,LOW,LOW,NO,JM1
LOW,LOW,LOW,LOW,LOW,LOW,LOW,LOW,NO,JM1
HIGH,MEDIUM,LOW,LOW,HIGH,HIGH,HIGH,MEDIUM,NO,JM1
MEDIUM,LOW,LOW,MEDIUM,HIGH,MEDIUM,HIGH,LOW,NO,JM1
LOW,LOW,LOW,LOW,LOW,LOW,LOW,LOW,NO,JM1
LOW,LOW,MEDIUM,LOW,LOW,MEDIUM,LOW,LOW,NO,JM1
MEDIUM,HIGH,LOW,MEDIUM,HIGH,MEDIUM,HIGH,HIGH,NO,JM1
LOW,LOW,LOW,LOW,LOW,LOW,LOW,LOW,NO,JM1
LOW,LOW,LOW,LOW,LOW,LOW,LOW,LOW,NO,JM1
LOW,MEDIUM,LOW,MEDIUM,LOW,LOW,LOW,MEDIUM,NO,JM1
HIGH,HIGH,HIGH,HIGH,HIGH,HIGH,HIGH,HIGH,NO,JM1
LOW,LOW,LOW,LOW,LOW,LOW,LOW,LOW,NO,JM1
LOW,LOW,LOW,LOW,LOW,LOW,LOW,LOW,NO,JM1
LOW,LOW,LOW,LOW,LOW,LOW,LOW,LOW,NO,JM1
LOW,LOW,LOW,LOW,LOW,LOW,LOW,LOW,NO,JM1
LOW,LOW,LOW,LOW,LOW,LOW,LOW,LOW,NO,JM1
LOW,LOW,LOW,LOW,LOW,LOW,LOW,LOW,NO,JM1
MEDIUM,MEDIUM,MEDIUM,LOW,MEDIUM,MEDIUM,MEDIUM,MEDIUM,NO,JM1
LOW,LOW,LOW,LOW,LOW,LOW,LOW,LOW,NO,JM1
LOW,LOW,LOW,LOW,LOW,LOW,LOW,LOW,NO,JM1
LOW,LOW,LOW,LOW,LOW,LOW,LOW,LOW,NO,JM1
LOW,LOW,LOW,LOW,LOW,LOW,LOW,LOW,NO,JM1
LOW,LOW,LOW,LOW,LOW,LOW,LOW,LOW,NO,JM1
LOW,LOW,LOW,LOW,LOW,LOW,LOW,LOW,NO,JM1
MEDIUM,MEDIUM,LOW,LOW,LOW,LOW,LOW,LOW,NO,JM1
MEDIUM,HIGH,HIGH,LOW,MEDIUM,HIGH,MEDIUM,HIGH,NO,JM1
HIGH,HIGH,LOW,HIGH,HIGH,HIGH,HIGH,MEDIUM,NO,JM1
LOW,LOW,LOW,LOW,LOW,LOW,LOW,LOW,NO,JM1
LOW,LOW,LOW,LOW,LOW,LOW,LOW,LOW,NO,JM1
LOW,LOW,LOW,LOW,LOW,LOW,LOW,LOW,NO,JM1
LOW,LOW,LOW,LOW,LOW,LOW,LOW,LOW,NO,JM1
MEDIUM,MEDIUM,LOW,LOW,MEDIUM,HIGH,MEDIUM,MEDIUM,NO,JM1
LOW,HIGH,HIGH,HIGH,LOW,LOW,LOW,HIGH,NO,JM1
MEDIUM,MEDIUM,LOW,MEDIUM,LOW,LOW,LOW,LOW,NO,JM1
LOW,MEDIUM,LOW,MEDIUM,LOW,LOW,LOW,LOW,NO,JM1
LOW,LOW,LOW,LOW,LOW,LOW,LOW,LOW,NO,JM1
LOW,LOW,LOW,LOW,LOW,LOW,LOW,LOW,NO,JM1
LOW,LOW,LOW,LOW,LOW,MEDIUM,LOW,LOW,NO,JM1
LOW,LOW,LOW,LOW,LOW,LOW,LOW,LOW,NO,JM1
LOW,LOW,LOW,LOW,LOW,LOW,LOW,LOW,NO,JM1
LOW,LOW,LOW,LOW,LOW,LOW,LOW,LOW,NO,JM1
LOW,LOW,LOW,LOW,LOW,LOW,LOW,LOW,NO,JM1
LOW,LOW,LOW,LOW,LOW,LOW,LOW,LOW,NO,JM1
LOW,LOW,LOW,LOW,LOW,LOW,LOW,LOW,NO,JM1
LOW,LOW,LOW,LOW,LOW,LOW,LOW,LOW,NO,JM1
LOW,LOW,LOW,LOW,LOW,LOW,LOW,LOW,NO,JM1
LOW,LOW,LOW,LOW,LOW,LOW,LOW,LOW,NO,JM1
LOW,LOW,LOW,LOW,LOW,LOW,LOW,LOW,NO,JM1
LOW,LOW,LOW,LOW,LOW,LOW,LOW,LOW,NO,JM1
LOW,LOW,LOW,LOW,LOW,LOW,LOW,LOW,NO,JM1
LOW,LOW,LOW,LOW,LOW,LOW,LOW,LOW,NO,JM1
LOW,LOW,LOW,LOW,LOW,LOW,LOW,LOW,NO,JM1
LOW,LOW,LOW,LOW,LOW,LOW,LOW,LOW,NO,JM1
MEDIUM,MEDIUM,LOW,MEDIUM,MEDIUM,MEDIUM,MEDIUM,MEDIUM,NO,JM1
MEDIUM,MEDIUM,HIGH,LOW,MEDIUM,HIGH,MEDIUM,MEDIUM,NO,JM1
LOW,MEDIUM,HIGH,LOW,MEDIUM,MEDIUM,MEDIUM,MEDIUM,NO,JM1
LOW,LOW,LOW,LOW,LOW,LOW,LOW,LOW,NO,JM1
HIGH,HIGH,LOW,HIGH,HIGH,HIGH,HIGH,HIGH,NO,JM1
LOW,LOW,LOW,LOW,LOW,LOW,LOW,LOW,NO,JM1
HIGH,HIGH,LOW,LOW,HIGH,HIGH,HIGH,HIGH,NO,JM1
LOW,LOW,LOW,LOW,LOW,LOW,LOW,LOW,NO,JM1
LOW,LOW,LOW,LOW,LOW,LOW,LOW,LOW,NO,JM1
LOW,MEDIUM,HIGH,LOW,MEDIUM,MEDIUM,MEDIUM,MEDIUM,NO,JM1
LOW,LOW,LOW,LOW,LOW,LOW,LOW,LOW,NO,JM1
LOW,LOW,LOW,LOW,LOW,LOW,LOW,LOW,NO,JM1
LOW,LOW,LOW,LOW,LOW,LOW,LOW,LOW,NO,JM1
MEDIUM,HIGH,LOW,LOW,MEDIUM,LOW,LOW,HIGH,NO,JM1
MEDIUM,LOW,LOW,MEDIUM,LOW,LOW,LOW,LOW,NO,JM1
LOW,MEDIUM,HIGH,LOW,LOW,LOW,LOW,MEDIUM,NO,JM1
MEDIUM,HIGH,HIGH,LOW,MEDIUM,HIGH,MEDIUM,HIGH,NO,JM1
LOW,MEDIUM,MEDIUM,LOW,LOW,HIGH,MEDIUM,MEDIUM,NO,JM1
LOW,LOW,MEDIUM,LOW,LOW,MEDIUM,LOW,LOW,NO,JM1
LOW,LOW,LOW,LOW,LOW,MEDIUM,LOW,LOW,NO,JM1
MEDIUM,LOW,MEDIUM,LOW,LOW,MEDIUM,LOW,LOW,NO,JM1
HIGH,HIGH,HIGH,HIGH,HIGH,HIGH,HIGH,HIGH,NO,JM1
MEDIUM,HIGH,HIGH,MEDIUM,MEDIUM,MEDIUM,MEDIUM,HIGH,NO,JM1
LOW,LOW,MEDIUM,LOW,LOW,MEDIUM,LOW,LOW,NO,JM1
MEDIUM,HIGH,HIGH,HIGH,LOW,LOW,LOW,HIGH,NO,JM1
MEDIUM,HIGH,HIGH,HIGH,MEDIUM,MEDIUM,MEDIUM,HIGH,NO,JM1
LOW,HIGH,HIGH,HIGH,LOW,LOW,LOW,HIGH,NO,JM1
LOW,LOW,LOW,LOW,LOW,LOW,LOW,LOW,NO,JM1
LOW,LOW,LOW,LOW,MEDIUM,MEDIUM,MEDIUM,LOW,NO,JM1
LOW,LOW,LOW,LOW,MEDIUM,LOW,LOW,LOW,NO,JM1
LOW,LOW,LOW,LOW,LOW,LOW,LOW,LOW,NO,JM1
MEDIUM,HIGH,HIGH,HIGH,HIGH,HIGH,HIGH,HIGH,NO,JM1
LOW,LOW,LOW,LOW,LOW,LOW,LOW,LOW,NO,JM1
LOW,LOW,LOW,LOW,LOW,LOW,LOW,LOW,NO,JM1
HIGH,MEDIUM,LOW,MEDIUM,HIGH,MEDIUM,HIGH,MEDIUM,NO,JM1
LOW,MEDIUM,HIGH,LOW,LOW,LOW,LOW,MEDIUM,NO,JM1
LOW,MEDIUM,HIGH,LOW,MEDIUM,HIGH,MEDIUM,MEDIUM,NO,JM1
HIGH,HIGH,LOW,LOW,LOW,LOW,LOW,HIGH,NO,JM1
LOW,LOW,LOW,LOW,LOW,LOW,LOW,LOW,NO,JM1
LOW,MEDIUM,MEDIUM,LOW,LOW,LOW,LOW,MEDIUM,NO,JM1
LOW,LOW,LOW,LOW,MEDIUM,MEDIUM,MEDIUM,LOW,NO,JM1
LOW,LOW,LOW,LOW,LOW,LOW,LOW,LOW,NO,JM1
HIGH,HIGH,LOW,HIGH,HIGH,HIGH,HIGH,HIGH,NO,JM1
LOW,LOW,LOW,LOW,LOW,LOW,LOW,LOW,NO,JM1
LOW,LOW,LOW,LOW,LOW,LOW,LOW,LOW,NO,JM1
LOW,LOW,LOW,LOW,LOW,LOW,LOW,LOW,NO,JM1
LOW,LOW,LOW,LOW,LOW,LOW,LOW,LOW,NO,JM1
LOW,LOW,LOW,LOW,MEDIUM,MEDIUM,MEDIUM,LOW,NO,JM1
MEDIUM,HIGH,HIGH,LOW,MEDIUM,LOW,MEDIUM,HIGH,NO,JM1
MEDIUM,MEDIUM,MEDIUM,LOW,MEDIUM,MEDIUM,MEDIUM,MEDIUM,NO,JM1
MEDIUM,MEDIUM,HIGH,LOW,MEDIUM,HIGH,MEDIUM,MEDIUM,NO,JM1
LOW,LOW,LOW,LOW,LOW,LOW,LOW,LOW,NO,JM1
HIGH,HIGH,HIGH,HIGH,HIGH,HIGH,HIGH,HIGH,NO,JM1
LOW,LOW,LOW,LOW,LOW,LOW,LOW,LOW,NO,JM1
HIGH,HIGH,HIGH,HIGH,LOW,LOW,LOW,HIGH,NO,JM1
LOW,LOW,LOW,LOW,LOW,LOW,LOW,LOW,NO,JM1
LOW,LOW,LOW,LOW,LOW,LOW,LOW,LOW,NO,JM1
LOW,MEDIUM,LOW,MEDIUM,LOW,LOW,LOW,MEDIUM,NO,JM1
MEDIUM,LOW,LOW,MEDIUM,LOW,LOW,LOW,LOW,NO,JM1
LOW,LOW,LOW,LOW,LOW,LOW,LOW,LOW,NO,JM1
LOW,LOW,LOW,LOW,LOW,LOW,LOW,LOW,NO,JM1
LOW,LOW,LOW,LOW,LOW,LOW,LOW,LOW,NO,JM1
LOW,LOW,LOW,LOW,LOW,LOW,LOW,LOW,NO,JM1
HIGH,HIGH,LOW,HIGH,HIGH,HIGH,HIGH,MEDIUM,NO,JM1
MEDIUM,HIGH,HIGH,HIGH,MEDIUM,MEDIUM,MEDIUM,HIGH,NO,JM1
MEDIUM,HIGH,HIGH,HIGH,MEDIUM,MEDIUM,MEDIUM,HIGH,NO,JM1
MEDIUM,MEDIUM,MEDIUM,LOW,MEDIUM,HIGH,MEDIUM,MEDIUM,NO,JM1
MEDIUM,HIGH,HIGH,LOW,MEDIUM,HIGH,MEDIUM,HIGH,NO,JM1
HIGH,HIGH,HIGH,HIGH,LOW,LOW,LOW,HIGH,NO,JM1
MEDIUM,HIGH,HIGH,MEDIUM,MEDIUM,HIGH,HIGH,HIGH,NO,JM1
LOW,MEDIUM,LOW,LOW,MEDIUM,HIGH,MEDIUM,MEDIUM,NO,JM1
LOW,LOW,LOW,LOW,LOW,LOW,LOW,LOW,NO,JM1
LOW,LOW,LOW,LOW,LOW,LOW,LOW,LOW,NO,JM1
MEDIUM,HIGH,HIGH,LOW,MEDIUM,HIGH,MEDIUM,HIGH,NO,JM1
LOW,LOW,LOW,LOW,LOW,MEDIUM,LOW,LOW,NO,JM1
LOW,LOW,MEDIUM,LOW,LOW,MEDIUM,LOW,LOW,NO,JM1
MEDIUM,MEDIUM,LOW,MEDIUM,MEDIUM,HIGH,HIGH,MEDIUM,NO,JM1
MEDIUM,LOW,MEDIUM,LOW,LOW,MEDIUM,LOW,LOW,NO,JM1
LOW,LOW,MEDIUM,LOW,LOW,LOW,LOW,LOW,NO,JM1
LOW,LOW,LOW,LOW,LOW,LOW,LOW,LOW,NO,JM1
LOW,LOW,LOW,LOW,LOW,LOW,LOW,LOW,NO,JM1
LOW,LOW,LOW,LOW,LOW,LOW,LOW,LOW,NO,JM1
LOW,LOW,MEDIUM,LOW,LOW,MEDIUM,LOW,LOW,NO,JM1
MEDIUM,MEDIUM,LOW,HIGH,LOW,LOW,LOW,MEDIUM,NO,JM1
LOW,LOW,LOW,LOW,LOW,LOW,LOW,LOW,NO,JM1
MEDIUM,MEDIUM,LOW,LOW,LOW,LOW,LOW,MEDIUM,NO,JM1
LOW,LOW,LOW,LOW,LOW,LOW,LOW,LOW,NO,JM1
LOW,LOW,LOW,LOW,LOW,LOW,LOW,LOW,NO,JM1
LOW,LOW,LOW,LOW,LOW,LOW,LOW,LOW,NO,JM1
LOW,LOW,LOW,LOW,LOW,LOW,LOW,LOW,NO,JM1
MEDIUM,LOW,MEDIUM,LOW,MEDIUM,MEDIUM,MEDIUM,LOW,NO,JM1
LOW,HIGH,HIGH,LOW,MEDIUM,MEDIUM,MEDIUM,HIGH,NO,JM1
MEDIUM,MEDIUM,LOW,MEDIUM,MEDIUM,MEDIUM,MEDIUM,MEDIUM,NO,JM1
LOW,LOW,MEDIUM,LOW,LOW,MEDIUM,LOW,LOW,NO,JM1
MEDIUM,MEDIUM,HIGH,LOW,HIGH,HIGH,HIGH,MEDIUM,NO,JM1
LOW,LOW,LOW,LOW,LOW,LOW,LOW,LOW,NO,JM1
LOW,LOW,LOW,LOW,LOW,LOW,LOW,LOW,NO,JM1
LOW,LOW,LOW,LOW,LOW,LOW,LOW,LOW,NO,JM1
LOW,LOW,LOW,LOW,LOW,LOW,LOW,LOW,NO,JM1
MEDIUM,HIGH,MEDIUM,LOW,MEDIUM,HIGH,HIGH,HIGH,NO,JM1
LOW,LOW,LOW,LOW,LOW,LOW,LOW,LOW,NO,JM1
MEDIUM,HIGH,LOW,LOW,MEDIUM,HIGH,HIGH,HIGH,NO,JM1
MEDIUM,MEDIUM,LOW,HIGH,MEDIUM,LOW,MEDIUM,MEDIUM,NO,JM1
LOW,LOW,MEDIUM,LOW,LOW,MEDIUM,LOW,LOW,NO,JM1
MEDIUM,MEDIUM,HIGH,LOW,MEDIUM,HIGH,HIGH,MEDIUM,NO,JM1
LOW,LOW,LOW,LOW,LOW,MEDIUM,LOW,LOW,NO,JM1
LOW,LOW,LOW,LOW,LOW,MEDIUM,LOW,LOW,NO,JM1
LOW,LOW,MEDIUM,LOW,LOW,LOW,LOW,LOW,NO,JM1
LOW,LOW,LOW,LOW,LOW,MEDIUM,LOW,LOW,NO,JM1
LOW,LOW,LOW,LOW,LOW,MEDIUM,LOW,LOW,NO,JM1
LOW,LOW,LOW,LOW,LOW,MEDIUM,LOW,LOW,NO,JM1
HIGH,HIGH,HIGH,MEDIUM,MEDIUM,HIGH,HIGH,HIGH,NO,JM1
LOW,HIGH,HIGH,MEDIUM,MEDIUM,MEDIUM,MEDIUM,HIGH,NO,JM1
LOW,MEDIUM,HIGH,MEDIUM,MEDIUM,MEDIUM,MEDIUM,MEDIUM,NO,JM1
LOW,LOW,LOW,LOW,LOW,LOW,LOW,LOW,NO,JM1
MEDIUM,MEDIUM,LOW,LOW,MEDIUM,HIGH,MEDIUM,MEDIUM,NO,JM1
LOW,LOW,MEDIUM,LOW,LOW,MEDIUM,MEDIUM,LOW,NO,JM1
MEDIUM,HIGH,HIGH,MEDIUM,LOW,LOW,LOW,HIGH,NO,JM1
HIGH,HIGH,LOW,HIGH,MEDIUM,HIGH,HIGH,HIGH,NO,JM1
MEDIUM,MEDIUM,LOW,MEDIUM,MEDIUM,MEDIUM,MEDIUM,LOW,NO,JM1
LOW,LOW,LOW,LOW,LOW,LOW,LOW,LOW,NO,JM1
LOW,LOW,LOW,LOW,LOW,LOW,LOW,LOW,NO,JM1
LOW,LOW,LOW,LOW,LOW,LOW,LOW,LOW,NO,JM1
LOW,LOW,LOW,LOW,LOW,LOW,LOW,LOW,NO,JM1
LOW,LOW,LOW,LOW,LOW,LOW,LOW,LOW,NO,JM1
LOW,LOW,LOW,LOW,LOW,LOW,LOW,LOW,NO,JM1
LOW,LOW,LOW,LOW,LOW,LOW,LOW,LOW,NO,JM1
LOW,LOW,LOW,LOW,LOW,LOW,LOW,LOW,NO,JM1
LOW,HIGH,HIGH,LOW,MEDIUM,HIGH,MEDIUM,HIGH,NO,JM1
HIGH,MEDIUM,LOW,LOW,MEDIUM,MEDIUM,MEDIUM,MEDIUM,NO,JM1
LOW,LOW,LOW,LOW,LOW,LOW,LOW,LOW,NO,JM1
LOW,LOW,LOW,LOW,LOW,LOW,LOW,LOW,NO,JM1
MEDIUM,LOW,LOW,LOW,LOW,LOW,LOW,LOW,NO,JM1
LOW,LOW,LOW,LOW,LOW,LOW,LOW,LOW,NO,JM1
LOW,LOW,LOW,LOW,LOW,LOW,LOW,LOW,NO,JM1
MEDIUM,MEDIUM,LOW,LOW,LOW,LOW,LOW,MEDIUM,NO,JM1
LOW,LOW,LOW,LOW,LOW,LOW,LOW,LOW,NO,JM1
HIGH,HIGH,LOW,HIGH,HIGH,HIGH,HIGH,HIGH,NO,JM1
LOW,LOW,LOW,LOW,LOW,LOW,LOW,LOW,NO,JM1
LOW,LOW,LOW,LOW,LOW,MEDIUM,LOW,LOW,NO,JM1
LOW,LOW,LOW,LOW,LOW,MEDIUM,LOW,LOW,NO,JM1
LOW,LOW,LOW,LOW,LOW,LOW,LOW,LOW,NO,JM1
LOW,LOW,LOW,LOW,LOW,LOW,LOW,LOW,NO,JM1
LOW,LOW,LOW,LOW,LOW,LOW,LOW,LOW,NO,JM1
LOW,LOW,LOW,LOW,LOW,MEDIUM,MEDIUM,LOW,NO,JM1
HIGH,MEDIUM,HIGH,MEDIUM,LOW,LOW,LOW,MEDIUM,NO,JM1
LOW,LOW,LOW,LOW,LOW,LOW,LOW,LOW,NO,JM1
HIGH,HIGH,LOW,HIGH,HIGH,MEDIUM,HIGH,HIGH,NO,JM1
HIGH,MEDIUM,LOW,MEDIUM,HIGH,MEDIUM,HIGH,MEDIUM,NO,JM1
LOW,LOW,LOW,LOW,LOW,LOW,LOW,LOW,NO,JM1
HIGH,MEDIUM,LOW,MEDIUM,LOW,LOW,LOW,MEDIUM,NO,JM1
MEDIUM,LOW,LOW,LOW,MEDIUM,HIGH,MEDIUM,LOW,NO,JM1
MEDIUM,HIGH,HIGH,HIGH,HIGH,HIGH,HIGH,HIGH,NO,JM1
LOW,LOW,LOW,LOW,LOW,LOW,LOW,LOW,NO,JM1
LOW,LOW,LOW,LOW,LOW,LOW,LOW,LOW,NO,JM1
LOW,LOW,LOW,LOW,LOW,LOW,LOW,LOW,NO,JM1
LOW,LOW,LOW,LOW,LOW,LOW,LOW,LOW,NO,JM1
LOW,LOW,LOW,LOW,LOW,LOW,LOW,LOW,NO,JM1
LOW,LOW,LOW,LOW,LOW,LOW,LOW,LOW,NO,JM1
LOW,LOW,LOW,LOW,LOW,LOW,LOW,LOW,NO,JM1
HIGH,HIGH,LOW,HIGH,HIGH,MEDIUM,MEDIUM,HIGH,NO,JM1
MEDIUM,MEDIUM,HIGH,LOW,MEDIUM,HIGH,MEDIUM,MEDIUM,NO,JM1
LOW,MEDIUM,MEDIUM,LOW,MEDIUM,MEDIUM,MEDIUM,MEDIUM,NO,JM1
MEDIUM,HIGH,LOW,LOW,MEDIUM,MEDIUM,MEDIUM,MEDIUM,NO,JM1
MEDIUM,HIGH,LOW,LOW,MEDIUM,MEDIUM,MEDIUM,MEDIUM,NO,JM1
MEDIUM,HIGH,LOW,HIGH,MEDIUM,MEDIUM,MEDIUM,MEDIUM,NO,JM1
MEDIUM,MEDIUM,LOW,LOW,MEDIUM,LOW,MEDIUM,MEDIUM,NO,JM1
HIGH,HIGH,LOW,MEDIUM,HIGH,HIGH,HIGH,HIGH,NO,JM1
LOW,LOW,LOW,LOW,LOW,LOW,LOW,LOW,NO,JM1
LOW,LOW,LOW,LOW,LOW,LOW,LOW,LOW,NO,JM1
MEDIUM,HIGH,LOW,LOW,MEDIUM,HIGH,HIGH,HIGH,NO,JM1
LOW,LOW,LOW,LOW,LOW,LOW,LOW,LOW,NO,JM1
LOW,LOW,LOW,LOW,LOW,MEDIUM,LOW,LOW,NO,JM1
LOW,LOW,LOW,LOW,LOW,MEDIUM,LOW,LOW,NO,JM1
MEDIUM,MEDIUM,LOW,MEDIUM,LOW,LOW,LOW,MEDIUM,NO,JM1
LOW,LOW,LOW,LOW,LOW,LOW,LOW,LOW,NO,JM1
MEDIUM,MEDIUM,HIGH,HIGH,MEDIUM,MEDIUM,MEDIUM,MEDIUM,NO,JM1
LOW,LOW,LOW,LOW,LOW,LOW,LOW,LOW,NO,JM1
HIGH,MEDIUM,LOW,HIGH,HIGH,HIGH,HIGH,MEDIUM,NO,JM1
HIGH,HIGH,HIGH,HIGH,HIGH,HIGH,HIGH,HIGH,NO,JM1
HIGH,HIGH,HIGH,HIGH,HIGH,HIGH,HIGH,HIGH,NO,JM1
MEDIUM,MEDIUM,LOW,MEDIUM,MEDIUM,LOW,MEDIUM,MEDIUM,NO,JM1
LOW,MEDIUM,HIGH,LOW,LOW,MEDIUM,MEDIUM,MEDIUM,NO,JM1
LOW,LOW,LOW,LOW,LOW,LOW,LOW,LOW,NO,JM1
LOW,MEDIUM,LOW,HIGH,LOW,LOW,LOW,MEDIUM,NO,JM1
HIGH,MEDIUM,MEDIUM,HIGH,HIGH,MEDIUM,HIGH,MEDIUM,NO,JM1
HIGH,HIGH,HIGH,HIGH,LOW,LOW,LOW,HIGH,NO,JM1
LOW,MEDIUM,MEDIUM,LOW,LOW,LOW,LOW,MEDIUM,NO,JM1
MEDIUM,MEDIUM,HIGH,LOW,LOW,LOW,LOW,MEDIUM,NO,JM1
HIGH,HIGH,HIGH,MEDIUM,LOW,LOW,LOW,HIGH,NO,JM1
HIGH,HIGH,HIGH,MEDIUM,LOW,LOW,LOW,HIGH,NO,JM1
MEDIUM,MEDIUM,MEDIUM,MEDIUM,MEDIUM,MEDIUM,MEDIUM,MEDIUM,NO,JM1
MEDIUM,HIGH,HIGH,MEDIUM,LOW,LOW,LOW,HIGH,NO,JM1
LOW,LOW,LOW,LOW,LOW,LOW,LOW,LOW,NO,JM1
LOW,LOW,LOW,LOW,LOW,LOW,LOW,LOW,NO,JM1
MEDIUM,HIGH,HIGH,LOW,LOW,LOW,LOW,HIGH,NO,JM1
MEDIUM,HIGH,HIGH,MEDIUM,MEDIUM,HIGH,HIGH,HIGH,NO,JM1
MEDIUM,HIGH,HIGH,LOW,LOW,LOW,LOW,HIGH,NO,JM1
MEDIUM,LOW,LOW,LOW,LOW,MEDIUM,LOW,LOW,NO,JM1
LOW,MEDIUM,MEDIUM,LOW,LOW,LOW,LOW,MEDIUM,NO,JM1
LOW,LOW,LOW,LOW,LOW,LOW,LOW,LOW,NO,JM1
MEDIUM,HIGH,HIGH,LOW,LOW,LOW,LOW,HIGH,NO,JM1
LOW,LOW,LOW,MEDIUM,LOW,LOW,LOW,LOW,NO,JM1
MEDIUM,HIGH,HIGH,MEDIUM,MEDIUM,HIGH,HIGH,HIGH,NO,JM1
HIGH,HIGH,HIGH,HIGH,HIGH,HIGH,HIGH,HIGH,NO,JM1
LOW,LOW,LOW,LOW,LOW,LOW,LOW,LOW,NO,JM1
LOW,LOW,LOW,LOW,LOW,LOW,LOW,LOW,NO,JM1
LOW,LOW,LOW,LOW,LOW,LOW,LOW,LOW,NO,JM1
LOW,LOW,LOW,LOW,LOW,LOW,LOW,LOW,NO,JM1
LOW,LOW,LOW,LOW,LOW,LOW,LOW,LOW,NO,JM1
LOW,LOW,LOW,LOW,LOW,MEDIUM,LOW,LOW,NO,JM1
MEDIUM,MEDIUM,HIGH,MEDIUM,MEDIUM,HIGH,HIGH,MEDIUM,NO,JM1
LOW,LOW,LOW,LOW,LOW,LOW,LOW,LOW,NO,JM1
MEDIUM,MEDIUM,LOW,LOW,LOW,LOW,LOW,MEDIUM,NO,JM1
LOW,LOW,LOW,LOW,LOW,LOW,LOW,LOW,NO,JM1
LOW,LOW,LOW,LOW,LOW,LOW,LOW,LOW,NO,JM1
MEDIUM,LOW,LOW,LOW,MEDIUM,LOW,LOW,LOW,NO,JM1
MEDIUM,LOW,LOW,LOW,MEDIUM,LOW,LOW,LOW,NO,JM1
HIGH,HIGH,HIGH,MEDIUM,HIGH,HIGH,HIGH,HIGH,NO,JM1
LOW,LOW,LOW,LOW,LOW,LOW,LOW,LOW,NO,JM1
MEDIUM,MEDIUM,HIGH,LOW,MEDIUM,MEDIUM,MEDIUM,MEDIUM,NO,JM1
LOW,LOW,LOW,LOW,LOW,LOW,LOW,LOW,NO,JM1
LOW,LOW,LOW,LOW,LOW,LOW,LOW,LOW,NO,JM1
LOW,LOW,LOW,LOW,LOW,LOW,LOW,LOW,NO,JM1
MEDIUM,MEDIUM,LOW,LOW,LOW,LOW,LOW,MEDIUM,NO,JM1
LOW,LOW,LOW,LOW,LOW,LOW,LOW,LOW,NO,JM1
LOW,LOW,LOW,LOW,LOW,LOW,LOW,LOW,NO,JM1
LOW,LOW,LOW,LOW,LOW,LOW,LOW,LOW,NO,JM1
LOW,LOW,LOW,LOW,LOW,LOW,LOW,LOW,NO,JM1
LOW,LOW,LOW,LOW,LOW,LOW,LOW,LOW,NO,JM1
LOW,LOW,LOW,LOW,LOW,LOW,LOW,LOW,NO,JM1
LOW,LOW,LOW,LOW,LOW,LOW,LOW,LOW,NO,JM1
LOW,LOW,LOW,LOW,LOW,LOW,LOW,LOW,NO,JM1
LOW,LOW,LOW,LOW,LOW,LOW,LOW,LOW,NO,JM1
MEDIUM,MEDIUM,LOW,HIGH,MEDIUM,MEDIUM,MEDIUM,MEDIUM,NO,JM1
LOW,LOW,LOW,LOW,MEDIUM,LOW,MEDIUM,LOW,NO,JM1
LOW,LOW,LOW,LOW,LOW,LOW,LOW,LOW,NO,JM1
HIGH,HIGH,HIGH,LOW,HIGH,HIGH,HIGH,HIGH,NO,JM1
LOW,LOW,LOW,LOW,LOW,MEDIUM,LOW,LOW,NO,JM1
LOW,LOW,LOW,LOW,LOW,LOW,LOW,LOW,NO,JM1
LOW,LOW,LOW,LOW,LOW,LOW,LOW,LOW,NO,JM1
LOW,LOW,LOW,LOW,LOW,LOW,LOW,LOW,NO,JM1
LOW,LOW,LOW,LOW,LOW,MEDIUM,LOW,LOW,NO,JM1
LOW,LOW,LOW,LOW,LOW,LOW,LOW,LOW,NO,JM1
LOW,LOW,LOW,LOW,LOW,LOW,LOW,LOW,NO,JM1
LOW,LOW,LOW,LOW,LOW,LOW,LOW,LOW,NO,JM1
LOW,LOW,LOW,LOW,LOW,LOW,LOW,LOW,NO,JM1
LOW,LOW,LOW,LOW,LOW,LOW,LOW,LOW,NO,JM1
LOW,LOW,LOW,LOW,LOW,LOW,LOW,LOW,NO,JM1
LOW,LOW,LOW,LOW,LOW,LOW,LOW,LOW,NO,JM1
LOW,MEDIUM,LOW,MEDIUM,LOW,LOW,LOW,LOW,NO,JM1
LOW,LOW,LOW,LOW,LOW,LOW,LOW,LOW,NO,JM1
LOW,LOW,LOW,LOW,LOW,LOW,LOW,LOW,NO,JM1
LOW,LOW,LOW,LOW,MEDIUM,MEDIUM,MEDIUM,LOW,NO,JM1
LOW,LOW,LOW,LOW,LOW,LOW,LOW,LOW,NO,JM1
LOW,LOW,LOW,LOW,LOW,LOW,LOW,LOW,NO,JM1
HIGH,HIGH,LOW,MEDIUM,HIGH,HIGH,HIGH,HIGH,NO,JM1
MEDIUM,MEDIUM,LOW,MEDIUM,MEDIUM,MEDIUM,MEDIUM,MEDIUM,NO,JM1
LOW,LOW,LOW,LOW,LOW,LOW,LOW,LOW,NO,JM1
HIGH,HIGH,LOW,HIGH,LOW,LOW,LOW,HIGH,NO,JM1
LOW,LOW,LOW,LOW,LOW,LOW,LOW,LOW,NO,JM1
LOW,LOW,LOW,LOW,LOW,LOW,LOW,LOW,NO,JM1
HIGH,HIGH,HIGH,HIGH,HIGH,HIGH,HIGH,HIGH,NO,JM1
MEDIUM,MEDIUM,MEDIUM,LOW,MEDIUM,MEDIUM,MEDIUM,MEDIUM,NO,JM1
MEDIUM,LOW,LOW,LOW,MEDIUM,HIGH,MEDIUM,LOW,NO,JM1
MEDIUM,MEDIUM,MEDIUM,LOW,MEDIUM,MEDIUM,MEDIUM,MEDIUM,NO,JM1
LOW,LOW,MEDIUM,LOW,LOW,MEDIUM,MEDIUM,LOW,NO,JM1
LOW,LOW,MEDIUM,LOW,LOW,MEDIUM,LOW,LOW,NO,JM1
MEDIUM,MEDIUM,MEDIUM,LOW,MEDIUM,MEDIUM,MEDIUM,MEDIUM,NO,JM1
MEDIUM,MEDIUM,MEDIUM,MEDIUM,LOW,LOW,LOW,MEDIUM,NO,JM1
MEDIUM,MEDIUM,MEDIUM,MEDIUM,HIGH,MEDIUM,MEDIUM,MEDIUM,NO,JM1
MEDIUM,LOW,LOW,LOW,MEDIUM,MEDIUM,MEDIUM,LOW,NO,JM1
MEDIUM,MEDIUM,LOW,LOW,MEDIUM,MEDIUM,MEDIUM,MEDIUM,NO,JM1
LOW,LOW,LOW,LOW,MEDIUM,MEDIUM,MEDIUM,LOW,NO,JM1
HIGH,HIGH,HIGH,HIGH,HIGH,HIGH,HIGH,HIGH,NO,JM1
MEDIUM,HIGH,HIGH,LOW,MEDIUM,HIGH,MEDIUM,HIGH,NO,JM1
LOW,LOW,LOW,LOW,LOW,LOW,LOW,LOW,NO,JM1
HIGH,HIGH,LOW,HIGH,HIGH,HIGH,HIGH,HIGH,NO,JM1
LOW,LOW,LOW,LOW,LOW,LOW,LOW,LOW,NO,JM1
LOW,LOW,LOW,LOW,LOW,LOW,LOW,LOW,NO,JM1
LOW,LOW,LOW,MEDIUM,LOW,LOW,LOW,LOW,NO,JM1
MEDIUM,MEDIUM,LOW,LOW,LOW,LOW,LOW,MEDIUM,NO,JM1
MEDIUM,MEDIUM,MEDIUM,LOW,HIGH,HIGH,HIGH,MEDIUM,NO,JM1
LOW,LOW,LOW,LOW,LOW,LOW,LOW,LOW,NO,JM1
LOW,LOW,LOW,LOW,LOW,LOW,LOW,LOW,NO,JM1
LOW,LOW,LOW,LOW,LOW,LOW,LOW,LOW,NO,JM1
LOW,LOW,MEDIUM,LOW,MEDIUM,MEDIUM,MEDIUM,LOW,NO,JM1
LOW,LOW,LOW,LOW,LOW,LOW,LOW,LOW,NO,JM1
LOW,MEDIUM,LOW,LOW,LOW,LOW,LOW,MEDIUM,NO,JM1
MEDIUM,MEDIUM,HIGH,LOW,MEDIUM,HIGH,MEDIUM,MEDIUM,NO,JM1
LOW,LOW,LOW,LOW,LOW,LOW,LOW,LOW,NO,JM1
LOW,LOW,LOW,LOW,LOW,LOW,LOW,LOW,NO,JM1
LOW,LOW,LOW,LOW,LOW,LOW,LOW,LOW,NO,JM1
LOW,LOW,LOW,LOW,LOW,LOW,LOW,LOW,NO,JM1
HIGH,MEDIUM,HIGH,LOW,HIGH,HIGH,HIGH,MEDIUM,NO,JM1
MEDIUM,LOW,LOW,LOW,MEDIUM,MEDIUM,MEDIUM,LOW,NO,JM1
LOW,LOW,LOW,LOW,LOW,LOW,LOW,LOW,NO,JM1
LOW,LOW,LOW,LOW,LOW,LOW,LOW,LOW,NO,JM1
LOW,LOW,LOW,LOW,LOW,LOW,LOW,LOW,NO,JM1
LOW,LOW,LOW,LOW,LOW,LOW,LOW,LOW,NO,JM1
LOW,LOW,LOW,LOW,LOW,LOW,LOW,LOW,NO,JM1
LOW,LOW,LOW,LOW,LOW,LOW,LOW,LOW,NO,JM1
LOW,LOW,LOW,LOW,LOW,LOW,LOW,LOW,NO,JM1
LOW,LOW,LOW,LOW,LOW,LOW,LOW,LOW,NO,JM1
LOW,LOW,LOW,LOW,LOW,LOW,LOW,LOW,NO,JM1
LOW,MEDIUM,MEDIUM,MEDIUM,LOW,LOW,LOW,MEDIUM,NO,JM1
HIGH,HIGH,HIGH,MEDIUM,HIGH,HIGH,HIGH,HIGH,NO,JM1
HIGH,MEDIUM,LOW,HIGH,HIGH,HIGH,HIGH,MEDIUM,NO,JM1
MEDIUM,LOW,LOW,MEDIUM,MEDIUM,MEDIUM,MEDIUM,LOW,NO,JM1
MEDIUM,MEDIUM,HIGH,LOW,LOW,LOW,LOW,MEDIUM,NO,JM1
MEDIUM,LOW,MEDIUM,LOW,LOW,LOW,LOW,LOW,NO,JM1
LOW,MEDIUM,LOW,MEDIUM,LOW,LOW,LOW,LOW,NO,JM1
LOW,LOW,LOW,LOW,LOW,LOW,LOW,LOW,NO,JM1
MEDIUM,HIGH,LOW,HIGH,LOW,LOW,LOW,HIGH,NO,JM1
MEDIUM,MEDIUM,LOW,MEDIUM,MEDIUM,MEDIUM,MEDIUM,MEDIUM,NO,JM1
MEDIUM,HIGH,HIGH,LOW,MEDIUM,HIGH,MEDIUM,HIGH,NO,JM1
LOW,LOW,LOW,LOW,LOW,LOW,LOW,LOW,NO,JM1
LOW,LOW,LOW,LOW,LOW,LOW,LOW,LOW,NO,JM1
LOW,LOW,LOW,LOW,LOW,LOW,LOW,LOW,NO,JM1
LOW,LOW,LOW,LOW,LOW,LOW,LOW,LOW,NO,JM1
LOW,LOW,LOW,LOW,LOW,LOW,LOW,LOW,NO,JM1
LOW,LOW,LOW,LOW,LOW,LOW,LOW,LOW,NO,JM1
LOW,LOW,LOW,LOW,LOW,LOW,LOW,LOW,NO,JM1
LOW,LOW,LOW,LOW,LOW,LOW,LOW,LOW,NO,JM1
MEDIUM,HIGH,LOW,LOW,HIGH,HIGH,HIGH,HIGH,NO,JM1
MEDIUM,MEDIUM,LOW,MEDIUM,MEDIUM,MEDIUM,MEDIUM,MEDIUM,NO,JM1
LOW,MEDIUM,LOW,LOW,LOW,LOW,LOW,MEDIUM,NO,JM1
MEDIUM,MEDIUM,LOW,LOW,LOW,MEDIUM,LOW,MEDIUM,NO,JM1
LOW,LOW,MEDIUM,LOW,LOW,MEDIUM,LOW,LOW,NO,JM1
LOW,LOW,LOW,LOW,LOW,LOW,LOW,LOW,NO,JM1
MEDIUM,HIGH,HIGH,HIGH,HIGH,HIGH,HIGH,HIGH,NO,JM1
LOW,MEDIUM,LOW,LOW,LOW,LOW,LOW,MEDIUM,NO,JM1
HIGH,HIGH,MEDIUM,LOW,MEDIUM,HIGH,HIGH,HIGH,NO,JM1
LOW,LOW,LOW,LOW,LOW,LOW,LOW,LOW,NO,JM1
HIGH,HIGH,HIGH,HIGH,LOW,LOW,LOW,HIGH,NO,JM1
HIGH,HIGH,HIGH,HIGH,LOW,LOW,LOW,HIGH,NO,JM1
HIGH,HIGH,HIGH,MEDIUM,LOW,LOW,LOW,HIGH,NO,JM1
LOW,LOW,LOW,LOW,LOW,LOW,LOW,LOW,NO,JM1
MEDIUM,HIGH,LOW,LOW,MEDIUM,LOW,MEDIUM,MEDIUM,NO,JM1
LOW,LOW,LOW,LOW,LOW,LOW,LOW,LOW,NO,JM1
LOW,LOW,LOW,LOW,LOW,LOW,LOW,LOW,NO,JM1
LOW,MEDIUM,LOW,HIGH,MEDIUM,MEDIUM,MEDIUM,MEDIUM,NO,JM1
LOW,LOW,LOW,LOW,LOW,LOW,LOW,LOW,NO,JM1
MEDIUM,LOW,LOW,LOW,MEDIUM,MEDIUM,MEDIUM,LOW,NO,JM1
MEDIUM,MEDIUM,LOW,LOW,HIGH,HIGH,HIGH,MEDIUM,NO,JM1
HIGH,HIGH,HIGH,HIGH,HIGH,HIGH,HIGH,HIGH,NO,JM1
LOW,HIGH,HIGH,HIGH,LOW,LOW,LOW,HIGH,NO,JM1
LOW,LOW,LOW,LOW,LOW,LOW,LOW,LOW,NO,JM1
LOW,LOW,LOW,LOW,LOW,LOW,LOW,LOW,NO,JM1
LOW,LOW,LOW,LOW,LOW,LOW,LOW,LOW,NO,JM1
LOW,LOW,LOW,LOW,LOW,LOW,LOW,LOW,NO,JM1
LOW,LOW,LOW,LOW,LOW,LOW,LOW,LOW,NO,JM1
LOW,LOW,LOW,LOW,LOW,LOW,LOW,LOW,NO,JM1
LOW,LOW,LOW,LOW,LOW,LOW,LOW,LOW,NO,JM1
LOW,LOW,LOW,LOW,LOW,LOW,LOW,LOW,NO,JM1
LOW,LOW,LOW,LOW,LOW,LOW,LOW,LOW,NO,JM1
LOW,LOW,LOW,LOW,LOW,LOW,LOW,LOW,NO,JM1
LOW,LOW,LOW,LOW,LOW,LOW,LOW,LOW,NO,JM1
LOW,MEDIUM,MEDIUM,LOW,LOW,MEDIUM,LOW,MEDIUM,NO,JM1
LOW,LOW,LOW,LOW,LOW,LOW,LOW,LOW,NO,JM1
LOW,LOW,LOW,LOW,LOW,LOW,LOW,LOW,NO,JM1
LOW,LOW,LOW,LOW,LOW,LOW,LOW,LOW,NO,JM1
HIGH,HIGH,LOW,HIGH,HIGH,HIGH,HIGH,HIGH,NO,JM1
MEDIUM,LOW,LOW,LOW,MEDIUM,LOW,MEDIUM,LOW,NO,JM1
HIGH,HIGH,HIGH,HIGH,HIGH,HIGH,HIGH,HIGH,NO,JM1
LOW,LOW,MEDIUM,LOW,LOW,LOW,LOW,LOW,NO,JM1
LOW,LOW,LOW,LOW,LOW,LOW,LOW,LOW,NO,JM1
LOW,LOW,MEDIUM,LOW,LOW,MEDIUM,LOW,LOW,NO,JM1
LOW,LOW,LOW,LOW,LOW,LOW,LOW,LOW,NO,JM1
MEDIUM,LOW,LOW,LOW,MEDIUM,LOW,MEDIUM,LOW,NO,JM1
LOW,LOW,LOW,LOW,LOW,MEDIUM,MEDIUM,LOW,NO,JM1
MEDIUM,LOW,LOW,LOW,MEDIUM,LOW,MEDIUM,LOW,NO,JM1
LOW,LOW,LOW,LOW,LOW,MEDIUM,MEDIUM,LOW,NO,JM1
LOW,LOW,LOW,LOW,LOW,LOW,LOW,LOW,NO,JM1
LOW,LOW,LOW,LOW,LOW,LOW,LOW,LOW,NO,JM1
LOW,LOW,LOW,LOW,LOW,LOW,LOW,LOW,NO,JM1
LOW,LOW,LOW,LOW,MEDIUM,LOW,LOW,LOW,NO,JM1
HIGH,HIGH,LOW,HIGH,HIGH,HIGH,HIGH,HIGH,NO,JM1
LOW,LOW,LOW,LOW,MEDIUM,LOW,LOW,LOW,NO,JM1
LOW,LOW,LOW,LOW,MEDIUM,MEDIUM,MEDIUM,LOW,NO,JM1
LOW,LOW,LOW,LOW,LOW,LOW,LOW,LOW,NO,JM1
LOW,LOW,LOW,LOW,LOW,LOW,LOW,LOW,NO,JM1
LOW,LOW,LOW,LOW,MEDIUM,LOW,MEDIUM,LOW,NO,JM1
LOW,LOW,LOW,LOW,MEDIUM,LOW,LOW,LOW,NO,JM1
LOW,LOW,LOW,LOW,LOW,LOW,LOW,LOW,NO,JM1
LOW,LOW,LOW,LOW,LOW,LOW,LOW,LOW,NO,JM1
LOW,LOW,LOW,LOW,LOW,LOW,LOW,LOW,NO,JM1
LOW,LOW,LOW,LOW,LOW,LOW,LOW,LOW,NO,JM1
LOW,LOW,LOW,LOW,MEDIUM,LOW,LOW,LOW,NO,JM1
MEDIUM,LOW,LOW,MEDIUM,MEDIUM,MEDIUM,MEDIUM,LOW,NO,JM1
HIGH,HIGH,HIGH,MEDIUM,HIGH,HIGH,HIGH,HIGH,NO,JM1
LOW,LOW,LOW,LOW,MEDIUM,MEDIUM,MEDIUM,LOW,NO,JM1
HIGH,HIGH,HIGH,HIGH,HIGH,HIGH,HIGH,HIGH,NO,JM1
MEDIUM,MEDIUM,LOW,MEDIUM,MEDIUM,MEDIUM,MEDIUM,MEDIUM,NO,JM1
MEDIUM,MEDIUM,LOW,MEDIUM,MEDIUM,MEDIUM,MEDIUM,MEDIUM,NO,JM1
LOW,LOW,LOW,LOW,LOW,MEDIUM,LOW,LOW,NO,JM1
MEDIUM,MEDIUM,LOW,MEDIUM,MEDIUM,MEDIUM,MEDIUM,MEDIUM,NO,JM1
LOW,LOW,LOW,LOW,LOW,LOW,LOW,LOW,NO,JM1
MEDIUM,LOW,LOW,MEDIUM,MEDIUM,MEDIUM,MEDIUM,LOW,NO,JM1
LOW,LOW,LOW,MEDIUM,MEDIUM,MEDIUM,MEDIUM,LOW,NO,JM1
MEDIUM,MEDIUM,LOW,MEDIUM,MEDIUM,MEDIUM,MEDIUM,MEDIUM,NO,JM1
LOW,LOW,LOW,LOW,LOW,LOW,LOW,LOW,NO,JM1
HIGH,MEDIUM,LOW,HIGH,HIGH,HIGH,HIGH,MEDIUM,NO,JM1
HIGH,HIGH,LOW,HIGH,HIGH,MEDIUM,MEDIUM,HIGH,NO,JM1
HIGH,MEDIUM,LOW,HIGH,HIGH,MEDIUM,MEDIUM,MEDIUM,NO,JM1
MEDIUM,LOW,LOW,MEDIUM,MEDIUM,MEDIUM,MEDIUM,LOW,NO,JM1
LOW,LOW,LOW,LOW,MEDIUM,LOW,LOW,LOW,NO,JM1
MEDIUM,MEDIUM,LOW,MEDIUM,LOW,LOW,LOW,MEDIUM,NO,JM1
LOW,LOW,LOW,LOW,MEDIUM,LOW,MEDIUM,LOW,NO,JM1
MEDIUM,LOW,LOW,MEDIUM,LOW,MEDIUM,MEDIUM,LOW,NO,JM1
HIGH,HIGH,HIGH,HIGH,MEDIUM,MEDIUM,MEDIUM,HIGH,NO,JM1
MEDIUM,LOW,LOW,LOW,MEDIUM,MEDIUM,MEDIUM,LOW,NO,JM1
LOW,LOW,LOW,LOW,LOW,LOW,LOW,LOW,NO,JM1
MEDIUM,LOW,LOW,MEDIUM,LOW,LOW,LOW,LOW,NO,JM1
LOW,LOW,LOW,LOW,LOW,LOW,LOW,LOW,NO,JM1
LOW,LOW,LOW,LOW,MEDIUM,LOW,LOW,LOW,NO,JM1
MEDIUM,MEDIUM,LOW,MEDIUM,HIGH,HIGH,HIGH,MEDIUM,NO,JM1
HIGH,HIGH,LOW,HIGH,HIGH,HIGH,HIGH,MEDIUM,NO,JM1
LOW,LOW,LOW,LOW,LOW,LOW,LOW,LOW,NO,JM1
LOW,LOW,LOW,LOW,LOW,LOW,LOW,LOW,NO,JM1
LOW,LOW,LOW,LOW,LOW,LOW,LOW,LOW,NO,JM1
LOW,LOW,LOW,LOW,LOW,LOW,LOW,LOW,NO,JM1
LOW,LOW,LOW,LOW,LOW,LOW,LOW,LOW,NO,JM1
LOW,LOW,LOW,LOW,LOW,LOW,LOW,LOW,NO,JM1
LOW,LOW,LOW,LOW,LOW,LOW,LOW,LOW,NO,JM1
LOW,LOW,LOW,LOW,MEDIUM,LOW,LOW,LOW,NO,JM1
HIGH,MEDIUM,LOW,MEDIUM,LOW,LOW,LOW,MEDIUM,NO,JM1
LOW,LOW,LOW,LOW,LOW,LOW,LOW,LOW,NO,JM1
MEDIUM,LOW,LOW,LOW,MEDIUM,MEDIUM,MEDIUM,LOW,NO,JM1
LOW,LOW,LOW,LOW,LOW,LOW,LOW,LOW,NO,JM1
MEDIUM,MEDIUM,LOW,MEDIUM,LOW,LOW,LOW,MEDIUM,NO,JM1
LOW,LOW,LOW,LOW,LOW,LOW,LOW,LOW,NO,JM1
MEDIUM,MEDIUM,LOW,HIGH,MEDIUM,MEDIUM,MEDIUM,MEDIUM,NO,JM1
LOW,MEDIUM,LOW,LOW,LOW,LOW,LOW,MEDIUM,NO,JM1
HIGH,MEDIUM,LOW,MEDIUM,HIGH,HIGH,HIGH,MEDIUM,NO,JM1
LOW,LOW,LOW,LOW,LOW,MEDIUM,LOW,LOW,NO,JM1
HIGH,MEDIUM,LOW,HIGH,HIGH,HIGH,HIGH,MEDIUM,NO,JM1
HIGH,MEDIUM,LOW,HIGH,HIGH,HIGH,HIGH,MEDIUM,NO,JM1
HIGH,MEDIUM,LOW,HIGH,LOW,LOW,LOW,MEDIUM,NO,JM1
MEDIUM,MEDIUM,LOW,MEDIUM,MEDIUM,MEDIUM,MEDIUM,MEDIUM,NO,JM1
HIGH,HIGH,LOW,HIGH,HIGH,MEDIUM,HIGH,HIGH,NO,JM1
LOW,LOW,LOW,LOW,LOW,LOW,LOW,LOW,NO,JM1
LOW,LOW,LOW,LOW,MEDIUM,LOW,LOW,LOW,NO,JM1
HIGH,MEDIUM,HIGH,MEDIUM,HIGH,HIGH,HIGH,MEDIUM,NO,JM1
LOW,LOW,LOW,LOW,LOW,LOW,LOW,LOW,NO,JM1
HIGH,MEDIUM,LOW,MEDIUM,HIGH,HIGH,HIGH,MEDIUM,NO,JM1
HIGH,LOW,LOW,MEDIUM,MEDIUM,MEDIUM,MEDIUM,LOW,NO,JM1
HIGH,HIGH,HIGH,HIGH,HIGH,HIGH,HIGH,HIGH,NO,JM1
MEDIUM,MEDIUM,LOW,MEDIUM,MEDIUM,MEDIUM,MEDIUM,MEDIUM,NO,JM1
HIGH,MEDIUM,LOW,HIGH,MEDIUM,MEDIUM,MEDIUM,MEDIUM,NO,JM1
MEDIUM,LOW,LOW,LOW,MEDIUM,MEDIUM,MEDIUM,LOW,NO,JM1
MEDIUM,LOW,LOW,MEDIUM,MEDIUM,MEDIUM,MEDIUM,LOW,NO,JM1
MEDIUM,LOW,LOW,LOW,MEDIUM,MEDIUM,MEDIUM,LOW,NO,JM1
MEDIUM,MEDIUM,LOW,MEDIUM,MEDIUM,MEDIUM,MEDIUM,MEDIUM,NO,JM1
HIGH,MEDIUM,LOW,HIGH,MEDIUM,MEDIUM,MEDIUM,MEDIUM,NO,JM1
MEDIUM,LOW,LOW,LOW,MEDIUM,MEDIUM,MEDIUM,LOW,NO,JM1
MEDIUM,LOW,LOW,MEDIUM,LOW,MEDIUM,MEDIUM,LOW,NO,JM1
LOW,LOW,LOW,LOW,LOW,LOW,LOW,LOW,NO,JM1
MEDIUM,MEDIUM,LOW,MEDIUM,HIGH,HIGH,HIGH,MEDIUM,NO,JM1
MEDIUM,LOW,LOW,MEDIUM,MEDIUM,MEDIUM,MEDIUM,LOW,NO,JM1
MEDIUM,MEDIUM,LOW,MEDIUM,MEDIUM,MEDIUM,MEDIUM,MEDIUM,NO,JM1
MEDIUM,MEDIUM,LOW,MEDIUM,MEDIUM,MEDIUM,MEDIUM,MEDIUM,NO,JM1
HIGH,MEDIUM,HIGH,HIGH,HIGH,HIGH,HIGH,MEDIUM,NO,JM1
MEDIUM,MEDIUM,HIGH,MEDIUM,MEDIUM,MEDIUM,MEDIUM,MEDIUM,NO,JM1
HIGH,MEDIUM,LOW,HIGH,HIGH,MEDIUM,MEDIUM,MEDIUM,NO,JM1
HIGH,MEDIUM,LOW,HIGH,HIGH,MEDIUM,HIGH,MEDIUM,NO,JM1
MEDIUM,LOW,LOW,MEDIUM,MEDIUM,MEDIUM,MEDIUM,LOW,NO,JM1
LOW,LOW,LOW,LOW,MEDIUM,LOW,LOW,LOW,NO,JM1
HIGH,MEDIUM,LOW,MEDIUM,HIGH,HIGH,HIGH,MEDIUM,NO,JM1
HIGH,MEDIUM,LOW,HIGH,HIGH,HIGH,HIGH,MEDIUM,NO,JM1
HIGH,MEDIUM,LOW,HIGH,LOW,LOW,LOW,MEDIUM,NO,JM1
MEDIUM,MEDIUM,LOW,MEDIUM,MEDIUM,MEDIUM,MEDIUM,MEDIUM,NO,JM1
HIGH,HIGH,LOW,HIGH,HIGH,MEDIUM,HIGH,HIGH,NO,JM1
MEDIUM,LOW,LOW,MEDIUM,HIGH,HIGH,HIGH,LOW,NO,JM1
HIGH,LOW,LOW,MEDIUM,HIGH,HIGH,HIGH,LOW,NO,JM1
LOW,LOW,LOW,LOW,LOW,LOW,LOW,LOW,NO,JM1
MEDIUM,LOW,LOW,LOW,MEDIUM,MEDIUM,MEDIUM,LOW,NO,JM1
MEDIUM,MEDIUM,LOW,MEDIUM,MEDIUM,MEDIUM,MEDIUM,MEDIUM,NO,JM1
LOW,LOW,LOW,LOW,MEDIUM,MEDIUM,MEDIUM,LOW,NO,JM1
MEDIUM,LOW,LOW,MEDIUM,MEDIUM,MEDIUM,MEDIUM,LOW,NO,JM1
LOW,LOW,LOW,LOW,LOW,LOW,LOW,LOW,NO,JM1
LOW,LOW,LOW,LOW,LOW,LOW,LOW,LOW,NO,JM1
LOW,LOW,LOW,LOW,LOW,LOW,LOW,LOW,NO,JM1
HIGH,HIGH,LOW,HIGH,HIGH,HIGH,HIGH,MEDIUM,NO,JM1
LOW,LOW,LOW,LOW,MEDIUM,MEDIUM,MEDIUM,LOW,NO,JM1
MEDIUM,LOW,LOW,LOW,MEDIUM,HIGH,MEDIUM,LOW,NO,JM1
MEDIUM,LOW,LOW,LOW,MEDIUM,HIGH,MEDIUM,LOW,NO,JM1
MEDIUM,LOW,LOW,LOW,MEDIUM,LOW,LOW,LOW,NO,JM1
MEDIUM,LOW,LOW,LOW,MEDIUM,MEDIUM,MEDIUM,LOW,NO,JM1
LOW,LOW,LOW,LOW,MEDIUM,LOW,LOW,LOW,NO,JM1
MEDIUM,HIGH,HIGH,HIGH,MEDIUM,MEDIUM,MEDIUM,HIGH,NO,JM1
LOW,LOW,LOW,LOW,LOW,LOW,LOW,LOW,NO,JM1
LOW,LOW,LOW,LOW,LOW,LOW,LOW,LOW,NO,JM1
MEDIUM,LOW,LOW,LOW,MEDIUM,MEDIUM,MEDIUM,LOW,NO,JM1
LOW,LOW,LOW,LOW,LOW,LOW,LOW,LOW,NO,JM1
LOW,LOW,LOW,LOW,MEDIUM,LOW,LOW,LOW,NO,JM1
LOW,LOW,LOW,LOW,LOW,LOW,LOW,LOW,NO,JM1
LOW,LOW,LOW,LOW,MEDIUM,LOW,LOW,LOW,NO,JM1
MEDIUM,LOW,LOW,LOW,MEDIUM,MEDIUM,MEDIUM,LOW,NO,JM1
MEDIUM,LOW,LOW,LOW,LOW,LOW,LOW,LOW,NO,JM1
MEDIUM,LOW,LOW,LOW,MEDIUM,MEDIUM,MEDIUM,LOW,NO,JM1
HIGH,HIGH,HIGH,HIGH,HIGH,HIGH,HIGH,HIGH,NO,JM1
HIGH,HIGH,MEDIUM,HIGH,HIGH,HIGH,HIGH,HIGH,NO,JM1
MEDIUM,MEDIUM,LOW,MEDIUM,MEDIUM,HIGH,MEDIUM,MEDIUM,NO,JM1
MEDIUM,MEDIUM,LOW,MEDIUM,MEDIUM,MEDIUM,MEDIUM,MEDIUM,NO,JM1
LOW,MEDIUM,HIGH,HIGH,MEDIUM,HIGH,MEDIUM,MEDIUM,NO,JM1
LOW,MEDIUM,HIGH,MEDIUM,LOW,MEDIUM,MEDIUM,MEDIUM,NO,JM1
LOW,LOW,LOW,LOW,LOW,LOW,LOW,LOW,NO,JM1
LOW,MEDIUM,HIGH,LOW,MEDIUM,HIGH,MEDIUM,MEDIUM,NO,JM1
LOW,LOW,MEDIUM,LOW,LOW,LOW,LOW,LOW,NO,JM1
MEDIUM,HIGH,HIGH,HIGH,MEDIUM,MEDIUM,MEDIUM,HIGH,NO,JM1
LOW,LOW,LOW,LOW,LOW,LOW,LOW,LOW,NO,JM1
LOW,LOW,LOW,LOW,LOW,LOW,LOW,LOW,NO,JM1
LOW,LOW,LOW,LOW,LOW,LOW,LOW,LOW,NO,JM1
LOW,LOW,LOW,LOW,LOW,LOW,LOW,LOW,NO,JM1
LOW,LOW,LOW,LOW,LOW,LOW,LOW,LOW,NO,JM1
LOW,LOW,LOW,LOW,LOW,LOW,LOW,LOW,NO,JM1
LOW,LOW,LOW,LOW,LOW,LOW,LOW,LOW,NO,JM1
LOW,LOW,LOW,LOW,LOW,LOW,LOW,LOW,NO,JM1
MEDIUM,MEDIUM,MEDIUM,MEDIUM,HIGH,MEDIUM,MEDIUM,MEDIUM,NO,JM1
LOW,LOW,LOW,LOW,LOW,LOW,LOW,LOW,NO,JM1
LOW,LOW,LOW,LOW,LOW,LOW,LOW,LOW,NO,JM1
LOW,LOW,LOW,LOW,LOW,LOW,LOW,LOW,NO,JM1
MEDIUM,MEDIUM,HIGH,MEDIUM,MEDIUM,MEDIUM,MEDIUM,MEDIUM,NO,JM1
HIGH,MEDIUM,LOW,MEDIUM,HIGH,MEDIUM,MEDIUM,LOW,NO,JM1
LOW,LOW,LOW,LOW,LOW,LOW,LOW,LOW,NO,JM1
LOW,LOW,LOW,LOW,LOW,LOW,LOW,LOW,NO,JM1
HIGH,HIGH,LOW,HIGH,HIGH,HIGH,HIGH,MEDIUM,NO,JM1
LOW,LOW,LOW,LOW,LOW,LOW,LOW,LOW,NO,JM1
MEDIUM,MEDIUM,HIGH,MEDIUM,MEDIUM,MEDIUM,MEDIUM,MEDIUM,NO,JM1
MEDIUM,MEDIUM,HIGH,MEDIUM,MEDIUM,MEDIUM,MEDIUM,MEDIUM,NO,JM1
MEDIUM,MEDIUM,HIGH,MEDIUM,MEDIUM,MEDIUM,MEDIUM,MEDIUM,NO,JM1
LOW,LOW,LOW,LOW,LOW,LOW,LOW,LOW,NO,JM1
LOW,LOW,LOW,LOW,LOW,LOW,LOW,LOW,NO,JM1
LOW,LOW,LOW,LOW,LOW,LOW,LOW,LOW,NO,JM1
LOW,LOW,LOW,LOW,LOW,LOW,LOW,LOW,NO,JM1
LOW,LOW,LOW,LOW,LOW,LOW,LOW,LOW,NO,JM1
MEDIUM,MEDIUM,MEDIUM,LOW,MEDIUM,MEDIUM,MEDIUM,MEDIUM,NO,JM1
LOW,MEDIUM,MEDIUM,MEDIUM,MEDIUM,MEDIUM,MEDIUM,MEDIUM,NO,JM1
LOW,LOW,LOW,LOW,LOW,LOW,LOW,LOW,NO,JM1
LOW,LOW,LOW,LOW,MEDIUM,LOW,MEDIUM,LOW,NO,JM1
LOW,LOW,LOW,LOW,LOW,LOW,LOW,LOW,NO,JM1
LOW,LOW,LOW,LOW,LOW,LOW,LOW,LOW,NO,JM1
LOW,LOW,LOW,LOW,LOW,LOW,LOW,LOW,NO,JM1
LOW,LOW,LOW,LOW,LOW,LOW,LOW,LOW,NO,JM1
LOW,LOW,LOW,LOW,LOW,LOW,LOW,LOW,NO,JM1
HIGH,HIGH,HIGH,MEDIUM,HIGH,HIGH,HIGH,HIGH,NO,JM1
HIGH,HIGH,HIGH,MEDIUM,HIGH,HIGH,HIGH,HIGH,NO,JM1
HIGH,HIGH,HIGH,HIGH,HIGH,HIGH,HIGH,HIGH,NO,JM1
MEDIUM,MEDIUM,LOW,MEDIUM,MEDIUM,MEDIUM,MEDIUM,MEDIUM,NO,JM1
HIGH,HIGH,HIGH,LOW,HIGH,HIGH,HIGH,HIGH,NO,JM1
HIGH,MEDIUM,LOW,MEDIUM,HIGH,HIGH,HIGH,MEDIUM,NO,JM1
HIGH,HIGH,HIGH,HIGH,HIGH,HIGH,HIGH,HIGH,NO,JM1
HIGH,HIGH,HIGH,LOW,HIGH,HIGH,HIGH,HIGH,NO,JM1
HIGH,HIGH,HIGH,LOW,HIGH,HIGH,HIGH,HIGH,NO,JM1
HIGH,HIGH,HIGH,HIGH,HIGH,HIGH,HIGH,HIGH,NO,JM1
LOW,LOW,LOW,LOW,LOW,LOW,LOW,LOW,NO,JM1
HIGH,HIGH,HIGH,HIGH,LOW,LOW,LOW,HIGH,NO,JM1
LOW,LOW,LOW,LOW,MEDIUM,LOW,LOW,LOW,NO,JM1
MEDIUM,HIGH,HIGH,HIGH,LOW,LOW,LOW,HIGH,NO,JM1
HIGH,HIGH,HIGH,HIGH,LOW,LOW,LOW,HIGH,NO,JM1
MEDIUM,HIGH,HIGH,HIGH,MEDIUM,HIGH,HIGH,HIGH,NO,JM1
HIGH,HIGH,MEDIUM,HIGH,HIGH,HIGH,HIGH,HIGH,NO,JM1
LOW,MEDIUM,LOW,LOW,MEDIUM,MEDIUM,MEDIUM,MEDIUM,NO,JM1
MEDIUM,MEDIUM,LOW,MEDIUM,MEDIUM,HIGH,MEDIUM,MEDIUM,NO,JM1
LOW,LOW,LOW,LOW,LOW,MEDIUM,MEDIUM,LOW,NO,JM1
HIGH,HIGH,HIGH,HIGH,HIGH,HIGH,HIGH,HIGH,NO,JM1
MEDIUM,HIGH,HIGH,HIGH,HIGH,HIGH,HIGH,HIGH,NO,JM1
LOW,LOW,LOW,MEDIUM,MEDIUM,MEDIUM,MEDIUM,LOW,NO,JM1
LOW,LOW,LOW,LOW,LOW,LOW,LOW,LOW,NO,JM1
MEDIUM,LOW,LOW,LOW,MEDIUM,MEDIUM,MEDIUM,LOW,NO,JM1
HIGH,LOW,LOW,LOW,HIGH,MEDIUM,HIGH,LOW,NO,JM1
HIGH,HIGH,HIGH,HIGH,HIGH,HIGH,HIGH,HIGH,NO,JM1
HIGH,MEDIUM,MEDIUM,MEDIUM,HIGH,MEDIUM,HIGH,MEDIUM,NO,JM1
HIGH,HIGH,HIGH,MEDIUM,HIGH,HIGH,HIGH,HIGH,NO,JM1
HIGH,LOW,LOW,LOW,HIGH,MEDIUM,HIGH,LOW,NO,JM1
MEDIUM,MEDIUM,LOW,LOW,LOW,LOW,LOW,MEDIUM,NO,JM1
MEDIUM,HIGH,HIGH,MEDIUM,HIGH,HIGH,HIGH,HIGH,NO,JM1
LOW,MEDIUM,HIGH,LOW,LOW,MEDIUM,MEDIUM,MEDIUM,NO,JM1
LOW,MEDIUM,HIGH,MEDIUM,HIGH,HIGH,HIGH,MEDIUM,NO,JM1
MEDIUM,HIGH,HIGH,MEDIUM,HIGH,HIGH,HIGH,HIGH,NO,JM1
LOW,LOW,LOW,LOW,LOW,LOW,LOW,LOW,NO,JM1
LOW,LOW,LOW,LOW,LOW,LOW,LOW,LOW,NO,JM1
MEDIUM,MEDIUM,HIGH,LOW,MEDIUM,MEDIUM,MEDIUM,MEDIUM,NO,JM1
LOW,LOW,LOW,LOW,LOW,LOW,LOW,LOW,NO,JM1
LOW,LOW,LOW,MEDIUM,MEDIUM,MEDIUM,MEDIUM,LOW,NO,JM1
MEDIUM,MEDIUM,LOW,LOW,LOW,LOW,LOW,MEDIUM,NO,JM1
MEDIUM,MEDIUM,LOW,LOW,LOW,LOW,LOW,MEDIUM,NO,JM1
HIGH,HIGH,LOW,LOW,HIGH,MEDIUM,MEDIUM,HIGH,NO,JM1
MEDIUM,LOW,LOW,LOW,MEDIUM,MEDIUM,MEDIUM,LOW,NO,JM1
HIGH,HIGH,LOW,LOW,MEDIUM,MEDIUM,MEDIUM,HIGH,NO,JM1
LOW,HIGH,MEDIUM,LOW,LOW,LOW,LOW,HIGH,NO,JM1
LOW,LOW,LOW,LOW,LOW,LOW,LOW,LOW,NO,JM1
LOW,LOW,LOW,LOW,LOW,LOW,LOW,LOW,NO,JM1
LOW,LOW,LOW,LOW,LOW,LOW,LOW,LOW,NO,JM1
LOW,LOW,LOW,LOW,LOW,LOW,LOW,LOW,NO,JM1
LOW,LOW,LOW,LOW,LOW,LOW,LOW,LOW,NO,JM1
LOW,LOW,LOW,LOW,LOW,LOW,LOW,LOW,NO,JM1
MEDIUM,MEDIUM,LOW,LOW,HIGH,HIGH,HIGH,MEDIUM,NO,JM1
HIGH,HIGH,LOW,HIGH,HIGH,HIGH,HIGH,HIGH,NO,JM1
MEDIUM,MEDIUM,HIGH,LOW,MEDIUM,HIGH,MEDIUM,MEDIUM,NO,JM1
LOW,LOW,LOW,LOW,LOW,LOW,LOW,LOW,NO,JM1
LOW,LOW,LOW,LOW,LOW,LOW,LOW,LOW,NO,JM1
LOW,LOW,LOW,LOW,LOW,LOW,LOW,LOW,NO,JM1
LOW,LOW,LOW,LOW,MEDIUM,LOW,MEDIUM,LOW,NO,JM1
HIGH,HIGH,LOW,LOW,MEDIUM,MEDIUM,MEDIUM,HIGH,NO,JM1
MEDIUM,LOW,LOW,LOW,MEDIUM,LOW,MEDIUM,LOW,NO,JM1
MEDIUM,LOW,LOW,LOW,MEDIUM,MEDIUM,MEDIUM,LOW,NO,JM1
MEDIUM,LOW,LOW,MEDIUM,MEDIUM,MEDIUM,MEDIUM,LOW,NO,JM1
HIGH,LOW,LOW,LOW,HIGH,LOW,HIGH,LOW,NO,JM1
LOW,LOW,LOW,LOW,MEDIUM,MEDIUM,MEDIUM,LOW,NO,JM1
LOW,LOW,LOW,LOW,LOW,LOW,LOW,LOW,NO,JM1
HIGH,HIGH,HIGH,HIGH,HIGH,HIGH,HIGH,HIGH,NO,JM1
LOW,LOW,LOW,LOW,MEDIUM,MEDIUM,MEDIUM,LOW,NO,JM1
HIGH,HIGH,LOW,HIGH,HIGH,HIGH,HIGH,HIGH,NO,JM1
HIGH,LOW,LOW,LOW,HIGH,HIGH,HIGH,LOW,NO,JM1
HIGH,HIGH,LOW,HIGH,LOW,LOW,LOW,HIGH,NO,JM1
MEDIUM,LOW,LOW,MEDIUM,LOW,LOW,LOW,LOW,NO,JM1
LOW,LOW,LOW,LOW,LOW,LOW,LOW,LOW,NO,JM1
LOW,LOW,LOW,LOW,LOW,LOW,LOW,LOW,NO,JM1
MEDIUM,MEDIUM,LOW,LOW,MEDIUM,MEDIUM,MEDIUM,MEDIUM,NO,JM1
LOW,LOW,LOW,LOW,LOW,LOW,LOW,LOW,NO,JM1
LOW,LOW,LOW,LOW,LOW,MEDIUM,MEDIUM,LOW,NO,JM1
LOW,LOW,LOW,LOW,LOW,MEDIUM,LOW,LOW,NO,JM1
MEDIUM,LOW,LOW,LOW,MEDIUM,MEDIUM,MEDIUM,LOW,NO,JM1
LOW,LOW,LOW,LOW,LOW,LOW,LOW,LOW,NO,JM1
LOW,LOW,LOW,LOW,LOW,LOW,LOW,LOW,NO,JM1
MEDIUM,LOW,LOW,LOW,MEDIUM,LOW,MEDIUM,LOW,NO,JM1
LOW,LOW,MEDIUM,LOW,LOW,LOW,LOW,LOW,NO,JM1
LOW,LOW,LOW,LOW,MEDIUM,MEDIUM,MEDIUM,LOW,NO,JM1
LOW,LOW,LOW,LOW,LOW,MEDIUM,MEDIUM,LOW,NO,JM1
LOW,LOW,LOW,LOW,LOW,LOW,LOW,LOW,NO,JM1
LOW,LOW,LOW,MEDIUM,LOW,LOW,LOW,LOW,NO,JM1
LOW,LOW,LOW,LOW,LOW,LOW,LOW,LOW,NO,JM1
LOW,LOW,LOW,LOW,LOW,LOW,LOW,LOW,NO,JM1
LOW,LOW,LOW,LOW,MEDIUM,MEDIUM,MEDIUM,LOW,NO,JM1
LOW,LOW,LOW,LOW,MEDIUM,MEDIUM,MEDIUM,LOW,NO,JM1
LOW,MEDIUM,MEDIUM,LOW,LOW,LOW,LOW,MEDIUM,NO,JM1
LOW,LOW,LOW,LOW,LOW,LOW,LOW,LOW,NO,JM1
HIGH,HIGH,HIGH,HIGH,HIGH,HIGH,HIGH,HIGH,NO,JM1
MEDIUM,LOW,LOW,LOW,MEDIUM,LOW,MEDIUM,LOW,NO,JM1
MEDIUM,LOW,LOW,LOW,HIGH,MEDIUM,MEDIUM,LOW,NO,JM1
MEDIUM,LOW,LOW,LOW,HIGH,HIGH,HIGH,LOW,NO,JM1
HIGH,MEDIUM,LOW,MEDIUM,HIGH,HIGH,HIGH,MEDIUM,NO,JM1
HIGH,LOW,LOW,LOW,HIGH,HIGH,HIGH,LOW,NO,JM1
HIGH,LOW,LOW,LOW,HIGH,LOW,MEDIUM,LOW,NO,JM1
LOW,LOW,LOW,LOW,LOW,MEDIUM,LOW,LOW,NO,JM1
MEDIUM,LOW,LOW,MEDIUM,LOW,LOW,LOW,LOW,NO,JM1
LOW,LOW,LOW,LOW,LOW,LOW,LOW,LOW,NO,JM1
MEDIUM,LOW,LOW,LOW,MEDIUM,MEDIUM,MEDIUM,LOW,NO,JM1
LOW,LOW,LOW,LOW,LOW,LOW,LOW,LOW,NO,JM1
HIGH,MEDIUM,LOW,LOW,HIGH,MEDIUM,MEDIUM,MEDIUM,NO,JM1
LOW,LOW,LOW,LOW,LOW,MEDIUM,MEDIUM,LOW,NO,JM1
MEDIUM,LOW,LOW,LOW,MEDIUM,MEDIUM,MEDIUM,LOW,NO,JM1
LOW,LOW,LOW,LOW,MEDIUM,LOW,MEDIUM,LOW,NO,JM1
LOW,LOW,LOW,LOW,LOW,LOW,LOW,LOW,NO,JM1
LOW,LOW,LOW,LOW,LOW,LOW,LOW,LOW,NO,JM1
MEDIUM,LOW,LOW,LOW,MEDIUM,MEDIUM,MEDIUM,LOW,NO,JM1
LOW,LOW,LOW,LOW,MEDIUM,HIGH,MEDIUM,LOW,NO,JM1
HIGH,HIGH,HIGH,HIGH,HIGH,HIGH,HIGH,HIGH,NO,JM1
LOW,LOW,LOW,LOW,LOW,LOW,LOW,LOW,NO,JM1
LOW,LOW,LOW,LOW,LOW,LOW,LOW,LOW,NO,JM1
MEDIUM,MEDIUM,HIGH,LOW,MEDIUM,MEDIUM,MEDIUM,MEDIUM,NO,JM1
HIGH,LOW,LOW,LOW,HIGH,HIGH,HIGH,LOW,NO,JM1
HIGH,MEDIUM,LOW,HIGH,HIGH,HIGH,HIGH,MEDIUM,NO,JM1
HIGH,MEDIUM,LOW,HIGH,HIGH,HIGH,HIGH,MEDIUM,NO,JM1
HIGH,MEDIUM,LOW,HIGH,HIGH,HIGH,HIGH,MEDIUM,NO,JM1
LOW,LOW,LOW,LOW,LOW,LOW,LOW,LOW,NO,JM1
LOW,LOW,LOW,LOW,LOW,LOW,LOW,LOW,NO,JM1
MEDIUM,LOW,LOW,LOW,MEDIUM,LOW,MEDIUM,LOW,NO,JM1
MEDIUM,LOW,LOW,LOW,LOW,LOW,LOW,LOW,NO,JM1
HIGH,HIGH,LOW,LOW,HIGH,HIGH,HIGH,HIGH,NO,JM1
HIGH,MEDIUM,LOW,MEDIUM,HIGH,LOW,HIGH,MEDIUM,NO,JM1
HIGH,MEDIUM,LOW,MEDIUM,HIGH,HIGH,HIGH,MEDIUM,NO,JM1
LOW,LOW,LOW,LOW,LOW,LOW,LOW,LOW,NO,JM1
LOW,LOW,LOW,LOW,LOW,LOW,LOW,LOW,NO,JM1
LOW,LOW,LOW,LOW,LOW,LOW,LOW,LOW,NO,JM1
LOW,LOW,LOW,LOW,LOW,LOW,LOW,LOW,NO,JM1
LOW,LOW,LOW,LOW,LOW,LOW,LOW,LOW,NO,JM1
MEDIUM,HIGH,LOW,MEDIUM,HIGH,HIGH,HIGH,MEDIUM,NO,JM1
LOW,LOW,LOW,LOW,MEDIUM,HIGH,MEDIUM,LOW,NO,JM1
LOW,LOW,LOW,LOW,LOW,LOW,LOW,LOW,NO,JM1
HIGH,HIGH,MEDIUM,HIGH,HIGH,MEDIUM,MEDIUM,HIGH,NO,JM1
LOW,LOW,LOW,LOW,LOW,LOW,LOW,LOW,NO,JM1
LOW,LOW,LOW,LOW,LOW,LOW,LOW,LOW,NO,JM1
LOW,LOW,LOW,LOW,LOW,LOW,LOW,LOW,NO,JM1
LOW,LOW,LOW,LOW,LOW,LOW,LOW,LOW,NO,JM1
LOW,LOW,LOW,LOW,LOW,LOW,LOW,LOW,NO,JM1
LOW,LOW,LOW,LOW,LOW,LOW,LOW,LOW,NO,JM1
MEDIUM,LOW,LOW,LOW,HIGH,HIGH,HIGH,LOW,NO,JM1
MEDIUM,LOW,LOW,LOW,MEDIUM,LOW,MEDIUM,LOW,NO,JM1
LOW,LOW,LOW,LOW,LOW,LOW,LOW,LOW,NO,JM1
LOW,LOW,LOW,LOW,LOW,LOW,LOW,LOW,NO,JM1
LOW,LOW,LOW,LOW,LOW,LOW,LOW,LOW,NO,JM1
LOW,LOW,LOW,LOW,LOW,LOW,LOW,LOW,NO,JM1
LOW,LOW,LOW,LOW,LOW,LOW,LOW,LOW,NO,JM1
LOW,LOW,LOW,LOW,LOW,LOW,LOW,LOW,NO,JM1
LOW,LOW,LOW,LOW,LOW,LOW,LOW,LOW,NO,JM1
LOW,LOW,LOW,LOW,LOW,LOW,LOW,LOW,NO,JM1
LOW,LOW,LOW,LOW,MEDIUM,LOW,LOW,LOW,NO,JM1
HIGH,HIGH,HIGH,HIGH,HIGH,HIGH,HIGH,HIGH,NO,JM1
LOW,LOW,LOW,LOW,LOW,LOW,LOW,LOW,NO,JM1
LOW,LOW,LOW,LOW,MEDIUM,MEDIUM,MEDIUM,LOW,NO,JM1
LOW,LOW,LOW,LOW,MEDIUM,MEDIUM,MEDIUM,LOW,NO,JM1
LOW,LOW,LOW,LOW,MEDIUM,LOW,LOW,LOW,NO,JM1
LOW,LOW,LOW,LOW,LOW,MEDIUM,LOW,LOW,NO,JM1
LOW,LOW,LOW,MEDIUM,LOW,MEDIUM,MEDIUM,LOW,NO,JM1
LOW,MEDIUM,LOW,HIGH,MEDIUM,HIGH,MEDIUM,MEDIUM,NO,JM1
MEDIUM,LOW,LOW,LOW,MEDIUM,MEDIUM,MEDIUM,LOW,NO,JM1
LOW,LOW,LOW,LOW,LOW,LOW,LOW,LOW,NO,JM1
MEDIUM,MEDIUM,LOW,LOW,MEDIUM,HIGH,MEDIUM,MEDIUM,NO,JM1
MEDIUM,LOW,LOW,LOW,HIGH,MEDIUM,HIGH,LOW,NO,JM1
HIGH,MEDIUM,LOW,MEDIUM,HIGH,HIGH,HIGH,MEDIUM,NO,JM1
LOW,LOW,LOW,LOW,MEDIUM,LOW,LOW,LOW,NO,JM1
LOW,LOW,LOW,LOW,LOW,LOW,LOW,LOW,NO,JM1
LOW,LOW,LOW,LOW,LOW,LOW,LOW,LOW,NO,JM1
LOW,LOW,LOW,LOW,LOW,LOW,LOW,LOW,NO,JM1
HIGH,LOW,LOW,LOW,HIGH,HIGH,HIGH,LOW,NO,JM1
MEDIUM,LOW,LOW,LOW,MEDIUM,LOW,MEDIUM,LOW,NO,JM1
LOW,LOW,LOW,LOW,LOW,LOW,LOW,LOW,NO,JM1
HIGH,LOW,LOW,MEDIUM,HIGH,HIGH,HIGH,LOW,NO,JM1
MEDIUM,MEDIUM,LOW,LOW,MEDIUM,HIGH,MEDIUM,MEDIUM,NO,JM1
LOW,LOW,LOW,LOW,LOW,MEDIUM,LOW,LOW,NO,JM1
LOW,LOW,LOW,LOW,LOW,LOW,LOW,LOW,NO,JM1
LOW,LOW,LOW,LOW,LOW,MEDIUM,MEDIUM,LOW,NO,JM1
LOW,LOW,LOW,LOW,MEDIUM,HIGH,MEDIUM,LOW,NO,JM1
MEDIUM,LOW,LOW,LOW,HIGH,HIGH,HIGH,LOW,NO,JM1
HIGH,HIGH,LOW,HIGH,HIGH,HIGH,HIGH,HIGH,NO,JM1
MEDIUM,LOW,LOW,LOW,MEDIUM,LOW,MEDIUM,LOW,NO,JM1
LOW,LOW,LOW,LOW,LOW,LOW,LOW,LOW,NO,JM1
LOW,LOW,LOW,LOW,LOW,LOW,LOW,LOW,NO,JM1
MEDIUM,LOW,LOW,LOW,LOW,LOW,LOW,LOW,NO,JM1
MEDIUM,LOW,LOW,LOW,HIGH,MEDIUM,HIGH,LOW,NO,JM1
MEDIUM,LOW,LOW,LOW,HIGH,MEDIUM,HIGH,LOW,NO,JM1
MEDIUM,LOW,LOW,LOW,MEDIUM,HIGH,MEDIUM,LOW,NO,JM1
LOW,LOW,LOW,LOW,MEDIUM,HIGH,MEDIUM,LOW,NO,JM1
HIGH,MEDIUM,LOW,LOW,LOW,LOW,LOW,MEDIUM,NO,JM1
MEDIUM,LOW,LOW,LOW,MEDIUM,MEDIUM,MEDIUM,LOW,NO,JM1
MEDIUM,MEDIUM,LOW,LOW,MEDIUM,MEDIUM,MEDIUM,MEDIUM,NO,JM1
MEDIUM,LOW,LOW,LOW,MEDIUM,MEDIUM,MEDIUM,LOW,NO,JM1
MEDIUM,LOW,LOW,MEDIUM,MEDIUM,LOW,MEDIUM,LOW,NO,JM1
HIGH,MEDIUM,LOW,MEDIUM,HIGH,MEDIUM,HIGH,MEDIUM,NO,JM1
LOW,LOW,LOW,LOW,LOW,LOW,LOW,LOW,NO,JM1
LOW,LOW,LOW,LOW,LOW,LOW,LOW,LOW,NO,JM1
HIGH,HIGH,HIGH,HIGH,HIGH,HIGH,HIGH,HIGH,NO,JM1
LOW,LOW,LOW,LOW,LOW,LOW,LOW,LOW,NO,JM1
HIGH,LOW,LOW,MEDIUM,HIGH,HIGH,HIGH,LOW,NO,JM1
LOW,LOW,LOW,LOW,LOW,LOW,LOW,LOW,NO,JM1
HIGH,HIGH,LOW,MEDIUM,HIGH,HIGH,HIGH,HIGH,NO,JM1
HIGH,HIGH,HIGH,HIGH,HIGH,MEDIUM,HIGH,HIGH,NO,JM1
LOW,LOW,LOW,LOW,LOW,MEDIUM,LOW,LOW,NO,JM1
LOW,LOW,LOW,LOW,LOW,LOW,LOW,LOW,NO,JM1
HIGH,HIGH,HIGH,HIGH,LOW,LOW,LOW,HIGH,NO,JM1
HIGH,HIGH,HIGH,HIGH,HIGH,HIGH,HIGH,HIGH,NO,JM1
HIGH,HIGH,HIGH,HIGH,HIGH,HIGH,HIGH,HIGH,NO,JM1
MEDIUM,LOW,LOW,LOW,LOW,MEDIUM,LOW,LOW,NO,JM1
MEDIUM,MEDIUM,LOW,MEDIUM,LOW,LOW,LOW,MEDIUM,NO,JM1
MEDIUM,LOW,LOW,LOW,LOW,LOW,LOW,LOW,NO,JM1
LOW,LOW,LOW,LOW,LOW,LOW,LOW,LOW,NO,JM1
LOW,LOW,LOW,LOW,LOW,LOW,LOW,LOW,NO,JM1
MEDIUM,MEDIUM,LOW,MEDIUM,LOW,LOW,LOW,MEDIUM,NO,JM1
HIGH,HIGH,LOW,MEDIUM,MEDIUM,HIGH,HIGH,HIGH,NO,JM1
HIGH,HIGH,HIGH,HIGH,HIGH,HIGH,HIGH,HIGH,NO,JM1
MEDIUM,MEDIUM,LOW,MEDIUM,MEDIUM,MEDIUM,MEDIUM,MEDIUM,NO,JM1
MEDIUM,LOW,LOW,LOW,MEDIUM,HIGH,MEDIUM,LOW,NO,JM1
HIGH,HIGH,HIGH,HIGH,LOW,LOW,LOW,HIGH,NO,JM1
HIGH,MEDIUM,MEDIUM,MEDIUM,LOW,LOW,LOW,MEDIUM,NO,JM1
MEDIUM,MEDIUM,HIGH,LOW,MEDIUM,HIGH,HIGH,MEDIUM,NO,JM1
HIGH,HIGH,HIGH,LOW,HIGH,HIGH,HIGH,HIGH,NO,JM1
HIGH,LOW,LOW,MEDIUM,HIGH,MEDIUM,MEDIUM,LOW,NO,JM1
LOW,MEDIUM,LOW,LOW,LOW,MEDIUM,MEDIUM,MEDIUM,NO,JM1
HIGH,HIGH,LOW,HIGH,HIGH,HIGH,HIGH,HIGH,NO,JM1
MEDIUM,MEDIUM,LOW,LOW,MEDIUM,HIGH,MEDIUM,MEDIUM,NO,JM1
LOW,LOW,LOW,LOW,LOW,LOW,LOW,LOW,NO,JM1
MEDIUM,LOW,LOW,MEDIUM,MEDIUM,MEDIUM,MEDIUM,LOW,NO,JM1
LOW,LOW,LOW,LOW,LOW,MEDIUM,LOW,LOW,NO,JM1
HIGH,HIGH,HIGH,HIGH,LOW,LOW,LOW,HIGH,NO,JM1
MEDIUM,MEDIUM,LOW,LOW,MEDIUM,MEDIUM,MEDIUM,MEDIUM,NO,JM1
HIGH,HIGH,HIGH,HIGH,LOW,LOW,LOW,HIGH,NO,JM1
HIGH,HIGH,HIGH,HIGH,LOW,LOW,LOW,HIGH,NO,JM1
MEDIUM,HIGH,HIGH,LOW,MEDIUM,HIGH,HIGH,HIGH,NO,JM1
LOW,LOW,LOW,LOW,LOW,LOW,LOW,LOW,NO,JM1
HIGH,MEDIUM,HIGH,LOW,HIGH,HIGH,HIGH,MEDIUM,NO,JM1
LOW,LOW,LOW,LOW,LOW,MEDIUM,MEDIUM,LOW,NO,JM1
HIGH,HIGH,HIGH,HIGH,HIGH,HIGH,HIGH,HIGH,NO,JM1
HIGH,HIGH,HIGH,MEDIUM,HIGH,HIGH,HIGH,HIGH,NO,JM1
LOW,LOW,LOW,LOW,MEDIUM,LOW,LOW,LOW,NO,JM1
MEDIUM,MEDIUM,LOW,HIGH,HIGH,HIGH,HIGH,MEDIUM,NO,JM1
HIGH,HIGH,HIGH,HIGH,LOW,LOW,LOW,HIGH,NO,JM1
LOW,LOW,LOW,LOW,LOW,LOW,LOW,LOW,NO,JM1
LOW,LOW,MEDIUM,MEDIUM,LOW,MEDIUM,LOW,LOW,NO,JM1
LOW,LOW,MEDIUM,LOW,LOW,MEDIUM,LOW,LOW,NO,JM1
HIGH,MEDIUM,HIGH,HIGH,HIGH,HIGH,HIGH,MEDIUM,NO,JM1
HIGH,MEDIUM,HIGH,HIGH,HIGH,HIGH,HIGH,MEDIUM,NO,JM1
HIGH,HIGH,HIGH,MEDIUM,LOW,LOW,LOW,HIGH,NO,JM1
HIGH,HIGH,HIGH,MEDIUM,LOW,LOW,LOW,HIGH,NO,JM1
LOW,LOW,LOW,LOW,LOW,LOW,LOW,LOW,NO,JM1
LOW,LOW,LOW,LOW,LOW,LOW,LOW,LOW,NO,JM1
HIGH,HIGH,HIGH,LOW,MEDIUM,HIGH,HIGH,HIGH,NO,JM1
HIGH,HIGH,HIGH,HIGH,HIGH,HIGH,HIGH,HIGH,NO,JM1
LOW,HIGH,HIGH,LOW,MEDIUM,HIGH,MEDIUM,HIGH,NO,JM1
HIGH,HIGH,HIGH,HIGH,LOW,LOW,LOW,HIGH,NO,JM1
HIGH,MEDIUM,MEDIUM,MEDIUM,LOW,LOW,LOW,MEDIUM,NO,JM1
HIGH,MEDIUM,MEDIUM,MEDIUM,LOW,LOW,LOW,MEDIUM,NO,JM1
LOW,LOW,LOW,LOW,LOW,LOW,LOW,LOW,NO,JM1
HIGH,HIGH,HIGH,HIGH,HIGH,HIGH,HIGH,HIGH,NO,JM1
MEDIUM,HIGH,HIGH,HIGH,HIGH,HIGH,HIGH,HIGH,NO,JM1
LOW,LOW,LOW,LOW,LOW,LOW,LOW,LOW,NO,JM1
LOW,MEDIUM,HIGH,MEDIUM,LOW,LOW,LOW,MEDIUM,NO,JM1
MEDIUM,MEDIUM,LOW,LOW,LOW,MEDIUM,MEDIUM,MEDIUM,NO,JM1
MEDIUM,LOW,LOW,LOW,LOW,MEDIUM,LOW,LOW,NO,JM1
LOW,LOW,LOW,LOW,LOW,LOW,LOW,LOW,NO,JM1
LOW,LOW,LOW,LOW,LOW,LOW,LOW,LOW,NO,JM1
LOW,LOW,LOW,LOW,LOW,LOW,LOW,LOW,NO,JM1
LOW,LOW,LOW,LOW,LOW,LOW,LOW,LOW,NO,JM1
LOW,LOW,LOW,LOW,LOW,LOW,LOW,LOW,NO,JM1
LOW,LOW,LOW,LOW,LOW,LOW,LOW,LOW,NO,JM1
LOW,LOW,LOW,LOW,LOW,LOW,LOW,LOW,NO,JM1
LOW,LOW,LOW,LOW,LOW,LOW,LOW,LOW,NO,JM1
MEDIUM,MEDIUM,HIGH,LOW,MEDIUM,HIGH,MEDIUM,MEDIUM,NO,JM1
LOW,LOW,MEDIUM,LOW,LOW,LOW,LOW,LOW,NO,JM1
LOW,LOW,MEDIUM,LOW,LOW,MEDIUM,MEDIUM,LOW,NO,JM1
LOW,LOW,LOW,LOW,LOW,LOW,LOW,LOW,NO,JM1
MEDIUM,MEDIUM,LOW,MEDIUM,MEDIUM,MEDIUM,MEDIUM,MEDIUM,NO,JM1
LOW,LOW,LOW,LOW,LOW,LOW,LOW,LOW,NO,JM1
LOW,LOW,LOW,LOW,LOW,LOW,LOW,LOW,NO,JM1
LOW,LOW,MEDIUM,LOW,LOW,LOW,LOW,LOW,NO,JM1
LOW,LOW,LOW,LOW,LOW,LOW,LOW,LOW,NO,JM1
LOW,MEDIUM,HIGH,MEDIUM,LOW,LOW,LOW,MEDIUM,NO,JM1
MEDIUM,LOW,LOW,LOW,MEDIUM,MEDIUM,MEDIUM,LOW,NO,JM1
LOW,LOW,LOW,LOW,LOW,LOW,LOW,LOW,NO,JM1
LOW,HIGH,HIGH,LOW,MEDIUM,HIGH,MEDIUM,HIGH,NO,JM1
LOW,MEDIUM,HIGH,LOW,LOW,LOW,LOW,MEDIUM,NO,JM1
LOW,LOW,LOW,LOW,LOW,LOW,LOW,LOW,NO,JM1
LOW,HIGH,HIGH,HIGH,HIGH,HIGH,HIGH,HIGH,NO,JM1
LOW,MEDIUM,HIGH,MEDIUM,LOW,MEDIUM,LOW,MEDIUM,NO,JM1
LOW,LOW,LOW,LOW,LOW,LOW,LOW,LOW,NO,JM1
MEDIUM,LOW,LOW,LOW,MEDIUM,MEDIUM,MEDIUM,LOW,NO,JM1
LOW,LOW,LOW,LOW,LOW,LOW,LOW,LOW,NO,JM1
LOW,LOW,LOW,LOW,LOW,LOW,LOW,LOW,NO,JM1
MEDIUM,MEDIUM,HIGH,MEDIUM,MEDIUM,HIGH,MEDIUM,MEDIUM,NO,JM1
MEDIUM,HIGH,HIGH,LOW,MEDIUM,HIGH,MEDIUM,HIGH,NO,JM1
MEDIUM,LOW,LOW,LOW,MEDIUM,MEDIUM,MEDIUM,LOW,NO,JM1
MEDIUM,LOW,LOW,LOW,MEDIUM,MEDIUM,MEDIUM,LOW,NO,JM1
LOW,LOW,LOW,LOW,LOW,LOW,LOW,LOW,NO,JM1
MEDIUM,LOW,LOW,LOW,LOW,LOW,LOW,LOW,NO,JM1
LOW,MEDIUM,HIGH,LOW,LOW,LOW,LOW,MEDIUM,NO,JM1
LOW,LOW,MEDIUM,LOW,MEDIUM,MEDIUM,MEDIUM,LOW,NO,JM1
LOW,LOW,LOW,LOW,LOW,LOW,LOW,LOW,NO,JM1
LOW,LOW,MEDIUM,LOW,LOW,LOW,LOW,LOW,NO,JM1
LOW,LOW,LOW,LOW,LOW,LOW,LOW,LOW,NO,JM1
MEDIUM,HIGH,HIGH,LOW,MEDIUM,HIGH,HIGH,HIGH,NO,JM1
LOW,LOW,LOW,LOW,LOW,LOW,LOW,LOW,NO,JM1
MEDIUM,LOW,LOW,LOW,MEDIUM,MEDIUM,MEDIUM,LOW,NO,JM1
LOW,LOW,LOW,LOW,LOW,LOW,LOW,LOW,NO,JM1
LOW,MEDIUM,HIGH,MEDIUM,LOW,MEDIUM,LOW,MEDIUM,NO,JM1
LOW,LOW,LOW,LOW,LOW,LOW,LOW,LOW,NO,JM1
HIGH,HIGH,HIGH,HIGH,HIGH,HIGH,HIGH,HIGH,NO,JM1
LOW,LOW,LOW,LOW,LOW,LOW,LOW,LOW,NO,JM1
LOW,HIGH,HIGH,HIGH,MEDIUM,MEDIUM,MEDIUM,HIGH,NO,JM1
LOW,LOW,MEDIUM,LOW,LOW,MEDIUM,LOW,LOW,NO,JM1
LOW,LOW,MEDIUM,LOW,LOW,MEDIUM,LOW,LOW,NO,JM1
LOW,MEDIUM,MEDIUM,LOW,LOW,MEDIUM,LOW,MEDIUM,NO,JM1
LOW,LOW,MEDIUM,LOW,LOW,MEDIUM,LOW,LOW,NO,JM1
MEDIUM,HIGH,HIGH,LOW,MEDIUM,MEDIUM,MEDIUM,HIGH,NO,JM1
LOW,LOW,MEDIUM,LOW,LOW,MEDIUM,LOW,LOW,NO,JM1
LOW,LOW,LOW,LOW,LOW,LOW,LOW,LOW,NO,JM1
LOW,LOW,LOW,LOW,LOW,LOW,LOW,LOW,NO,JM1
HIGH,HIGH,HIGH,HIGH,LOW,LOW,LOW,HIGH,NO,JM1
LOW,LOW,LOW,LOW,LOW,LOW,LOW,LOW,NO,JM1
HIGH,HIGH,HIGH,MEDIUM,HIGH,HIGH,HIGH,HIGH,NO,JM1
MEDIUM,HIGH,HIGH,LOW,MEDIUM,MEDIUM,MEDIUM,HIGH,NO,JM1
LOW,MEDIUM,HIGH,LOW,LOW,MEDIUM,LOW,MEDIUM,NO,JM1
LOW,LOW,LOW,LOW,LOW,LOW,LOW,LOW,NO,JM1
HIGH,MEDIUM,LOW,HIGH,HIGH,HIGH,HIGH,MEDIUM,NO,JM1
LOW,LOW,LOW,LOW,LOW,LOW,LOW,LOW,NO,JM1
MEDIUM,HIGH,HIGH,MEDIUM,LOW,LOW,LOW,HIGH,NO,JM1
MEDIUM,HIGH,HIGH,HIGH,HIGH,HIGH,HIGH,HIGH,NO,JM1
MEDIUM,HIGH,HIGH,MEDIUM,HIGH,MEDIUM,HIGH,HIGH,NO,JM1
MEDIUM,HIGH,LOW,MEDIUM,MEDIUM,HIGH,HIGH,HIGH,NO,JM1
HIGH,MEDIUM,LOW,HIGH,LOW,LOW,LOW,MEDIUM,NO,JM1
LOW,MEDIUM,LOW,LOW,LOW,MEDIUM,LOW,MEDIUM,NO,JM1
LOW,LOW,LOW,LOW,LOW,LOW,LOW,LOW,NO,JM1
LOW,LOW,LOW,LOW,LOW,LOW,LOW,LOW,NO,JM1
LOW,LOW,LOW,LOW,LOW,LOW,LOW,LOW,NO,JM1
LOW,LOW,LOW,LOW,LOW,LOW,LOW,LOW,NO,JM1
LOW,LOW,LOW,LOW,LOW,LOW,LOW,LOW,NO,JM1
HIGH,HIGH,HIGH,HIGH,HIGH,HIGH,HIGH,HIGH,NO,JM1
LOW,LOW,LOW,LOW,MEDIUM,MEDIUM,MEDIUM,LOW,NO,JM1
MEDIUM,MEDIUM,HIGH,MEDIUM,MEDIUM,MEDIUM,MEDIUM,MEDIUM,NO,JM1
LOW,LOW,LOW,LOW,LOW,LOW,LOW,LOW,NO,JM1
MEDIUM,HIGH,LOW,MEDIUM,HIGH,HIGH,HIGH,HIGH,NO,JM1
MEDIUM,HIGH,HIGH,HIGH,HIGH,HIGH,HIGH,HIGH,NO,JM1
LOW,LOW,LOW,LOW,LOW,LOW,LOW,LOW,NO,JM1
HIGH,HIGH,LOW,MEDIUM,HIGH,HIGH,HIGH,HIGH,NO,JM1
MEDIUM,LOW,LOW,LOW,MEDIUM,LOW,LOW,LOW,NO,JM1
MEDIUM,MEDIUM,LOW,MEDIUM,MEDIUM,MEDIUM,MEDIUM,MEDIUM,NO,JM1
MEDIUM,MEDIUM,HIGH,MEDIUM,MEDIUM,MEDIUM,MEDIUM,MEDIUM,NO,JM1
MEDIUM,LOW,LOW,LOW,MEDIUM,MEDIUM,MEDIUM,LOW,NO,JM1
MEDIUM,LOW,LOW,LOW,MEDIUM,LOW,MEDIUM,LOW,NO,JM1
HIGH,LOW,LOW,LOW,HIGH,MEDIUM,MEDIUM,LOW,NO,JM1
LOW,LOW,LOW,LOW,MEDIUM,LOW,LOW,LOW,NO,JM1
LOW,LOW,LOW,LOW,MEDIUM,LOW,LOW,LOW,NO,JM1
HIGH,MEDIUM,LOW,MEDIUM,HIGH,MEDIUM,HIGH,MEDIUM,NO,JM1
LOW,LOW,LOW,LOW,LOW,LOW,LOW,LOW,NO,JM1
LOW,LOW,LOW,LOW,LOW,LOW,LOW,LOW,NO,JM1
LOW,LOW,LOW,LOW,MEDIUM,LOW,LOW,LOW,NO,JM1
LOW,LOW,MEDIUM,LOW,LOW,MEDIUM,LOW,LOW,NO,JM1
LOW,LOW,LOW,LOW,LOW,LOW,LOW,LOW,NO,JM1
LOW,LOW,LOW,LOW,LOW,LOW,LOW,LOW,NO,JM1
HIGH,HIGH,HIGH,HIGH,HIGH,MEDIUM,HIGH,HIGH,NO,JM1
HIGH,HIGH,HIGH,HIGH,HIGH,MEDIUM,HIGH,HIGH,NO,JM1
LOW,LOW,LOW,LOW,LOW,LOW,LOW,LOW,NO,JM1
HIGH,HIGH,HIGH,HIGH,HIGH,HIGH,HIGH,HIGH,NO,JM1
LOW,LOW,LOW,LOW,LOW,LOW,LOW,LOW,NO,JM1
HIGH,MEDIUM,HIGH,HIGH,HIGH,HIGH,HIGH,MEDIUM,NO,JM1
HIGH,HIGH,LOW,HIGH,HIGH,HIGH,HIGH,HIGH,NO,JM1
HIGH,MEDIUM,HIGH,MEDIUM,HIGH,HIGH,HIGH,MEDIUM,NO,JM1
HIGH,MEDIUM,LOW,HIGH,HIGH,HIGH,HIGH,MEDIUM,NO,JM1
LOW,LOW,LOW,LOW,LOW,LOW,LOW,LOW,NO,JM1
LOW,LOW,LOW,LOW,LOW,LOW,LOW,LOW,NO,JM1
LOW,LOW,LOW,LOW,LOW,LOW,LOW,LOW,NO,JM1
HIGH,HIGH,HIGH,HIGH,HIGH,HIGH,HIGH,HIGH,NO,JM1
MEDIUM,LOW,LOW,LOW,MEDIUM,MEDIUM,MEDIUM,LOW,NO,JM1
LOW,LOW,LOW,LOW,LOW,LOW,LOW,LOW,NO,JM1
HIGH,HIGH,HIGH,HIGH,HIGH,HIGH,HIGH,HIGH,NO,JM1
LOW,LOW,LOW,LOW,LOW,LOW,LOW,LOW,NO,JM1
LOW,LOW,LOW,LOW,MEDIUM,LOW,MEDIUM,LOW,NO,JM1
MEDIUM,HIGH,HIGH,MEDIUM,MEDIUM,HIGH,HIGH,HIGH,NO,JM1
LOW,LOW,LOW,LOW,MEDIUM,MEDIUM,MEDIUM,LOW,NO,JM1
MEDIUM,MEDIUM,LOW,HIGH,MEDIUM,HIGH,HIGH,MEDIUM,NO,JM1
LOW,LOW,LOW,LOW,LOW,LOW,LOW,LOW,NO,JM1
MEDIUM,MEDIUM,LOW,HIGH,MEDIUM,HIGH,MEDIUM,MEDIUM,NO,JM1
MEDIUM,MEDIUM,MEDIUM,HIGH,MEDIUM,HIGH,HIGH,MEDIUM,NO,JM1
LOW,MEDIUM,HIGH,MEDIUM,HIGH,HIGH,HIGH,MEDIUM,NO,JM1
MEDIUM,MEDIUM,LOW,HIGH,HIGH,HIGH,HIGH,MEDIUM,NO,JM1
LOW,MEDIUM,HIGH,MEDIUM,HIGH,HIGH,HIGH,MEDIUM,NO,JM1
LOW,HIGH,HIGH,MEDIUM,MEDIUM,HIGH,HIGH,HIGH,NO,JM1
MEDIUM,HIGH,LOW,HIGH,HIGH,HIGH,HIGH,HIGH,NO,JM1
LOW,MEDIUM,HIGH,MEDIUM,HIGH,HIGH,HIGH,MEDIUM,NO,JM1
HIGH,HIGH,LOW,MEDIUM,HIGH,HIGH,HIGH,HIGH,NO,JM1
MEDIUM,HIGH,HIGH,MEDIUM,MEDIUM,HIGH,HIGH,HIGH,NO,JM1
LOW,LOW,LOW,LOW,LOW,MEDIUM,MEDIUM,LOW,NO,JM1
LOW,MEDIUM,LOW,LOW,LOW,LOW,LOW,MEDIUM,NO,JM1
MEDIUM,HIGH,HIGH,HIGH,HIGH,MEDIUM,MEDIUM,HIGH,NO,JM1
HIGH,HIGH,HIGH,HIGH,HIGH,MEDIUM,MEDIUM,HIGH,NO,JM1
LOW,LOW,LOW,LOW,LOW,LOW,LOW,LOW,NO,JM1
LOW,LOW,LOW,LOW,LOW,LOW,LOW,LOW,NO,JM1
LOW,LOW,LOW,LOW,LOW,LOW,LOW,LOW,NO,JM1
HIGH,HIGH,HIGH,HIGH,HIGH,HIGH,HIGH,HIGH,NO,JM1
LOW,LOW,LOW,LOW,MEDIUM,LOW,MEDIUM,LOW,NO,JM1
LOW,LOW,LOW,LOW,LOW,MEDIUM,LOW,LOW,NO,JM1
MEDIUM,LOW,LOW,MEDIUM,LOW,LOW,LOW,LOW,NO,JM1
LOW,LOW,LOW,MEDIUM,LOW,MEDIUM,LOW,LOW,NO,JM1
HIGH,HIGH,HIGH,HIGH,HIGH,HIGH,HIGH,HIGH,NO,JM1
LOW,MEDIUM,MEDIUM,LOW,LOW,MEDIUM,LOW,MEDIUM,NO,JM1
HIGH,HIGH,HIGH,MEDIUM,LOW,LOW,LOW,HIGH,NO,JM1
MEDIUM,MEDIUM,HIGH,LOW,LOW,LOW,LOW,MEDIUM,NO,JM1
HIGH,HIGH,HIGH,HIGH,LOW,LOW,LOW,HIGH,NO,JM1
HIGH,HIGH,HIGH,HIGH,HIGH,HIGH,HIGH,HIGH,NO,JM1
LOW,LOW,LOW,LOW,LOW,LOW,LOW,LOW,NO,JM1
LOW,LOW,LOW,LOW,LOW,LOW,LOW,LOW,NO,JM1
LOW,LOW,LOW,LOW,LOW,LOW,LOW,LOW,NO,JM1
LOW,LOW,LOW,LOW,LOW,LOW,LOW,LOW,NO,JM1
MEDIUM,LOW,LOW,MEDIUM,MEDIUM,MEDIUM,MEDIUM,LOW,NO,JM1
MEDIUM,MEDIUM,MEDIUM,MEDIUM,MEDIUM,MEDIUM,MEDIUM,MEDIUM,NO,JM1
LOW,MEDIUM,LOW,LOW,LOW,LOW,LOW,LOW,NO,JM1
LOW,LOW,LOW,LOW,LOW,LOW,LOW,LOW,NO,JM1
LOW,LOW,LOW,LOW,LOW,LOW,LOW,LOW,NO,JM1
LOW,LOW,LOW,LOW,LOW,LOW,LOW,LOW,NO,JM1
LOW,LOW,LOW,LOW,LOW,LOW,LOW,LOW,NO,JM1
HIGH,MEDIUM,LOW,HIGH,LOW,LOW,LOW,MEDIUM,NO,JM1
HIGH,HIGH,LOW,HIGH,HIGH,HIGH,HIGH,HIGH,NO,JM1
HIGH,HIGH,LOW,HIGH,HIGH,HIGH,HIGH,HIGH,NO,JM1
LOW,LOW,LOW,MEDIUM,MEDIUM,MEDIUM,MEDIUM,LOW,NO,JM1
MEDIUM,MEDIUM,MEDIUM,MEDIUM,MEDIUM,HIGH,HIGH,MEDIUM,NO,JM1
HIGH,MEDIUM,LOW,LOW,HIGH,HIGH,HIGH,MEDIUM,NO,JM1
MEDIUM,HIGH,LOW,HIGH,LOW,LOW,LOW,MEDIUM,NO,JM1
LOW,LOW,LOW,LOW,LOW,LOW,LOW,LOW,NO,JM1
LOW,LOW,LOW,LOW,MEDIUM,MEDIUM,MEDIUM,LOW,NO,JM1
LOW,LOW,LOW,LOW,LOW,LOW,LOW,LOW,NO,JM1
LOW,LOW,LOW,MEDIUM,MEDIUM,MEDIUM,MEDIUM,LOW,NO,JM1
MEDIUM,MEDIUM,LOW,HIGH,HIGH,MEDIUM,MEDIUM,MEDIUM,NO,JM1
LOW,LOW,LOW,LOW,LOW,LOW,LOW,LOW,NO,JM1
MEDIUM,LOW,LOW,MEDIUM,MEDIUM,MEDIUM,MEDIUM,LOW,NO,JM1
HIGH,MEDIUM,LOW,HIGH,HIGH,HIGH,HIGH,MEDIUM,NO,JM1
HIGH,HIGH,LOW,LOW,HIGH,HIGH,HIGH,HIGH,NO,JM1
LOW,LOW,LOW,LOW,LOW,LOW,LOW,LOW,NO,JM1
LOW,LOW,LOW,LOW,LOW,LOW,LOW,LOW,NO,JM1
HIGH,MEDIUM,LOW,LOW,LOW,LOW,LOW,MEDIUM,NO,JM1
HIGH,MEDIUM,LOW,LOW,LOW,LOW,LOW,MEDIUM,NO,JM1
HIGH,MEDIUM,LOW,MEDIUM,LOW,LOW,LOW,MEDIUM,NO,JM1
HIGH,HIGH,HIGH,HIGH,LOW,LOW,LOW,HIGH,NO,JM1
MEDIUM,LOW,MEDIUM,LOW,LOW,LOW,LOW,LOW,NO,JM1
HIGH,HIGH,HIGH,HIGH,LOW,LOW,LOW,HIGH,NO,JM1
MEDIUM,LOW,MEDIUM,LOW,LOW,LOW,LOW,LOW,NO,JM1
HIGH,MEDIUM,LOW,LOW,LOW,LOW,LOW,MEDIUM,NO,JM1
HIGH,HIGH,LOW,HIGH,LOW,LOW,LOW,HIGH,NO,JM1
MEDIUM,MEDIUM,LOW,MEDIUM,MEDIUM,MEDIUM,MEDIUM,MEDIUM,NO,JM1
HIGH,MEDIUM,LOW,MEDIUM,LOW,LOW,LOW,MEDIUM,NO,JM1
LOW,LOW,LOW,LOW,LOW,LOW,LOW,LOW,NO,JM1
LOW,LOW,LOW,LOW,LOW,LOW,LOW,LOW,NO,JM1
LOW,LOW,LOW,LOW,LOW,LOW,LOW,LOW,NO,JM1
LOW,LOW,LOW,LOW,LOW,LOW,LOW,LOW,NO,JM1
LOW,LOW,LOW,LOW,LOW,LOW,LOW,LOW,NO,JM1
HIGH,HIGH,MEDIUM,HIGH,HIGH,HIGH,HIGH,HIGH,NO,JM1
LOW,LOW,LOW,LOW,LOW,LOW,LOW,LOW,NO,JM1
LOW,LOW,LOW,LOW,LOW,LOW,LOW,LOW,NO,JM1
LOW,LOW,LOW,LOW,LOW,LOW,LOW,LOW,NO,JM1
MEDIUM,LOW,LOW,MEDIUM,MEDIUM,MEDIUM,MEDIUM,LOW,NO,JM1
HIGH,HIGH,HIGH,MEDIUM,HIGH,HIGH,HIGH,HIGH,NO,JM1
LOW,MEDIUM,HIGH,LOW,HIGH,HIGH,HIGH,MEDIUM,NO,JM1
HIGH,HIGH,HIGH,HIGH,HIGH,HIGH,HIGH,HIGH,NO,JM1
LOW,LOW,LOW,LOW,LOW,LOW,LOW,LOW,NO,JM1
HIGH,HIGH,HIGH,MEDIUM,HIGH,HIGH,HIGH,HIGH,NO,JM1
HIGH,HIGH,HIGH,LOW,HIGH,HIGH,HIGH,HIGH,NO,JM1
MEDIUM,MEDIUM,LOW,MEDIUM,MEDIUM,MEDIUM,MEDIUM,MEDIUM,NO,JM1
HIGH,MEDIUM,LOW,HIGH,HIGH,HIGH,HIGH,MEDIUM,NO,JM1
LOW,LOW,LOW,LOW,LOW,LOW,LOW,LOW,NO,JM1
MEDIUM,MEDIUM,MEDIUM,MEDIUM,MEDIUM,MEDIUM,MEDIUM,MEDIUM,NO,JM1
MEDIUM,MEDIUM,HIGH,MEDIUM,MEDIUM,MEDIUM,MEDIUM,MEDIUM,NO,JM1
LOW,LOW,LOW,LOW,LOW,LOW,LOW,LOW,NO,JM1
LOW,LOW,LOW,LOW,MEDIUM,MEDIUM,MEDIUM,LOW,NO,JM1
HIGH,HIGH,HIGH,HIGH,HIGH,HIGH,HIGH,HIGH,NO,JM1
HIGH,HIGH,HIGH,HIGH,HIGH,HIGH,HIGH,HIGH,NO,JM1
HIGH,HIGH,HIGH,HIGH,HIGH,HIGH,HIGH,HIGH,NO,JM1
HIGH,HIGH,MEDIUM,HIGH,HIGH,HIGH,HIGH,HIGH,NO,JM1
LOW,MEDIUM,HIGH,MEDIUM,MEDIUM,MEDIUM,MEDIUM,MEDIUM,NO,JM1
LOW,MEDIUM,HIGH,MEDIUM,MEDIUM,MEDIUM,MEDIUM,MEDIUM,NO,JM1
MEDIUM,HIGH,HIGH,HIGH,HIGH,HIGH,HIGH,HIGH,NO,JM1
MEDIUM,HIGH,HIGH,LOW,MEDIUM,HIGH,HIGH,HIGH,NO,JM1
LOW,LOW,LOW,LOW,LOW,LOW,LOW,LOW,NO,JM1
HIGH,HIGH,HIGH,HIGH,HIGH,HIGH,HIGH,HIGH,NO,JM1
MEDIUM,HIGH,LOW,HIGH,HIGH,HIGH,HIGH,HIGH,NO,JM1
MEDIUM,HIGH,HIGH,MEDIUM,MEDIUM,HIGH,HIGH,HIGH,NO,JM1
LOW,LOW,LOW,LOW,LOW,LOW,LOW,LOW,NO,JM1
MEDIUM,HIGH,LOW,HIGH,HIGH,HIGH,HIGH,HIGH,NO,JM1
HIGH,HIGH,LOW,HIGH,HIGH,HIGH,HIGH,HIGH,NO,JM1
MEDIUM,HIGH,HIGH,HIGH,MEDIUM,HIGH,HIGH,HIGH,NO,JM1
LOW,MEDIUM,HIGH,MEDIUM,HIGH,HIGH,HIGH,MEDIUM,NO,JM1
HIGH,HIGH,MEDIUM,HIGH,HIGH,HIGH,HIGH,HIGH,NO,JM1
LOW,MEDIUM,HIGH,MEDIUM,HIGH,HIGH,HIGH,MEDIUM,NO,JM1
LOW,LOW,MEDIUM,LOW,LOW,MEDIUM,MEDIUM,LOW,NO,JM1
LOW,LOW,MEDIUM,LOW,LOW,MEDIUM,MEDIUM,LOW,NO,JM1
LOW,MEDIUM,LOW,LOW,MEDIUM,MEDIUM,MEDIUM,MEDIUM,NO,JM1
HIGH,LOW,LOW,LOW,MEDIUM,MEDIUM,MEDIUM,LOW,NO,JM1
MEDIUM,HIGH,HIGH,MEDIUM,HIGH,HIGH,HIGH,HIGH,NO,JM1
HIGH,HIGH,LOW,HIGH,HIGH,HIGH,HIGH,HIGH,NO,JM1
HIGH,HIGH,HIGH,HIGH,HIGH,HIGH,HIGH,HIGH,NO,JM1
MEDIUM,HIGH,HIGH,HIGH,HIGH,HIGH,HIGH,HIGH,NO,JM1
LOW,MEDIUM,LOW,MEDIUM,MEDIUM,MEDIUM,MEDIUM,MEDIUM,NO,JM1
MEDIUM,MEDIUM,LOW,MEDIUM,MEDIUM,HIGH,MEDIUM,MEDIUM,NO,JM1
MEDIUM,MEDIUM,LOW,MEDIUM,MEDIUM,HIGH,MEDIUM,MEDIUM,NO,JM1
LOW,MEDIUM,LOW,LOW,MEDIUM,MEDIUM,MEDIUM,MEDIUM,NO,JM1
MEDIUM,MEDIUM,LOW,LOW,LOW,MEDIUM,MEDIUM,MEDIUM,NO,JM1
HIGH,MEDIUM,HIGH,LOW,HIGH,HIGH,HIGH,MEDIUM,NO,JM1
LOW,LOW,LOW,MEDIUM,LOW,MEDIUM,MEDIUM,LOW,NO,JM1
LOW,LOW,LOW,LOW,LOW,LOW,LOW,LOW,NO,JM1
HIGH,HIGH,HIGH,HIGH,HIGH,HIGH,HIGH,HIGH,NO,JM1
LOW,MEDIUM,HIGH,MEDIUM,HIGH,HIGH,HIGH,MEDIUM,NO,JM1
LOW,LOW,LOW,LOW,LOW,LOW,LOW,LOW,NO,JM1
MEDIUM,MEDIUM,LOW,HIGH,HIGH,HIGH,HIGH,MEDIUM,NO,JM1
HIGH,MEDIUM,LOW,LOW,MEDIUM,HIGH,HIGH,MEDIUM,NO,JM1
MEDIUM,MEDIUM,LOW,LOW,MEDIUM,HIGH,MEDIUM,MEDIUM,NO,JM1
HIGH,MEDIUM,LOW,MEDIUM,HIGH,HIGH,HIGH,MEDIUM,NO,JM1
LOW,LOW,MEDIUM,LOW,LOW,MEDIUM,MEDIUM,LOW,NO,JM1
HIGH,HIGH,HIGH,HIGH,HIGH,HIGH,HIGH,HIGH,NO,JM1
HIGH,HIGH,HIGH,HIGH,HIGH,HIGH,HIGH,HIGH,NO,JM1
MEDIUM,LOW,LOW,LOW,MEDIUM,HIGH,MEDIUM,LOW,NO,JM1
MEDIUM,HIGH,HIGH,HIGH,HIGH,HIGH,HIGH,HIGH,NO,JM1
MEDIUM,HIGH,HIGH,MEDIUM,HIGH,HIGH,HIGH,HIGH,NO,JM1
LOW,LOW,LOW,LOW,LOW,LOW,LOW,LOW,NO,JM1
LOW,LOW,LOW,MEDIUM,MEDIUM,MEDIUM,MEDIUM,LOW,NO,JM1
HIGH,HIGH,HIGH,HIGH,HIGH,HIGH,HIGH,HIGH,NO,JM1
LOW,LOW,LOW,LOW,LOW,LOW,LOW,LOW,NO,JM1
HIGH,LOW,LOW,LOW,HIGH,MEDIUM,MEDIUM,LOW,NO,JM1
LOW,LOW,LOW,LOW,LOW,LOW,LOW,LOW,NO,JM1
MEDIUM,LOW,LOW,LOW,MEDIUM,LOW,LOW,LOW,NO,JM1
HIGH,HIGH,LOW,HIGH,HIGH,MEDIUM,MEDIUM,HIGH,NO,JM1
HIGH,MEDIUM,LOW,HIGH,MEDIUM,LOW,MEDIUM,MEDIUM,NO,JM1
MEDIUM,HIGH,LOW,MEDIUM,MEDIUM,MEDIUM,MEDIUM,HIGH,NO,JM1
LOW,LOW,LOW,LOW,LOW,LOW,LOW,LOW,NO,JM1
MEDIUM,MEDIUM,HIGH,MEDIUM,LOW,LOW,LOW,MEDIUM,NO,JM1
HIGH,HIGH,HIGH,HIGH,MEDIUM,LOW,MEDIUM,HIGH,NO,JM1
MEDIUM,LOW,LOW,LOW,MEDIUM,LOW,LOW,LOW,NO,JM1
MEDIUM,LOW,LOW,MEDIUM,MEDIUM,LOW,MEDIUM,LOW,NO,JM1
MEDIUM,HIGH,HIGH,HIGH,MEDIUM,HIGH,HIGH,HIGH,NO,JM1
MEDIUM,HIGH,HIGH,LOW,LOW,LOW,LOW,HIGH,NO,JM1
MEDIUM,MEDIUM,LOW,MEDIUM,MEDIUM,MEDIUM,MEDIUM,MEDIUM,NO,JM1
LOW,LOW,LOW,LOW,MEDIUM,MEDIUM,MEDIUM,LOW,NO,JM1
MEDIUM,LOW,LOW,LOW,MEDIUM,HIGH,MEDIUM,LOW,NO,JM1
MEDIUM,MEDIUM,LOW,LOW,MEDIUM,MEDIUM,MEDIUM,MEDIUM,NO,JM1
LOW,LOW,LOW,LOW,LOW,LOW,LOW,LOW,NO,JM1
LOW,MEDIUM,LOW,MEDIUM,MEDIUM,HIGH,MEDIUM,MEDIUM,NO,JM1
MEDIUM,MEDIUM,LOW,MEDIUM,MEDIUM,HIGH,MEDIUM,MEDIUM,NO,JM1
LOW,LOW,LOW,LOW,LOW,LOW,LOW,LOW,NO,JM1
LOW,LOW,LOW,LOW,LOW,LOW,LOW,LOW,NO,JM1
HIGH,HIGH,LOW,LOW,MEDIUM,MEDIUM,MEDIUM,HIGH,NO,JM1
LOW,LOW,LOW,LOW,MEDIUM,MEDIUM,MEDIUM,LOW,NO,JM1
MEDIUM,HIGH,HIGH,LOW,MEDIUM,HIGH,HIGH,HIGH,NO,JM1
MEDIUM,HIGH,HIGH,LOW,MEDIUM,HIGH,HIGH,HIGH,NO,JM1
HIGH,MEDIUM,LOW,MEDIUM,HIGH,HIGH,HIGH,MEDIUM,NO,JM1
LOW,LOW,LOW,LOW,LOW,LOW,LOW,LOW,NO,JM1
LOW,LOW,LOW,LOW,LOW,LOW,LOW,LOW,NO,JM1
LOW,LOW,LOW,LOW,LOW,LOW,LOW,LOW,NO,JM1
LOW,LOW,LOW,LOW,MEDIUM,MEDIUM,MEDIUM,LOW,NO,JM1
MEDIUM,LOW,LOW,LOW,MEDIUM,MEDIUM,MEDIUM,LOW,NO,JM1
LOW,LOW,LOW,LOW,LOW,LOW,LOW,LOW,NO,JM1
LOW,LOW,LOW,LOW,LOW,LOW,LOW,LOW,NO,JM1
MEDIUM,MEDIUM,MEDIUM,MEDIUM,MEDIUM,MEDIUM,MEDIUM,MEDIUM,NO,JM1
MEDIUM,HIGH,LOW,LOW,MEDIUM,LOW,MEDIUM,MEDIUM,NO,JM1
MEDIUM,HIGH,LOW,LOW,MEDIUM,LOW,MEDIUM,MEDIUM,NO,JM1
HIGH,HIGH,LOW,LOW,HIGH,HIGH,HIGH,HIGH,NO,JM1
HIGH,HIGH,LOW,LOW,HIGH,HIGH,HIGH,HIGH,NO,JM1
MEDIUM,MEDIUM,LOW,LOW,MEDIUM,HIGH,MEDIUM,MEDIUM,NO,JM1
MEDIUM,HIGH,LOW,LOW,MEDIUM,LOW,MEDIUM,MEDIUM,NO,JM1
HIGH,HIGH,MEDIUM,HIGH,HIGH,HIGH,HIGH,HIGH,NO,JM1
HIGH,HIGH,LOW,LOW,MEDIUM,MEDIUM,MEDIUM,HIGH,NO,JM1
LOW,LOW,LOW,LOW,LOW,LOW,LOW,LOW,NO,JM1
MEDIUM,LOW,LOW,LOW,MEDIUM,MEDIUM,MEDIUM,LOW,NO,JM1
LOW,MEDIUM,MEDIUM,LOW,LOW,LOW,LOW,MEDIUM,NO,JM1
LOW,MEDIUM,MEDIUM,LOW,LOW,LOW,LOW,MEDIUM,NO,JM1
HIGH,HIGH,HIGH,LOW,LOW,LOW,LOW,HIGH,NO,JM1
LOW,LOW,LOW,LOW,LOW,LOW,LOW,LOW,NO,JM1
HIGH,HIGH,HIGH,MEDIUM,LOW,LOW,LOW,HIGH,NO,JM1
LOW,LOW,LOW,LOW,LOW,LOW,LOW,LOW,NO,JM1
LOW,LOW,LOW,LOW,LOW,LOW,LOW,LOW,NO,JM1
MEDIUM,LOW,LOW,MEDIUM,MEDIUM,MEDIUM,MEDIUM,LOW,NO,JM1
HIGH,HIGH,LOW,HIGH,LOW,LOW,LOW,HIGH,NO,JM1
LOW,MEDIUM,LOW,LOW,LOW,MEDIUM,LOW,MEDIUM,NO,JM1
MEDIUM,LOW,LOW,LOW,MEDIUM,LOW,MEDIUM,LOW,NO,JM1
LOW,LOW,LOW,LOW,LOW,LOW,LOW,LOW,NO,JM1
LOW,LOW,LOW,LOW,LOW,MEDIUM,LOW,LOW,NO,JM1
MEDIUM,HIGH,HIGH,HIGH,HIGH,HIGH,HIGH,HIGH,NO,JM1
MEDIUM,MEDIUM,LOW,LOW,MEDIUM,HIGH,MEDIUM,MEDIUM,NO,JM1
MEDIUM,HIGH,HIGH,LOW,MEDIUM,HIGH,MEDIUM,HIGH,NO,JM1
MEDIUM,HIGH,HIGH,MEDIUM,HIGH,HIGH,HIGH,HIGH,NO,JM1
MEDIUM,MEDIUM,MEDIUM,MEDIUM,MEDIUM,MEDIUM,MEDIUM,MEDIUM,NO,JM1
LOW,LOW,MEDIUM,LOW,LOW,MEDIUM,MEDIUM,LOW,NO,JM1
LOW,LOW,LOW,LOW,LOW,LOW,LOW,LOW,NO,JM1
LOW,HIGH,HIGH,LOW,MEDIUM,MEDIUM,MEDIUM,HIGH,NO,JM1
MEDIUM,HIGH,HIGH,MEDIUM,HIGH,HIGH,HIGH,HIGH,NO,JM1
LOW,LOW,LOW,LOW,LOW,LOW,LOW,LOW,NO,JM1
LOW,HIGH,HIGH,LOW,MEDIUM,MEDIUM,MEDIUM,HIGH,NO,JM1
LOW,LOW,LOW,LOW,LOW,LOW,LOW,LOW,NO,JM1
LOW,MEDIUM,HIGH,LOW,LOW,MEDIUM,MEDIUM,MEDIUM,NO,JM1
HIGH,HIGH,HIGH,MEDIUM,LOW,LOW,LOW,HIGH,NO,JM1
MEDIUM,HIGH,HIGH,MEDIUM,HIGH,HIGH,HIGH,HIGH,NO,JM1
MEDIUM,HIGH,HIGH,MEDIUM,HIGH,HIGH,HIGH,HIGH,NO,JM1
HIGH,HIGH,HIGH,MEDIUM,HIGH,HIGH,HIGH,HIGH,NO,JM1
LOW,LOW,LOW,LOW,LOW,MEDIUM,MEDIUM,LOW,NO,JM1
MEDIUM,HIGH,HIGH,LOW,MEDIUM,HIGH,HIGH,HIGH,NO,JM1
LOW,MEDIUM,HIGH,MEDIUM,HIGH,HIGH,HIGH,MEDIUM,NO,JM1
LOW,LOW,LOW,LOW,LOW,LOW,LOW,LOW,NO,JM1
HIGH,HIGH,LOW,HIGH,LOW,LOW,LOW,MEDIUM,NO,JM1
LOW,LOW,LOW,LOW,MEDIUM,MEDIUM,MEDIUM,LOW,NO,JM1
MEDIUM,HIGH,HIGH,MEDIUM,MEDIUM,HIGH,MEDIUM,HIGH,NO,JM1
LOW,LOW,LOW,LOW,LOW,LOW,LOW,LOW,NO,JM1
LOW,LOW,LOW,LOW,LOW,LOW,LOW,LOW,NO,JM1
LOW,LOW,LOW,LOW,LOW,LOW,LOW,LOW,NO,JM1
LOW,LOW,LOW,LOW,LOW,LOW,LOW,LOW,NO,JM1
LOW,LOW,LOW,LOW,MEDIUM,LOW,MEDIUM,LOW,NO,JM1
LOW,MEDIUM,LOW,LOW,MEDIUM,MEDIUM,MEDIUM,MEDIUM,NO,JM1
MEDIUM,LOW,LOW,MEDIUM,MEDIUM,HIGH,MEDIUM,LOW,NO,JM1
LOW,LOW,LOW,LOW,LOW,LOW,LOW,LOW,NO,JM1
HIGH,HIGH,HIGH,MEDIUM,HIGH,HIGH,HIGH,HIGH,NO,JM1
MEDIUM,MEDIUM,LOW,HIGH,MEDIUM,LOW,MEDIUM,MEDIUM,NO,JM1
LOW,LOW,LOW,LOW,MEDIUM,MEDIUM,MEDIUM,LOW,NO,JM1
LOW,LOW,LOW,LOW,LOW,LOW,LOW,LOW,NO,JM1
MEDIUM,LOW,LOW,LOW,MEDIUM,MEDIUM,MEDIUM,LOW,NO,JM1
HIGH,LOW,LOW,MEDIUM,HIGH,HIGH,HIGH,LOW,NO,JM1
LOW,LOW,LOW,LOW,LOW,LOW,LOW,LOW,NO,JM1
HIGH,MEDIUM,LOW,HIGH,HIGH,HIGH,HIGH,MEDIUM,NO,JM1
HIGH,MEDIUM,LOW,MEDIUM,MEDIUM,MEDIUM,MEDIUM,MEDIUM,NO,JM1
HIGH,HIGH,LOW,HIGH,HIGH,HIGH,HIGH,HIGH,NO,JM1
MEDIUM,HIGH,LOW,HIGH,HIGH,HIGH,HIGH,HIGH,NO,JM1
MEDIUM,LOW,LOW,MEDIUM,MEDIUM,MEDIUM,MEDIUM,LOW,NO,JM1
LOW,LOW,LOW,LOW,LOW,LOW,LOW,LOW,NO,JM1
MEDIUM,HIGH,MEDIUM,MEDIUM,MEDIUM,HIGH,MEDIUM,HIGH,NO,JM1
LOW,LOW,LOW,LOW,LOW,LOW,LOW,LOW,NO,JM1
MEDIUM,MEDIUM,LOW,LOW,MEDIUM,HIGH,MEDIUM,MEDIUM,NO,JM1
MEDIUM,MEDIUM,LOW,MEDIUM,MEDIUM,MEDIUM,MEDIUM,MEDIUM,NO,JM1
LOW,LOW,LOW,LOW,MEDIUM,LOW,LOW,LOW,NO,JM1
MEDIUM,MEDIUM,LOW,LOW,MEDIUM,HIGH,MEDIUM,MEDIUM,NO,JM1
LOW,LOW,LOW,LOW,LOW,LOW,LOW,LOW,NO,JM1
LOW,MEDIUM,MEDIUM,MEDIUM,LOW,LOW,LOW,MEDIUM,NO,JM1
LOW,MEDIUM,LOW,MEDIUM,MEDIUM,MEDIUM,MEDIUM,LOW,NO,JM1
LOW,LOW,LOW,LOW,MEDIUM,MEDIUM,MEDIUM,LOW,NO,JM1
HIGH,HIGH,HIGH,HIGH,HIGH,HIGH,HIGH,HIGH,NO,JM1
MEDIUM,MEDIUM,HIGH,MEDIUM,MEDIUM,MEDIUM,MEDIUM,MEDIUM,NO,JM1
MEDIUM,LOW,LOW,LOW,LOW,MEDIUM,LOW,LOW,NO,JM1
MEDIUM,LOW,LOW,LOW,LOW,MEDIUM,LOW,LOW,NO,JM1
MEDIUM,LOW,LOW,LOW,LOW,MEDIUM,LOW,LOW,NO,JM1
MEDIUM,MEDIUM,LOW,LOW,MEDIUM,MEDIUM,MEDIUM,MEDIUM,NO,JM1
MEDIUM,LOW,LOW,LOW,LOW,MEDIUM,LOW,LOW,NO,JM1
LOW,MEDIUM,HIGH,LOW,LOW,MEDIUM,MEDIUM,MEDIUM,NO,JM1
LOW,LOW,MEDIUM,MEDIUM,LOW,LOW,LOW,LOW,NO,JM1
MEDIUM,MEDIUM,HIGH,MEDIUM,MEDIUM,MEDIUM,MEDIUM,MEDIUM,NO,JM1
LOW,LOW,LOW,LOW,LOW,LOW,LOW,LOW,NO,JM1
LOW,MEDIUM,MEDIUM,MEDIUM,MEDIUM,HIGH,MEDIUM,MEDIUM,NO,JM1
LOW,LOW,LOW,LOW,LOW,LOW,LOW,LOW,NO,JM1
LOW,LOW,LOW,LOW,LOW,MEDIUM,LOW,LOW,NO,JM1
LOW,LOW,LOW,LOW,LOW,MEDIUM,LOW,LOW,NO,JM1
LOW,LOW,LOW,LOW,LOW,LOW,LOW,LOW,NO,JM1
LOW,LOW,LOW,LOW,LOW,LOW,LOW,LOW,NO,JM1
LOW,LOW,LOW,LOW,LOW,LOW,LOW,LOW,NO,JM1
HIGH,HIGH,HIGH,MEDIUM,HIGH,HIGH,HIGH,HIGH,NO,JM1
MEDIUM,LOW,MEDIUM,LOW,LOW,MEDIUM,LOW,LOW,NO,JM1
MEDIUM,HIGH,HIGH,HIGH,HIGH,HIGH,HIGH,HIGH,NO,JM1
LOW,LOW,LOW,LOW,LOW,LOW,LOW,LOW,NO,JM1
LOW,LOW,LOW,LOW,LOW,LOW,LOW,LOW,NO,JM1
HIGH,HIGH,HIGH,HIGH,HIGH,HIGH,HIGH,HIGH,NO,JM1
LOW,LOW,LOW,LOW,LOW,LOW,LOW,LOW,NO,JM1
MEDIUM,LOW,LOW,MEDIUM,MEDIUM,MEDIUM,MEDIUM,LOW,NO,JM1
LOW,LOW,MEDIUM,LOW,MEDIUM,MEDIUM,MEDIUM,LOW,NO,JM1
LOW,MEDIUM,HIGH,MEDIUM,MEDIUM,HIGH,MEDIUM,MEDIUM,NO,JM1
LOW,LOW,MEDIUM,LOW,MEDIUM,MEDIUM,MEDIUM,LOW,NO,JM1
LOW,MEDIUM,HIGH,LOW,MEDIUM,HIGH,MEDIUM,MEDIUM,NO,JM1
MEDIUM,HIGH,HIGH,HIGH,HIGH,HIGH,HIGH,HIGH,NO,JM1
HIGH,HIGH,HIGH,HIGH,HIGH,HIGH,HIGH,HIGH,NO,JM1
HIGH,HIGH,HIGH,HIGH,HIGH,HIGH,HIGH,HIGH,NO,JM1
HIGH,HIGH,HIGH,HIGH,HIGH,HIGH,HIGH,HIGH,NO,JM1
HIGH,HIGH,HIGH,HIGH,HIGH,HIGH,HIGH,HIGH,NO,JM1
HIGH,HIGH,HIGH,HIGH,HIGH,HIGH,HIGH,HIGH,NO,JM1
HIGH,HIGH,HIGH,HIGH,HIGH,HIGH,HIGH,HIGH,NO,JM1
LOW,LOW,LOW,LOW,LOW,LOW,LOW,LOW,NO,JM1
HIGH,LOW,LOW,MEDIUM,HIGH,MEDIUM,HIGH,LOW,NO,JM1
HIGH,HIGH,LOW,HIGH,HIGH,HIGH,HIGH,HIGH,NO,JM1
HIGH,HIGH,LOW,HIGH,HIGH,HIGH,HIGH,HIGH,NO,JM1
HIGH,HIGH,HIGH,HIGH,HIGH,HIGH,HIGH,HIGH,NO,JM1
LOW,LOW,LOW,LOW,LOW,LOW,LOW,LOW,NO,JM1
LOW,LOW,LOW,LOW,LOW,LOW,LOW,LOW,NO,JM1
MEDIUM,MEDIUM,LOW,MEDIUM,MEDIUM,HIGH,MEDIUM,MEDIUM,NO,JM1
LOW,LOW,LOW,LOW,LOW,LOW,LOW,LOW,NO,JM1
MEDIUM,LOW,LOW,LOW,MEDIUM,MEDIUM,MEDIUM,LOW,NO,JM1
LOW,LOW,LOW,LOW,LOW,LOW,LOW,LOW,NO,JM1
LOW,LOW,LOW,LOW,LOW,LOW,LOW,LOW,NO,JM1
HIGH,MEDIUM,HIGH,MEDIUM,HIGH,HIGH,HIGH,MEDIUM,NO,JM1
MEDIUM,LOW,LOW,MEDIUM,MEDIUM,MEDIUM,MEDIUM,LOW,NO,JM1
LOW,LOW,LOW,LOW,LOW,LOW,LOW,LOW,NO,JM1
MEDIUM,MEDIUM,LOW,HIGH,MEDIUM,MEDIUM,MEDIUM,MEDIUM,NO,JM1
LOW,LOW,LOW,LOW,LOW,LOW,LOW,LOW,NO,JM1
LOW,LOW,LOW,LOW,LOW,LOW,LOW,LOW,NO,JM1
MEDIUM,MEDIUM,MEDIUM,LOW,MEDIUM,HIGH,HIGH,MEDIUM,NO,JM1
HIGH,HIGH,HIGH,HIGH,LOW,LOW,LOW,HIGH,NO,JM1
LOW,LOW,LOW,LOW,LOW,LOW,LOW,LOW,NO,JM1
MEDIUM,LOW,LOW,LOW,MEDIUM,MEDIUM,MEDIUM,LOW,NO,JM1
LOW,LOW,LOW,LOW,LOW,LOW,LOW,LOW,NO,JM1
LOW,LOW,LOW,LOW,LOW,LOW,LOW,LOW,NO,JM1
HIGH,HIGH,HIGH,MEDIUM,LOW,LOW,LOW,HIGH,NO,JM1
MEDIUM,MEDIUM,LOW,LOW,MEDIUM,HIGH,MEDIUM,MEDIUM,NO,JM1
MEDIUM,MEDIUM,LOW,LOW,MEDIUM,HIGH,MEDIUM,MEDIUM,NO,JM1
MEDIUM,HIGH,HIGH,HIGH,HIGH,HIGH,HIGH,HIGH,NO,JM1
LOW,LOW,LOW,LOW,LOW,LOW,LOW,LOW,NO,JM1
MEDIUM,HIGH,HIGH,MEDIUM,HIGH,HIGH,HIGH,HIGH,NO,JM1
MEDIUM,MEDIUM,LOW,MEDIUM,MEDIUM,HIGH,MEDIUM,MEDIUM,NO,JM1
LOW,LOW,LOW,LOW,LOW,MEDIUM,LOW,LOW,NO,JM1
LOW,LOW,LOW,LOW,LOW,LOW,LOW,LOW,NO,JM1
HIGH,HIGH,HIGH,HIGH,HIGH,MEDIUM,HIGH,HIGH,NO,JM1
LOW,LOW,LOW,MEDIUM,LOW,LOW,LOW,LOW,NO,JM1
MEDIUM,HIGH,HIGH,HIGH,HIGH,HIGH,HIGH,HIGH,NO,JM1
MEDIUM,HIGH,HIGH,HIGH,HIGH,HIGH,HIGH,HIGH,NO,JM1
MEDIUM,HIGH,HIGH,HIGH,HIGH,HIGH,HIGH,HIGH,NO,JM1
MEDIUM,HIGH,HIGH,HIGH,HIGH,HIGH,HIGH,HIGH,NO,JM1
MEDIUM,MEDIUM,LOW,LOW,LOW,LOW,LOW,MEDIUM,NO,JM1
MEDIUM,MEDIUM,HIGH,LOW,MEDIUM,MEDIUM,MEDIUM,MEDIUM,NO,JM1
LOW,LOW,LOW,LOW,LOW,LOW,LOW,LOW,NO,JM1
HIGH,MEDIUM,LOW,MEDIUM,LOW,LOW,LOW,MEDIUM,NO,JM1
MEDIUM,MEDIUM,LOW,LOW,LOW,LOW,LOW,MEDIUM,NO,JM1
HIGH,MEDIUM,LOW,MEDIUM,LOW,LOW,LOW,MEDIUM,NO,JM1
HIGH,HIGH,MEDIUM,LOW,HIGH,HIGH,HIGH,HIGH,NO,JM1
LOW,LOW,LOW,LOW,MEDIUM,MEDIUM,MEDIUM,LOW,NO,JM1
LOW,LOW,LOW,LOW,MEDIUM,MEDIUM,MEDIUM,LOW,NO,JM1
HIGH,HIGH,HIGH,HIGH,HIGH,HIGH,HIGH,HIGH,NO,JM1
LOW,LOW,LOW,LOW,LOW,MEDIUM,MEDIUM,LOW,NO,JM1
LOW,MEDIUM,MEDIUM,LOW,LOW,MEDIUM,LOW,MEDIUM,NO,JM1
LOW,LOW,LOW,LOW,LOW,LOW,LOW,LOW,NO,JM1
LOW,LOW,LOW,LOW,LOW,LOW,LOW,LOW,NO,JM1
MEDIUM,MEDIUM,LOW,HIGH,MEDIUM,HIGH,MEDIUM,MEDIUM,NO,JM1
LOW,LOW,LOW,LOW,LOW,MEDIUM,LOW,LOW,NO,JM1
LOW,LOW,LOW,LOW,LOW,MEDIUM,LOW,LOW,NO,JM1
LOW,LOW,LOW,LOW,LOW,LOW,LOW,LOW,NO,JM1
LOW,LOW,LOW,LOW,LOW,LOW,LOW,LOW,NO,JM1
LOW,LOW,LOW,LOW,LOW,LOW,LOW,LOW,NO,JM1
LOW,LOW,LOW,LOW,LOW,LOW,LOW,LOW,NO,JM1
MEDIUM,LOW,LOW,MEDIUM,HIGH,MEDIUM,MEDIUM,LOW,NO,JM1
HIGH,HIGH,HIGH,HIGH,HIGH,HIGH,HIGH,HIGH,NO,JM1
LOW,LOW,LOW,LOW,LOW,LOW,LOW,LOW,NO,JM1
MEDIUM,HIGH,MEDIUM,LOW,LOW,LOW,LOW,HIGH,NO,JM1
MEDIUM,MEDIUM,LOW,LOW,LOW,LOW,LOW,MEDIUM,NO,JM1
LOW,LOW,LOW,LOW,LOW,MEDIUM,LOW,LOW,NO,JM1
LOW,MEDIUM,HIGH,LOW,LOW,LOW,LOW,MEDIUM,NO,JM1
LOW,LOW,LOW,LOW,LOW,LOW,LOW,LOW,NO,JM1
LOW,LOW,LOW,LOW,LOW,LOW,LOW,LOW,NO,JM1
MEDIUM,MEDIUM,LOW,MEDIUM,MEDIUM,MEDIUM,MEDIUM,MEDIUM,NO,JM1
LOW,MEDIUM,LOW,LOW,MEDIUM,HIGH,MEDIUM,MEDIUM,NO,JM1
LOW,LOW,LOW,LOW,LOW,LOW,LOW,LOW,NO,JM1
LOW,LOW,LOW,LOW,MEDIUM,LOW,LOW,LOW,NO,JM1
HIGH,HIGH,HIGH,HIGH,HIGH,HIGH,HIGH,HIGH,NO,JM1
LOW,LOW,LOW,LOW,LOW,LOW,LOW,LOW,NO,JM1
LOW,MEDIUM,MEDIUM,LOW,LOW,LOW,LOW,MEDIUM,NO,JM1
LOW,MEDIUM,MEDIUM,LOW,LOW,LOW,LOW,MEDIUM,NO,JM1
MEDIUM,MEDIUM,LOW,LOW,MEDIUM,HIGH,MEDIUM,MEDIUM,NO,JM1
MEDIUM,MEDIUM,LOW,LOW,MEDIUM,HIGH,MEDIUM,MEDIUM,NO,JM1
MEDIUM,MEDIUM,LOW,MEDIUM,MEDIUM,HIGH,HIGH,MEDIUM,NO,JM1
LOW,LOW,LOW,LOW,LOW,LOW,LOW,LOW,NO,JM1
LOW,LOW,LOW,LOW,LOW,MEDIUM,LOW,LOW,NO,JM1
LOW,LOW,LOW,LOW,LOW,LOW,LOW,LOW,NO,JM1
MEDIUM,MEDIUM,HIGH,LOW,LOW,LOW,LOW,MEDIUM,NO,JM1
LOW,LOW,LOW,LOW,LOW,LOW,LOW,LOW,NO,JM1
LOW,LOW,MEDIUM,MEDIUM,MEDIUM,MEDIUM,MEDIUM,LOW,NO,JM1
MEDIUM,MEDIUM,MEDIUM,LOW,MEDIUM,MEDIUM,MEDIUM,MEDIUM,NO,JM1
MEDIUM,HIGH,HIGH,MEDIUM,MEDIUM,MEDIUM,MEDIUM,HIGH,NO,JM1
HIGH,HIGH,HIGH,HIGH,HIGH,HIGH,HIGH,HIGH,NO,JM1
HIGH,MEDIUM,HIGH,MEDIUM,HIGH,HIGH,HIGH,MEDIUM,NO,JM1
MEDIUM,MEDIUM,HIGH,MEDIUM,HIGH,HIGH,HIGH,MEDIUM,NO,JM1
HIGH,MEDIUM,HIGH,MEDIUM,HIGH,HIGH,HIGH,MEDIUM,NO,JM1
LOW,LOW,LOW,LOW,MEDIUM,MEDIUM,MEDIUM,LOW,NO,JM1
LOW,LOW,LOW,LOW,MEDIUM,MEDIUM,MEDIUM,LOW,NO,JM1
LOW,LOW,LOW,LOW,MEDIUM,MEDIUM,MEDIUM,LOW,NO,JM1
HIGH,MEDIUM,LOW,HIGH,HIGH,MEDIUM,HIGH,MEDIUM,NO,JM1
LOW,LOW,LOW,LOW,LOW,LOW,LOW,LOW,NO,JM1
HIGH,HIGH,HIGH,MEDIUM,HIGH,HIGH,HIGH,HIGH,NO,JM1
LOW,MEDIUM,HIGH,LOW,MEDIUM,MEDIUM,MEDIUM,MEDIUM,NO,JM1
MEDIUM,HIGH,HIGH,LOW,LOW,LOW,LOW,HIGH,NO,JM1
HIGH,LOW,LOW,MEDIUM,HIGH,MEDIUM,MEDIUM,LOW,NO,JM1
MEDIUM,LOW,MEDIUM,LOW,MEDIUM,LOW,MEDIUM,LOW,NO,JM1
LOW,LOW,LOW,LOW,MEDIUM,MEDIUM,MEDIUM,LOW,NO,JM1
MEDIUM,LOW,LOW,LOW,LOW,LOW,LOW,LOW,NO,JM1
MEDIUM,LOW,LOW,MEDIUM,MEDIUM,LOW,MEDIUM,LOW,NO,JM1
HIGH,MEDIUM,LOW,HIGH,HIGH,MEDIUM,HIGH,MEDIUM,NO,JM1
HIGH,MEDIUM,LOW,HIGH,HIGH,MEDIUM,MEDIUM,MEDIUM,NO,JM1
LOW,LOW,LOW,LOW,MEDIUM,LOW,LOW,LOW,NO,JM1
LOW,LOW,LOW,LOW,LOW,LOW,LOW,LOW,NO,JM1
LOW,LOW,LOW,LOW,LOW,LOW,LOW,LOW,NO,JM1
LOW,LOW,LOW,LOW,LOW,LOW,LOW,LOW,NO,JM1
MEDIUM,LOW,LOW,LOW,MEDIUM,LOW,MEDIUM,LOW,NO,JM1
LOW,LOW,LOW,LOW,MEDIUM,LOW,LOW,LOW,NO,JM1
LOW,LOW,LOW,LOW,LOW,LOW,LOW,LOW,NO,JM1
HIGH,MEDIUM,LOW,HIGH,HIGH,HIGH,HIGH,MEDIUM,NO,JM1
HIGH,HIGH,MEDIUM,HIGH,HIGH,MEDIUM,MEDIUM,HIGH,NO,JM1
LOW,LOW,LOW,LOW,LOW,LOW,LOW,LOW,NO,JM1
LOW,LOW,LOW,LOW,LOW,LOW,LOW,LOW,NO,JM1
LOW,LOW,LOW,LOW,LOW,LOW,LOW,LOW,NO,JM1
LOW,LOW,LOW,LOW,LOW,LOW,LOW,LOW,NO,JM1
LOW,LOW,LOW,LOW,LOW,LOW,LOW,LOW,NO,JM1
LOW,LOW,LOW,LOW,LOW,LOW,LOW,LOW,NO,JM1
LOW,LOW,LOW,LOW,LOW,LOW,LOW,LOW,NO,JM1
LOW,LOW,LOW,LOW,LOW,LOW,LOW,LOW,NO,JM1
LOW,LOW,LOW,LOW,LOW,LOW,LOW,LOW,NO,JM1
MEDIUM,MEDIUM,LOW,MEDIUM,MEDIUM,MEDIUM,MEDIUM,MEDIUM,NO,JM1
LOW,LOW,LOW,LOW,LOW,LOW,LOW,LOW,NO,JM1
HIGH,MEDIUM,LOW,MEDIUM,HIGH,MEDIUM,HIGH,MEDIUM,NO,JM1
HIGH,MEDIUM,LOW,MEDIUM,HIGH,MEDIUM,HIGH,MEDIUM,NO,JM1
HIGH,LOW,LOW,MEDIUM,HIGH,MEDIUM,HIGH,LOW,NO,JM1
MEDIUM,LOW,LOW,MEDIUM,MEDIUM,LOW,MEDIUM,LOW,NO,JM1
LOW,LOW,LOW,LOW,LOW,LOW,LOW,LOW,NO,JM1
LOW,LOW,LOW,LOW,MEDIUM,LOW,LOW,LOW,NO,JM1
LOW,LOW,LOW,MEDIUM,MEDIUM,MEDIUM,MEDIUM,LOW,NO,JM1
MEDIUM,MEDIUM,LOW,HIGH,HIGH,HIGH,HIGH,MEDIUM,NO,JM1
HIGH,HIGH,HIGH,HIGH,HIGH,HIGH,HIGH,HIGH,NO,JM1
MEDIUM,LOW,LOW,LOW,LOW,LOW,LOW,LOW,NO,JM1
LOW,LOW,LOW,LOW,LOW,LOW,LOW,LOW,NO,JM1
LOW,LOW,LOW,LOW,MEDIUM,LOW,MEDIUM,LOW,NO,JM1
MEDIUM,LOW,LOW,LOW,MEDIUM,MEDIUM,MEDIUM,LOW,NO,JM1
MEDIUM,LOW,LOW,LOW,MEDIUM,MEDIUM,MEDIUM,LOW,NO,JM1
MEDIUM,LOW,LOW,LOW,MEDIUM,MEDIUM,MEDIUM,LOW,NO,JM1
LOW,LOW,LOW,LOW,LOW,LOW,LOW,LOW,NO,JM1
LOW,LOW,LOW,LOW,LOW,LOW,LOW,LOW,NO,JM1
LOW,LOW,LOW,LOW,LOW,LOW,LOW,LOW,NO,JM1
MEDIUM,LOW,LOW,LOW,MEDIUM,MEDIUM,MEDIUM,LOW,NO,JM1
LOW,LOW,LOW,LOW,LOW,LOW,LOW,LOW,NO,JM1
MEDIUM,MEDIUM,HIGH,MEDIUM,MEDIUM,MEDIUM,MEDIUM,MEDIUM,NO,JM1
LOW,LOW,LOW,LOW,LOW,LOW,LOW,LOW,NO,JM1
LOW,LOW,LOW,LOW,LOW,LOW,LOW,LOW,NO,JM1
LOW,LOW,LOW,LOW,LOW,LOW,LOW,LOW,NO,JM1
LOW,HIGH,LOW,HIGH,MEDIUM,MEDIUM,MEDIUM,HIGH,NO,JM1
LOW,LOW,LOW,LOW,LOW,LOW,LOW,LOW,NO,JM1
LOW,LOW,LOW,LOW,LOW,LOW,LOW,LOW,NO,JM1
LOW,LOW,LOW,LOW,LOW,LOW,LOW,LOW,NO,JM1
LOW,LOW,LOW,LOW,LOW,LOW,LOW,LOW,NO,JM1
LOW,LOW,LOW,LOW,LOW,LOW,LOW,LOW,NO,JM1
LOW,LOW,LOW,LOW,LOW,LOW,LOW,LOW,NO,JM1
LOW,LOW,LOW,LOW,LOW,LOW,LOW,LOW,NO,JM1
LOW,LOW,LOW,LOW,LOW,LOW,LOW,LOW,NO,JM1
LOW,LOW,LOW,LOW,LOW,LOW,LOW,LOW,NO,JM1
LOW,LOW,LOW,LOW,LOW,LOW,LOW,LOW,NO,JM1
HIGH,HIGH,HIGH,HIGH,HIGH,HIGH,HIGH,HIGH,NO,JM1
MEDIUM,MEDIUM,LOW,MEDIUM,HIGH,MEDIUM,HIGH,MEDIUM,NO,JM1
LOW,LOW,LOW,LOW,LOW,LOW,LOW,LOW,NO,JM1
LOW,LOW,LOW,LOW,LOW,LOW,LOW,LOW,NO,JM1
LOW,LOW,LOW,LOW,MEDIUM,LOW,LOW,LOW,NO,JM1
LOW,LOW,LOW,LOW,LOW,LOW,LOW,LOW,NO,JM1
LOW,LOW,MEDIUM,LOW,MEDIUM,MEDIUM,MEDIUM,LOW,NO,JM1
LOW,LOW,MEDIUM,LOW,LOW,LOW,LOW,LOW,NO,JM1
LOW,LOW,LOW,LOW,LOW,LOW,LOW,LOW,NO,JM1
LOW,LOW,LOW,LOW,LOW,LOW,LOW,LOW,NO,JM1
LOW,LOW,LOW,LOW,LOW,LOW,LOW,LOW,NO,JM1
LOW,LOW,MEDIUM,MEDIUM,LOW,MEDIUM,LOW,LOW,NO,JM1
LOW,LOW,LOW,LOW,LOW,LOW,LOW,LOW,NO,JM1
LOW,LOW,MEDIUM,LOW,LOW,MEDIUM,MEDIUM,LOW,NO,JM1
LOW,LOW,LOW,LOW,LOW,LOW,LOW,LOW,NO,JM1
LOW,LOW,LOW,LOW,LOW,LOW,LOW,LOW,NO,JM1
LOW,LOW,LOW,LOW,LOW,LOW,LOW,LOW,NO,JM1
LOW,LOW,LOW,LOW,LOW,LOW,LOW,LOW,NO,JM1
LOW,LOW,MEDIUM,MEDIUM,LOW,LOW,LOW,LOW,NO,JM1
LOW,LOW,LOW,LOW,LOW,LOW,LOW,LOW,NO,JM1
LOW,LOW,LOW,LOW,LOW,LOW,LOW,LOW,NO,JM1
LOW,LOW,LOW,LOW,LOW,LOW,LOW,LOW,NO,JM1
LOW,LOW,LOW,LOW,LOW,LOW,LOW,LOW,NO,JM1
LOW,LOW,LOW,LOW,LOW,LOW,LOW,LOW,NO,JM1
LOW,LOW,LOW,LOW,LOW,LOW,LOW,LOW,NO,JM1
LOW,LOW,LOW,LOW,LOW,LOW,LOW,LOW,NO,JM1
LOW,LOW,LOW,LOW,LOW,LOW,LOW,LOW,NO,JM1
LOW,LOW,LOW,LOW,LOW,LOW,LOW,LOW,NO,JM1
LOW,LOW,LOW,LOW,LOW,LOW,LOW,LOW,NO,JM1
LOW,LOW,LOW,LOW,LOW,LOW,LOW,LOW,NO,JM1
LOW,LOW,LOW,LOW,LOW,LOW,LOW,LOW,NO,JM1
LOW,LOW,LOW,LOW,LOW,LOW,LOW,LOW,NO,JM1
LOW,LOW,LOW,LOW,LOW,LOW,LOW,LOW,NO,JM1
LOW,LOW,LOW,LOW,LOW,LOW,LOW,LOW,NO,JM1
LOW,LOW,LOW,LOW,LOW,LOW,LOW,LOW,NO,JM1
LOW,LOW,LOW,LOW,LOW,LOW,LOW,LOW,NO,JM1
LOW,LOW,LOW,LOW,LOW,MEDIUM,LOW,LOW,NO,JM1
MEDIUM,MEDIUM,LOW,MEDIUM,MEDIUM,MEDIUM,MEDIUM,MEDIUM,NO,JM1
LOW,LOW,LOW,LOW,LOW,LOW,LOW,LOW,NO,JM1
LOW,LOW,LOW,LOW,LOW,LOW,LOW,LOW,NO,JM1
LOW,LOW,LOW,LOW,LOW,LOW,LOW,LOW,NO,JM1
MEDIUM,MEDIUM,HIGH,HIGH,MEDIUM,MEDIUM,MEDIUM,MEDIUM,NO,JM1
LOW,LOW,LOW,LOW,LOW,LOW,LOW,LOW,NO,JM1
LOW,LOW,LOW,LOW,LOW,LOW,LOW,LOW,NO,JM1
LOW,LOW,LOW,LOW,LOW,LOW,LOW,LOW,NO,JM1
LOW,LOW,LOW,LOW,LOW,LOW,LOW,LOW,NO,JM1
LOW,LOW,LOW,LOW,LOW,LOW,LOW,LOW,NO,JM1
LOW,LOW,LOW,LOW,LOW,LOW,LOW,LOW,NO,JM1
LOW,LOW,LOW,LOW,LOW,LOW,LOW,LOW,NO,JM1
LOW,LOW,LOW,LOW,LOW,LOW,LOW,LOW,NO,JM1
LOW,LOW,LOW,LOW,LOW,LOW,LOW,LOW,NO,JM1
LOW,LOW,LOW,LOW,LOW,LOW,LOW,LOW,NO,JM1
LOW,LOW,LOW,LOW,LOW,MEDIUM,LOW,LOW,NO,JM1
LOW,LOW,LOW,LOW,LOW,LOW,LOW,LOW,NO,JM1
MEDIUM,MEDIUM,LOW,MEDIUM,LOW,LOW,LOW,MEDIUM,NO,JM1
HIGH,HIGH,HIGH,HIGH,HIGH,HIGH,HIGH,HIGH,NO,JM1
MEDIUM,HIGH,LOW,LOW,MEDIUM,MEDIUM,MEDIUM,HIGH,NO,JM1
HIGH,HIGH,LOW,LOW,MEDIUM,MEDIUM,MEDIUM,HIGH,NO,JM1
MEDIUM,LOW,LOW,MEDIUM,LOW,LOW,LOW,LOW,NO,JM1
LOW,LOW,LOW,LOW,MEDIUM,LOW,MEDIUM,LOW,NO,JM1
LOW,LOW,LOW,LOW,LOW,LOW,LOW,LOW,NO,JM1
LOW,LOW,LOW,LOW,LOW,LOW,LOW,LOW,NO,JM1
LOW,LOW,LOW,LOW,LOW,LOW,LOW,LOW,NO,JM1
LOW,LOW,LOW,LOW,LOW,LOW,LOW,LOW,NO,JM1
LOW,LOW,LOW,LOW,LOW,LOW,LOW,LOW,NO,JM1
LOW,LOW,LOW,LOW,LOW,LOW,LOW,LOW,NO,JM1
LOW,LOW,LOW,LOW,LOW,LOW,LOW,LOW,NO,JM1
LOW,LOW,LOW,LOW,LOW,LOW,LOW,LOW,NO,JM1
LOW,LOW,MEDIUM,LOW,LOW,MEDIUM,MEDIUM,LOW,NO,JM1
LOW,LOW,LOW,LOW,LOW,LOW,LOW,LOW,NO,JM1
LOW,LOW,LOW,LOW,LOW,LOW,LOW,LOW,NO,JM1
LOW,LOW,LOW,LOW,LOW,LOW,LOW,LOW,NO,JM1
LOW,LOW,LOW,LOW,LOW,LOW,LOW,LOW,NO,JM1
MEDIUM,MEDIUM,HIGH,MEDIUM,LOW,LOW,LOW,MEDIUM,NO,JM1
MEDIUM,MEDIUM,HIGH,MEDIUM,MEDIUM,MEDIUM,MEDIUM,MEDIUM,NO,JM1
MEDIUM,MEDIUM,HIGH,MEDIUM,MEDIUM,MEDIUM,MEDIUM,MEDIUM,NO,JM1
LOW,LOW,LOW,LOW,MEDIUM,LOW,LOW,LOW,NO,JM1
HIGH,HIGH,MEDIUM,HIGH,HIGH,HIGH,HIGH,HIGH,NO,JM1
HIGH,MEDIUM,LOW,MEDIUM,HIGH,HIGH,HIGH,MEDIUM,NO,JM1
LOW,LOW,LOW,LOW,LOW,LOW,LOW,LOW,NO,JM1
LOW,LOW,LOW,LOW,LOW,LOW,LOW,LOW,NO,JM1
LOW,LOW,LOW,LOW,LOW,LOW,LOW,LOW,NO,JM1
MEDIUM,MEDIUM,MEDIUM,LOW,MEDIUM,MEDIUM,MEDIUM,MEDIUM,NO,JM1
LOW,LOW,MEDIUM,LOW,MEDIUM,MEDIUM,MEDIUM,LOW,NO,JM1
LOW,LOW,MEDIUM,LOW,LOW,LOW,LOW,LOW,NO,JM1
MEDIUM,MEDIUM,HIGH,MEDIUM,HIGH,MEDIUM,HIGH,MEDIUM,NO,JM1
LOW,LOW,LOW,LOW,LOW,LOW,LOW,LOW,NO,JM1
LOW,LOW,LOW,LOW,LOW,LOW,LOW,LOW,NO,JM1
LOW,LOW,MEDIUM,LOW,LOW,MEDIUM,MEDIUM,LOW,NO,JM1
LOW,LOW,LOW,LOW,LOW,LOW,LOW,LOW,NO,JM1
LOW,LOW,LOW,LOW,LOW,LOW,LOW,LOW,NO,JM1
HIGH,HIGH,LOW,MEDIUM,HIGH,HIGH,HIGH,HIGH,NO,JM1
HIGH,HIGH,HIGH,HIGH,HIGH,MEDIUM,HIGH,HIGH,NO,JM1
HIGH,HIGH,HIGH,HIGH,LOW,LOW,LOW,HIGH,NO,JM1
LOW,LOW,LOW,LOW,LOW,LOW,LOW,LOW,NO,JM1
MEDIUM,MEDIUM,LOW,LOW,MEDIUM,LOW,MEDIUM,MEDIUM,NO,JM1
LOW,LOW,LOW,LOW,LOW,LOW,LOW,LOW,NO,JM1
HIGH,MEDIUM,HIGH,LOW,HIGH,HIGH,HIGH,MEDIUM,NO,JM1
LOW,MEDIUM,LOW,MEDIUM,MEDIUM,MEDIUM,MEDIUM,MEDIUM,NO,JM1
LOW,LOW,LOW,LOW,LOW,LOW,LOW,LOW,NO,JM1
HIGH,HIGH,HIGH,MEDIUM,HIGH,HIGH,HIGH,HIGH,NO,JM1
MEDIUM,MEDIUM,HIGH,LOW,MEDIUM,HIGH,HIGH,MEDIUM,NO,JM1
HIGH,HIGH,HIGH,MEDIUM,HIGH,HIGH,HIGH,HIGH,NO,JM1
HIGH,HIGH,HIGH,MEDIUM,HIGH,HIGH,HIGH,HIGH,NO,JM1
LOW,LOW,LOW,LOW,LOW,MEDIUM,MEDIUM,LOW,NO,JM1
LOW,LOW,LOW,LOW,LOW,LOW,LOW,LOW,NO,JM1
MEDIUM,LOW,LOW,LOW,LOW,LOW,LOW,LOW,NO,JM1
HIGH,HIGH,HIGH,HIGH,LOW,LOW,LOW,HIGH,NO,JM1
HIGH,HIGH,HIGH,MEDIUM,LOW,LOW,LOW,HIGH,NO,JM1
MEDIUM,MEDIUM,HIGH,LOW,MEDIUM,MEDIUM,MEDIUM,MEDIUM,NO,JM1
MEDIUM,MEDIUM,HIGH,LOW,LOW,LOW,LOW,MEDIUM,NO,JM1
MEDIUM,MEDIUM,HIGH,LOW,MEDIUM,HIGH,MEDIUM,MEDIUM,NO,JM1
MEDIUM,MEDIUM,HIGH,LOW,MEDIUM,MEDIUM,MEDIUM,MEDIUM,NO,JM1
HIGH,HIGH,HIGH,HIGH,HIGH,HIGH,HIGH,HIGH,NO,JM1
MEDIUM,MEDIUM,LOW,HIGH,MEDIUM,MEDIUM,MEDIUM,MEDIUM,NO,JM1
LOW,LOW,LOW,LOW,LOW,LOW,LOW,LOW,NO,JM1
LOW,LOW,LOW,LOW,LOW,LOW,LOW,LOW,NO,JM1
MEDIUM,MEDIUM,HIGH,HIGH,MEDIUM,MEDIUM,MEDIUM,MEDIUM,NO,JM1
LOW,LOW,LOW,LOW,LOW,LOW,LOW,LOW,NO,JM1
HIGH,LOW,LOW,LOW,HIGH,HIGH,HIGH,LOW,NO,JM1
HIGH,HIGH,LOW,HIGH,HIGH,HIGH,HIGH,HIGH,NO,JM1
MEDIUM,LOW,LOW,LOW,MEDIUM,HIGH,HIGH,LOW,NO,JM1
LOW,LOW,LOW,LOW,LOW,LOW,LOW,LOW,NO,JM1
LOW,LOW,LOW,LOW,LOW,MEDIUM,LOW,LOW,NO,JM1
MEDIUM,LOW,LOW,LOW,MEDIUM,MEDIUM,MEDIUM,LOW,NO,JM1
HIGH,LOW,LOW,LOW,HIGH,HIGH,HIGH,LOW,NO,JM1
LOW,LOW,LOW,LOW,MEDIUM,MEDIUM,MEDIUM,LOW,NO,JM1
HIGH,LOW,LOW,LOW,HIGH,HIGH,HIGH,LOW,NO,JM1
HIGH,LOW,LOW,LOW,HIGH,HIGH,HIGH,LOW,NO,JM1
HIGH,LOW,LOW,LOW,HIGH,HIGH,HIGH,LOW,NO,JM1
HIGH,LOW,LOW,LOW,HIGH,HIGH,HIGH,LOW,NO,JM1
HIGH,LOW,LOW,LOW,HIGH,HIGH,HIGH,LOW,NO,JM1
LOW,LOW,LOW,LOW,LOW,LOW,LOW,LOW,NO,JM1
MEDIUM,MEDIUM,LOW,MEDIUM,MEDIUM,MEDIUM,MEDIUM,MEDIUM,NO,JM1
LOW,LOW,LOW,LOW,MEDIUM,MEDIUM,MEDIUM,LOW,NO,JM1
LOW,LOW,LOW,LOW,MEDIUM,MEDIUM,MEDIUM,LOW,NO,JM1
MEDIUM,LOW,LOW,LOW,LOW,LOW,LOW,LOW,NO,JM1
LOW,LOW,LOW,LOW,LOW,LOW,LOW,LOW,NO,JM1
LOW,LOW,LOW,LOW,LOW,LOW,LOW,LOW,NO,JM1
LOW,LOW,LOW,LOW,MEDIUM,MEDIUM,MEDIUM,LOW,NO,JM1
LOW,LOW,LOW,LOW,LOW,LOW,LOW,LOW,NO,JM1
HIGH,MEDIUM,LOW,HIGH,HIGH,HIGH,HIGH,MEDIUM,NO,JM1
LOW,LOW,LOW,LOW,LOW,LOW,LOW,LOW,NO,JM1
LOW,LOW,LOW,LOW,LOW,LOW,LOW,LOW,NO,JM1
LOW,LOW,LOW,LOW,LOW,LOW,LOW,LOW,NO,JM1
LOW,LOW,LOW,LOW,LOW,LOW,LOW,LOW,NO,JM1
LOW,LOW,LOW,LOW,LOW,LOW,LOW,LOW,NO,JM1
MEDIUM,MEDIUM,MEDIUM,LOW,LOW,LOW,LOW,MEDIUM,NO,JM1
HIGH,HIGH,LOW,HIGH,MEDIUM,MEDIUM,MEDIUM,HIGH,NO,JM1
HIGH,HIGH,HIGH,HIGH,HIGH,HIGH,HIGH,HIGH,NO,JM1
HIGH,MEDIUM,MEDIUM,MEDIUM,LOW,LOW,LOW,MEDIUM,NO,JM1
HIGH,HIGH,MEDIUM,HIGH,HIGH,HIGH,HIGH,HIGH,NO,JM1
LOW,LOW,LOW,LOW,LOW,LOW,LOW,LOW,NO,JM1
MEDIUM,MEDIUM,HIGH,MEDIUM,LOW,LOW,LOW,MEDIUM,NO,JM1
LOW,LOW,LOW,LOW,MEDIUM,MEDIUM,MEDIUM,LOW,NO,JM1
MEDIUM,MEDIUM,LOW,MEDIUM,HIGH,HIGH,HIGH,MEDIUM,NO,JM1
MEDIUM,LOW,LOW,LOW,MEDIUM,MEDIUM,MEDIUM,LOW,NO,JM1
MEDIUM,MEDIUM,HIGH,LOW,MEDIUM,MEDIUM,MEDIUM,MEDIUM,NO,JM1
MEDIUM,MEDIUM,HIGH,HIGH,LOW,LOW,LOW,MEDIUM,NO,JM1
HIGH,HIGH,HIGH,HIGH,HIGH,HIGH,HIGH,HIGH,NO,JM1
LOW,LOW,LOW,LOW,LOW,LOW,LOW,LOW,NO,JM1
MEDIUM,MEDIUM,LOW,MEDIUM,MEDIUM,MEDIUM,MEDIUM,MEDIUM,NO,JM1
LOW,LOW,LOW,LOW,MEDIUM,LOW,LOW,LOW,NO,JM1
LOW,LOW,LOW,LOW,LOW,LOW,LOW,LOW,NO,JM1
HIGH,HIGH,HIGH,HIGH,HIGH,HIGH,HIGH,HIGH,NO,JM1
HIGH,HIGH,HIGH,HIGH,HIGH,HIGH,HIGH,HIGH,NO,JM1
LOW,LOW,LOW,LOW,LOW,LOW,LOW,LOW,NO,JM1
MEDIUM,LOW,LOW,LOW,MEDIUM,LOW,MEDIUM,LOW,NO,JM1
HIGH,HIGH,HIGH,HIGH,HIGH,HIGH,HIGH,HIGH,NO,JM1
HIGH,HIGH,HIGH,HIGH,HIGH,HIGH,HIGH,HIGH,NO,JM1
MEDIUM,LOW,LOW,LOW,MEDIUM,MEDIUM,MEDIUM,LOW,NO,JM1
MEDIUM,LOW,LOW,LOW,MEDIUM,MEDIUM,MEDIUM,LOW,NO,JM1
LOW,LOW,LOW,LOW,MEDIUM,MEDIUM,MEDIUM,LOW,NO,JM1
MEDIUM,LOW,LOW,LOW,LOW,LOW,LOW,LOW,NO,JM1
MEDIUM,LOW,LOW,MEDIUM,MEDIUM,MEDIUM,MEDIUM,LOW,NO,JM1
LOW,HIGH,HIGH,MEDIUM,HIGH,HIGH,HIGH,HIGH,NO,JM1
MEDIUM,HIGH,HIGH,MEDIUM,HIGH,HIGH,HIGH,HIGH,NO,JM1
MEDIUM,MEDIUM,MEDIUM,LOW,LOW,LOW,LOW,MEDIUM,NO,JM1
LOW,LOW,LOW,LOW,LOW,LOW,LOW,LOW,NO,JM1
LOW,LOW,LOW,LOW,LOW,LOW,LOW,LOW,NO,JM1
LOW,LOW,LOW,LOW,LOW,LOW,LOW,LOW,NO,JM1
LOW,LOW,LOW,LOW,LOW,LOW,LOW,LOW,NO,JM1
LOW,LOW,LOW,LOW,LOW,LOW,LOW,LOW,NO,JM1
MEDIUM,MEDIUM,MEDIUM,LOW,MEDIUM,MEDIUM,MEDIUM,MEDIUM,NO,JM1
MEDIUM,MEDIUM,MEDIUM,LOW,MEDIUM,MEDIUM,MEDIUM,MEDIUM,NO,JM1
MEDIUM,MEDIUM,MEDIUM,LOW,MEDIUM,MEDIUM,MEDIUM,MEDIUM,NO,JM1
HIGH,HIGH,LOW,HIGH,HIGH,HIGH,HIGH,HIGH,NO,JM1
LOW,LOW,LOW,LOW,LOW,LOW,LOW,LOW,NO,JM1
HIGH,LOW,LOW,LOW,MEDIUM,MEDIUM,MEDIUM,LOW,NO,JM1
LOW,LOW,MEDIUM,LOW,LOW,LOW,LOW,LOW,NO,JM1
MEDIUM,LOW,LOW,MEDIUM,MEDIUM,MEDIUM,MEDIUM,LOW,NO,JM1
HIGH,HIGH,HIGH,HIGH,HIGH,HIGH,HIGH,HIGH,NO,JM1
MEDIUM,HIGH,HIGH,MEDIUM,MEDIUM,MEDIUM,MEDIUM,HIGH,NO,JM1
LOW,LOW,MEDIUM,LOW,LOW,LOW,LOW,LOW,NO,JM1
LOW,MEDIUM,MEDIUM,LOW,LOW,MEDIUM,LOW,MEDIUM,NO,JM1
MEDIUM,LOW,LOW,LOW,MEDIUM,MEDIUM,MEDIUM,LOW,NO,JM1
HIGH,HIGH,HIGH,HIGH,MEDIUM,MEDIUM,MEDIUM,HIGH,NO,JM1
MEDIUM,HIGH,MEDIUM,HIGH,MEDIUM,MEDIUM,MEDIUM,HIGH,NO,JM1
MEDIUM,LOW,LOW,MEDIUM,HIGH,MEDIUM,MEDIUM,LOW,NO,JM1
HIGH,HIGH,HIGH,HIGH,HIGH,HIGH,HIGH,HIGH,NO,JM1
MEDIUM,MEDIUM,LOW,MEDIUM,LOW,LOW,LOW,LOW,NO,JM1
HIGH,MEDIUM,LOW,HIGH,HIGH,HIGH,HIGH,MEDIUM,NO,JM1
MEDIUM,MEDIUM,LOW,MEDIUM,LOW,LOW,LOW,LOW,NO,JM1
MEDIUM,MEDIUM,LOW,HIGH,MEDIUM,HIGH,HIGH,MEDIUM,NO,JM1
MEDIUM,LOW,LOW,LOW,MEDIUM,HIGH,MEDIUM,LOW,NO,JM1
LOW,MEDIUM,MEDIUM,LOW,LOW,LOW,LOW,MEDIUM,NO,JM1
MEDIUM,MEDIUM,HIGH,LOW,MEDIUM,HIGH,HIGH,MEDIUM,NO,JM1
LOW,LOW,LOW,LOW,LOW,LOW,LOW,LOW,NO,JM1
MEDIUM,MEDIUM,LOW,LOW,LOW,LOW,LOW,MEDIUM,NO,JM1
HIGH,HIGH,LOW,HIGH,HIGH,HIGH,HIGH,HIGH,NO,JM1
LOW,LOW,LOW,LOW,LOW,LOW,LOW,LOW,NO,JM1
LOW,LOW,LOW,LOW,LOW,LOW,LOW,LOW,NO,JM1
LOW,HIGH,HIGH,LOW,LOW,HIGH,MEDIUM,HIGH,NO,JM1
LOW,LOW,LOW,LOW,LOW,LOW,LOW,LOW,NO,JM1
LOW,MEDIUM,LOW,MEDIUM,HIGH,HIGH,HIGH,MEDIUM,NO,JM1
LOW,LOW,LOW,LOW,LOW,MEDIUM,MEDIUM,LOW,NO,JM1
HIGH,HIGH,LOW,HIGH,HIGH,HIGH,HIGH,HIGH,NO,JM1
HIGH,HIGH,LOW,HIGH,HIGH,HIGH,HIGH,HIGH,NO,JM1
HIGH,HIGH,LOW,HIGH,HIGH,HIGH,HIGH,HIGH,NO,JM1
HIGH,HIGH,LOW,HIGH,HIGH,HIGH,HIGH,HIGH,NO,JM1
HIGH,HIGH,HIGH,HIGH,HIGH,HIGH,HIGH,HIGH,NO,JM1
MEDIUM,HIGH,LOW,HIGH,HIGH,HIGH,HIGH,HIGH,NO,JM1
HIGH,HIGH,HIGH,HIGH,HIGH,HIGH,HIGH,HIGH,NO,JM1
MEDIUM,LOW,LOW,MEDIUM,MEDIUM,MEDIUM,MEDIUM,LOW,NO,JM1
LOW,LOW,LOW,LOW,LOW,LOW,LOW,LOW,NO,JM1
HIGH,HIGH,HIGH,LOW,HIGH,HIGH,HIGH,HIGH,NO,JM1
LOW,MEDIUM,HIGH,LOW,LOW,MEDIUM,MEDIUM,MEDIUM,NO,JM1
LOW,MEDIUM,HIGH,LOW,LOW,MEDIUM,MEDIUM,MEDIUM,NO,JM1
MEDIUM,LOW,MEDIUM,LOW,HIGH,HIGH,HIGH,LOW,NO,JM1
MEDIUM,HIGH,HIGH,LOW,MEDIUM,HIGH,HIGH,HIGH,NO,JM1
HIGH,HIGH,HIGH,HIGH,HIGH,HIGH,HIGH,HIGH,NO,JM1
HIGH,HIGH,HIGH,HIGH,HIGH,HIGH,HIGH,HIGH,NO,JM1
MEDIUM,LOW,LOW,LOW,LOW,LOW,LOW,LOW,NO,JM1
LOW,MEDIUM,MEDIUM,LOW,LOW,MEDIUM,LOW,MEDIUM,NO,JM1
LOW,LOW,LOW,LOW,LOW,LOW,LOW,LOW,NO,JM1
LOW,LOW,LOW,LOW,LOW,LOW,LOW,LOW,NO,JM1
LOW,LOW,LOW,LOW,LOW,LOW,LOW,LOW,NO,JM1
HIGH,LOW,LOW,LOW,HIGH,HIGH,HIGH,LOW,NO,JM1
MEDIUM,MEDIUM,LOW,LOW,HIGH,HIGH,HIGH,LOW,NO,JM1
LOW,MEDIUM,MEDIUM,LOW,MEDIUM,MEDIUM,MEDIUM,MEDIUM,NO,JM1
LOW,LOW,LOW,LOW,LOW,LOW,LOW,LOW,NO,JM1
LOW,LOW,LOW,LOW,LOW,LOW,LOW,LOW,NO,JM1
HIGH,HIGH,HIGH,MEDIUM,HIGH,HIGH,HIGH,HIGH,NO,JM1
LOW,LOW,LOW,LOW,LOW,LOW,LOW,LOW,NO,JM1
MEDIUM,HIGH,HIGH,LOW,MEDIUM,HIGH,HIGH,HIGH,NO,JM1
MEDIUM,HIGH,HIGH,LOW,MEDIUM,HIGH,HIGH,HIGH,NO,JM1
MEDIUM,LOW,LOW,LOW,LOW,LOW,LOW,LOW,NO,JM1
LOW,MEDIUM,MEDIUM,MEDIUM,LOW,LOW,LOW,MEDIUM,NO,JM1
LOW,LOW,LOW,LOW,LOW,LOW,LOW,LOW,NO,JM1
HIGH,HIGH,HIGH,MEDIUM,MEDIUM,HIGH,HIGH,HIGH,NO,JM1
MEDIUM,MEDIUM,HIGH,MEDIUM,MEDIUM,MEDIUM,MEDIUM,MEDIUM,NO,JM1
LOW,LOW,LOW,LOW,LOW,LOW,LOW,LOW,NO,JM1
LOW,LOW,LOW,LOW,LOW,MEDIUM,LOW,LOW,NO,JM1
LOW,LOW,LOW,LOW,LOW,LOW,LOW,LOW,NO,JM1
HIGH,HIGH,LOW,HIGH,HIGH,MEDIUM,HIGH,HIGH,NO,JM1
MEDIUM,LOW,LOW,MEDIUM,LOW,LOW,LOW,LOW,NO,JM1
MEDIUM,LOW,LOW,MEDIUM,LOW,LOW,LOW,LOW,NO,JM1
MEDIUM,MEDIUM,LOW,HIGH,LOW,LOW,LOW,MEDIUM,NO,JM1
LOW,LOW,LOW,LOW,LOW,LOW,LOW,LOW,NO,JM1
LOW,LOW,LOW,LOW,LOW,MEDIUM,MEDIUM,LOW,NO,JM1
HIGH,MEDIUM,LOW,LOW,LOW,LOW,LOW,MEDIUM,NO,JM1
HIGH,HIGH,HIGH,HIGH,HIGH,HIGH,HIGH,HIGH,NO,JM1
LOW,LOW,LOW,LOW,LOW,LOW,LOW,LOW,NO,JM1
HIGH,HIGH,HIGH,HIGH,HIGH,HIGH,HIGH,HIGH,NO,JM1
HIGH,MEDIUM,LOW,MEDIUM,HIGH,MEDIUM,HIGH,MEDIUM,NO,JM1
HIGH,MEDIUM,LOW,MEDIUM,HIGH,HIGH,HIGH,MEDIUM,NO,JM1
HIGH,MEDIUM,LOW,MEDIUM,HIGH,HIGH,HIGH,MEDIUM,NO,JM1
HIGH,HIGH,MEDIUM,HIGH,HIGH,HIGH,HIGH,HIGH,NO,JM1
MEDIUM,HIGH,HIGH,MEDIUM,HIGH,HIGH,HIGH,HIGH,NO,JM1
HIGH,HIGH,MEDIUM,MEDIUM,HIGH,HIGH,HIGH,HIGH,NO,JM1
HIGH,LOW,LOW,MEDIUM,HIGH,MEDIUM,HIGH,LOW,NO,JM1
LOW,LOW,LOW,MEDIUM,LOW,LOW,LOW,LOW,NO,JM1
MEDIUM,LOW,LOW,LOW,LOW,LOW,LOW,LOW,NO,JM1
LOW,LOW,LOW,LOW,LOW,LOW,LOW,LOW,NO,JM1
MEDIUM,LOW,LOW,MEDIUM,MEDIUM,LOW,LOW,LOW,NO,JM1
LOW,LOW,LOW,LOW,LOW,LOW,LOW,LOW,NO,JM1
LOW,LOW,LOW,LOW,MEDIUM,MEDIUM,MEDIUM,LOW,NO,JM1
LOW,LOW,LOW,LOW,LOW,LOW,LOW,LOW,NO,JM1
LOW,LOW,LOW,LOW,LOW,LOW,LOW,LOW,NO,JM1
LOW,LOW,LOW,LOW,LOW,LOW,LOW,LOW,NO,JM1
LOW,LOW,LOW,LOW,MEDIUM,LOW,MEDIUM,LOW,NO,JM1
MEDIUM,HIGH,HIGH,HIGH,LOW,LOW,LOW,HIGH,NO,JM1
HIGH,HIGH,HIGH,HIGH,LOW,LOW,LOW,HIGH,NO,JM1
LOW,LOW,LOW,MEDIUM,LOW,LOW,LOW,LOW,NO,JM1
HIGH,HIGH,HIGH,HIGH,LOW,LOW,LOW,HIGH,NO,JM1
HIGH,HIGH,LOW,HIGH,HIGH,HIGH,HIGH,HIGH,NO,JM1
LOW,LOW,LOW,LOW,MEDIUM,MEDIUM,MEDIUM,LOW,NO,JM1
LOW,LOW,LOW,LOW,LOW,LOW,LOW,LOW,NO,JM1
LOW,LOW,LOW,LOW,LOW,LOW,LOW,LOW,NO,JM1
LOW,LOW,LOW,MEDIUM,MEDIUM,MEDIUM,MEDIUM,LOW,NO,JM1
HIGH,HIGH,HIGH,MEDIUM,LOW,LOW,LOW,HIGH,NO,JM1
HIGH,MEDIUM,LOW,MEDIUM,MEDIUM,HIGH,MEDIUM,MEDIUM,NO,JM1
LOW,LOW,LOW,LOW,LOW,MEDIUM,LOW,LOW,NO,JM1
LOW,LOW,LOW,LOW,LOW,LOW,LOW,LOW,NO,JM1
LOW,LOW,LOW,LOW,LOW,MEDIUM,LOW,LOW,NO,JM1
LOW,LOW,LOW,LOW,LOW,LOW,LOW,LOW,NO,JM1
LOW,LOW,LOW,MEDIUM,LOW,MEDIUM,MEDIUM,LOW,NO,JM1
HIGH,MEDIUM,HIGH,MEDIUM,HIGH,HIGH,HIGH,MEDIUM,NO,JM1
HIGH,MEDIUM,LOW,HIGH,HIGH,HIGH,HIGH,MEDIUM,NO,JM1
MEDIUM,MEDIUM,LOW,MEDIUM,LOW,LOW,LOW,MEDIUM,NO,JM1
MEDIUM,MEDIUM,HIGH,LOW,LOW,LOW,LOW,MEDIUM,NO,JM1
MEDIUM,HIGH,LOW,HIGH,LOW,LOW,LOW,HIGH,NO,JM1
LOW,LOW,LOW,MEDIUM,LOW,LOW,LOW,LOW,NO,JM1
MEDIUM,HIGH,LOW,HIGH,LOW,LOW,LOW,MEDIUM,NO,JM1
LOW,LOW,LOW,LOW,LOW,LOW,LOW,LOW,NO,JM1
MEDIUM,LOW,LOW,LOW,MEDIUM,LOW,MEDIUM,LOW,NO,JM1
HIGH,HIGH,LOW,HIGH,HIGH,HIGH,HIGH,HIGH,NO,JM1
MEDIUM,HIGH,LOW,LOW,MEDIUM,MEDIUM,MEDIUM,HIGH,NO,JM1
MEDIUM,MEDIUM,LOW,MEDIUM,HIGH,HIGH,HIGH,MEDIUM,NO,JM1
MEDIUM,LOW,LOW,MEDIUM,MEDIUM,MEDIUM,MEDIUM,LOW,NO,JM1
MEDIUM,LOW,LOW,MEDIUM,MEDIUM,MEDIUM,MEDIUM,LOW,NO,JM1
LOW,LOW,LOW,LOW,LOW,LOW,LOW,LOW,NO,JM1
LOW,LOW,LOW,LOW,LOW,LOW,LOW,LOW,NO,JM1
LOW,LOW,LOW,LOW,LOW,MEDIUM,LOW,LOW,NO,JM1
MEDIUM,LOW,MEDIUM,LOW,LOW,LOW,LOW,LOW,NO,JM1
LOW,LOW,LOW,LOW,LOW,LOW,LOW,LOW,NO,JM1
LOW,LOW,LOW,LOW,MEDIUM,LOW,LOW,LOW,NO,JM1
HIGH,MEDIUM,LOW,HIGH,HIGH,HIGH,HIGH,MEDIUM,NO,JM1
LOW,LOW,LOW,LOW,MEDIUM,LOW,MEDIUM,LOW,NO,JM1
MEDIUM,HIGH,HIGH,HIGH,LOW,LOW,LOW,HIGH,NO,JM1
MEDIUM,HIGH,HIGH,HIGH,LOW,LOW,LOW,HIGH,NO,JM1
MEDIUM,LOW,LOW,MEDIUM,LOW,LOW,LOW,LOW,NO,JM1
HIGH,LOW,LOW,LOW,HIGH,HIGH,HIGH,LOW,NO,JM1
LOW,LOW,LOW,LOW,LOW,LOW,LOW,LOW,NO,JM1
HIGH,LOW,LOW,LOW,LOW,LOW,LOW,LOW,NO,JM1
MEDIUM,LOW,LOW,LOW,LOW,LOW,LOW,LOW,NO,JM1
HIGH,LOW,LOW,LOW,HIGH,MEDIUM,HIGH,LOW,NO,JM1
LOW,LOW,LOW,LOW,LOW,LOW,LOW,LOW,NO,JM1
LOW,LOW,LOW,LOW,LOW,LOW,LOW,LOW,NO,JM1
LOW,LOW,LOW,LOW,LOW,LOW,LOW,LOW,NO,JM1
LOW,LOW,LOW,MEDIUM,MEDIUM,MEDIUM,MEDIUM,LOW,NO,JM1
MEDIUM,MEDIUM,HIGH,MEDIUM,MEDIUM,HIGH,MEDIUM,MEDIUM,NO,JM1
LOW,LOW,MEDIUM,LOW,LOW,LOW,LOW,LOW,NO,JM1
HIGH,HIGH,LOW,HIGH,HIGH,HIGH,HIGH,HIGH,NO,JM1
MEDIUM,MEDIUM,MEDIUM,MEDIUM,LOW,LOW,LOW,MEDIUM,NO,JM1
LOW,LOW,LOW,LOW,LOW,LOW,LOW,LOW,NO,JM1
LOW,LOW,LOW,LOW,LOW,LOW,LOW,LOW,NO,JM1
LOW,LOW,LOW,LOW,LOW,LOW,LOW,LOW,NO,JM1
LOW,LOW,LOW,LOW,MEDIUM,LOW,LOW,LOW,NO,JM1
MEDIUM,MEDIUM,HIGH,HIGH,HIGH,HIGH,HIGH,MEDIUM,NO,JM1
LOW,LOW,MEDIUM,LOW,LOW,LOW,LOW,LOW,NO,JM1
LOW,LOW,MEDIUM,LOW,LOW,LOW,LOW,LOW,NO,JM1
MEDIUM,HIGH,LOW,HIGH,HIGH,MEDIUM,HIGH,MEDIUM,NO,JM1
MEDIUM,MEDIUM,LOW,HIGH,MEDIUM,MEDIUM,MEDIUM,MEDIUM,NO,JM1
MEDIUM,HIGH,LOW,HIGH,HIGH,MEDIUM,HIGH,MEDIUM,NO,JM1
LOW,LOW,LOW,LOW,LOW,LOW,LOW,LOW,NO,JM1
LOW,LOW,LOW,LOW,MEDIUM,MEDIUM,LOW,LOW,NO,JM1
HIGH,HIGH,HIGH,HIGH,HIGH,HIGH,HIGH,HIGH,NO,JM1
LOW,LOW,LOW,LOW,LOW,LOW,LOW,LOW,NO,JM1
LOW,LOW,LOW,LOW,LOW,LOW,LOW,LOW,NO,JM1
MEDIUM,HIGH,LOW,HIGH,HIGH,MEDIUM,HIGH,MEDIUM,NO,JM1
MEDIUM,LOW,LOW,LOW,LOW,LOW,LOW,LOW,NO,JM1
LOW,LOW,LOW,MEDIUM,MEDIUM,LOW,MEDIUM,LOW,NO,JM1
LOW,LOW,LOW,LOW,MEDIUM,LOW,LOW,LOW,NO,JM1
MEDIUM,MEDIUM,LOW,HIGH,MEDIUM,MEDIUM,MEDIUM,MEDIUM,NO,JM1
LOW,LOW,LOW,LOW,LOW,LOW,LOW,LOW,NO,JM1
LOW,LOW,LOW,LOW,LOW,MEDIUM,LOW,LOW,NO,JM1
MEDIUM,LOW,LOW,LOW,LOW,LOW,LOW,LOW,NO,JM1
MEDIUM,MEDIUM,LOW,MEDIUM,HIGH,HIGH,HIGH,MEDIUM,NO,JM1
MEDIUM,LOW,LOW,LOW,HIGH,MEDIUM,HIGH,LOW,NO,JM1
MEDIUM,HIGH,HIGH,HIGH,LOW,LOW,LOW,HIGH,NO,JM1
LOW,LOW,LOW,LOW,MEDIUM,MEDIUM,MEDIUM,LOW,NO,JM1
HIGH,LOW,LOW,MEDIUM,HIGH,HIGH,HIGH,LOW,NO,JM1
LOW,LOW,LOW,LOW,MEDIUM,LOW,LOW,LOW,NO,JM1
MEDIUM,MEDIUM,LOW,MEDIUM,HIGH,MEDIUM,HIGH,MEDIUM,NO,JM1
LOW,LOW,LOW,LOW,MEDIUM,LOW,LOW,LOW,NO,JM1
LOW,LOW,LOW,LOW,LOW,LOW,LOW,LOW,NO,JM1
LOW,LOW,LOW,LOW,MEDIUM,LOW,MEDIUM,LOW,NO,JM1
MEDIUM,HIGH,LOW,HIGH,LOW,LOW,LOW,HIGH,NO,JM1
HIGH,HIGH,HIGH,HIGH,LOW,LOW,LOW,HIGH,NO,JM1
HIGH,HIGH,LOW,HIGH,HIGH,MEDIUM,HIGH,HIGH,NO,JM1
MEDIUM,LOW,LOW,LOW,LOW,LOW,LOW,LOW,NO,JM1
MEDIUM,LOW,LOW,LOW,HIGH,MEDIUM,MEDIUM,LOW,NO,JM1
LOW,LOW,LOW,LOW,LOW,LOW,LOW,LOW,NO,JM1
HIGH,HIGH,HIGH,HIGH,HIGH,HIGH,HIGH,HIGH,NO,JM1
LOW,LOW,LOW,LOW,HIGH,LOW,MEDIUM,LOW,NO,JM1
LOW,LOW,LOW,LOW,LOW,MEDIUM,MEDIUM,LOW,NO,JM1
LOW,LOW,LOW,LOW,LOW,LOW,LOW,LOW,NO,JM1
LOW,LOW,LOW,LOW,LOW,LOW,LOW,LOW,NO,JM1
MEDIUM,LOW,LOW,LOW,MEDIUM,LOW,LOW,LOW,NO,JM1
HIGH,HIGH,LOW,HIGH,HIGH,HIGH,HIGH,HIGH,NO,JM1
MEDIUM,LOW,LOW,MEDIUM,MEDIUM,MEDIUM,MEDIUM,LOW,NO,JM1
MEDIUM,MEDIUM,LOW,MEDIUM,MEDIUM,MEDIUM,MEDIUM,MEDIUM,NO,JM1
HIGH,HIGH,HIGH,MEDIUM,HIGH,HIGH,HIGH,HIGH,NO,JM1
LOW,LOW,LOW,LOW,MEDIUM,MEDIUM,MEDIUM,LOW,NO,JM1
MEDIUM,MEDIUM,HIGH,HIGH,HIGH,HIGH,HIGH,MEDIUM,NO,JM1
LOW,MEDIUM,HIGH,LOW,LOW,LOW,LOW,MEDIUM,NO,JM1
MEDIUM,MEDIUM,HIGH,HIGH,HIGH,HIGH,HIGH,MEDIUM,NO,JM1
MEDIUM,LOW,LOW,LOW,MEDIUM,MEDIUM,MEDIUM,LOW,NO,JM1
LOW,LOW,LOW,LOW,LOW,LOW,LOW,LOW,NO,JM1
MEDIUM,MEDIUM,LOW,MEDIUM,MEDIUM,MEDIUM,MEDIUM,MEDIUM,NO,JM1
LOW,LOW,LOW,LOW,LOW,LOW,LOW,LOW,NO,JM1
LOW,LOW,LOW,LOW,LOW,LOW,LOW,LOW,NO,JM1
LOW,LOW,LOW,LOW,LOW,LOW,LOW,LOW,NO,JM1
LOW,LOW,LOW,LOW,LOW,LOW,LOW,LOW,NO,JM1
LOW,LOW,LOW,LOW,LOW,LOW,LOW,LOW,NO,JM1
MEDIUM,MEDIUM,LOW,MEDIUM,MEDIUM,MEDIUM,MEDIUM,MEDIUM,NO,JM1
LOW,LOW,LOW,LOW,LOW,LOW,LOW,LOW,NO,JM1
LOW,LOW,LOW,LOW,LOW,LOW,LOW,LOW,NO,JM1
MEDIUM,MEDIUM,LOW,MEDIUM,MEDIUM,MEDIUM,MEDIUM,MEDIUM,NO,JM1
MEDIUM,MEDIUM,LOW,MEDIUM,MEDIUM,HIGH,MEDIUM,MEDIUM,NO,JM1
LOW,LOW,LOW,LOW,LOW,LOW,LOW,LOW,NO,JM1
MEDIUM,MEDIUM,LOW,MEDIUM,MEDIUM,HIGH,HIGH,MEDIUM,NO,JM1
LOW,LOW,LOW,LOW,LOW,MEDIUM,LOW,LOW,NO,JM1
LOW,MEDIUM,LOW,HIGH,MEDIUM,MEDIUM,MEDIUM,MEDIUM,NO,JM1
LOW,LOW,LOW,LOW,LOW,LOW,LOW,LOW,NO,JM1
LOW,LOW,LOW,LOW,LOW,LOW,LOW,LOW,NO,JM1
MEDIUM,LOW,LOW,LOW,MEDIUM,HIGH,MEDIUM,LOW,NO,JM1
HIGH,LOW,LOW,MEDIUM,HIGH,HIGH,HIGH,LOW,NO,JM1
HIGH,HIGH,LOW,HIGH,HIGH,HIGH,HIGH,HIGH,NO,JM1
HIGH,HIGH,HIGH,HIGH,HIGH,HIGH,HIGH,HIGH,NO,JM1
LOW,LOW,LOW,LOW,LOW,LOW,LOW,LOW,NO,JM1
LOW,LOW,LOW,LOW,LOW,LOW,LOW,LOW,NO,JM1
LOW,LOW,LOW,LOW,LOW,LOW,LOW,LOW,NO,JM1
LOW,LOW,LOW,LOW,LOW,LOW,LOW,LOW,NO,JM1
MEDIUM,LOW,LOW,LOW,LOW,LOW,LOW,LOW,NO,JM1
LOW,LOW,LOW,LOW,LOW,LOW,LOW,LOW,NO,JM1
LOW,LOW,LOW,LOW,LOW,LOW,LOW,LOW,NO,JM1
LOW,LOW,LOW,LOW,LOW,LOW,LOW,LOW,NO,JM1
LOW,LOW,LOW,LOW,LOW,LOW,LOW,LOW,NO,JM1
LOW,LOW,LOW,LOW,LOW,LOW,LOW,LOW,NO,JM1
LOW,MEDIUM,LOW,MEDIUM,MEDIUM,LOW,MEDIUM,MEDIUM,NO,JM1
HIGH,HIGH,MEDIUM,HIGH,HIGH,HIGH,HIGH,HIGH,NO,JM1
HIGH,HIGH,HIGH,HIGH,HIGH,HIGH,HIGH,HIGH,NO,JM1
MEDIUM,LOW,LOW,LOW,MEDIUM,LOW,LOW,LOW,NO,JM1
MEDIUM,MEDIUM,LOW,MEDIUM,MEDIUM,LOW,MEDIUM,MEDIUM,NO,JM1
MEDIUM,MEDIUM,LOW,MEDIUM,HIGH,MEDIUM,HIGH,MEDIUM,NO,JM1
MEDIUM,LOW,LOW,LOW,MEDIUM,LOW,MEDIUM,LOW,NO,JM1
LOW,LOW,LOW,LOW,LOW,LOW,LOW,LOW,NO,JM1
LOW,LOW,LOW,LOW,LOW,LOW,LOW,LOW,NO,JM1
LOW,LOW,LOW,LOW,LOW,LOW,LOW,LOW,NO,JM1
HIGH,HIGH,HIGH,HIGH,HIGH,HIGH,HIGH,HIGH,NO,JM1
MEDIUM,MEDIUM,HIGH,HIGH,MEDIUM,MEDIUM,MEDIUM,MEDIUM,NO,JM1
MEDIUM,MEDIUM,LOW,LOW,MEDIUM,MEDIUM,MEDIUM,MEDIUM,NO,JM1
HIGH,MEDIUM,LOW,HIGH,MEDIUM,MEDIUM,MEDIUM,MEDIUM,NO,JM1
LOW,LOW,LOW,LOW,LOW,LOW,LOW,LOW,NO,JM1
HIGH,HIGH,HIGH,HIGH,HIGH,HIGH,HIGH,HIGH,NO,JM1
MEDIUM,LOW,LOW,LOW,HIGH,HIGH,HIGH,LOW,NO,JM1
MEDIUM,MEDIUM,LOW,MEDIUM,MEDIUM,LOW,MEDIUM,LOW,NO,JM1
MEDIUM,LOW,LOW,LOW,MEDIUM,MEDIUM,MEDIUM,LOW,NO,JM1
MEDIUM,LOW,LOW,LOW,LOW,LOW,LOW,LOW,NO,JM1
LOW,LOW,LOW,LOW,LOW,LOW,LOW,LOW,NO,JM1
MEDIUM,MEDIUM,LOW,MEDIUM,MEDIUM,MEDIUM,MEDIUM,MEDIUM,NO,JM1
LOW,LOW,LOW,LOW,MEDIUM,LOW,LOW,LOW,NO,JM1
LOW,LOW,LOW,MEDIUM,LOW,LOW,LOW,LOW,NO,JM1
MEDIUM,LOW,MEDIUM,LOW,MEDIUM,MEDIUM,MEDIUM,LOW,NO,JM1
LOW,LOW,LOW,LOW,LOW,LOW,LOW,LOW,NO,JM1
MEDIUM,LOW,LOW,MEDIUM,MEDIUM,MEDIUM,MEDIUM,LOW,NO,JM1
LOW,LOW,LOW,LOW,LOW,LOW,LOW,LOW,NO,JM1
HIGH,HIGH,LOW,HIGH,HIGH,HIGH,HIGH,HIGH,NO,JM1
MEDIUM,MEDIUM,MEDIUM,MEDIUM,MEDIUM,HIGH,HIGH,MEDIUM,NO,JM1
LOW,LOW,LOW,LOW,LOW,LOW,LOW,LOW,NO,JM1
MEDIUM,LOW,MEDIUM,LOW,MEDIUM,MEDIUM,MEDIUM,LOW,NO,JM1
LOW,LOW,LOW,LOW,MEDIUM,LOW,MEDIUM,LOW,NO,JM1
LOW,LOW,LOW,LOW,LOW,LOW,LOW,LOW,NO,JM1
LOW,LOW,MEDIUM,LOW,LOW,MEDIUM,LOW,LOW,NO,JM1
MEDIUM,MEDIUM,LOW,MEDIUM,HIGH,MEDIUM,MEDIUM,MEDIUM,NO,JM1
MEDIUM,MEDIUM,MEDIUM,MEDIUM,HIGH,HIGH,HIGH,MEDIUM,NO,JM1
HIGH,MEDIUM,LOW,MEDIUM,HIGH,HIGH,HIGH,MEDIUM,NO,JM1
LOW,LOW,LOW,LOW,LOW,MEDIUM,LOW,LOW,NO,JM1
LOW,LOW,LOW,LOW,MEDIUM,MEDIUM,MEDIUM,LOW,NO,JM1
LOW,LOW,LOW,LOW,LOW,LOW,LOW,LOW,NO,JM1
LOW,LOW,LOW,LOW,MEDIUM,MEDIUM,MEDIUM,LOW,NO,JM1
LOW,LOW,LOW,LOW,LOW,LOW,LOW,LOW,NO,JM1
LOW,LOW,LOW,LOW,LOW,LOW,LOW,LOW,NO,JM1
HIGH,HIGH,LOW,HIGH,HIGH,HIGH,HIGH,HIGH,NO,JM1
MEDIUM,MEDIUM,MEDIUM,MEDIUM,MEDIUM,HIGH,HIGH,MEDIUM,NO,JM1
LOW,LOW,LOW,LOW,LOW,LOW,LOW,LOW,NO,JM1
MEDIUM,LOW,LOW,LOW,MEDIUM,MEDIUM,MEDIUM,LOW,NO,JM1
MEDIUM,LOW,LOW,LOW,MEDIUM,MEDIUM,MEDIUM,LOW,NO,JM1
LOW,LOW,LOW,LOW,LOW,LOW,LOW,LOW,NO,JM1
LOW,LOW,MEDIUM,LOW,MEDIUM,MEDIUM,MEDIUM,LOW,NO,JM1
MEDIUM,MEDIUM,LOW,MEDIUM,MEDIUM,MEDIUM,MEDIUM,MEDIUM,NO,JM1
HIGH,HIGH,HIGH,HIGH,HIGH,HIGH,HIGH,HIGH,NO,JM1
MEDIUM,LOW,LOW,LOW,HIGH,MEDIUM,HIGH,LOW,NO,JM1
LOW,LOW,LOW,LOW,LOW,LOW,LOW,LOW,NO,JM1
MEDIUM,MEDIUM,LOW,LOW,MEDIUM,MEDIUM,MEDIUM,MEDIUM,NO,JM1
LOW,LOW,LOW,LOW,MEDIUM,MEDIUM,MEDIUM,LOW,NO,JM1
LOW,LOW,LOW,LOW,LOW,LOW,LOW,LOW,NO,JM1
LOW,LOW,LOW,LOW,LOW,LOW,LOW,LOW,NO,JM1
HIGH,MEDIUM,LOW,LOW,MEDIUM,MEDIUM,MEDIUM,MEDIUM,NO,JM1
HIGH,MEDIUM,LOW,LOW,MEDIUM,MEDIUM,MEDIUM,MEDIUM,NO,JM1
MEDIUM,LOW,LOW,LOW,MEDIUM,MEDIUM,MEDIUM,LOW,NO,JM1
MEDIUM,LOW,LOW,LOW,MEDIUM,MEDIUM,MEDIUM,LOW,NO,JM1
HIGH,HIGH,HIGH,HIGH,HIGH,HIGH,HIGH,HIGH,NO,JM1
HIGH,HIGH,LOW,HIGH,HIGH,MEDIUM,HIGH,HIGH,NO,JM1
MEDIUM,LOW,LOW,MEDIUM,MEDIUM,LOW,LOW,LOW,NO,JM1
LOW,LOW,LOW,LOW,LOW,LOW,LOW,LOW,NO,JM1
LOW,LOW,LOW,LOW,LOW,LOW,LOW,LOW,NO,JM1
LOW,LOW,LOW,LOW,LOW,LOW,LOW,LOW,NO,JM1
MEDIUM,LOW,LOW,LOW,MEDIUM,MEDIUM,MEDIUM,LOW,NO,JM1
LOW,LOW,LOW,LOW,LOW,LOW,LOW,LOW,NO,JM1
LOW,LOW,LOW,LOW,LOW,LOW,LOW,LOW,NO,JM1
LOW,LOW,LOW,LOW,LOW,LOW,LOW,LOW,NO,JM1
LOW,LOW,LOW,LOW,LOW,LOW,LOW,LOW,NO,JM1
MEDIUM,MEDIUM,LOW,HIGH,HIGH,MEDIUM,MEDIUM,MEDIUM,NO,JM1
MEDIUM,LOW,LOW,MEDIUM,MEDIUM,MEDIUM,MEDIUM,LOW,NO,JM1
LOW,LOW,LOW,LOW,MEDIUM,LOW,LOW,LOW,NO,JM1
LOW,LOW,LOW,LOW,LOW,LOW,LOW,LOW,NO,JM1
MEDIUM,LOW,LOW,LOW,MEDIUM,MEDIUM,MEDIUM,LOW,NO,JM1
HIGH,HIGH,HIGH,HIGH,HIGH,HIGH,HIGH,HIGH,NO,JM1
MEDIUM,MEDIUM,LOW,MEDIUM,MEDIUM,MEDIUM,MEDIUM,MEDIUM,NO,JM1
HIGH,MEDIUM,HIGH,HIGH,HIGH,HIGH,HIGH,MEDIUM,NO,JM1
MEDIUM,MEDIUM,HIGH,MEDIUM,MEDIUM,MEDIUM,MEDIUM,MEDIUM,NO,JM1
MEDIUM,LOW,MEDIUM,MEDIUM,MEDIUM,MEDIUM,MEDIUM,LOW,NO,JM1
MEDIUM,MEDIUM,LOW,HIGH,MEDIUM,LOW,LOW,MEDIUM,NO,JM1
HIGH,HIGH,LOW,HIGH,MEDIUM,MEDIUM,MEDIUM,HIGH,NO,JM1
LOW,LOW,LOW,LOW,MEDIUM,MEDIUM,MEDIUM,LOW,NO,JM1
LOW,LOW,LOW,LOW,LOW,LOW,LOW,LOW,NO,JM1
LOW,LOW,LOW,LOW,LOW,LOW,LOW,LOW,NO,JM1
MEDIUM,HIGH,LOW,HIGH,HIGH,HIGH,HIGH,HIGH,NO,JM1
HIGH,HIGH,LOW,HIGH,HIGH,HIGH,HIGH,HIGH,NO,JM1
LOW,LOW,LOW,LOW,LOW,LOW,LOW,LOW,NO,JM1
HIGH,LOW,LOW,LOW,HIGH,MEDIUM,MEDIUM,LOW,NO,JM1
LOW,LOW,LOW,LOW,LOW,LOW,LOW,LOW,NO,JM1
LOW,LOW,LOW,LOW,LOW,LOW,LOW,LOW,NO,JM1
LOW,LOW,LOW,LOW,MEDIUM,MEDIUM,MEDIUM,LOW,NO,JM1
HIGH,HIGH,LOW,HIGH,HIGH,HIGH,HIGH,HIGH,NO,JM1
HIGH,MEDIUM,LOW,MEDIUM,HIGH,HIGH,HIGH,MEDIUM,NO,JM1
HIGH,HIGH,MEDIUM,HIGH,HIGH,HIGH,HIGH,HIGH,NO,JM1
LOW,LOW,LOW,LOW,LOW,LOW,LOW,LOW,NO,JM1
MEDIUM,MEDIUM,LOW,LOW,MEDIUM,MEDIUM,MEDIUM,MEDIUM,NO,JM1
HIGH,HIGH,HIGH,MEDIUM,HIGH,HIGH,HIGH,HIGH,NO,JM1
MEDIUM,MEDIUM,MEDIUM,MEDIUM,MEDIUM,MEDIUM,MEDIUM,MEDIUM,NO,JM1
HIGH,HIGH,HIGH,MEDIUM,HIGH,HIGH,HIGH,HIGH,NO,JM1
MEDIUM,LOW,LOW,MEDIUM,HIGH,MEDIUM,HIGH,LOW,NO,JM1
MEDIUM,MEDIUM,LOW,MEDIUM,MEDIUM,MEDIUM,MEDIUM,MEDIUM,NO,JM1
LOW,MEDIUM,MEDIUM,MEDIUM,MEDIUM,MEDIUM,MEDIUM,MEDIUM,NO,JM1
HIGH,HIGH,HIGH,HIGH,HIGH,MEDIUM,HIGH,HIGH,NO,JM1
MEDIUM,LOW,LOW,LOW,HIGH,MEDIUM,HIGH,LOW,NO,JM1
LOW,LOW,LOW,LOW,LOW,LOW,LOW,LOW,NO,JM1
LOW,LOW,LOW,LOW,LOW,LOW,LOW,LOW,NO,JM1
MEDIUM,MEDIUM,LOW,HIGH,MEDIUM,MEDIUM,MEDIUM,MEDIUM,NO,JM1
HIGH,MEDIUM,HIGH,MEDIUM,HIGH,HIGH,HIGH,MEDIUM,NO,JM1
HIGH,HIGH,HIGH,MEDIUM,MEDIUM,HIGH,MEDIUM,HIGH,NO,JM1
LOW,LOW,LOW,LOW,LOW,LOW,LOW,LOW,NO,JM1
MEDIUM,LOW,LOW,MEDIUM,HIGH,MEDIUM,HIGH,LOW,NO,JM1
HIGH,HIGH,HIGH,HIGH,HIGH,HIGH,HIGH,HIGH,NO,JM1
LOW,LOW,LOW,LOW,MEDIUM,MEDIUM,MEDIUM,LOW,NO,JM1
MEDIUM,LOW,LOW,LOW,MEDIUM,MEDIUM,MEDIUM,LOW,NO,JM1
LOW,LOW,LOW,LOW,LOW,LOW,LOW,LOW,NO,JM1
HIGH,LOW,LOW,MEDIUM,HIGH,MEDIUM,HIGH,LOW,NO,JM1
LOW,LOW,LOW,LOW,LOW,LOW,LOW,LOW,NO,JM1
HIGH,HIGH,HIGH,HIGH,HIGH,HIGH,HIGH,HIGH,NO,JM1
HIGH,HIGH,LOW,HIGH,HIGH,HIGH,HIGH,HIGH,NO,JM1
MEDIUM,HIGH,HIGH,MEDIUM,LOW,LOW,LOW,HIGH,NO,JM1
HIGH,HIGH,LOW,HIGH,HIGH,HIGH,HIGH,HIGH,NO,JM1
LOW,LOW,LOW,LOW,LOW,LOW,LOW,LOW,NO,JM1
LOW,LOW,LOW,LOW,LOW,LOW,LOW,LOW,NO,JM1
LOW,LOW,LOW,LOW,LOW,LOW,LOW,LOW,NO,JM1
LOW,LOW,LOW,LOW,LOW,LOW,LOW,LOW,NO,JM1
LOW,LOW,LOW,LOW,LOW,LOW,LOW,LOW,NO,JM1
HIGH,MEDIUM,MEDIUM,LOW,MEDIUM,MEDIUM,MEDIUM,MEDIUM,NO,JM1
MEDIUM,MEDIUM,MEDIUM,LOW,MEDIUM,HIGH,MEDIUM,MEDIUM,NO,JM1
LOW,LOW,LOW,LOW,LOW,LOW,LOW,LOW,NO,JM1
LOW,LOW,LOW,LOW,LOW,MEDIUM,LOW,LOW,NO,JM1
HIGH,HIGH,HIGH,HIGH,LOW,LOW,LOW,HIGH,NO,JM1
LOW,LOW,LOW,LOW,LOW,LOW,LOW,LOW,NO,JM1
LOW,LOW,LOW,LOW,LOW,LOW,LOW,LOW,NO,JM1
MEDIUM,MEDIUM,HIGH,LOW,LOW,LOW,LOW,MEDIUM,NO,JM1
HIGH,LOW,MEDIUM,LOW,LOW,LOW,LOW,LOW,NO,JM1
LOW,LOW,LOW,LOW,LOW,LOW,LOW,LOW,NO,JM1
HIGH,HIGH,HIGH,HIGH,HIGH,HIGH,HIGH,HIGH,NO,JM1
LOW,LOW,LOW,LOW,LOW,LOW,LOW,LOW,NO,JM1
HIGH,HIGH,LOW,HIGH,HIGH,HIGH,HIGH,HIGH,NO,JM1
HIGH,MEDIUM,LOW,MEDIUM,HIGH,HIGH,HIGH,MEDIUM,NO,JM1
HIGH,MEDIUM,LOW,MEDIUM,HIGH,HIGH,HIGH,MEDIUM,NO,JM1
HIGH,HIGH,HIGH,HIGH,HIGH,HIGH,HIGH,MEDIUM,NO,JM1
MEDIUM,MEDIUM,LOW,MEDIUM,MEDIUM,MEDIUM,MEDIUM,MEDIUM,NO,JM1
LOW,LOW,LOW,MEDIUM,MEDIUM,MEDIUM,MEDIUM,LOW,NO,JM1
MEDIUM,HIGH,HIGH,MEDIUM,MEDIUM,MEDIUM,MEDIUM,HIGH,NO,JM1
LOW,LOW,LOW,LOW,LOW,MEDIUM,LOW,LOW,NO,JM1
LOW,LOW,LOW,LOW,LOW,LOW,LOW,LOW,NO,JM1
LOW,LOW,LOW,LOW,LOW,LOW,LOW,LOW,NO,JM1
LOW,LOW,LOW,LOW,LOW,LOW,LOW,LOW,NO,JM1
LOW,LOW,LOW,LOW,LOW,LOW,LOW,LOW,NO,JM1
LOW,LOW,LOW,LOW,LOW,LOW,LOW,LOW,NO,JM1
HIGH,MEDIUM,HIGH,HIGH,HIGH,HIGH,HIGH,MEDIUM,NO,JM1
MEDIUM,LOW,LOW,LOW,MEDIUM,MEDIUM,MEDIUM,LOW,NO,JM1
LOW,LOW,LOW,MEDIUM,HIGH,MEDIUM,MEDIUM,LOW,NO,JM1
LOW,LOW,LOW,LOW,LOW,LOW,LOW,LOW,NO,JM1
HIGH,HIGH,HIGH,HIGH,HIGH,HIGH,HIGH,HIGH,NO,JM1
LOW,LOW,LOW,LOW,LOW,LOW,LOW,LOW,NO,JM1
LOW,LOW,LOW,LOW,LOW,LOW,LOW,LOW,NO,JM1
LOW,LOW,LOW,LOW,LOW,LOW,LOW,LOW,NO,JM1
LOW,LOW,LOW,LOW,LOW,LOW,LOW,LOW,NO,JM1
MEDIUM,LOW,LOW,LOW,MEDIUM,MEDIUM,MEDIUM,LOW,NO,JM1
HIGH,HIGH,LOW,HIGH,HIGH,HIGH,HIGH,HIGH,NO,JM1
LOW,LOW,LOW,LOW,LOW,LOW,LOW,LOW,NO,JM1
MEDIUM,MEDIUM,MEDIUM,HIGH,MEDIUM,MEDIUM,MEDIUM,MEDIUM,NO,JM1
LOW,LOW,LOW,LOW,LOW,LOW,LOW,LOW,NO,JM1
LOW,LOW,LOW,MEDIUM,LOW,LOW,LOW,LOW,NO,JM1
LOW,LOW,LOW,MEDIUM,LOW,LOW,LOW,LOW,NO,JM1
LOW,LOW,LOW,LOW,LOW,LOW,LOW,LOW,NO,JM1
LOW,LOW,LOW,MEDIUM,LOW,LOW,LOW,LOW,NO,JM1
LOW,LOW,LOW,MEDIUM,LOW,LOW,LOW,LOW,NO,JM1
MEDIUM,MEDIUM,MEDIUM,HIGH,MEDIUM,MEDIUM,MEDIUM,MEDIUM,NO,JM1
LOW,LOW,LOW,LOW,LOW,LOW,LOW,LOW,NO,JM1
LOW,LOW,LOW,MEDIUM,LOW,LOW,LOW,LOW,NO,JM1
LOW,LOW,LOW,LOW,LOW,LOW,LOW,LOW,NO,JM1
LOW,LOW,LOW,MEDIUM,MEDIUM,LOW,LOW,LOW,NO,JM1
MEDIUM,MEDIUM,LOW,MEDIUM,MEDIUM,LOW,MEDIUM,MEDIUM,NO,JM1
LOW,LOW,LOW,LOW,LOW,LOW,LOW,LOW,NO,JM1
HIGH,MEDIUM,LOW,HIGH,HIGH,HIGH,HIGH,MEDIUM,NO,JM1
LOW,LOW,LOW,LOW,LOW,LOW,LOW,LOW,NO,JM1
LOW,LOW,LOW,LOW,LOW,LOW,LOW,LOW,NO,JM1
MEDIUM,LOW,LOW,LOW,MEDIUM,MEDIUM,MEDIUM,LOW,NO,JM1
MEDIUM,MEDIUM,LOW,MEDIUM,HIGH,HIGH,HIGH,LOW,NO,JM1
MEDIUM,MEDIUM,MEDIUM,MEDIUM,MEDIUM,MEDIUM,MEDIUM,MEDIUM,NO,JM1
LOW,LOW,LOW,LOW,LOW,LOW,LOW,LOW,NO,JM1
HIGH,MEDIUM,LOW,MEDIUM,HIGH,HIGH,HIGH,MEDIUM,NO,JM1
MEDIUM,MEDIUM,LOW,MEDIUM,MEDIUM,MEDIUM,MEDIUM,MEDIUM,NO,JM1
HIGH,HIGH,HIGH,LOW,HIGH,HIGH,HIGH,HIGH,NO,JM1
LOW,LOW,LOW,LOW,LOW,LOW,LOW,LOW,NO,JM1
MEDIUM,HIGH,HIGH,HIGH,HIGH,HIGH,HIGH,HIGH,NO,JM1
LOW,MEDIUM,HIGH,MEDIUM,MEDIUM,MEDIUM,MEDIUM,MEDIUM,NO,JM1
LOW,MEDIUM,LOW,MEDIUM,MEDIUM,HIGH,MEDIUM,MEDIUM,NO,JM1
LOW,LOW,LOW,LOW,LOW,LOW,LOW,LOW,NO,JM1
LOW,MEDIUM,HIGH,HIGH,MEDIUM,HIGH,HIGH,MEDIUM,NO,JM1
MEDIUM,MEDIUM,MEDIUM,HIGH,MEDIUM,HIGH,HIGH,MEDIUM,NO,JM1
LOW,MEDIUM,HIGH,MEDIUM,HIGH,HIGH,HIGH,MEDIUM,NO,JM1
MEDIUM,HIGH,LOW,HIGH,HIGH,HIGH,HIGH,HIGH,NO,JM1
LOW,MEDIUM,HIGH,MEDIUM,HIGH,HIGH,HIGH,MEDIUM,NO,JM1
LOW,LOW,LOW,LOW,MEDIUM,MEDIUM,MEDIUM,LOW,NO,JM1
MEDIUM,MEDIUM,HIGH,LOW,MEDIUM,HIGH,HIGH,MEDIUM,NO,JM1
MEDIUM,HIGH,HIGH,HIGH,HIGH,HIGH,HIGH,HIGH,NO,JM1
MEDIUM,HIGH,LOW,HIGH,HIGH,HIGH,HIGH,HIGH,NO,JM1
LOW,MEDIUM,HIGH,MEDIUM,HIGH,HIGH,HIGH,MEDIUM,NO,JM1
MEDIUM,HIGH,HIGH,HIGH,HIGH,HIGH,HIGH,HIGH,NO,JM1
LOW,LOW,LOW,LOW,MEDIUM,MEDIUM,MEDIUM,LOW,NO,JM1
LOW,MEDIUM,LOW,LOW,MEDIUM,MEDIUM,MEDIUM,MEDIUM,NO,JM1
HIGH,HIGH,HIGH,HIGH,HIGH,HIGH,HIGH,HIGH,NO,JM1
MEDIUM,HIGH,HIGH,HIGH,HIGH,HIGH,HIGH,HIGH,NO,JM1
HIGH,HIGH,LOW,HIGH,HIGH,HIGH,HIGH,HIGH,NO,JM1
HIGH,HIGH,LOW,MEDIUM,HIGH,HIGH,HIGH,HIGH,NO,JM1
HIGH,MEDIUM,LOW,MEDIUM,MEDIUM,MEDIUM,MEDIUM,MEDIUM,NO,JM1
HIGH,HIGH,LOW,MEDIUM,HIGH,HIGH,HIGH,HIGH,NO,JM1
MEDIUM,MEDIUM,LOW,MEDIUM,MEDIUM,HIGH,HIGH,MEDIUM,NO,JM1
LOW,MEDIUM,HIGH,LOW,LOW,MEDIUM,MEDIUM,MEDIUM,NO,JM1
LOW,LOW,LOW,LOW,MEDIUM,MEDIUM,MEDIUM,LOW,NO,JM1
HIGH,HIGH,HIGH,HIGH,HIGH,HIGH,HIGH,HIGH,NO,JM1
LOW,LOW,LOW,LOW,LOW,LOW,LOW,LOW,NO,JM1
LOW,LOW,LOW,LOW,LOW,LOW,LOW,LOW,NO,JM1
HIGH,HIGH,HIGH,HIGH,HIGH,HIGH,HIGH,HIGH,NO,JM1
HIGH,HIGH,HIGH,HIGH,HIGH,HIGH,HIGH,HIGH,NO,JM1
HIGH,HIGH,HIGH,HIGH,MEDIUM,HIGH,HIGH,HIGH,NO,JM1
HIGH,HIGH,HIGH,HIGH,MEDIUM,HIGH,HIGH,HIGH,NO,JM1
HIGH,HIGH,HIGH,HIGH,HIGH,HIGH,HIGH,HIGH,NO,JM1
LOW,LOW,LOW,LOW,LOW,LOW,LOW,LOW,NO,JM1
MEDIUM,MEDIUM,LOW,MEDIUM,MEDIUM,MEDIUM,MEDIUM,MEDIUM,NO,JM1
LOW,LOW,LOW,LOW,LOW,LOW,LOW,LOW,NO,JM1
HIGH,HIGH,HIGH,HIGH,MEDIUM,HIGH,HIGH,HIGH,NO,JM1
HIGH,HIGH,HIGH,HIGH,MEDIUM,HIGH,HIGH,HIGH,NO,JM1
HIGH,HIGH,HIGH,HIGH,HIGH,HIGH,HIGH,HIGH,NO,JM1
LOW,LOW,LOW,LOW,LOW,LOW,LOW,LOW,NO,JM1
LOW,LOW,LOW,LOW,LOW,LOW,LOW,LOW,NO,JM1
LOW,LOW,LOW,LOW,LOW,LOW,LOW,LOW,NO,JM1
LOW,LOW,LOW,LOW,LOW,LOW,LOW,LOW,NO,JM1
LOW,LOW,LOW,LOW,LOW,LOW,LOW,LOW,NO,JM1
LOW,LOW,LOW,MEDIUM,MEDIUM,LOW,LOW,LOW,NO,JM1
MEDIUM,LOW,LOW,LOW,MEDIUM,HIGH,MEDIUM,LOW,NO,JM1
LOW,LOW,LOW,LOW,LOW,LOW,LOW,LOW,NO,JM1
LOW,LOW,LOW,LOW,MEDIUM,MEDIUM,MEDIUM,LOW,NO,JM1
MEDIUM,MEDIUM,LOW,MEDIUM,LOW,LOW,LOW,LOW,NO,JM1
LOW,MEDIUM,HIGH,MEDIUM,LOW,LOW,LOW,MEDIUM,NO,JM1
LOW,LOW,LOW,LOW,LOW,LOW,LOW,LOW,NO,JM1
MEDIUM,MEDIUM,HIGH,MEDIUM,MEDIUM,MEDIUM,MEDIUM,MEDIUM,NO,JM1
LOW,LOW,LOW,LOW,LOW,LOW,LOW,LOW,NO,JM1
MEDIUM,MEDIUM,HIGH,MEDIUM,MEDIUM,MEDIUM,MEDIUM,MEDIUM,NO,JM1
MEDIUM,MEDIUM,HIGH,MEDIUM,MEDIUM,MEDIUM,MEDIUM,MEDIUM,NO,JM1
LOW,LOW,LOW,LOW,LOW,LOW,LOW,LOW,NO,JM1
MEDIUM,MEDIUM,MEDIUM,HIGH,MEDIUM,MEDIUM,MEDIUM,MEDIUM,NO,JM1
MEDIUM,LOW,LOW,LOW,MEDIUM,MEDIUM,MEDIUM,LOW,NO,JM1
HIGH,HIGH,HIGH,HIGH,HIGH,HIGH,HIGH,HIGH,NO,JM1
HIGH,HIGH,HIGH,HIGH,HIGH,HIGH,HIGH,HIGH,NO,JM1
HIGH,HIGH,HIGH,HIGH,LOW,LOW,LOW,HIGH,NO,JM1
HIGH,HIGH,HIGH,HIGH,HIGH,MEDIUM,HIGH,HIGH,NO,JM1
MEDIUM,LOW,LOW,MEDIUM,LOW,LOW,LOW,LOW,NO,JM1
MEDIUM,LOW,LOW,MEDIUM,MEDIUM,LOW,MEDIUM,LOW,NO,JM1
LOW,LOW,MEDIUM,LOW,LOW,LOW,LOW,LOW,NO,JM1
LOW,LOW,MEDIUM,LOW,LOW,LOW,LOW,LOW,NO,JM1
LOW,LOW,MEDIUM,LOW,LOW,LOW,LOW,LOW,NO,JM1
HIGH,HIGH,HIGH,HIGH,HIGH,HIGH,HIGH,HIGH,NO,JM1
LOW,LOW,MEDIUM,LOW,LOW,LOW,LOW,LOW,NO,JM1
LOW,LOW,LOW,LOW,LOW,LOW,LOW,LOW,NO,JM1
LOW,LOW,MEDIUM,LOW,LOW,LOW,LOW,LOW,NO,JM1
LOW,LOW,MEDIUM,LOW,LOW,LOW,LOW,LOW,NO,JM1
LOW,LOW,LOW,LOW,LOW,LOW,LOW,LOW,NO,JM1
LOW,LOW,LOW,LOW,LOW,LOW,LOW,LOW,NO,JM1
MEDIUM,MEDIUM,HIGH,MEDIUM,MEDIUM,MEDIUM,MEDIUM,MEDIUM,NO,JM1
MEDIUM,MEDIUM,HIGH,MEDIUM,MEDIUM,MEDIUM,MEDIUM,MEDIUM,NO,JM1
HIGH,HIGH,LOW,HIGH,HIGH,HIGH,HIGH,HIGH,NO,JM1
LOW,LOW,LOW,LOW,LOW,LOW,LOW,LOW,NO,JM1
HIGH,HIGH,HIGH,HIGH,HIGH,HIGH,HIGH,HIGH,NO,JM1
MEDIUM,LOW,LOW,MEDIUM,LOW,LOW,LOW,LOW,NO,JM1
HIGH,HIGH,HIGH,HIGH,HIGH,HIGH,HIGH,HIGH,NO,JM1
MEDIUM,LOW,LOW,MEDIUM,MEDIUM,MEDIUM,MEDIUM,LOW,NO,JM1
MEDIUM,LOW,LOW,MEDIUM,MEDIUM,MEDIUM,MEDIUM,LOW,NO,JM1
MEDIUM,MEDIUM,LOW,MEDIUM,MEDIUM,MEDIUM,MEDIUM,MEDIUM,NO,JM1
MEDIUM,LOW,LOW,MEDIUM,LOW,LOW,LOW,LOW,NO,JM1
HIGH,HIGH,HIGH,HIGH,HIGH,HIGH,HIGH,HIGH,NO,JM1
LOW,LOW,LOW,LOW,LOW,LOW,LOW,LOW,NO,JM1
MEDIUM,MEDIUM,MEDIUM,MEDIUM,MEDIUM,MEDIUM,MEDIUM,MEDIUM,NO,JM1
MEDIUM,MEDIUM,LOW,MEDIUM,MEDIUM,LOW,MEDIUM,MEDIUM,NO,JM1
MEDIUM,MEDIUM,LOW,MEDIUM,MEDIUM,LOW,MEDIUM,MEDIUM,NO,JM1
MEDIUM,MEDIUM,LOW,MEDIUM,MEDIUM,LOW,MEDIUM,MEDIUM,NO,JM1
MEDIUM,MEDIUM,LOW,MEDIUM,MEDIUM,LOW,MEDIUM,MEDIUM,NO,JM1
MEDIUM,MEDIUM,MEDIUM,MEDIUM,MEDIUM,MEDIUM,MEDIUM,MEDIUM,NO,JM1
LOW,LOW,LOW,LOW,LOW,LOW,LOW,LOW,NO,JM1
MEDIUM,MEDIUM,HIGH,HIGH,LOW,LOW,LOW,MEDIUM,NO,JM1
HIGH,MEDIUM,HIGH,HIGH,HIGH,MEDIUM,HIGH,MEDIUM,NO,JM1
LOW,LOW,LOW,LOW,LOW,LOW,LOW,LOW,NO,JM1
HIGH,HIGH,HIGH,HIGH,HIGH,HIGH,HIGH,HIGH,NO,JM1
HIGH,MEDIUM,LOW,MEDIUM,HIGH,HIGH,HIGH,MEDIUM,NO,JM1
HIGH,MEDIUM,LOW,MEDIUM,HIGH,HIGH,HIGH,MEDIUM,NO,JM1
MEDIUM,LOW,LOW,MEDIUM,LOW,LOW,LOW,LOW,NO,JM1
MEDIUM,LOW,LOW,MEDIUM,MEDIUM,LOW,MEDIUM,LOW,NO,JM1
HIGH,MEDIUM,LOW,MEDIUM,HIGH,MEDIUM,MEDIUM,MEDIUM,NO,JM1
HIGH,HIGH,HIGH,HIGH,HIGH,HIGH,HIGH,HIGH,NO,JM1
HIGH,HIGH,HIGH,HIGH,HIGH,HIGH,HIGH,HIGH,NO,JM1
MEDIUM,MEDIUM,LOW,MEDIUM,MEDIUM,MEDIUM,MEDIUM,MEDIUM,NO,JM1
MEDIUM,MEDIUM,HIGH,HIGH,HIGH,MEDIUM,MEDIUM,MEDIUM,NO,JM1
HIGH,HIGH,HIGH,HIGH,HIGH,HIGH,HIGH,HIGH,NO,JM1
MEDIUM,LOW,LOW,LOW,MEDIUM,MEDIUM,MEDIUM,LOW,NO,JM1
MEDIUM,HIGH,HIGH,MEDIUM,MEDIUM,MEDIUM,MEDIUM,HIGH,NO,JM1
HIGH,HIGH,HIGH,MEDIUM,HIGH,HIGH,HIGH,HIGH,NO,JM1
MEDIUM,MEDIUM,LOW,HIGH,MEDIUM,MEDIUM,MEDIUM,MEDIUM,NO,JM1
MEDIUM,LOW,LOW,LOW,MEDIUM,MEDIUM,MEDIUM,LOW,NO,JM1
HIGH,HIGH,HIGH,HIGH,HIGH,HIGH,HIGH,HIGH,NO,JM1
MEDIUM,MEDIUM,HIGH,LOW,MEDIUM,MEDIUM,MEDIUM,MEDIUM,NO,JM1
MEDIUM,MEDIUM,HIGH,MEDIUM,MEDIUM,MEDIUM,MEDIUM,MEDIUM,NO,JM1
MEDIUM,HIGH,HIGH,MEDIUM,HIGH,HIGH,HIGH,HIGH,NO,JM1
MEDIUM,LOW,LOW,MEDIUM,MEDIUM,MEDIUM,MEDIUM,LOW,NO,JM1
HIGH,HIGH,HIGH,HIGH,HIGH,HIGH,HIGH,HIGH,NO,JM1
MEDIUM,LOW,LOW,LOW,MEDIUM,MEDIUM,MEDIUM,LOW,NO,JM1
MEDIUM,MEDIUM,HIGH,MEDIUM,MEDIUM,HIGH,MEDIUM,MEDIUM,NO,JM1
HIGH,HIGH,HIGH,MEDIUM,HIGH,HIGH,HIGH,HIGH,NO,JM1
MEDIUM,MEDIUM,LOW,MEDIUM,MEDIUM,HIGH,MEDIUM,MEDIUM,NO,JM1
HIGH,HIGH,HIGH,HIGH,HIGH,HIGH,HIGH,HIGH,NO,JM1
HIGH,HIGH,HIGH,HIGH,HIGH,HIGH,HIGH,HIGH,NO,JM1
HIGH,HIGH,HIGH,HIGH,HIGH,HIGH,HIGH,HIGH,NO,JM1
MEDIUM,MEDIUM,LOW,HIGH,MEDIUM,MEDIUM,MEDIUM,MEDIUM,NO,JM1
MEDIUM,LOW,LOW,LOW,MEDIUM,MEDIUM,MEDIUM,LOW,NO,JM1
MEDIUM,LOW,LOW,LOW,MEDIUM,MEDIUM,MEDIUM,LOW,NO,JM1
MEDIUM,LOW,LOW,LOW,MEDIUM,MEDIUM,MEDIUM,LOW,NO,JM1
MEDIUM,LOW,LOW,LOW,MEDIUM,LOW,MEDIUM,LOW,NO,JM1
HIGH,HIGH,HIGH,HIGH,HIGH,HIGH,HIGH,HIGH,NO,JM1
MEDIUM,MEDIUM,LOW,LOW,MEDIUM,MEDIUM,MEDIUM,MEDIUM,NO,JM1
MEDIUM,MEDIUM,LOW,LOW,MEDIUM,MEDIUM,MEDIUM,MEDIUM,NO,JM1
HIGH,HIGH,HIGH,HIGH,HIGH,HIGH,HIGH,HIGH,NO,JM1
MEDIUM,MEDIUM,LOW,HIGH,HIGH,MEDIUM,MEDIUM,MEDIUM,NO,JM1
MEDIUM,LOW,LOW,MEDIUM,MEDIUM,MEDIUM,MEDIUM,LOW,NO,JM1
HIGH,MEDIUM,LOW,MEDIUM,HIGH,MEDIUM,HIGH,MEDIUM,NO,JM1
HIGH,HIGH,HIGH,HIGH,HIGH,HIGH,HIGH,HIGH,NO,JM1
HIGH,MEDIUM,LOW,MEDIUM,HIGH,MEDIUM,HIGH,MEDIUM,NO,JM1
MEDIUM,MEDIUM,HIGH,MEDIUM,HIGH,MEDIUM,HIGH,MEDIUM,NO,JM1
LOW,LOW,LOW,LOW,LOW,LOW,LOW,LOW,NO,JM1
LOW,LOW,LOW,LOW,LOW,LOW,LOW,LOW,NO,JM1
LOW,LOW,LOW,LOW,LOW,LOW,LOW,LOW,NO,JM1
LOW,LOW,LOW,LOW,LOW,LOW,LOW,LOW,NO,JM1
HIGH,HIGH,LOW,HIGH,HIGH,HIGH,HIGH,HIGH,NO,JM1
HIGH,MEDIUM,LOW,MEDIUM,HIGH,HIGH,HIGH,MEDIUM,NO,JM1
LOW,LOW,LOW,LOW,LOW,LOW,LOW,LOW,NO,JM1
HIGH,HIGH,HIGH,HIGH,HIGH,HIGH,HIGH,HIGH,NO,JM1
HIGH,HIGH,HIGH,HIGH,HIGH,HIGH,HIGH,HIGH,NO,JM1
HIGH,MEDIUM,HIGH,MEDIUM,HIGH,HIGH,HIGH,MEDIUM,NO,JM1
HIGH,HIGH,HIGH,HIGH,HIGH,HIGH,HIGH,HIGH,NO,JM1
HIGH,HIGH,LOW,HIGH,LOW,LOW,LOW,HIGH,NO,JM1
LOW,LOW,LOW,LOW,LOW,LOW,LOW,LOW,NO,JM1
HIGH,MEDIUM,LOW,HIGH,MEDIUM,MEDIUM,MEDIUM,MEDIUM,NO,JM1
MEDIUM,MEDIUM,LOW,MEDIUM,MEDIUM,LOW,MEDIUM,MEDIUM,NO,JM1
HIGH,LOW,LOW,MEDIUM,MEDIUM,HIGH,MEDIUM,LOW,NO,JM1
LOW,LOW,LOW,LOW,LOW,LOW,LOW,LOW,NO,JM1
MEDIUM,LOW,LOW,MEDIUM,MEDIUM,MEDIUM,MEDIUM,LOW,NO,JM1
MEDIUM,LOW,LOW,MEDIUM,MEDIUM,MEDIUM,MEDIUM,LOW,NO,JM1
HIGH,HIGH,LOW,HIGH,HIGH,HIGH,HIGH,MEDIUM,NO,JM1
LOW,LOW,LOW,LOW,LOW,LOW,LOW,LOW,NO,JM1
LOW,LOW,LOW,LOW,LOW,LOW,LOW,LOW,NO,JM1
LOW,LOW,LOW,LOW,LOW,LOW,LOW,LOW,NO,JM1
MEDIUM,LOW,LOW,LOW,MEDIUM,LOW,MEDIUM,LOW,NO,JM1
LOW,LOW,LOW,LOW,LOW,LOW,LOW,LOW,NO,JM1
LOW,LOW,LOW,LOW,LOW,LOW,LOW,LOW,NO,JM1
LOW,LOW,LOW,LOW,LOW,LOW,LOW,LOW,NO,JM1
MEDIUM,LOW,LOW,MEDIUM,MEDIUM,MEDIUM,MEDIUM,LOW,NO,JM1
LOW,LOW,LOW,LOW,LOW,LOW,LOW,LOW,NO,JM1
HIGH,HIGH,HIGH,HIGH,HIGH,HIGH,HIGH,HIGH,NO,JM1
HIGH,MEDIUM,HIGH,HIGH,HIGH,HIGH,HIGH,MEDIUM,NO,JM1
MEDIUM,LOW,LOW,MEDIUM,MEDIUM,MEDIUM,MEDIUM,LOW,NO,JM1
HIGH,HIGH,HIGH,HIGH,HIGH,HIGH,HIGH,HIGH,NO,JM1
MEDIUM,LOW,LOW,LOW,LOW,LOW,LOW,LOW,NO,JM1
LOW,LOW,LOW,LOW,LOW,LOW,LOW,LOW,NO,JM1
MEDIUM,MEDIUM,HIGH,HIGH,HIGH,MEDIUM,MEDIUM,MEDIUM,NO,JM1
HIGH,HIGH,HIGH,HIGH,HIGH,HIGH,HIGH,HIGH,NO,JM1
LOW,LOW,LOW,LOW,LOW,LOW,LOW,LOW,NO,JM1
HIGH,HIGH,HIGH,HIGH,HIGH,HIGH,HIGH,HIGH,NO,JM1
LOW,LOW,LOW,LOW,LOW,LOW,LOW,LOW,NO,JM1
LOW,LOW,LOW,LOW,LOW,LOW,LOW,LOW,NO,JM1
LOW,LOW,LOW,LOW,LOW,LOW,LOW,LOW,NO,JM1
LOW,LOW,LOW,LOW,LOW,LOW,LOW,LOW,NO,JM1
LOW,LOW,LOW,LOW,LOW,LOW,LOW,LOW,NO,JM1
LOW,LOW,LOW,LOW,LOW,LOW,LOW,LOW,NO,JM1
MEDIUM,HIGH,HIGH,HIGH,HIGH,HIGH,HIGH,HIGH,NO,JM1
LOW,LOW,LOW,LOW,LOW,LOW,LOW,LOW,NO,JM1
MEDIUM,LOW,LOW,LOW,MEDIUM,LOW,MEDIUM,LOW,NO,JM1
MEDIUM,LOW,LOW,LOW,MEDIUM,MEDIUM,MEDIUM,LOW,NO,JM1
LOW,LOW,LOW,LOW,LOW,LOW,LOW,LOW,NO,JM1
LOW,LOW,LOW,LOW,LOW,LOW,LOW,LOW,NO,JM1
LOW,LOW,LOW,LOW,LOW,LOW,LOW,LOW,NO,JM1
HIGH,HIGH,LOW,HIGH,HIGH,HIGH,HIGH,HIGH,NO,JM1
HIGH,HIGH,LOW,HIGH,HIGH,HIGH,HIGH,HIGH,NO,JM1
HIGH,HIGH,HIGH,HIGH,HIGH,HIGH,HIGH,HIGH,NO,JM1
MEDIUM,MEDIUM,LOW,MEDIUM,MEDIUM,MEDIUM,MEDIUM,MEDIUM,NO,JM1
MEDIUM,LOW,LOW,MEDIUM,HIGH,MEDIUM,HIGH,LOW,NO,JM1
HIGH,HIGH,HIGH,HIGH,HIGH,HIGH,HIGH,HIGH,NO,JM1
LOW,LOW,LOW,LOW,LOW,LOW,LOW,LOW,NO,JM1
MEDIUM,HIGH,HIGH,HIGH,HIGH,HIGH,HIGH,HIGH,NO,JM1
LOW,LOW,LOW,LOW,LOW,LOW,LOW,LOW,NO,JM1
MEDIUM,MEDIUM,HIGH,HIGH,MEDIUM,MEDIUM,MEDIUM,MEDIUM,NO,JM1
MEDIUM,LOW,LOW,MEDIUM,MEDIUM,MEDIUM,MEDIUM,LOW,NO,JM1
LOW,LOW,LOW,LOW,LOW,LOW,LOW,LOW,NO,JM1
HIGH,HIGH,HIGH,HIGH,HIGH,HIGH,HIGH,HIGH,NO,JM1
HIGH,MEDIUM,LOW,MEDIUM,HIGH,MEDIUM,HIGH,MEDIUM,NO,JM1
HIGH,HIGH,HIGH,HIGH,HIGH,HIGH,HIGH,HIGH,NO,JM1
HIGH,MEDIUM,HIGH,MEDIUM,HIGH,HIGH,HIGH,MEDIUM,NO,JM1
MEDIUM,LOW,LOW,MEDIUM,LOW,LOW,LOW,LOW,NO,JM1
MEDIUM,MEDIUM,LOW,MEDIUM,MEDIUM,MEDIUM,MEDIUM,MEDIUM,NO,JM1
MEDIUM,MEDIUM,LOW,MEDIUM,MEDIUM,MEDIUM,MEDIUM,MEDIUM,NO,JM1
LOW,LOW,LOW,LOW,LOW,LOW,LOW,LOW,NO,JM1
LOW,LOW,LOW,LOW,LOW,LOW,LOW,LOW,NO,JM1
LOW,LOW,LOW,LOW,LOW,LOW,LOW,LOW,NO,JM1
LOW,LOW,LOW,LOW,LOW,LOW,LOW,LOW,NO,JM1
HIGH,HIGH,HIGH,HIGH,HIGH,HIGH,HIGH,HIGH,NO,JM1
HIGH,HIGH,HIGH,HIGH,HIGH,HIGH,HIGH,HIGH,NO,JM1
LOW,LOW,LOW,LOW,LOW,LOW,LOW,LOW,NO,JM1
MEDIUM,MEDIUM,HIGH,HIGH,MEDIUM,MEDIUM,MEDIUM,MEDIUM,NO,JM1
LOW,LOW,LOW,LOW,LOW,LOW,LOW,LOW,NO,JM1
MEDIUM,HIGH,HIGH,HIGH,HIGH,HIGH,HIGH,HIGH,NO,JM1
LOW,LOW,LOW,LOW,LOW,LOW,LOW,LOW,NO,JM1
LOW,LOW,LOW,LOW,LOW,LOW,LOW,LOW,NO,JM1
MEDIUM,MEDIUM,LOW,HIGH,MEDIUM,MEDIUM,MEDIUM,MEDIUM,NO,JM1
LOW,LOW,LOW,LOW,LOW,LOW,LOW,LOW,NO,JM1
LOW,LOW,LOW,LOW,LOW,LOW,LOW,LOW,NO,JM1
LOW,LOW,LOW,LOW,LOW,LOW,LOW,LOW,NO,JM1
LOW,LOW,LOW,LOW,LOW,MEDIUM,MEDIUM,LOW,NO,JM1
HIGH,HIGH,HIGH,HIGH,HIGH,HIGH,HIGH,HIGH,NO,JM1
HIGH,HIGH,HIGH,HIGH,HIGH,HIGH,HIGH,HIGH,NO,JM1
LOW,LOW,LOW,LOW,LOW,LOW,LOW,LOW,NO,JM1
LOW,LOW,LOW,LOW,LOW,LOW,LOW,LOW,NO,JM1
MEDIUM,MEDIUM,HIGH,HIGH,MEDIUM,HIGH,HIGH,MEDIUM,NO,JM1
HIGH,HIGH,HIGH,HIGH,HIGH,HIGH,HIGH,HIGH,NO,JM1
LOW,LOW,LOW,LOW,LOW,LOW,LOW,LOW,NO,JM1
LOW,LOW,LOW,LOW,LOW,LOW,LOW,LOW,NO,JM1
LOW,LOW,LOW,LOW,LOW,LOW,LOW,LOW,NO,JM1
MEDIUM,LOW,LOW,MEDIUM,MEDIUM,MEDIUM,MEDIUM,LOW,NO,JM1
HIGH,HIGH,HIGH,HIGH,HIGH,HIGH,HIGH,HIGH,NO,JM1
LOW,LOW,LOW,LOW,LOW,LOW,LOW,LOW,NO,JM1
LOW,LOW,LOW,LOW,LOW,LOW,LOW,LOW,NO,JM1
LOW,LOW,LOW,LOW,LOW,LOW,LOW,LOW,NO,JM1
LOW,LOW,LOW,LOW,LOW,LOW,LOW,LOW,NO,JM1
LOW,LOW,LOW,LOW,LOW,LOW,LOW,LOW,NO,JM1
LOW,LOW,LOW,LOW,LOW,LOW,LOW,LOW,NO,JM1
LOW,LOW,LOW,LOW,LOW,LOW,LOW,LOW,NO,JM1
LOW,LOW,LOW,LOW,LOW,LOW,LOW,LOW,NO,JM1
HIGH,HIGH,HIGH,HIGH,HIGH,HIGH,HIGH,HIGH,NO,JM1
MEDIUM,LOW,LOW,MEDIUM,HIGH,MEDIUM,MEDIUM,LOW,NO,JM1
MEDIUM,HIGH,HIGH,HIGH,HIGH,HIGH,HIGH,HIGH,NO,JM1
HIGH,HIGH,HIGH,HIGH,HIGH,HIGH,HIGH,HIGH,NO,JM1
LOW,LOW,LOW,LOW,LOW,LOW,LOW,LOW,NO,JM1
HIGH,HIGH,HIGH,HIGH,HIGH,HIGH,HIGH,HIGH,NO,JM1
LOW,LOW,LOW,LOW,LOW,LOW,LOW,LOW,NO,JM1
LOW,LOW,LOW,LOW,LOW,LOW,LOW,LOW,NO,JM1
MEDIUM,LOW,LOW,LOW,LOW,LOW,LOW,LOW,NO,JM1
HIGH,HIGH,HIGH,HIGH,HIGH,MEDIUM,HIGH,HIGH,NO,JM1
HIGH,HIGH,HIGH,HIGH,HIGH,MEDIUM,HIGH,HIGH,NO,JM1
LOW,LOW,LOW,LOW,LOW,LOW,LOW,LOW,NO,JM1
HIGH,HIGH,HIGH,HIGH,HIGH,MEDIUM,HIGH,HIGH,NO,JM1
LOW,LOW,LOW,LOW,LOW,LOW,LOW,LOW,NO,JM1
MEDIUM,HIGH,HIGH,HIGH,HIGH,HIGH,HIGH,HIGH,NO,JM1
HIGH,HIGH,HIGH,HIGH,HIGH,HIGH,HIGH,HIGH,NO,JM1
HIGH,MEDIUM,LOW,MEDIUM,HIGH,HIGH,HIGH,MEDIUM,NO,JM1
MEDIUM,LOW,LOW,MEDIUM,MEDIUM,MEDIUM,MEDIUM,LOW,NO,JM1
HIGH,HIGH,HIGH,HIGH,HIGH,MEDIUM,HIGH,HIGH,NO,JM1
HIGH,MEDIUM,HIGH,HIGH,HIGH,HIGH,HIGH,MEDIUM,NO,JM1
LOW,LOW,LOW,LOW,MEDIUM,MEDIUM,MEDIUM,LOW,NO,JM1
MEDIUM,MEDIUM,HIGH,HIGH,MEDIUM,MEDIUM,MEDIUM,MEDIUM,NO,JM1
MEDIUM,HIGH,HIGH,HIGH,HIGH,HIGH,HIGH,HIGH,NO,JM1
LOW,LOW,LOW,LOW,MEDIUM,MEDIUM,MEDIUM,LOW,NO,JM1
MEDIUM,HIGH,HIGH,HIGH,HIGH,HIGH,HIGH,HIGH,NO,JM1
MEDIUM,HIGH,HIGH,HIGH,HIGH,HIGH,HIGH,HIGH,NO,JM1
MEDIUM,MEDIUM,HIGH,HIGH,MEDIUM,MEDIUM,MEDIUM,MEDIUM,NO,JM1
MEDIUM,HIGH,HIGH,HIGH,MEDIUM,MEDIUM,MEDIUM,HIGH,NO,JM1
HIGH,HIGH,HIGH,HIGH,HIGH,HIGH,HIGH,HIGH,NO,JM1
HIGH,HIGH,HIGH,HIGH,HIGH,HIGH,HIGH,HIGH,NO,JM1
LOW,LOW,LOW,LOW,LOW,LOW,LOW,LOW,NO,JM1
LOW,LOW,LOW,LOW,LOW,LOW,LOW,LOW,NO,JM1
LOW,LOW,LOW,LOW,LOW,LOW,LOW,LOW,NO,JM1
LOW,LOW,LOW,LOW,LOW,LOW,LOW,LOW,NO,JM1
LOW,LOW,LOW,LOW,LOW,LOW,LOW,LOW,NO,JM1
LOW,LOW,MEDIUM,LOW,LOW,LOW,LOW,LOW,NO,JM1
LOW,LOW,LOW,LOW,LOW,LOW,LOW,LOW,NO,JM1
LOW,MEDIUM,LOW,LOW,LOW,LOW,LOW,MEDIUM,NO,JM1
HIGH,HIGH,LOW,HIGH,HIGH,HIGH,HIGH,HIGH,NO,JM1
MEDIUM,LOW,LOW,MEDIUM,MEDIUM,LOW,MEDIUM,LOW,NO,JM1
LOW,LOW,LOW,LOW,LOW,LOW,LOW,LOW,NO,JM1
HIGH,HIGH,HIGH,HIGH,HIGH,HIGH,HIGH,HIGH,NO,JM1
HIGH,HIGH,HIGH,HIGH,HIGH,HIGH,HIGH,HIGH,NO,JM1
MEDIUM,LOW,LOW,MEDIUM,HIGH,MEDIUM,MEDIUM,LOW,NO,JM1
HIGH,HIGH,HIGH,HIGH,HIGH,MEDIUM,HIGH,HIGH,NO,JM1
LOW,LOW,LOW,LOW,LOW,LOW,LOW,LOW,NO,JM1
LOW,LOW,LOW,LOW,LOW,LOW,LOW,LOW,NO,JM1
LOW,LOW,LOW,LOW,LOW,LOW,LOW,LOW,NO,JM1
MEDIUM,MEDIUM,HIGH,HIGH,MEDIUM,MEDIUM,MEDIUM,MEDIUM,NO,JM1
LOW,LOW,LOW,LOW,LOW,LOW,LOW,LOW,NO,JM1
MEDIUM,MEDIUM,HIGH,HIGH,MEDIUM,HIGH,MEDIUM,MEDIUM,NO,JM1
LOW,LOW,LOW,LOW,MEDIUM,LOW,MEDIUM,LOW,NO,JM1
LOW,LOW,LOW,LOW,MEDIUM,LOW,MEDIUM,LOW,NO,JM1
LOW,LOW,LOW,LOW,MEDIUM,LOW,LOW,LOW,NO,JM1
MEDIUM,LOW,LOW,MEDIUM,MEDIUM,MEDIUM,MEDIUM,LOW,NO,JM1
LOW,LOW,LOW,LOW,MEDIUM,LOW,LOW,LOW,NO,JM1
HIGH,HIGH,HIGH,HIGH,HIGH,HIGH,HIGH,HIGH,NO,JM1
MEDIUM,MEDIUM,HIGH,MEDIUM,MEDIUM,MEDIUM,MEDIUM,MEDIUM,NO,JM1
HIGH,MEDIUM,LOW,MEDIUM,HIGH,MEDIUM,HIGH,MEDIUM,NO,JM1
MEDIUM,MEDIUM,LOW,MEDIUM,HIGH,MEDIUM,MEDIUM,MEDIUM,NO,JM1
HIGH,HIGH,HIGH,HIGH,HIGH,HIGH,HIGH,HIGH,NO,JM1
HIGH,HIGH,HIGH,HIGH,HIGH,HIGH,HIGH,HIGH,NO,JM1
MEDIUM,HIGH,HIGH,HIGH,HIGH,HIGH,HIGH,HIGH,NO,JM1
LOW,LOW,LOW,LOW,LOW,LOW,LOW,LOW,NO,JM1
LOW,LOW,LOW,LOW,LOW,LOW,LOW,LOW,NO,JM1
LOW,LOW,LOW,LOW,LOW,LOW,LOW,LOW,NO,JM1
LOW,LOW,LOW,LOW,LOW,LOW,LOW,LOW,NO,JM1
LOW,LOW,LOW,LOW,LOW,LOW,LOW,LOW,NO,JM1
LOW,LOW,LOW,LOW,LOW,LOW,LOW,LOW,NO,JM1
LOW,LOW,LOW,LOW,LOW,LOW,LOW,LOW,NO,JM1
LOW,LOW,LOW,LOW,LOW,LOW,LOW,LOW,NO,JM1
LOW,LOW,LOW,LOW,LOW,LOW,LOW,LOW,NO,JM1
LOW,LOW,LOW,LOW,LOW,LOW,LOW,LOW,NO,JM1
HIGH,HIGH,HIGH,HIGH,HIGH,HIGH,HIGH,HIGH,NO,JM1
LOW,LOW,LOW,LOW,LOW,LOW,LOW,LOW,NO,JM1
HIGH,HIGH,HIGH,HIGH,HIGH,HIGH,HIGH,HIGH,NO,JM1
HIGH,HIGH,HIGH,HIGH,HIGH,HIGH,HIGH,HIGH,NO,JM1
MEDIUM,LOW,LOW,MEDIUM,MEDIUM,MEDIUM,MEDIUM,LOW,NO,JM1
HIGH,HIGH,HIGH,HIGH,HIGH,HIGH,HIGH,HIGH,NO,JM1
HIGH,MEDIUM,MEDIUM,MEDIUM,LOW,LOW,LOW,MEDIUM,NO,JM1
MEDIUM,HIGH,HIGH,HIGH,HIGH,HIGH,HIGH,HIGH,NO,JM1
LOW,LOW,LOW,LOW,LOW,LOW,LOW,LOW,NO,JM1
MEDIUM,LOW,LOW,LOW,MEDIUM,MEDIUM,MEDIUM,LOW,NO,JM1
LOW,LOW,LOW,LOW,LOW,LOW,LOW,LOW,NO,JM1
MEDIUM,LOW,LOW,LOW,LOW,LOW,LOW,LOW,NO,JM1
LOW,LOW,LOW,LOW,LOW,LOW,LOW,LOW,NO,JM1
MEDIUM,HIGH,HIGH,HIGH,HIGH,HIGH,HIGH,HIGH,NO,JM1
MEDIUM,MEDIUM,HIGH,MEDIUM,HIGH,MEDIUM,HIGH,MEDIUM,NO,JM1
MEDIUM,LOW,LOW,LOW,MEDIUM,MEDIUM,MEDIUM,LOW,NO,JM1
LOW,LOW,LOW,LOW,MEDIUM,LOW,LOW,LOW,NO,JM1
MEDIUM,MEDIUM,LOW,MEDIUM,MEDIUM,HIGH,HIGH,MEDIUM,NO,JM1
HIGH,HIGH,HIGH,HIGH,LOW,LOW,LOW,HIGH,NO,JM1
HIGH,HIGH,HIGH,HIGH,HIGH,HIGH,HIGH,HIGH,NO,JM1
HIGH,HIGH,HIGH,HIGH,HIGH,HIGH,HIGH,HIGH,NO,JM1
HIGH,HIGH,HIGH,HIGH,HIGH,HIGH,HIGH,HIGH,NO,JM1
HIGH,HIGH,HIGH,MEDIUM,HIGH,HIGH,HIGH,HIGH,NO,JM1
HIGH,HIGH,HIGH,HIGH,HIGH,HIGH,HIGH,HIGH,NO,JM1
HIGH,HIGH,HIGH,HIGH,HIGH,HIGH,HIGH,HIGH,NO,JM1
HIGH,HIGH,HIGH,HIGH,HIGH,HIGH,HIGH,HIGH,NO,JM1
HIGH,MEDIUM,HIGH,HIGH,HIGH,HIGH,HIGH,MEDIUM,NO,JM1
MEDIUM,MEDIUM,MEDIUM,MEDIUM,MEDIUM,MEDIUM,MEDIUM,MEDIUM,NO,JM1
HIGH,HIGH,HIGH,HIGH,HIGH,HIGH,HIGH,HIGH,NO,JM1
LOW,LOW,LOW,LOW,LOW,LOW,LOW,LOW,NO,JM1
HIGH,MEDIUM,HIGH,MEDIUM,HIGH,HIGH,HIGH,MEDIUM,NO,JM1
LOW,MEDIUM,LOW,LOW,LOW,LOW,LOW,MEDIUM,NO,JM1
LOW,MEDIUM,LOW,LOW,MEDIUM,LOW,MEDIUM,MEDIUM,NO,JM1
LOW,LOW,LOW,LOW,LOW,LOW,LOW,LOW,NO,JM1
LOW,LOW,LOW,LOW,LOW,LOW,LOW,LOW,NO,JM1
MEDIUM,LOW,LOW,MEDIUM,MEDIUM,MEDIUM,MEDIUM,LOW,NO,JM1
MEDIUM,LOW,LOW,MEDIUM,MEDIUM,MEDIUM,MEDIUM,LOW,NO,JM1
MEDIUM,MEDIUM,HIGH,LOW,MEDIUM,MEDIUM,MEDIUM,MEDIUM,NO,JM1
MEDIUM,LOW,LOW,MEDIUM,MEDIUM,MEDIUM,MEDIUM,LOW,NO,JM1
LOW,LOW,LOW,LOW,LOW,LOW,LOW,LOW,NO,JM1
MEDIUM,LOW,LOW,MEDIUM,MEDIUM,LOW,MEDIUM,LOW,NO,JM1
LOW,LOW,LOW,LOW,LOW,LOW,LOW,LOW,NO,JM1
LOW,LOW,LOW,LOW,LOW,LOW,LOW,LOW,NO,JM1
MEDIUM,MEDIUM,LOW,HIGH,MEDIUM,MEDIUM,MEDIUM,MEDIUM,NO,JM1
LOW,LOW,LOW,LOW,LOW,LOW,LOW,LOW,NO,JM1
LOW,LOW,LOW,LOW,LOW,LOW,LOW,LOW,NO,JM1
LOW,LOW,LOW,LOW,LOW,LOW,LOW,LOW,NO,JM1
LOW,LOW,LOW,LOW,LOW,LOW,LOW,LOW,NO,JM1
MEDIUM,LOW,LOW,MEDIUM,MEDIUM,LOW,MEDIUM,LOW,NO,JM1
LOW,LOW,LOW,LOW,LOW,LOW,LOW,LOW,NO,JM1
LOW,LOW,LOW,LOW,LOW,LOW,LOW,LOW,NO,JM1
MEDIUM,MEDIUM,LOW,HIGH,MEDIUM,MEDIUM,MEDIUM,MEDIUM,NO,JM1
LOW,MEDIUM,LOW,MEDIUM,MEDIUM,MEDIUM,MEDIUM,MEDIUM,NO,JM1
LOW,MEDIUM,LOW,MEDIUM,MEDIUM,MEDIUM,MEDIUM,MEDIUM,NO,JM1
LOW,LOW,LOW,LOW,LOW,MEDIUM,LOW,LOW,NO,JM1
MEDIUM,MEDIUM,LOW,MEDIUM,MEDIUM,HIGH,MEDIUM,MEDIUM,NO,JM1
MEDIUM,HIGH,LOW,MEDIUM,HIGH,HIGH,HIGH,HIGH,NO,JM1
HIGH,HIGH,HIGH,HIGH,HIGH,HIGH,HIGH,HIGH,NO,JM1
LOW,MEDIUM,LOW,MEDIUM,MEDIUM,MEDIUM,MEDIUM,MEDIUM,NO,JM1
MEDIUM,MEDIUM,LOW,MEDIUM,MEDIUM,MEDIUM,MEDIUM,MEDIUM,NO,JM1
LOW,LOW,LOW,LOW,LOW,LOW,LOW,LOW,NO,JM1
LOW,MEDIUM,LOW,MEDIUM,MEDIUM,MEDIUM,MEDIUM,MEDIUM,NO,JM1
MEDIUM,MEDIUM,LOW,MEDIUM,MEDIUM,MEDIUM,MEDIUM,MEDIUM,NO,JM1
MEDIUM,MEDIUM,LOW,MEDIUM,MEDIUM,MEDIUM,MEDIUM,MEDIUM,NO,JM1
LOW,MEDIUM,LOW,MEDIUM,MEDIUM,MEDIUM,MEDIUM,MEDIUM,NO,JM1
MEDIUM,MEDIUM,LOW,MEDIUM,MEDIUM,MEDIUM,MEDIUM,MEDIUM,NO,JM1
MEDIUM,HIGH,HIGH,HIGH,HIGH,HIGH,HIGH,HIGH,NO,JM1
MEDIUM,MEDIUM,LOW,MEDIUM,MEDIUM,MEDIUM,MEDIUM,MEDIUM,NO,JM1
LOW,LOW,LOW,LOW,MEDIUM,MEDIUM,MEDIUM,LOW,NO,JM1
MEDIUM,HIGH,HIGH,HIGH,HIGH,HIGH,HIGH,HIGH,NO,JM1
HIGH,HIGH,HIGH,HIGH,HIGH,HIGH,HIGH,HIGH,NO,JM1
LOW,LOW,LOW,LOW,LOW,MEDIUM,LOW,LOW,NO,JM1
MEDIUM,HIGH,HIGH,HIGH,MEDIUM,HIGH,MEDIUM,HIGH,NO,JM1
LOW,MEDIUM,LOW,MEDIUM,MEDIUM,MEDIUM,MEDIUM,MEDIUM,NO,JM1
MEDIUM,MEDIUM,LOW,MEDIUM,MEDIUM,MEDIUM,MEDIUM,MEDIUM,NO,JM1
LOW,LOW,LOW,LOW,LOW,MEDIUM,LOW,LOW,NO,JM1
HIGH,HIGH,HIGH,HIGH,HIGH,HIGH,HIGH,HIGH,NO,JM1
HIGH,HIGH,HIGH,HIGH,HIGH,HIGH,HIGH,HIGH,NO,JM1
LOW,LOW,LOW,LOW,LOW,MEDIUM,LOW,LOW,NO,JM1
MEDIUM,HIGH,HIGH,HIGH,MEDIUM,HIGH,HIGH,HIGH,NO,JM1
LOW,MEDIUM,LOW,MEDIUM,MEDIUM,MEDIUM,MEDIUM,MEDIUM,NO,JM1
MEDIUM,MEDIUM,LOW,MEDIUM,MEDIUM,MEDIUM,MEDIUM,MEDIUM,NO,JM1
LOW,MEDIUM,LOW,MEDIUM,MEDIUM,MEDIUM,MEDIUM,MEDIUM,NO,JM1
MEDIUM,MEDIUM,LOW,MEDIUM,MEDIUM,MEDIUM,MEDIUM,MEDIUM,NO,JM1
LOW,LOW,LOW,LOW,LOW,MEDIUM,LOW,LOW,NO,JM1
LOW,LOW,LOW,LOW,LOW,LOW,LOW,LOW,NO,JM1
MEDIUM,LOW,LOW,LOW,MEDIUM,MEDIUM,MEDIUM,LOW,NO,JM1
HIGH,HIGH,HIGH,HIGH,HIGH,HIGH,HIGH,HIGH,NO,JM1
HIGH,HIGH,HIGH,HIGH,HIGH,HIGH,HIGH,HIGH,NO,JM1
HIGH,HIGH,HIGH,HIGH,HIGH,HIGH,HIGH,HIGH,NO,JM1
HIGH,LOW,LOW,LOW,MEDIUM,MEDIUM,MEDIUM,LOW,NO,JM1
MEDIUM,LOW,LOW,LOW,MEDIUM,MEDIUM,MEDIUM,LOW,NO,JM1
MEDIUM,LOW,LOW,LOW,MEDIUM,MEDIUM,MEDIUM,LOW,NO,JM1
HIGH,MEDIUM,LOW,HIGH,HIGH,HIGH,HIGH,MEDIUM,NO,JM1
MEDIUM,MEDIUM,LOW,HIGH,MEDIUM,MEDIUM,MEDIUM,MEDIUM,NO,JM1
LOW,MEDIUM,LOW,LOW,LOW,LOW,LOW,MEDIUM,NO,JM1
LOW,MEDIUM,LOW,LOW,LOW,LOW,LOW,MEDIUM,NO,JM1
MEDIUM,LOW,LOW,LOW,MEDIUM,MEDIUM,MEDIUM,LOW,NO,JM1
MEDIUM,LOW,LOW,LOW,MEDIUM,MEDIUM,MEDIUM,LOW,NO,JM1
LOW,LOW,LOW,LOW,LOW,LOW,LOW,LOW,NO,JM1
MEDIUM,HIGH,HIGH,HIGH,MEDIUM,HIGH,HIGH,HIGH,NO,JM1
MEDIUM,MEDIUM,MEDIUM,MEDIUM,MEDIUM,MEDIUM,MEDIUM,MEDIUM,NO,JM1
MEDIUM,LOW,LOW,MEDIUM,MEDIUM,MEDIUM,MEDIUM,LOW,NO,JM1
HIGH,HIGH,LOW,HIGH,HIGH,HIGH,HIGH,HIGH,NO,JM1
LOW,LOW,LOW,LOW,LOW,LOW,LOW,LOW,NO,JM1
MEDIUM,LOW,LOW,LOW,MEDIUM,MEDIUM,MEDIUM,LOW,NO,JM1
LOW,LOW,LOW,LOW,LOW,MEDIUM,MEDIUM,LOW,NO,JM1
MEDIUM,MEDIUM,HIGH,MEDIUM,MEDIUM,HIGH,MEDIUM,MEDIUM,NO,JM1
MEDIUM,MEDIUM,HIGH,MEDIUM,MEDIUM,HIGH,MEDIUM,MEDIUM,NO,JM1
LOW,MEDIUM,HIGH,MEDIUM,MEDIUM,HIGH,MEDIUM,MEDIUM,NO,JM1
MEDIUM,MEDIUM,HIGH,MEDIUM,MEDIUM,HIGH,MEDIUM,MEDIUM,NO,JM1
LOW,LOW,LOW,LOW,LOW,MEDIUM,MEDIUM,LOW,NO,JM1
MEDIUM,MEDIUM,HIGH,HIGH,HIGH,MEDIUM,MEDIUM,MEDIUM,NO,JM1
MEDIUM,LOW,LOW,LOW,MEDIUM,LOW,LOW,LOW,NO,JM1
HIGH,HIGH,HIGH,HIGH,HIGH,HIGH,HIGH,HIGH,NO,JM1
HIGH,HIGH,HIGH,HIGH,HIGH,HIGH,HIGH,HIGH,NO,JM1
MEDIUM,LOW,LOW,MEDIUM,LOW,LOW,LOW,LOW,NO,JM1
HIGH,HIGH,HIGH,HIGH,HIGH,HIGH,HIGH,HIGH,NO,JM1
LOW,LOW,LOW,LOW,MEDIUM,LOW,MEDIUM,LOW,NO,JM1
LOW,LOW,LOW,LOW,MEDIUM,LOW,MEDIUM,LOW,NO,JM1
LOW,LOW,LOW,LOW,MEDIUM,LOW,MEDIUM,LOW,NO,JM1
LOW,LOW,LOW,LOW,MEDIUM,LOW,MEDIUM,LOW,NO,JM1
LOW,LOW,LOW,LOW,MEDIUM,LOW,MEDIUM,LOW,NO,JM1
LOW,LOW,LOW,LOW,MEDIUM,LOW,MEDIUM,LOW,NO,JM1
MEDIUM,LOW,LOW,LOW,MEDIUM,LOW,MEDIUM,LOW,NO,JM1
HIGH,MEDIUM,MEDIUM,HIGH,HIGH,HIGH,HIGH,MEDIUM,NO,JM1
MEDIUM,LOW,LOW,MEDIUM,MEDIUM,MEDIUM,MEDIUM,LOW,NO,JM1
LOW,LOW,LOW,LOW,LOW,LOW,LOW,LOW,NO,JM1
HIGH,HIGH,HIGH,HIGH,HIGH,HIGH,HIGH,HIGH,NO,JM1
LOW,LOW,LOW,LOW,MEDIUM,LOW,MEDIUM,LOW,NO,JM1
HIGH,HIGH,HIGH,HIGH,HIGH,HIGH,HIGH,HIGH,NO,JM1
LOW,LOW,LOW,LOW,MEDIUM,LOW,MEDIUM,LOW,NO,JM1
LOW,LOW,LOW,LOW,MEDIUM,LOW,MEDIUM,LOW,NO,JM1
MEDIUM,MEDIUM,HIGH,HIGH,HIGH,HIGH,HIGH,MEDIUM,NO,JM1
LOW,LOW,LOW,LOW,LOW,LOW,LOW,LOW,NO,JM1
LOW,LOW,LOW,LOW,LOW,LOW,LOW,LOW,NO,JM1
LOW,LOW,LOW,LOW,LOW,LOW,LOW,LOW,NO,JM1
LOW,LOW,LOW,LOW,MEDIUM,MEDIUM,MEDIUM,LOW,NO,JM1
MEDIUM,LOW,LOW,LOW,LOW,LOW,LOW,LOW,NO,JM1
MEDIUM,LOW,LOW,LOW,MEDIUM,MEDIUM,MEDIUM,LOW,NO,JM1
HIGH,HIGH,HIGH,HIGH,HIGH,HIGH,HIGH,HIGH,NO,JM1
MEDIUM,MEDIUM,HIGH,HIGH,MEDIUM,MEDIUM,MEDIUM,MEDIUM,NO,JM1
HIGH,HIGH,HIGH,HIGH,HIGH,MEDIUM,HIGH,HIGH,NO,JM1
MEDIUM,LOW,LOW,MEDIUM,MEDIUM,LOW,MEDIUM,LOW,NO,JM1
LOW,LOW,LOW,LOW,MEDIUM,LOW,LOW,LOW,NO,JM1
LOW,LOW,LOW,LOW,LOW,LOW,LOW,LOW,NO,JM1
LOW,LOW,LOW,LOW,LOW,LOW,LOW,LOW,NO,JM1
LOW,LOW,LOW,LOW,LOW,LOW,LOW,LOW,NO,JM1
LOW,LOW,LOW,LOW,LOW,LOW,LOW,LOW,NO,JM1
HIGH,HIGH,HIGH,HIGH,HIGH,HIGH,HIGH,HIGH,NO,JM1
MEDIUM,HIGH,HIGH,HIGH,MEDIUM,HIGH,HIGH,HIGH,NO,JM1
LOW,LOW,LOW,LOW,LOW,LOW,LOW,LOW,NO,JM1
LOW,LOW,LOW,LOW,LOW,LOW,LOW,LOW,NO,JM1
LOW,LOW,LOW,LOW,LOW,LOW,LOW,LOW,NO,JM1
LOW,LOW,LOW,LOW,LOW,LOW,LOW,LOW,NO,JM1
LOW,LOW,LOW,LOW,LOW,LOW,LOW,LOW,NO,JM1
MEDIUM,MEDIUM,HIGH,MEDIUM,HIGH,MEDIUM,MEDIUM,MEDIUM,NO,JM1
MEDIUM,MEDIUM,HIGH,MEDIUM,MEDIUM,MEDIUM,MEDIUM,MEDIUM,NO,JM1
LOW,LOW,LOW,LOW,LOW,LOW,LOW,LOW,NO,JM1
LOW,LOW,LOW,LOW,LOW,LOW,LOW,LOW,NO,JM1
MEDIUM,HIGH,HIGH,HIGH,HIGH,HIGH,HIGH,HIGH,NO,JM1
MEDIUM,MEDIUM,HIGH,HIGH,HIGH,HIGH,HIGH,MEDIUM,NO,JM1
MEDIUM,MEDIUM,LOW,HIGH,MEDIUM,HIGH,HIGH,MEDIUM,NO,JM1
LOW,MEDIUM,HIGH,MEDIUM,LOW,LOW,LOW,MEDIUM,NO,JM1
LOW,LOW,LOW,LOW,LOW,LOW,LOW,LOW,NO,JM1
LOW,LOW,LOW,LOW,LOW,LOW,LOW,LOW,NO,JM1
LOW,MEDIUM,HIGH,MEDIUM,MEDIUM,LOW,MEDIUM,MEDIUM,NO,JM1
LOW,LOW,LOW,LOW,LOW,LOW,LOW,LOW,NO,JM1
MEDIUM,HIGH,HIGH,HIGH,MEDIUM,HIGH,MEDIUM,HIGH,NO,JM1
LOW,LOW,LOW,LOW,LOW,LOW,LOW,LOW,NO,JM1
LOW,LOW,LOW,LOW,LOW,LOW,LOW,LOW,NO,JM1
LOW,LOW,LOW,LOW,LOW,LOW,LOW,LOW,NO,JM1
HIGH,HIGH,HIGH,HIGH,HIGH,HIGH,HIGH,HIGH,NO,JM1
LOW,LOW,LOW,LOW,LOW,LOW,LOW,LOW,NO,JM1
LOW,LOW,LOW,LOW,LOW,LOW,LOW,LOW,NO,JM1
LOW,LOW,LOW,LOW,LOW,LOW,LOW,LOW,NO,JM1
MEDIUM,MEDIUM,HIGH,HIGH,MEDIUM,HIGH,HIGH,MEDIUM,NO,JM1
HIGH,HIGH,HIGH,HIGH,HIGH,HIGH,HIGH,HIGH,NO,JM1
HIGH,HIGH,HIGH,HIGH,LOW,LOW,LOW,HIGH,NO,JM1
LOW,LOW,LOW,LOW,LOW,LOW,LOW,LOW,NO,JM1
LOW,LOW,LOW,LOW,LOW,LOW,LOW,LOW,NO,JM1
LOW,LOW,LOW,LOW,LOW,LOW,LOW,LOW,NO,JM1
MEDIUM,LOW,LOW,MEDIUM,MEDIUM,MEDIUM,MEDIUM,LOW,NO,JM1
LOW,LOW,LOW,LOW,MEDIUM,LOW,MEDIUM,LOW,NO,JM1
HIGH,HIGH,HIGH,HIGH,HIGH,HIGH,HIGH,HIGH,NO,JM1
LOW,LOW,LOW,LOW,LOW,LOW,LOW,LOW,NO,JM1
LOW,LOW,LOW,LOW,LOW,LOW,LOW,LOW,NO,JM1
LOW,LOW,LOW,LOW,LOW,LOW,LOW,LOW,NO,JM1
LOW,LOW,LOW,LOW,LOW,LOW,LOW,LOW,NO,JM1
HIGH,HIGH,HIGH,HIGH,HIGH,HIGH,HIGH,HIGH,NO,JM1
HIGH,HIGH,HIGH,HIGH,HIGH,HIGH,HIGH,HIGH,NO,JM1
HIGH,HIGH,HIGH,HIGH,MEDIUM,MEDIUM,MEDIUM,HIGH,NO,JM1
MEDIUM,MEDIUM,HIGH,MEDIUM,MEDIUM,MEDIUM,MEDIUM,MEDIUM,NO,JM1
MEDIUM,MEDIUM,HIGH,MEDIUM,MEDIUM,MEDIUM,MEDIUM,MEDIUM,NO,JM1
MEDIUM,MEDIUM,HIGH,MEDIUM,MEDIUM,MEDIUM,MEDIUM,MEDIUM,NO,JM1
MEDIUM,MEDIUM,HIGH,MEDIUM,MEDIUM,MEDIUM,MEDIUM,MEDIUM,NO,JM1
LOW,LOW,LOW,LOW,LOW,LOW,LOW,LOW,NO,JM1
LOW,LOW,LOW,LOW,LOW,LOW,LOW,LOW,NO,JM1
LOW,LOW,LOW,LOW,LOW,LOW,LOW,LOW,NO,JM1
LOW,LOW,LOW,LOW,LOW,LOW,LOW,LOW,NO,JM1
LOW,LOW,LOW,LOW,LOW,LOW,LOW,LOW,NO,JM1
LOW,LOW,LOW,LOW,LOW,LOW,LOW,LOW,NO,JM1
LOW,LOW,LOW,LOW,LOW,LOW,LOW,LOW,NO,JM1
LOW,LOW,LOW,LOW,LOW,LOW,LOW,LOW,NO,JM1
MEDIUM,HIGH,HIGH,HIGH,MEDIUM,HIGH,HIGH,HIGH,NO,JM1
LOW,LOW,LOW,LOW,LOW,LOW,LOW,LOW,NO,JM1
LOW,LOW,LOW,LOW,LOW,LOW,LOW,LOW,NO,JM1
MEDIUM,MEDIUM,LOW,MEDIUM,MEDIUM,MEDIUM,MEDIUM,MEDIUM,NO,JM1
HIGH,HIGH,LOW,HIGH,HIGH,HIGH,HIGH,HIGH,NO,JM1
MEDIUM,MEDIUM,LOW,MEDIUM,MEDIUM,MEDIUM,MEDIUM,MEDIUM,NO,JM1
MEDIUM,MEDIUM,LOW,MEDIUM,MEDIUM,LOW,MEDIUM,MEDIUM,NO,JM1
LOW,LOW,LOW,LOW,LOW,LOW,LOW,LOW,NO,JM1
LOW,LOW,LOW,LOW,LOW,MEDIUM,LOW,LOW,NO,JM1
LOW,LOW,LOW,LOW,LOW,LOW,LOW,LOW,NO,JM1
LOW,LOW,LOW,LOW,LOW,MEDIUM,LOW,LOW,NO,JM1
LOW,LOW,LOW,LOW,LOW,MEDIUM,LOW,LOW,NO,JM1
LOW,LOW,LOW,LOW,LOW,MEDIUM,LOW,LOW,NO,JM1
HIGH,HIGH,HIGH,HIGH,HIGH,HIGH,HIGH,HIGH,NO,JM1
LOW,LOW,LOW,LOW,LOW,MEDIUM,LOW,LOW,NO,JM1
HIGH,HIGH,HIGH,HIGH,HIGH,HIGH,HIGH,HIGH,NO,JM1
LOW,LOW,LOW,LOW,LOW,LOW,LOW,LOW,NO,JM1
LOW,LOW,LOW,LOW,LOW,LOW,LOW,LOW,NO,JM1
LOW,LOW,LOW,LOW,LOW,LOW,LOW,LOW,NO,JM1
LOW,LOW,LOW,LOW,LOW,LOW,LOW,LOW,NO,JM1
LOW,LOW,LOW,LOW,LOW,LOW,LOW,LOW,NO,JM1
HIGH,HIGH,HIGH,HIGH,HIGH,HIGH,HIGH,HIGH,NO,JM1
HIGH,HIGH,HIGH,HIGH,HIGH,HIGH,HIGH,HIGH,NO,JM1
HIGH,HIGH,LOW,HIGH,HIGH,HIGH,HIGH,HIGH,NO,JM1
HIGH,HIGH,LOW,MEDIUM,HIGH,HIGH,HIGH,HIGH,NO,JM1
HIGH,HIGH,LOW,HIGH,HIGH,HIGH,HIGH,HIGH,NO,JM1
LOW,LOW,LOW,LOW,LOW,LOW,LOW,LOW,NO,JM1
MEDIUM,MEDIUM,LOW,MEDIUM,MEDIUM,MEDIUM,MEDIUM,MEDIUM,NO,JM1
LOW,LOW,LOW,LOW,LOW,LOW,LOW,LOW,NO,JM1
LOW,LOW,LOW,LOW,LOW,LOW,LOW,LOW,NO,JM1
LOW,LOW,LOW,LOW,LOW,LOW,LOW,LOW,NO,JM1
LOW,LOW,LOW,LOW,LOW,LOW,LOW,LOW,NO,JM1
LOW,LOW,LOW,LOW,LOW,LOW,LOW,LOW,NO,JM1
MEDIUM,HIGH,HIGH,HIGH,HIGH,HIGH,HIGH,HIGH,NO,JM1
LOW,LOW,LOW,LOW,LOW,LOW,LOW,LOW,NO,JM1
HIGH,HIGH,HIGH,HIGH,HIGH,HIGH,HIGH,HIGH,NO,JM1
MEDIUM,LOW,LOW,LOW,MEDIUM,LOW,MEDIUM,LOW,NO,JM1
MEDIUM,MEDIUM,HIGH,MEDIUM,MEDIUM,MEDIUM,MEDIUM,MEDIUM,NO,JM1
HIGH,HIGH,HIGH,HIGH,HIGH,MEDIUM,HIGH,HIGH,NO,JM1
MEDIUM,LOW,LOW,LOW,MEDIUM,MEDIUM,MEDIUM,LOW,NO,JM1
HIGH,HIGH,HIGH,HIGH,HIGH,HIGH,HIGH,HIGH,NO,JM1
LOW,LOW,LOW,LOW,LOW,LOW,LOW,LOW,NO,JM1
HIGH,HIGH,HIGH,HIGH,HIGH,HIGH,HIGH,HIGH,NO,JM1
LOW,LOW,LOW,LOW,LOW,LOW,LOW,LOW,NO,JM1
HIGH,HIGH,HIGH,HIGH,HIGH,HIGH,HIGH,HIGH,NO,JM1
LOW,MEDIUM,HIGH,MEDIUM,MEDIUM,MEDIUM,MEDIUM,MEDIUM,NO,JM1
HIGH,HIGH,LOW,HIGH,LOW,LOW,LOW,MEDIUM,NO,JM1
LOW,LOW,LOW,LOW,LOW,LOW,LOW,LOW,NO,JM1
HIGH,HIGH,MEDIUM,MEDIUM,MEDIUM,HIGH,HIGH,HIGH,NO,JM1
MEDIUM,LOW,LOW,LOW,MEDIUM,HIGH,HIGH,LOW,NO,JM1
LOW,LOW,LOW,LOW,MEDIUM,MEDIUM,MEDIUM,LOW,NO,JM1
HIGH,LOW,LOW,MEDIUM,HIGH,HIGH,HIGH,LOW,NO,JM1
MEDIUM,MEDIUM,MEDIUM,LOW,MEDIUM,MEDIUM,MEDIUM,MEDIUM,NO,JM1
HIGH,HIGH,HIGH,HIGH,HIGH,HIGH,HIGH,HIGH,NO,JM1
MEDIUM,MEDIUM,MEDIUM,MEDIUM,MEDIUM,MEDIUM,MEDIUM,MEDIUM,NO,JM1
HIGH,MEDIUM,LOW,MEDIUM,HIGH,HIGH,HIGH,MEDIUM,NO,JM1
LOW,LOW,LOW,MEDIUM,LOW,LOW,LOW,LOW,NO,JM1
HIGH,HIGH,HIGH,HIGH,HIGH,HIGH,HIGH,HIGH,NO,JM1
HIGH,LOW,LOW,LOW,HIGH,HIGH,HIGH,LOW,NO,JM1
HIGH,HIGH,HIGH,HIGH,HIGH,HIGH,HIGH,HIGH,NO,JM1
HIGH,HIGH,HIGH,HIGH,HIGH,HIGH,HIGH,HIGH,NO,JM1
HIGH,HIGH,HIGH,HIGH,HIGH,HIGH,HIGH,HIGH,NO,JM1
HIGH,HIGH,HIGH,HIGH,HIGH,HIGH,HIGH,HIGH,NO,JM1
HIGH,LOW,LOW,LOW,HIGH,HIGH,HIGH,LOW,NO,JM1
MEDIUM,LOW,LOW,LOW,MEDIUM,MEDIUM,MEDIUM,LOW,NO,JM1
HIGH,LOW,LOW,LOW,HIGH,HIGH,HIGH,LOW,NO,JM1
HIGH,LOW,LOW,MEDIUM,HIGH,HIGH,HIGH,LOW,NO,JM1
HIGH,MEDIUM,MEDIUM,MEDIUM,HIGH,HIGH,HIGH,MEDIUM,NO,JM1
MEDIUM,LOW,MEDIUM,LOW,MEDIUM,MEDIUM,MEDIUM,LOW,NO,JM1
LOW,LOW,LOW,LOW,LOW,LOW,LOW,LOW,NO,JM1
MEDIUM,MEDIUM,LOW,LOW,MEDIUM,MEDIUM,MEDIUM,MEDIUM,NO,JM1
LOW,LOW,LOW,LOW,LOW,LOW,LOW,LOW,NO,JM1
LOW,LOW,LOW,LOW,MEDIUM,MEDIUM,MEDIUM,LOW,NO,JM1
MEDIUM,MEDIUM,HIGH,HIGH,MEDIUM,MEDIUM,MEDIUM,MEDIUM,NO,JM1
MEDIUM,LOW,LOW,LOW,MEDIUM,MEDIUM,MEDIUM,LOW,NO,JM1
HIGH,HIGH,HIGH,HIGH,HIGH,HIGH,HIGH,HIGH,NO,JM1
LOW,LOW,LOW,LOW,MEDIUM,MEDIUM,MEDIUM,LOW,NO,JM1
LOW,LOW,LOW,LOW,MEDIUM,LOW,LOW,LOW,NO,JM1
LOW,LOW,LOW,LOW,LOW,LOW,LOW,LOW,NO,JM1
LOW,LOW,MEDIUM,LOW,LOW,LOW,LOW,LOW,NO,JM1
MEDIUM,LOW,LOW,MEDIUM,MEDIUM,HIGH,HIGH,LOW,NO,JM1
MEDIUM,HIGH,HIGH,HIGH,MEDIUM,HIGH,MEDIUM,HIGH,NO,JM1
LOW,LOW,LOW,LOW,LOW,LOW,LOW,LOW,NO,JM1
MEDIUM,LOW,LOW,LOW,MEDIUM,MEDIUM,MEDIUM,LOW,NO,JM1
LOW,MEDIUM,HIGH,LOW,LOW,LOW,LOW,MEDIUM,NO,JM1
LOW,MEDIUM,HIGH,MEDIUM,LOW,MEDIUM,LOW,MEDIUM,NO,JM1
MEDIUM,MEDIUM,LOW,LOW,MEDIUM,LOW,MEDIUM,MEDIUM,NO,JM1
LOW,HIGH,HIGH,HIGH,HIGH,MEDIUM,MEDIUM,HIGH,NO,JM1
HIGH,HIGH,HIGH,HIGH,HIGH,HIGH,HIGH,HIGH,NO,JM1
LOW,LOW,LOW,LOW,LOW,LOW,LOW,LOW,NO,JM1
LOW,LOW,LOW,LOW,LOW,LOW,LOW,LOW,NO,JM1
MEDIUM,MEDIUM,HIGH,MEDIUM,LOW,LOW,LOW,MEDIUM,NO,JM1
LOW,LOW,LOW,LOW,LOW,MEDIUM,LOW,LOW,NO,JM1
HIGH,HIGH,HIGH,HIGH,HIGH,HIGH,HIGH,HIGH,NO,JM1
MEDIUM,LOW,LOW,LOW,HIGH,MEDIUM,MEDIUM,LOW,NO,JM1
HIGH,HIGH,HIGH,HIGH,HIGH,HIGH,HIGH,HIGH,NO,JM1
HIGH,MEDIUM,HIGH,HIGH,HIGH,HIGH,HIGH,MEDIUM,NO,JM1
HIGH,HIGH,HIGH,LOW,HIGH,HIGH,HIGH,HIGH,NO,JM1
MEDIUM,LOW,LOW,LOW,LOW,LOW,LOW,LOW,NO,JM1
MEDIUM,LOW,LOW,LOW,LOW,LOW,LOW,LOW,NO,JM1
MEDIUM,LOW,LOW,MEDIUM,MEDIUM,MEDIUM,MEDIUM,LOW,NO,JM1
LOW,LOW,LOW,MEDIUM,LOW,MEDIUM,LOW,LOW,NO,JM1
MEDIUM,MEDIUM,LOW,MEDIUM,MEDIUM,HIGH,MEDIUM,MEDIUM,NO,JM1
LOW,LOW,LOW,LOW,LOW,MEDIUM,LOW,LOW,NO,JM1
MEDIUM,HIGH,HIGH,HIGH,LOW,LOW,LOW,HIGH,NO,JM1
MEDIUM,MEDIUM,MEDIUM,MEDIUM,MEDIUM,HIGH,MEDIUM,MEDIUM,NO,JM1
MEDIUM,MEDIUM,HIGH,MEDIUM,MEDIUM,HIGH,MEDIUM,MEDIUM,NO,JM1
MEDIUM,MEDIUM,MEDIUM,MEDIUM,LOW,LOW,LOW,MEDIUM,NO,JM1
MEDIUM,MEDIUM,HIGH,LOW,MEDIUM,HIGH,MEDIUM,MEDIUM,NO,JM1
LOW,LOW,MEDIUM,LOW,LOW,LOW,LOW,LOW,NO,JM1
LOW,LOW,MEDIUM,LOW,LOW,LOW,LOW,LOW,NO,JM1
LOW,LOW,LOW,LOW,MEDIUM,MEDIUM,MEDIUM,LOW,NO,JM1
LOW,LOW,LOW,LOW,LOW,MEDIUM,MEDIUM,LOW,NO,JM1
LOW,MEDIUM,LOW,MEDIUM,MEDIUM,HIGH,MEDIUM,MEDIUM,NO,JM1
MEDIUM,LOW,LOW,LOW,LOW,LOW,LOW,LOW,NO,JM1
LOW,LOW,LOW,LOW,LOW,LOW,LOW,LOW,NO,JM1
HIGH,HIGH,MEDIUM,HIGH,HIGH,HIGH,HIGH,HIGH,NO,JM1
LOW,LOW,LOW,LOW,LOW,LOW,LOW,LOW,NO,JM1
HIGH,HIGH,HIGH,HIGH,HIGH,HIGH,HIGH,HIGH,NO,JM1
LOW,LOW,LOW,LOW,LOW,HIGH,MEDIUM,LOW,NO,JM1
LOW,MEDIUM,LOW,LOW,LOW,LOW,LOW,MEDIUM,NO,JM1
MEDIUM,MEDIUM,HIGH,MEDIUM,LOW,LOW,LOW,MEDIUM,NO,JM1
HIGH,LOW,LOW,LOW,HIGH,HIGH,HIGH,LOW,NO,JM1
MEDIUM,MEDIUM,MEDIUM,LOW,MEDIUM,HIGH,MEDIUM,MEDIUM,NO,JM1
MEDIUM,HIGH,MEDIUM,MEDIUM,MEDIUM,HIGH,HIGH,HIGH,NO,JM1
MEDIUM,LOW,LOW,MEDIUM,MEDIUM,MEDIUM,MEDIUM,LOW,NO,JM1
LOW,LOW,LOW,LOW,LOW,LOW,LOW,LOW,NO,JM1
LOW,LOW,LOW,LOW,MEDIUM,MEDIUM,MEDIUM,LOW,NO,JM1
LOW,LOW,LOW,LOW,LOW,LOW,LOW,LOW,NO,JM1
HIGH,HIGH,MEDIUM,LOW,MEDIUM,MEDIUM,MEDIUM,HIGH,NO,JM1
MEDIUM,HIGH,HIGH,HIGH,HIGH,HIGH,HIGH,HIGH,NO,JM1
MEDIUM,HIGH,HIGH,HIGH,HIGH,HIGH,HIGH,HIGH,NO,JM1
MEDIUM,HIGH,HIGH,HIGH,HIGH,HIGH,HIGH,HIGH,NO,JM1
HIGH,HIGH,HIGH,HIGH,HIGH,HIGH,HIGH,HIGH,NO,JM1
MEDIUM,HIGH,HIGH,HIGH,HIGH,HIGH,HIGH,HIGH,NO,JM1
MEDIUM,HIGH,HIGH,HIGH,HIGH,HIGH,HIGH,HIGH,NO,JM1
LOW,LOW,LOW,LOW,LOW,LOW,LOW,LOW,NO,JM1
LOW,MEDIUM,LOW,MEDIUM,MEDIUM,LOW,MEDIUM,MEDIUM,NO,JM1
LOW,LOW,LOW,LOW,LOW,LOW,LOW,LOW,NO,JM1
LOW,LOW,LOW,LOW,LOW,LOW,LOW,LOW,NO,JM1
MEDIUM,MEDIUM,MEDIUM,MEDIUM,LOW,LOW,LOW,MEDIUM,NO,JM1
HIGH,HIGH,LOW,MEDIUM,LOW,LOW,LOW,HIGH,NO,JM1
HIGH,HIGH,HIGH,MEDIUM,LOW,LOW,LOW,HIGH,NO,JM1
LOW,LOW,LOW,LOW,LOW,LOW,LOW,LOW,NO,JM1
LOW,LOW,LOW,LOW,LOW,LOW,LOW,LOW,NO,JM1
LOW,MEDIUM,LOW,MEDIUM,LOW,MEDIUM,MEDIUM,MEDIUM,NO,JM1
MEDIUM,MEDIUM,LOW,LOW,MEDIUM,MEDIUM,MEDIUM,MEDIUM,NO,JM1
LOW,LOW,LOW,MEDIUM,LOW,MEDIUM,LOW,LOW,NO,JM1
MEDIUM,HIGH,HIGH,MEDIUM,HIGH,HIGH,HIGH,HIGH,NO,JM1
MEDIUM,MEDIUM,HIGH,LOW,MEDIUM,HIGH,MEDIUM,MEDIUM,NO,JM1
MEDIUM,HIGH,HIGH,LOW,MEDIUM,HIGH,MEDIUM,HIGH,NO,JM1
MEDIUM,LOW,LOW,LOW,MEDIUM,MEDIUM,MEDIUM,LOW,NO,JM1
MEDIUM,MEDIUM,HIGH,MEDIUM,MEDIUM,HIGH,HIGH,MEDIUM,NO,JM1
MEDIUM,MEDIUM,MEDIUM,MEDIUM,MEDIUM,MEDIUM,MEDIUM,MEDIUM,NO,JM1
MEDIUM,HIGH,HIGH,HIGH,MEDIUM,MEDIUM,MEDIUM,HIGH,NO,JM1
MEDIUM,HIGH,HIGH,HIGH,MEDIUM,MEDIUM,MEDIUM,HIGH,NO,JM1
LOW,LOW,LOW,LOW,LOW,LOW,LOW,LOW,NO,JM1
LOW,MEDIUM,HIGH,MEDIUM,MEDIUM,HIGH,MEDIUM,MEDIUM,NO,JM1
MEDIUM,MEDIUM,HIGH,LOW,MEDIUM,HIGH,MEDIUM,MEDIUM,NO,JM1
MEDIUM,MEDIUM,LOW,MEDIUM,MEDIUM,HIGH,HIGH,MEDIUM,NO,JM1
LOW,LOW,LOW,LOW,LOW,LOW,LOW,LOW,NO,JM1
LOW,LOW,MEDIUM,LOW,LOW,LOW,LOW,LOW,NO,JM1
LOW,LOW,MEDIUM,LOW,LOW,LOW,LOW,LOW,NO,JM1
HIGH,HIGH,HIGH,LOW,HIGH,HIGH,HIGH,HIGH,NO,JM1
LOW,LOW,LOW,LOW,MEDIUM,LOW,LOW,LOW,NO,JM1
LOW,LOW,LOW,LOW,LOW,LOW,LOW,LOW,NO,JM1
LOW,LOW,LOW,LOW,LOW,LOW,LOW,LOW,NO,JM1
HIGH,HIGH,HIGH,MEDIUM,HIGH,HIGH,HIGH,HIGH,NO,JM1
HIGH,HIGH,LOW,HIGH,HIGH,HIGH,HIGH,HIGH,NO,JM1
LOW,LOW,LOW,LOW,LOW,LOW,LOW,LOW,NO,JM1
MEDIUM,LOW,LOW,LOW,MEDIUM,HIGH,MEDIUM,LOW,NO,JM1
HIGH,HIGH,HIGH,MEDIUM,HIGH,HIGH,HIGH,HIGH,NO,JM1
LOW,LOW,LOW,LOW,LOW,LOW,LOW,LOW,NO,JM1
LOW,LOW,LOW,LOW,LOW,LOW,LOW,LOW,NO,JM1
HIGH,HIGH,LOW,MEDIUM,HIGH,HIGH,HIGH,HIGH,NO,JM1
MEDIUM,MEDIUM,LOW,MEDIUM,MEDIUM,HIGH,MEDIUM,MEDIUM,NO,JM1
LOW,LOW,LOW,LOW,LOW,LOW,LOW,LOW,NO,JM1
MEDIUM,MEDIUM,HIGH,LOW,MEDIUM,HIGH,MEDIUM,MEDIUM,NO,JM1
MEDIUM,MEDIUM,LOW,LOW,LOW,MEDIUM,LOW,MEDIUM,NO,JM1
HIGH,HIGH,HIGH,HIGH,LOW,LOW,LOW,HIGH,NO,JM1
LOW,LOW,LOW,LOW,LOW,LOW,LOW,LOW,NO,JM1
MEDIUM,LOW,LOW,LOW,MEDIUM,HIGH,MEDIUM,LOW,NO,JM1
MEDIUM,MEDIUM,HIGH,LOW,MEDIUM,HIGH,MEDIUM,MEDIUM,NO,JM1
LOW,LOW,LOW,LOW,MEDIUM,HIGH,MEDIUM,LOW,NO,JM1
MEDIUM,LOW,LOW,MEDIUM,LOW,LOW,LOW,LOW,NO,JM1
MEDIUM,MEDIUM,HIGH,LOW,MEDIUM,MEDIUM,MEDIUM,MEDIUM,NO,JM1
LOW,LOW,LOW,LOW,LOW,LOW,LOW,LOW,NO,JM1
MEDIUM,HIGH,HIGH,HIGH,LOW,LOW,LOW,HIGH,NO,JM1
MEDIUM,HIGH,HIGH,HIGH,LOW,LOW,LOW,HIGH,NO,JM1
HIGH,MEDIUM,LOW,MEDIUM,HIGH,HIGH,HIGH,MEDIUM,NO,JM1
HIGH,MEDIUM,LOW,HIGH,HIGH,HIGH,HIGH,MEDIUM,NO,JM1
HIGH,HIGH,HIGH,HIGH,LOW,LOW,LOW,HIGH,NO,JM1
LOW,LOW,LOW,LOW,LOW,LOW,LOW,LOW,NO,JM1
HIGH,HIGH,HIGH,MEDIUM,LOW,LOW,LOW,HIGH,NO,JM1
LOW,MEDIUM,HIGH,MEDIUM,MEDIUM,MEDIUM,MEDIUM,MEDIUM,NO,JM1
LOW,LOW,LOW,LOW,LOW,LOW,LOW,LOW,NO,JM1
LOW,LOW,LOW,LOW,LOW,LOW,LOW,LOW,NO,JM1
HIGH,LOW,LOW,LOW,HIGH,MEDIUM,HIGH,LOW,NO,JM1
HIGH,LOW,LOW,LOW,HIGH,MEDIUM,HIGH,LOW,NO,JM1
HIGH,MEDIUM,LOW,MEDIUM,HIGH,HIGH,HIGH,MEDIUM,NO,JM1
HIGH,MEDIUM,LOW,HIGH,HIGH,HIGH,HIGH,MEDIUM,NO,JM1
HIGH,HIGH,HIGH,HIGH,HIGH,HIGH,HIGH,HIGH,NO,JM1
HIGH,HIGH,HIGH,HIGH,HIGH,MEDIUM,HIGH,HIGH,NO,JM1
HIGH,MEDIUM,LOW,HIGH,HIGH,HIGH,HIGH,MEDIUM,NO,JM1
MEDIUM,LOW,LOW,LOW,MEDIUM,LOW,MEDIUM,LOW,NO,JM1
LOW,LOW,LOW,LOW,MEDIUM,MEDIUM,MEDIUM,LOW,NO,JM1
LOW,LOW,LOW,LOW,LOW,LOW,LOW,LOW,NO,JM1
MEDIUM,HIGH,MEDIUM,MEDIUM,MEDIUM,MEDIUM,MEDIUM,HIGH,NO,JM1
LOW,LOW,LOW,LOW,LOW,LOW,LOW,LOW,NO,JM1
MEDIUM,MEDIUM,LOW,LOW,MEDIUM,MEDIUM,MEDIUM,MEDIUM,NO,JM1
LOW,MEDIUM,LOW,LOW,LOW,MEDIUM,MEDIUM,MEDIUM,NO,JM1
MEDIUM,LOW,LOW,MEDIUM,LOW,MEDIUM,MEDIUM,LOW,NO,JM1
MEDIUM,MEDIUM,LOW,LOW,MEDIUM,HIGH,MEDIUM,MEDIUM,NO,JM1
HIGH,HIGH,HIGH,HIGH,HIGH,HIGH,HIGH,HIGH,NO,JM1
LOW,LOW,LOW,LOW,LOW,LOW,LOW,LOW,NO,JM1
LOW,LOW,LOW,LOW,LOW,LOW,LOW,LOW,NO,JM1
LOW,LOW,MEDIUM,LOW,LOW,LOW,LOW,LOW,NO,JM1
MEDIUM,LOW,LOW,MEDIUM,MEDIUM,MEDIUM,MEDIUM,LOW,NO,JM1
LOW,MEDIUM,LOW,MEDIUM,LOW,MEDIUM,MEDIUM,MEDIUM,NO,JM1
LOW,LOW,LOW,LOW,LOW,LOW,LOW,LOW,NO,JM1
LOW,LOW,LOW,LOW,LOW,LOW,LOW,LOW,NO,JM1
LOW,LOW,LOW,LOW,LOW,LOW,LOW,LOW,NO,JM1
LOW,LOW,LOW,LOW,MEDIUM,MEDIUM,MEDIUM,LOW,NO,JM1
LOW,LOW,LOW,LOW,LOW,LOW,LOW,LOW,NO,JM1
LOW,LOW,LOW,LOW,LOW,LOW,LOW,LOW,NO,JM1
LOW,LOW,LOW,LOW,LOW,LOW,LOW,LOW,NO,JM1
HIGH,MEDIUM,HIGH,HIGH,HIGH,MEDIUM,HIGH,MEDIUM,NO,JM1
HIGH,HIGH,HIGH,HIGH,HIGH,HIGH,HIGH,HIGH,NO,JM1
LOW,MEDIUM,MEDIUM,LOW,LOW,MEDIUM,MEDIUM,MEDIUM,NO,JM1
LOW,LOW,LOW,LOW,LOW,LOW,LOW,LOW,NO,JM1
LOW,LOW,LOW,LOW,LOW,LOW,LOW,LOW,NO,JM1
LOW,LOW,MEDIUM,LOW,LOW,LOW,LOW,LOW,NO,JM1
HIGH,MEDIUM,LOW,MEDIUM,HIGH,MEDIUM,HIGH,MEDIUM,NO,JM1
MEDIUM,LOW,MEDIUM,LOW,MEDIUM,LOW,LOW,LOW,NO,JM1
LOW,LOW,LOW,LOW,LOW,LOW,LOW,LOW,NO,JM1
MEDIUM,HIGH,HIGH,HIGH,HIGH,HIGH,HIGH,HIGH,NO,JM1
MEDIUM,LOW,LOW,LOW,MEDIUM,LOW,LOW,LOW,NO,JM1
HIGH,HIGH,LOW,HIGH,HIGH,HIGH,HIGH,HIGH,NO,JM1
MEDIUM,MEDIUM,MEDIUM,LOW,MEDIUM,MEDIUM,MEDIUM,MEDIUM,NO,JM1
HIGH,HIGH,HIGH,HIGH,HIGH,HIGH,HIGH,HIGH,NO,JM1
MEDIUM,HIGH,MEDIUM,LOW,MEDIUM,HIGH,MEDIUM,HIGH,NO,JM1
LOW,LOW,LOW,LOW,MEDIUM,MEDIUM,MEDIUM,LOW,NO,JM1
MEDIUM,LOW,LOW,LOW,MEDIUM,LOW,LOW,LOW,NO,JM1
LOW,LOW,LOW,LOW,LOW,LOW,LOW,LOW,NO,JM1
LOW,LOW,MEDIUM,LOW,LOW,LOW,LOW,LOW,NO,JM1
LOW,LOW,LOW,LOW,LOW,LOW,LOW,LOW,NO,JM1
LOW,LOW,LOW,LOW,LOW,LOW,LOW,LOW,NO,JM1
HIGH,HIGH,LOW,HIGH,HIGH,HIGH,HIGH,HIGH,NO,JM1
LOW,LOW,LOW,LOW,LOW,LOW,LOW,LOW,NO,JM1
LOW,LOW,LOW,LOW,LOW,LOW,LOW,LOW,NO,JM1
LOW,LOW,LOW,LOW,LOW,LOW,LOW,LOW,NO,JM1
LOW,LOW,LOW,LOW,LOW,LOW,LOW,LOW,NO,JM1
LOW,LOW,LOW,LOW,LOW,LOW,LOW,LOW,NO,JM1
LOW,LOW,LOW,LOW,LOW,LOW,LOW,LOW,NO,JM1
LOW,LOW,LOW,LOW,LOW,LOW,LOW,LOW,NO,JM1
LOW,LOW,LOW,LOW,LOW,LOW,LOW,LOW,NO,JM1
MEDIUM,LOW,LOW,LOW,MEDIUM,MEDIUM,MEDIUM,LOW,NO,JM1
MEDIUM,LOW,LOW,LOW,MEDIUM,MEDIUM,MEDIUM,LOW,NO,JM1
MEDIUM,MEDIUM,LOW,LOW,LOW,LOW,LOW,MEDIUM,NO,JM1
MEDIUM,MEDIUM,HIGH,MEDIUM,MEDIUM,MEDIUM,MEDIUM,MEDIUM,NO,JM1
LOW,LOW,LOW,LOW,LOW,LOW,LOW,LOW,NO,JM1
MEDIUM,HIGH,HIGH,HIGH,MEDIUM,HIGH,MEDIUM,HIGH,NO,JM1
LOW,LOW,LOW,LOW,LOW,LOW,LOW,LOW,NO,JM1
HIGH,HIGH,LOW,HIGH,HIGH,MEDIUM,MEDIUM,HIGH,NO,JM1
LOW,MEDIUM,LOW,LOW,LOW,LOW,LOW,MEDIUM,NO,JM1
LOW,LOW,MEDIUM,LOW,LOW,LOW,LOW,LOW,NO,JM1
LOW,LOW,LOW,LOW,LOW,LOW,LOW,LOW,NO,JM1
MEDIUM,LOW,LOW,LOW,LOW,LOW,LOW,LOW,NO,JM1
LOW,MEDIUM,MEDIUM,LOW,MEDIUM,HIGH,MEDIUM,MEDIUM,NO,JM1
LOW,MEDIUM,LOW,LOW,MEDIUM,HIGH,MEDIUM,MEDIUM,NO,JM1
MEDIUM,HIGH,LOW,LOW,LOW,LOW,LOW,HIGH,NO,JM1
HIGH,HIGH,LOW,HIGH,HIGH,HIGH,HIGH,HIGH,NO,JM1
LOW,LOW,LOW,LOW,LOW,LOW,LOW,LOW,NO,JM1
LOW,MEDIUM,LOW,LOW,MEDIUM,MEDIUM,MEDIUM,MEDIUM,NO,JM1
LOW,LOW,LOW,LOW,LOW,LOW,LOW,LOW,NO,JM1
LOW,LOW,LOW,LOW,LOW,LOW,LOW,LOW,NO,JM1
HIGH,MEDIUM,HIGH,HIGH,MEDIUM,MEDIUM,MEDIUM,MEDIUM,NO,JM1
LOW,LOW,LOW,LOW,LOW,LOW,LOW,LOW,NO,JM1
HIGH,HIGH,LOW,HIGH,HIGH,HIGH,HIGH,HIGH,NO,JM1
MEDIUM,LOW,LOW,MEDIUM,MEDIUM,MEDIUM,MEDIUM,LOW,NO,JM1
LOW,LOW,LOW,LOW,MEDIUM,LOW,MEDIUM,LOW,NO,JM1
LOW,LOW,LOW,LOW,LOW,LOW,LOW,LOW,NO,JM1
MEDIUM,LOW,LOW,LOW,MEDIUM,LOW,LOW,LOW,NO,JM1
LOW,LOW,LOW,LOW,LOW,LOW,LOW,LOW,NO,JM1
MEDIUM,LOW,LOW,MEDIUM,MEDIUM,LOW,MEDIUM,LOW,NO,JM1
LOW,LOW,LOW,LOW,LOW,LOW,LOW,LOW,NO,JM1
LOW,LOW,LOW,LOW,LOW,LOW,LOW,LOW,NO,JM1
HIGH,HIGH,HIGH,HIGH,LOW,LOW,LOW,HIGH,NO,JM1
HIGH,HIGH,HIGH,HIGH,LOW,LOW,LOW,HIGH,NO,JM1
HIGH,HIGH,HIGH,HIGH,LOW,LOW,LOW,HIGH,NO,JM1
HIGH,HIGH,HIGH,HIGH,LOW,LOW,LOW,HIGH,NO,JM1
HIGH,HIGH,HIGH,HIGH,LOW,LOW,LOW,HIGH,NO,JM1
HIGH,HIGH,HIGH,HIGH,HIGH,HIGH,HIGH,HIGH,NO,JM1
HIGH,HIGH,LOW,HIGH,LOW,LOW,LOW,MEDIUM,NO,JM1
HIGH,HIGH,HIGH,HIGH,HIGH,HIGH,HIGH,HIGH,NO,JM1
HIGH,HIGH,HIGH,HIGH,HIGH,HIGH,HIGH,HIGH,NO,JM1
LOW,LOW,LOW,LOW,LOW,LOW,LOW,LOW,NO,JM1
LOW,LOW,LOW,LOW,LOW,LOW,LOW,LOW,NO,JM1
LOW,LOW,LOW,LOW,LOW,LOW,LOW,LOW,NO,JM1
LOW,LOW,LOW,LOW,LOW,LOW,LOW,LOW,NO,JM1
MEDIUM,LOW,LOW,LOW,MEDIUM,MEDIUM,MEDIUM,LOW,NO,JM1
MEDIUM,MEDIUM,LOW,LOW,MEDIUM,HIGH,HIGH,MEDIUM,NO,JM1
MEDIUM,MEDIUM,LOW,LOW,MEDIUM,HIGH,MEDIUM,LOW,NO,JM1
MEDIUM,MEDIUM,LOW,LOW,MEDIUM,HIGH,HIGH,MEDIUM,NO,JM1
LOW,LOW,LOW,LOW,LOW,LOW,LOW,LOW,NO,JM1
LOW,LOW,LOW,LOW,LOW,LOW,LOW,LOW,NO,JM1
MEDIUM,MEDIUM,LOW,LOW,MEDIUM,HIGH,HIGH,MEDIUM,NO,JM1
LOW,LOW,LOW,LOW,LOW,LOW,LOW,LOW,NO,JM1
LOW,LOW,LOW,LOW,LOW,LOW,LOW,LOW,NO,JM1
HIGH,HIGH,LOW,LOW,HIGH,HIGH,HIGH,HIGH,NO,JM1
LOW,LOW,LOW,LOW,LOW,LOW,LOW,LOW,NO,JM1
HIGH,MEDIUM,LOW,MEDIUM,LOW,LOW,LOW,MEDIUM,NO,JM1
HIGH,HIGH,LOW,HIGH,HIGH,MEDIUM,HIGH,HIGH,NO,JM1
HIGH,HIGH,LOW,HIGH,LOW,LOW,LOW,HIGH,NO,JM1
HIGH,HIGH,LOW,HIGH,LOW,LOW,LOW,HIGH,NO,JM1
HIGH,MEDIUM,LOW,MEDIUM,LOW,LOW,LOW,MEDIUM,NO,JM1
LOW,LOW,LOW,LOW,LOW,LOW,LOW,LOW,NO,JM1
MEDIUM,LOW,LOW,LOW,MEDIUM,MEDIUM,MEDIUM,LOW,NO,JM1
LOW,LOW,LOW,LOW,MEDIUM,MEDIUM,MEDIUM,LOW,NO,JM1
HIGH,HIGH,HIGH,HIGH,HIGH,HIGH,HIGH,HIGH,NO,JM1
HIGH,HIGH,HIGH,HIGH,HIGH,HIGH,HIGH,HIGH,NO,JM1
MEDIUM,MEDIUM,LOW,LOW,MEDIUM,MEDIUM,MEDIUM,MEDIUM,NO,JM1
MEDIUM,LOW,LOW,LOW,LOW,LOW,LOW,LOW,NO,JM1
MEDIUM,HIGH,HIGH,MEDIUM,MEDIUM,HIGH,HIGH,HIGH,NO,JM1
MEDIUM,MEDIUM,LOW,MEDIUM,MEDIUM,MEDIUM,MEDIUM,LOW,NO,JM1
MEDIUM,HIGH,HIGH,MEDIUM,MEDIUM,HIGH,MEDIUM,HIGH,NO,JM1
HIGH,HIGH,LOW,MEDIUM,LOW,LOW,LOW,HIGH,NO,JM1
MEDIUM,MEDIUM,LOW,LOW,MEDIUM,MEDIUM,MEDIUM,MEDIUM,NO,JM1
LOW,MEDIUM,HIGH,LOW,LOW,LOW,LOW,MEDIUM,NO,JM1
LOW,MEDIUM,HIGH,LOW,MEDIUM,HIGH,MEDIUM,MEDIUM,NO,JM1
MEDIUM,MEDIUM,LOW,LOW,MEDIUM,HIGH,HIGH,MEDIUM,NO,JM1
LOW,LOW,LOW,LOW,LOW,LOW,LOW,LOW,NO,JM1
HIGH,HIGH,HIGH,HIGH,HIGH,HIGH,HIGH,HIGH,NO,JM1
MEDIUM,MEDIUM,LOW,LOW,MEDIUM,MEDIUM,MEDIUM,MEDIUM,NO,JM1
LOW,LOW,LOW,LOW,LOW,LOW,LOW,LOW,NO,JM1
LOW,LOW,LOW,LOW,MEDIUM,LOW,LOW,LOW,NO,JM1
LOW,LOW,LOW,LOW,LOW,LOW,LOW,LOW,NO,JM1
LOW,LOW,LOW,LOW,LOW,LOW,LOW,LOW,NO,JM1
LOW,LOW,LOW,LOW,LOW,LOW,LOW,LOW,NO,JM1
LOW,LOW,LOW,LOW,LOW,LOW,LOW,LOW,NO,JM1
LOW,LOW,LOW,LOW,LOW,LOW,LOW,LOW,NO,JM1
MEDIUM,HIGH,LOW,HIGH,MEDIUM,MEDIUM,MEDIUM,HIGH,NO,JM1
MEDIUM,HIGH,HIGH,MEDIUM,MEDIUM,HIGH,HIGH,HIGH,NO,JM1
MEDIUM,HIGH,HIGH,HIGH,MEDIUM,HIGH,HIGH,HIGH,NO,JM1
MEDIUM,HIGH,HIGH,MEDIUM,MEDIUM,HIGH,HIGH,HIGH,NO,JM1
MEDIUM,HIGH,HIGH,MEDIUM,MEDIUM,HIGH,MEDIUM,HIGH,NO,JM1
MEDIUM,HIGH,HIGH,MEDIUM,MEDIUM,HIGH,HIGH,HIGH,NO,JM1
HIGH,HIGH,HIGH,HIGH,HIGH,HIGH,HIGH,HIGH,NO,JM1
MEDIUM,HIGH,HIGH,MEDIUM,MEDIUM,HIGH,MEDIUM,HIGH,NO,JM1
LOW,LOW,LOW,LOW,MEDIUM,LOW,LOW,LOW,NO,JM1
LOW,LOW,LOW,LOW,LOW,LOW,LOW,LOW,NO,JM1
LOW,LOW,MEDIUM,LOW,MEDIUM,MEDIUM,MEDIUM,LOW,NO,JM1
HIGH,LOW,LOW,LOW,LOW,LOW,LOW,LOW,NO,JM1
LOW,MEDIUM,HIGH,LOW,LOW,LOW,LOW,MEDIUM,NO,JM1
HIGH,MEDIUM,LOW,LOW,MEDIUM,HIGH,HIGH,MEDIUM,NO,JM1
MEDIUM,MEDIUM,LOW,MEDIUM,MEDIUM,MEDIUM,MEDIUM,MEDIUM,NO,JM1
MEDIUM,MEDIUM,LOW,LOW,MEDIUM,MEDIUM,MEDIUM,MEDIUM,NO,JM1
LOW,MEDIUM,HIGH,MEDIUM,LOW,LOW,LOW,MEDIUM,NO,JM1
MEDIUM,HIGH,HIGH,HIGH,MEDIUM,MEDIUM,MEDIUM,HIGH,NO,JM1
LOW,LOW,LOW,LOW,LOW,LOW,LOW,LOW,NO,JM1
MEDIUM,LOW,LOW,LOW,MEDIUM,MEDIUM,MEDIUM,LOW,NO,JM1
HIGH,HIGH,LOW,HIGH,HIGH,HIGH,HIGH,HIGH,NO,JM1
MEDIUM,HIGH,LOW,LOW,MEDIUM,MEDIUM,MEDIUM,HIGH,NO,JM1
MEDIUM,MEDIUM,LOW,MEDIUM,MEDIUM,MEDIUM,MEDIUM,MEDIUM,NO,JM1
LOW,LOW,LOW,LOW,LOW,LOW,LOW,LOW,NO,JM1
LOW,LOW,MEDIUM,MEDIUM,LOW,LOW,LOW,LOW,NO,JM1
LOW,LOW,LOW,LOW,LOW,LOW,LOW,LOW,NO,JM1
LOW,MEDIUM,HIGH,LOW,MEDIUM,MEDIUM,MEDIUM,MEDIUM,NO,JM1
LOW,MEDIUM,HIGH,LOW,LOW,LOW,LOW,MEDIUM,NO,JM1
LOW,LOW,LOW,LOW,LOW,LOW,LOW,LOW,NO,JM1
LOW,LOW,LOW,LOW,LOW,LOW,LOW,LOW,NO,JM1
LOW,LOW,LOW,LOW,LOW,LOW,LOW,LOW,NO,JM1
LOW,LOW,LOW,LOW,LOW,LOW,LOW,LOW,NO,JM1
LOW,LOW,LOW,LOW,LOW,LOW,LOW,LOW,NO,JM1
LOW,LOW,LOW,LOW,LOW,LOW,LOW,LOW,NO,JM1
HIGH,HIGH,HIGH,LOW,MEDIUM,HIGH,HIGH,HIGH,NO,JM1
LOW,MEDIUM,LOW,LOW,LOW,MEDIUM,LOW,MEDIUM,NO,JM1
LOW,MEDIUM,MEDIUM,LOW,MEDIUM,HIGH,MEDIUM,MEDIUM,NO,JM1
MEDIUM,LOW,LOW,MEDIUM,MEDIUM,MEDIUM,MEDIUM,LOW,NO,JM1
LOW,LOW,LOW,LOW,MEDIUM,MEDIUM,MEDIUM,LOW,NO,JM1
LOW,LOW,LOW,MEDIUM,MEDIUM,MEDIUM,MEDIUM,LOW,NO,JM1
HIGH,HIGH,HIGH,HIGH,LOW,LOW,LOW,HIGH,NO,JM1
LOW,LOW,LOW,LOW,MEDIUM,MEDIUM,MEDIUM,LOW,NO,JM1
LOW,LOW,MEDIUM,LOW,MEDIUM,MEDIUM,MEDIUM,LOW,NO,JM1
LOW,LOW,LOW,LOW,LOW,LOW,LOW,LOW,NO,JM1
LOW,LOW,LOW,LOW,LOW,LOW,LOW,LOW,NO,JM1
LOW,LOW,LOW,LOW,LOW,LOW,LOW,LOW,NO,JM1
LOW,LOW,LOW,LOW,LOW,LOW,LOW,LOW,NO,JM1
LOW,LOW,LOW,LOW,MEDIUM,LOW,LOW,LOW,NO,JM1
LOW,LOW,LOW,LOW,LOW,LOW,LOW,LOW,NO,JM1
LOW,LOW,LOW,LOW,LOW,LOW,LOW,LOW,NO,JM1
LOW,LOW,LOW,LOW,LOW,LOW,LOW,LOW,NO,JM1
LOW,LOW,LOW,LOW,LOW,LOW,LOW,LOW,NO,JM1
LOW,LOW,LOW,LOW,LOW,LOW,LOW,LOW,NO,JM1
HIGH,HIGH,HIGH,HIGH,HIGH,HIGH,HIGH,HIGH,NO,JM1
LOW,LOW,LOW,LOW,LOW,LOW,LOW,LOW,NO,JM1
LOW,LOW,LOW,LOW,LOW,LOW,LOW,LOW,NO,JM1
MEDIUM,LOW,LOW,LOW,MEDIUM,HIGH,MEDIUM,LOW,NO,JM1
LOW,LOW,LOW,LOW,LOW,LOW,LOW,LOW,NO,JM1
LOW,LOW,LOW,LOW,LOW,LOW,LOW,LOW,NO,JM1
LOW,LOW,LOW,LOW,LOW,LOW,LOW,LOW,NO,JM1
LOW,LOW,LOW,LOW,LOW,LOW,LOW,LOW,NO,JM1
LOW,LOW,LOW,LOW,LOW,LOW,LOW,LOW,NO,JM1
LOW,LOW,LOW,LOW,LOW,LOW,LOW,LOW,NO,JM1
LOW,LOW,LOW,LOW,LOW,LOW,LOW,LOW,NO,JM1
MEDIUM,LOW,LOW,LOW,MEDIUM,MEDIUM,MEDIUM,LOW,NO,JM1
MEDIUM,MEDIUM,LOW,MEDIUM,MEDIUM,MEDIUM,MEDIUM,MEDIUM,NO,JM1
LOW,LOW,LOW,LOW,LOW,MEDIUM,LOW,LOW,NO,JM1
LOW,LOW,LOW,LOW,LOW,LOW,LOW,LOW,NO,JM1
MEDIUM,MEDIUM,HIGH,MEDIUM,MEDIUM,MEDIUM,MEDIUM,MEDIUM,NO,JM1
LOW,LOW,LOW,LOW,LOW,LOW,LOW,LOW,NO,JM1
LOW,LOW,MEDIUM,LOW,LOW,MEDIUM,MEDIUM,LOW,NO,JM1
MEDIUM,LOW,LOW,LOW,MEDIUM,LOW,MEDIUM,LOW,NO,JM1
MEDIUM,MEDIUM,HIGH,LOW,MEDIUM,MEDIUM,MEDIUM,MEDIUM,NO,JM1
LOW,LOW,LOW,LOW,MEDIUM,HIGH,MEDIUM,LOW,NO,JM1
MEDIUM,LOW,LOW,LOW,MEDIUM,MEDIUM,MEDIUM,LOW,NO,JM1
LOW,LOW,LOW,LOW,LOW,LOW,LOW,LOW,NO,JM1
HIGH,HIGH,HIGH,MEDIUM,HIGH,HIGH,HIGH,HIGH,NO,JM1
LOW,LOW,LOW,LOW,MEDIUM,HIGH,MEDIUM,LOW,NO,JM1
MEDIUM,LOW,MEDIUM,LOW,MEDIUM,MEDIUM,MEDIUM,LOW,NO,JM1
HIGH,HIGH,HIGH,LOW,HIGH,HIGH,HIGH,HIGH,NO,JM1
LOW,LOW,LOW,LOW,LOW,MEDIUM,MEDIUM,LOW,NO,JM1
LOW,LOW,LOW,LOW,LOW,LOW,LOW,LOW,NO,JM1
LOW,LOW,LOW,LOW,LOW,MEDIUM,LOW,LOW,NO,JM1
HIGH,HIGH,HIGH,HIGH,HIGH,MEDIUM,HIGH,HIGH,NO,JM1
HIGH,HIGH,HIGH,HIGH,HIGH,HIGH,HIGH,HIGH,NO,JM1
MEDIUM,LOW,LOW,LOW,MEDIUM,LOW,LOW,LOW,NO,JM1
MEDIUM,MEDIUM,MEDIUM,MEDIUM,MEDIUM,MEDIUM,MEDIUM,MEDIUM,NO,JM1
HIGH,HIGH,HIGH,MEDIUM,HIGH,HIGH,HIGH,HIGH,NO,JM1
HIGH,HIGH,HIGH,HIGH,HIGH,HIGH,HIGH,HIGH,NO,JM1
MEDIUM,MEDIUM,HIGH,MEDIUM,HIGH,MEDIUM,HIGH,MEDIUM,NO,JM1
HIGH,HIGH,HIGH,HIGH,HIGH,HIGH,HIGH,HIGH,NO,JM1
HIGH,HIGH,HIGH,HIGH,HIGH,HIGH,HIGH,HIGH,NO,JM1
HIGH,HIGH,HIGH,HIGH,HIGH,HIGH,HIGH,HIGH,NO,JM1
LOW,LOW,LOW,LOW,LOW,LOW,LOW,LOW,NO,JM1
HIGH,HIGH,HIGH,HIGH,HIGH,HIGH,HIGH,HIGH,NO,JM1
HIGH,HIGH,HIGH,HIGH,HIGH,HIGH,HIGH,HIGH,NO,JM1
LOW,MEDIUM,HIGH,MEDIUM,LOW,LOW,LOW,MEDIUM,NO,JM1
LOW,MEDIUM,HIGH,MEDIUM,LOW,LOW,LOW,MEDIUM,NO,JM1
LOW,LOW,LOW,LOW,LOW,LOW,LOW,LOW,NO,JM1
LOW,MEDIUM,HIGH,MEDIUM,LOW,LOW,LOW,MEDIUM,NO,JM1
LOW,MEDIUM,HIGH,MEDIUM,LOW,LOW,LOW,MEDIUM,NO,JM1
LOW,MEDIUM,HIGH,MEDIUM,LOW,LOW,LOW,MEDIUM,NO,JM1
LOW,MEDIUM,HIGH,MEDIUM,LOW,LOW,LOW,MEDIUM,NO,JM1
LOW,LOW,MEDIUM,LOW,LOW,LOW,LOW,LOW,NO,JM1
LOW,LOW,MEDIUM,LOW,LOW,LOW,LOW,LOW,NO,JM1
LOW,MEDIUM,HIGH,MEDIUM,LOW,LOW,LOW,MEDIUM,NO,JM1
LOW,LOW,MEDIUM,LOW,LOW,MEDIUM,LOW,LOW,NO,JM1
LOW,LOW,MEDIUM,LOW,LOW,LOW,LOW,LOW,NO,JM1
LOW,LOW,LOW,LOW,LOW,LOW,LOW,LOW,NO,JM1
LOW,MEDIUM,HIGH,MEDIUM,LOW,LOW,LOW,MEDIUM,NO,JM1
HIGH,HIGH,HIGH,HIGH,HIGH,HIGH,HIGH,HIGH,NO,JM1
HIGH,MEDIUM,MEDIUM,MEDIUM,HIGH,HIGH,HIGH,MEDIUM,NO,JM1
MEDIUM,LOW,LOW,LOW,MEDIUM,LOW,MEDIUM,LOW,NO,JM1
LOW,LOW,LOW,LOW,LOW,LOW,LOW,LOW,NO,JM1
HIGH,HIGH,LOW,HIGH,HIGH,HIGH,HIGH,HIGH,NO,JM1
HIGH,MEDIUM,LOW,MEDIUM,HIGH,MEDIUM,HIGH,MEDIUM,NO,JM1
HIGH,HIGH,LOW,HIGH,HIGH,HIGH,HIGH,HIGH,NO,JM1
HIGH,HIGH,LOW,HIGH,HIGH,HIGH,HIGH,HIGH,NO,JM1
HIGH,HIGH,HIGH,HIGH,HIGH,HIGH,HIGH,HIGH,NO,JM1
HIGH,MEDIUM,LOW,HIGH,MEDIUM,HIGH,MEDIUM,MEDIUM,NO,JM1
HIGH,HIGH,HIGH,HIGH,HIGH,HIGH,HIGH,HIGH,NO,JM1
MEDIUM,LOW,LOW,MEDIUM,LOW,MEDIUM,LOW,LOW,NO,JM1
LOW,LOW,LOW,LOW,LOW,LOW,LOW,LOW,NO,JM1
HIGH,LOW,LOW,LOW,MEDIUM,MEDIUM,MEDIUM,LOW,NO,JM1
LOW,LOW,LOW,LOW,LOW,LOW,LOW,LOW,NO,JM1
LOW,LOW,LOW,LOW,MEDIUM,MEDIUM,MEDIUM,LOW,NO,JM1
MEDIUM,LOW,LOW,MEDIUM,MEDIUM,MEDIUM,MEDIUM,LOW,NO,JM1
LOW,LOW,LOW,LOW,LOW,LOW,LOW,LOW,NO,JM1
MEDIUM,LOW,LOW,LOW,MEDIUM,MEDIUM,MEDIUM,LOW,NO,JM1
MEDIUM,LOW,LOW,LOW,MEDIUM,MEDIUM,MEDIUM,LOW,NO,JM1
MEDIUM,LOW,LOW,LOW,MEDIUM,MEDIUM,MEDIUM,LOW,NO,JM1
MEDIUM,HIGH,LOW,HIGH,MEDIUM,MEDIUM,MEDIUM,HIGH,NO,JM1
LOW,LOW,LOW,LOW,LOW,LOW,LOW,LOW,NO,JM1
LOW,LOW,LOW,LOW,LOW,HIGH,MEDIUM,LOW,NO,JM1
MEDIUM,MEDIUM,LOW,LOW,MEDIUM,HIGH,MEDIUM,MEDIUM,NO,JM1
MEDIUM,MEDIUM,LOW,MEDIUM,MEDIUM,LOW,MEDIUM,MEDIUM,NO,JM1
LOW,MEDIUM,LOW,LOW,MEDIUM,MEDIUM,MEDIUM,LOW,NO,JM1
LOW,MEDIUM,LOW,MEDIUM,MEDIUM,MEDIUM,MEDIUM,MEDIUM,NO,JM1
LOW,LOW,LOW,LOW,LOW,LOW,LOW,LOW,NO,JM1
MEDIUM,HIGH,LOW,HIGH,MEDIUM,MEDIUM,MEDIUM,HIGH,NO,JM1
LOW,HIGH,LOW,LOW,MEDIUM,LOW,MEDIUM,MEDIUM,NO,JM1
LOW,LOW,LOW,LOW,LOW,LOW,LOW,LOW,NO,JM1
LOW,LOW,LOW,LOW,LOW,LOW,LOW,LOW,NO,JM1
LOW,LOW,LOW,LOW,LOW,LOW,LOW,LOW,NO,JM1
MEDIUM,MEDIUM,LOW,MEDIUM,MEDIUM,MEDIUM,MEDIUM,MEDIUM,NO,JM1
MEDIUM,MEDIUM,LOW,MEDIUM,MEDIUM,MEDIUM,MEDIUM,MEDIUM,NO,JM1
HIGH,HIGH,HIGH,HIGH,HIGH,HIGH,HIGH,HIGH,NO,JM1
LOW,LOW,LOW,LOW,LOW,LOW,LOW,LOW,NO,JM1
LOW,LOW,LOW,LOW,LOW,LOW,LOW,LOW,NO,JM1
LOW,LOW,LOW,LOW,LOW,LOW,LOW,LOW,NO,JM1
MEDIUM,MEDIUM,LOW,MEDIUM,MEDIUM,MEDIUM,MEDIUM,MEDIUM,NO,JM1
MEDIUM,MEDIUM,HIGH,MEDIUM,MEDIUM,MEDIUM,MEDIUM,MEDIUM,NO,JM1
LOW,LOW,LOW,LOW,LOW,LOW,LOW,LOW,NO,JM1
MEDIUM,LOW,LOW,MEDIUM,MEDIUM,MEDIUM,MEDIUM,LOW,NO,JM1
LOW,LOW,LOW,MEDIUM,MEDIUM,MEDIUM,MEDIUM,LOW,NO,JM1
LOW,LOW,LOW,MEDIUM,MEDIUM,MEDIUM,MEDIUM,LOW,NO,JM1
MEDIUM,LOW,LOW,MEDIUM,MEDIUM,MEDIUM,MEDIUM,LOW,NO,JM1
LOW,LOW,LOW,LOW,LOW,LOW,LOW,LOW,NO,JM1
MEDIUM,LOW,LOW,MEDIUM,MEDIUM,MEDIUM,MEDIUM,LOW,NO,JM1
MEDIUM,LOW,LOW,MEDIUM,MEDIUM,MEDIUM,MEDIUM,LOW,NO,JM1
LOW,LOW,LOW,LOW,LOW,LOW,LOW,LOW,NO,JM1
HIGH,HIGH,LOW,LOW,MEDIUM,HIGH,HIGH,HIGH,NO,JM1
HIGH,HIGH,HIGH,HIGH,HIGH,HIGH,HIGH,HIGH,NO,JM1
LOW,MEDIUM,LOW,MEDIUM,LOW,LOW,LOW,MEDIUM,NO,JM1
HIGH,HIGH,HIGH,HIGH,HIGH,HIGH,HIGH,HIGH,NO,JM1
MEDIUM,LOW,LOW,LOW,LOW,LOW,LOW,LOW,NO,JM1
HIGH,MEDIUM,LOW,MEDIUM,LOW,LOW,LOW,MEDIUM,NO,JM1
MEDIUM,LOW,LOW,LOW,LOW,LOW,LOW,LOW,NO,JM1
MEDIUM,MEDIUM,LOW,MEDIUM,LOW,LOW,LOW,MEDIUM,NO,JM1
LOW,LOW,MEDIUM,LOW,LOW,LOW,LOW,LOW,NO,JM1
LOW,MEDIUM,HIGH,LOW,LOW,LOW,LOW,MEDIUM,NO,JM1
LOW,MEDIUM,HIGH,LOW,LOW,LOW,LOW,MEDIUM,NO,JM1
MEDIUM,MEDIUM,MEDIUM,LOW,MEDIUM,HIGH,MEDIUM,MEDIUM,NO,JM1
HIGH,HIGH,LOW,HIGH,HIGH,HIGH,HIGH,HIGH,NO,JM1
MEDIUM,MEDIUM,LOW,LOW,MEDIUM,MEDIUM,MEDIUM,MEDIUM,NO,JM1
HIGH,HIGH,HIGH,MEDIUM,HIGH,HIGH,HIGH,HIGH,NO,JM1
HIGH,HIGH,HIGH,MEDIUM,HIGH,HIGH,HIGH,HIGH,NO,JM1
HIGH,HIGH,HIGH,HIGH,LOW,LOW,LOW,HIGH,NO,JM1
MEDIUM,MEDIUM,HIGH,LOW,MEDIUM,MEDIUM,MEDIUM,MEDIUM,NO,JM1
MEDIUM,MEDIUM,HIGH,LOW,MEDIUM,HIGH,HIGH,MEDIUM,NO,JM1
HIGH,HIGH,HIGH,MEDIUM,HIGH,HIGH,HIGH,HIGH,NO,JM1
HIGH,HIGH,HIGH,LOW,MEDIUM,HIGH,HIGH,HIGH,NO,JM1
HIGH,MEDIUM,LOW,MEDIUM,LOW,LOW,LOW,MEDIUM,NO,JM1
MEDIUM,MEDIUM,LOW,LOW,LOW,LOW,LOW,MEDIUM,NO,JM1
MEDIUM,HIGH,HIGH,LOW,LOW,LOW,LOW,HIGH,NO,JM1
HIGH,MEDIUM,LOW,MEDIUM,HIGH,HIGH,HIGH,MEDIUM,NO,JM1
LOW,MEDIUM,MEDIUM,LOW,LOW,LOW,LOW,MEDIUM,NO,JM1
HIGH,HIGH,HIGH,HIGH,HIGH,HIGH,HIGH,HIGH,NO,JM1
MEDIUM,MEDIUM,HIGH,LOW,LOW,LOW,LOW,MEDIUM,NO,JM1
HIGH,HIGH,HIGH,HIGH,LOW,LOW,LOW,HIGH,NO,JM1
HIGH,HIGH,LOW,HIGH,HIGH,HIGH,HIGH,HIGH,NO,JM1
HIGH,HIGH,HIGH,MEDIUM,LOW,LOW,LOW,HIGH,NO,JM1
HIGH,HIGH,HIGH,HIGH,HIGH,HIGH,HIGH,HIGH,NO,JM1
HIGH,MEDIUM,HIGH,MEDIUM,HIGH,HIGH,HIGH,MEDIUM,NO,JM1
MEDIUM,LOW,LOW,LOW,MEDIUM,MEDIUM,MEDIUM,LOW,NO,JM1
MEDIUM,MEDIUM,HIGH,MEDIUM,MEDIUM,HIGH,MEDIUM,MEDIUM,NO,JM1
LOW,LOW,LOW,LOW,LOW,LOW,LOW,LOW,NO,JM1
MEDIUM,LOW,LOW,LOW,MEDIUM,MEDIUM,MEDIUM,LOW,NO,JM1
LOW,LOW,LOW,LOW,LOW,MEDIUM,LOW,LOW,NO,JM1
LOW,LOW,LOW,LOW,LOW,MEDIUM,LOW,LOW,NO,JM1
LOW,LOW,LOW,LOW,LOW,MEDIUM,LOW,LOW,NO,JM1
LOW,LOW,LOW,LOW,LOW,LOW,LOW,LOW,NO,JM1
MEDIUM,MEDIUM,HIGH,LOW,MEDIUM,MEDIUM,MEDIUM,MEDIUM,NO,JM1
MEDIUM,MEDIUM,HIGH,MEDIUM,LOW,LOW,LOW,MEDIUM,NO,JM1
LOW,LOW,LOW,LOW,LOW,LOW,LOW,LOW,NO,JM1
LOW,LOW,LOW,LOW,LOW,LOW,LOW,LOW,NO,JM1
MEDIUM,LOW,LOW,MEDIUM,MEDIUM,MEDIUM,MEDIUM,LOW,NO,JM1
MEDIUM,HIGH,HIGH,LOW,LOW,LOW,LOW,HIGH,NO,JM1
HIGH,HIGH,HIGH,HIGH,HIGH,HIGH,HIGH,HIGH,NO,JM1
MEDIUM,MEDIUM,LOW,MEDIUM,MEDIUM,MEDIUM,MEDIUM,MEDIUM,NO,JM1
HIGH,HIGH,HIGH,HIGH,LOW,LOW,LOW,HIGH,NO,JM1
HIGH,HIGH,HIGH,HIGH,HIGH,HIGH,HIGH,HIGH,NO,JM1
LOW,LOW,LOW,LOW,LOW,LOW,LOW,LOW,NO,JM1
LOW,LOW,LOW,LOW,LOW,LOW,LOW,LOW,NO,JM1
LOW,MEDIUM,HIGH,LOW,MEDIUM,HIGH,MEDIUM,MEDIUM,NO,JM1
LOW,MEDIUM,HIGH,LOW,LOW,MEDIUM,MEDIUM,MEDIUM,NO,JM1
LOW,LOW,LOW,LOW,LOW,LOW,LOW,LOW,NO,JM1
LOW,LOW,LOW,LOW,LOW,LOW,LOW,LOW,NO,JM1
LOW,LOW,LOW,LOW,MEDIUM,MEDIUM,MEDIUM,LOW,NO,JM1
LOW,LOW,LOW,LOW,LOW,LOW,LOW,LOW,NO,JM1
LOW,LOW,LOW,LOW,LOW,LOW,LOW,LOW,NO,JM1
LOW,LOW,LOW,LOW,LOW,LOW,LOW,LOW,NO,JM1
MEDIUM,LOW,LOW,LOW,MEDIUM,MEDIUM,MEDIUM,LOW,NO,JM1
HIGH,LOW,LOW,LOW,LOW,LOW,LOW,LOW,NO,JM1
MEDIUM,MEDIUM,MEDIUM,LOW,HIGH,HIGH,HIGH,MEDIUM,NO,JM1
MEDIUM,LOW,LOW,LOW,MEDIUM,LOW,MEDIUM,LOW,NO,JM1
MEDIUM,LOW,LOW,LOW,MEDIUM,LOW,MEDIUM,LOW,NO,JM1
LOW,LOW,LOW,LOW,LOW,LOW,LOW,LOW,NO,JM1
MEDIUM,LOW,LOW,LOW,MEDIUM,MEDIUM,MEDIUM,LOW,NO,JM1
MEDIUM,LOW,LOW,LOW,MEDIUM,MEDIUM,MEDIUM,LOW,NO,JM1
MEDIUM,HIGH,HIGH,MEDIUM,LOW,LOW,LOW,HIGH,NO,JM1
MEDIUM,LOW,LOW,LOW,MEDIUM,LOW,MEDIUM,LOW,NO,JM1
MEDIUM,LOW,LOW,LOW,HIGH,HIGH,HIGH,LOW,NO,JM1
MEDIUM,LOW,LOW,LOW,MEDIUM,LOW,MEDIUM,LOW,NO,JM1
HIGH,MEDIUM,LOW,MEDIUM,HIGH,HIGH,HIGH,MEDIUM,NO,JM1
HIGH,MEDIUM,LOW,HIGH,HIGH,HIGH,HIGH,MEDIUM,NO,JM1
HIGH,MEDIUM,LOW,MEDIUM,HIGH,HIGH,HIGH,MEDIUM,NO,JM1
LOW,LOW,LOW,LOW,MEDIUM,LOW,LOW,LOW,NO,JM1
LOW,LOW,LOW,LOW,LOW,MEDIUM,MEDIUM,LOW,NO,JM1
HIGH,HIGH,HIGH,MEDIUM,HIGH,HIGH,HIGH,HIGH,NO,JM1
LOW,LOW,LOW,LOW,LOW,MEDIUM,MEDIUM,LOW,NO,JM1
HIGH,HIGH,LOW,HIGH,HIGH,HIGH,HIGH,HIGH,NO,JM1
HIGH,LOW,LOW,LOW,HIGH,HIGH,HIGH,LOW,NO,JM1
HIGH,HIGH,LOW,HIGH,HIGH,HIGH,HIGH,HIGH,NO,JM1
LOW,LOW,LOW,LOW,HIGH,MEDIUM,MEDIUM,LOW,NO,JM1
LOW,MEDIUM,MEDIUM,LOW,LOW,LOW,LOW,MEDIUM,NO,JM1
MEDIUM,MEDIUM,LOW,MEDIUM,MEDIUM,MEDIUM,MEDIUM,MEDIUM,NO,JM1
LOW,LOW,LOW,LOW,LOW,LOW,LOW,LOW,NO,JM1
MEDIUM,LOW,LOW,MEDIUM,MEDIUM,MEDIUM,MEDIUM,LOW,NO,JM1
HIGH,MEDIUM,MEDIUM,MEDIUM,HIGH,HIGH,HIGH,MEDIUM,NO,JM1
MEDIUM,MEDIUM,MEDIUM,MEDIUM,MEDIUM,MEDIUM,MEDIUM,MEDIUM,NO,JM1
LOW,LOW,LOW,LOW,LOW,MEDIUM,LOW,LOW,NO,JM1
LOW,LOW,LOW,LOW,LOW,LOW,LOW,LOW,NO,JM1
MEDIUM,LOW,LOW,LOW,LOW,LOW,LOW,LOW,NO,JM1
MEDIUM,MEDIUM,LOW,MEDIUM,HIGH,HIGH,HIGH,MEDIUM,NO,JM1
HIGH,HIGH,HIGH,HIGH,HIGH,HIGH,HIGH,HIGH,NO,JM1
HIGH,HIGH,LOW,HIGH,HIGH,HIGH,HIGH,HIGH,NO,JM1
HIGH,LOW,LOW,MEDIUM,HIGH,HIGH,HIGH,LOW,NO,JM1
LOW,LOW,LOW,LOW,LOW,MEDIUM,MEDIUM,LOW,NO,JM1
MEDIUM,LOW,LOW,LOW,MEDIUM,MEDIUM,MEDIUM,LOW,NO,JM1
HIGH,HIGH,LOW,MEDIUM,HIGH,HIGH,HIGH,HIGH,NO,JM1
MEDIUM,MEDIUM,LOW,LOW,MEDIUM,MEDIUM,MEDIUM,MEDIUM,NO,JM1
LOW,LOW,LOW,LOW,LOW,MEDIUM,LOW,LOW,NO,JM1
MEDIUM,LOW,MEDIUM,LOW,HIGH,MEDIUM,HIGH,LOW,NO,JM1
MEDIUM,LOW,LOW,MEDIUM,MEDIUM,MEDIUM,MEDIUM,LOW,NO,JM1
LOW,LOW,LOW,LOW,LOW,LOW,LOW,LOW,NO,JM1
LOW,LOW,LOW,LOW,LOW,LOW,LOW,LOW,NO,JM1
MEDIUM,LOW,LOW,LOW,MEDIUM,MEDIUM,MEDIUM,LOW,NO,JM1
MEDIUM,LOW,LOW,LOW,MEDIUM,MEDIUM,MEDIUM,LOW,NO,JM1
MEDIUM,LOW,LOW,LOW,MEDIUM,MEDIUM,MEDIUM,LOW,NO,JM1
LOW,LOW,LOW,LOW,LOW,LOW,LOW,LOW,NO,JM1
LOW,LOW,LOW,LOW,LOW,LOW,LOW,LOW,NO,JM1
LOW,LOW,LOW,LOW,MEDIUM,MEDIUM,MEDIUM,LOW,NO,JM1
MEDIUM,LOW,LOW,LOW,MEDIUM,LOW,LOW,LOW,NO,JM1
LOW,LOW,LOW,LOW,MEDIUM,MEDIUM,MEDIUM,LOW,NO,JM1
LOW,LOW,LOW,LOW,LOW,LOW,LOW,LOW,NO,JM1
LOW,LOW,LOW,MEDIUM,MEDIUM,MEDIUM,MEDIUM,LOW,NO,JM1
LOW,LOW,LOW,MEDIUM,MEDIUM,MEDIUM,MEDIUM,LOW,NO,JM1
LOW,LOW,LOW,LOW,LOW,LOW,LOW,LOW,NO,JM1
MEDIUM,LOW,LOW,MEDIUM,HIGH,MEDIUM,MEDIUM,LOW,NO,JM1
MEDIUM,LOW,LOW,LOW,MEDIUM,MEDIUM,MEDIUM,LOW,NO,JM1
LOW,LOW,LOW,LOW,LOW,MEDIUM,LOW,LOW,NO,JM1
HIGH,MEDIUM,LOW,LOW,HIGH,HIGH,HIGH,MEDIUM,NO,JM1
LOW,LOW,LOW,LOW,LOW,LOW,LOW,LOW,NO,JM1
MEDIUM,HIGH,HIGH,LOW,LOW,LOW,LOW,HIGH,NO,JM1
MEDIUM,MEDIUM,HIGH,LOW,LOW,LOW,LOW,MEDIUM,NO,JM1
MEDIUM,LOW,LOW,LOW,LOW,LOW,LOW,LOW,NO,JM1
MEDIUM,LOW,LOW,LOW,MEDIUM,MEDIUM,MEDIUM,LOW,NO,JM1
LOW,LOW,LOW,LOW,LOW,LOW,LOW,LOW,NO,JM1
MEDIUM,LOW,LOW,MEDIUM,MEDIUM,MEDIUM,MEDIUM,LOW,NO,JM1
LOW,LOW,LOW,MEDIUM,MEDIUM,MEDIUM,MEDIUM,LOW,NO,JM1
LOW,LOW,LOW,LOW,LOW,LOW,LOW,LOW,NO,JM1
LOW,LOW,LOW,MEDIUM,MEDIUM,MEDIUM,MEDIUM,LOW,NO,JM1
LOW,MEDIUM,MEDIUM,MEDIUM,MEDIUM,MEDIUM,MEDIUM,MEDIUM,NO,JM1
LOW,LOW,LOW,LOW,LOW,LOW,LOW,LOW,NO,JM1
LOW,LOW,LOW,LOW,MEDIUM,LOW,MEDIUM,LOW,NO,JM1
LOW,LOW,LOW,LOW,LOW,LOW,LOW,LOW,NO,JM1
MEDIUM,LOW,LOW,LOW,MEDIUM,MEDIUM,MEDIUM,LOW,NO,JM1
MEDIUM,LOW,LOW,LOW,MEDIUM,MEDIUM,MEDIUM,LOW,NO,JM1
MEDIUM,LOW,LOW,LOW,MEDIUM,MEDIUM,MEDIUM,LOW,NO,JM1
HIGH,MEDIUM,LOW,MEDIUM,HIGH,HIGH,HIGH,LOW,NO,JM1
LOW,LOW,LOW,LOW,MEDIUM,MEDIUM,MEDIUM,LOW,NO,JM1
HIGH,HIGH,HIGH,MEDIUM,HIGH,HIGH,HIGH,HIGH,NO,JM1
LOW,LOW,LOW,LOW,MEDIUM,MEDIUM,MEDIUM,LOW,NO,JM1
HIGH,HIGH,LOW,HIGH,HIGH,HIGH,HIGH,HIGH,NO,JM1
LOW,LOW,LOW,LOW,MEDIUM,MEDIUM,MEDIUM,LOW,NO,JM1
LOW,LOW,LOW,LOW,LOW,MEDIUM,MEDIUM,LOW,NO,JM1
MEDIUM,LOW,LOW,LOW,MEDIUM,MEDIUM,MEDIUM,LOW,NO,JM1
LOW,LOW,LOW,LOW,LOW,LOW,LOW,LOW,NO,JM1
LOW,LOW,LOW,LOW,MEDIUM,LOW,MEDIUM,LOW,NO,JM1
LOW,LOW,LOW,LOW,LOW,LOW,LOW,LOW,NO,JM1
MEDIUM,LOW,LOW,LOW,MEDIUM,MEDIUM,MEDIUM,LOW,NO,JM1
LOW,LOW,LOW,LOW,MEDIUM,LOW,MEDIUM,LOW,NO,JM1
MEDIUM,LOW,LOW,LOW,MEDIUM,MEDIUM,MEDIUM,LOW,NO,JM1
MEDIUM,LOW,LOW,LOW,MEDIUM,MEDIUM,MEDIUM,LOW,NO,JM1
MEDIUM,LOW,LOW,LOW,MEDIUM,MEDIUM,MEDIUM,LOW,NO,JM1
MEDIUM,LOW,LOW,LOW,MEDIUM,LOW,MEDIUM,LOW,NO,JM1
MEDIUM,LOW,LOW,MEDIUM,MEDIUM,MEDIUM,MEDIUM,LOW,NO,JM1
HIGH,MEDIUM,LOW,MEDIUM,MEDIUM,MEDIUM,MEDIUM,MEDIUM,NO,JM1
LOW,LOW,LOW,LOW,MEDIUM,LOW,MEDIUM,LOW,NO,JM1
MEDIUM,LOW,LOW,LOW,MEDIUM,MEDIUM,MEDIUM,LOW,NO,JM1
LOW,LOW,LOW,LOW,MEDIUM,LOW,MEDIUM,LOW,NO,JM1
LOW,LOW,LOW,LOW,LOW,LOW,LOW,LOW,NO,JM1
LOW,LOW,LOW,LOW,LOW,MEDIUM,LOW,LOW,NO,JM1
MEDIUM,MEDIUM,LOW,LOW,MEDIUM,MEDIUM,MEDIUM,MEDIUM,NO,JM1
MEDIUM,LOW,LOW,LOW,MEDIUM,HIGH,MEDIUM,LOW,NO,JM1
MEDIUM,MEDIUM,LOW,MEDIUM,HIGH,HIGH,HIGH,MEDIUM,NO,JM1
MEDIUM,LOW,LOW,LOW,MEDIUM,MEDIUM,MEDIUM,LOW,NO,JM1
MEDIUM,LOW,LOW,LOW,MEDIUM,MEDIUM,MEDIUM,LOW,NO,JM1
MEDIUM,LOW,LOW,LOW,MEDIUM,LOW,MEDIUM,LOW,NO,JM1
MEDIUM,LOW,LOW,LOW,MEDIUM,HIGH,HIGH,LOW,NO,JM1
MEDIUM,LOW,LOW,LOW,MEDIUM,MEDIUM,MEDIUM,LOW,NO,JM1
LOW,LOW,LOW,LOW,LOW,LOW,LOW,LOW,NO,JM1
MEDIUM,HIGH,MEDIUM,HIGH,HIGH,HIGH,HIGH,HIGH,NO,JM1
MEDIUM,LOW,LOW,LOW,MEDIUM,MEDIUM,MEDIUM,LOW,NO,JM1
LOW,LOW,LOW,LOW,MEDIUM,LOW,LOW,LOW,NO,JM1
HIGH,HIGH,HIGH,HIGH,LOW,LOW,LOW,HIGH,NO,JM1
HIGH,HIGH,HIGH,HIGH,HIGH,HIGH,HIGH,HIGH,NO,JM1
MEDIUM,LOW,LOW,LOW,MEDIUM,MEDIUM,MEDIUM,LOW,NO,JM1
LOW,LOW,LOW,LOW,MEDIUM,MEDIUM,MEDIUM,LOW,NO,JM1
LOW,LOW,LOW,LOW,LOW,LOW,LOW,LOW,NO,JM1
MEDIUM,MEDIUM,LOW,MEDIUM,HIGH,MEDIUM,HIGH,MEDIUM,NO,JM1
MEDIUM,LOW,LOW,LOW,MEDIUM,LOW,MEDIUM,LOW,NO,JM1
HIGH,HIGH,HIGH,HIGH,LOW,LOW,LOW,HIGH,NO,JM1
MEDIUM,HIGH,HIGH,HIGH,HIGH,HIGH,HIGH,HIGH,NO,JM1
MEDIUM,HIGH,LOW,HIGH,HIGH,HIGH,HIGH,HIGH,NO,JM1
MEDIUM,MEDIUM,LOW,HIGH,LOW,LOW,LOW,MEDIUM,NO,JM1
MEDIUM,MEDIUM,HIGH,LOW,MEDIUM,MEDIUM,MEDIUM,MEDIUM,NO,JM1
LOW,LOW,LOW,LOW,MEDIUM,LOW,LOW,LOW,NO,JM1
MEDIUM,MEDIUM,HIGH,MEDIUM,MEDIUM,MEDIUM,MEDIUM,MEDIUM,NO,JM1
LOW,LOW,LOW,LOW,LOW,LOW,LOW,LOW,NO,JM1
MEDIUM,LOW,LOW,LOW,MEDIUM,MEDIUM,MEDIUM,LOW,NO,JM1
MEDIUM,LOW,LOW,LOW,LOW,LOW,LOW,LOW,NO,JM1
LOW,LOW,LOW,LOW,MEDIUM,LOW,MEDIUM,LOW,NO,JM1
MEDIUM,LOW,LOW,LOW,MEDIUM,MEDIUM,MEDIUM,LOW,NO,JM1
MEDIUM,LOW,LOW,MEDIUM,LOW,LOW,LOW,LOW,NO,JM1
LOW,LOW,LOW,LOW,LOW,MEDIUM,LOW,LOW,NO,JM1
MEDIUM,LOW,LOW,LOW,LOW,LOW,LOW,LOW,NO,JM1
LOW,LOW,LOW,LOW,LOW,LOW,LOW,LOW,NO,JM1
MEDIUM,HIGH,HIGH,HIGH,MEDIUM,HIGH,HIGH,HIGH,NO,JM1
HIGH,HIGH,HIGH,HIGH,HIGH,HIGH,HIGH,HIGH,NO,JM1
MEDIUM,MEDIUM,LOW,MEDIUM,MEDIUM,MEDIUM,MEDIUM,MEDIUM,NO,JM1
MEDIUM,HIGH,HIGH,MEDIUM,MEDIUM,MEDIUM,MEDIUM,HIGH,NO,JM1
MEDIUM,LOW,LOW,LOW,HIGH,LOW,MEDIUM,LOW,NO,JM1
HIGH,HIGH,HIGH,HIGH,HIGH,HIGH,HIGH,HIGH,NO,JM1
LOW,LOW,LOW,LOW,LOW,LOW,LOW,LOW,NO,JM1
LOW,LOW,LOW,LOW,LOW,LOW,LOW,LOW,NO,JM1
LOW,LOW,LOW,LOW,LOW,LOW,LOW,LOW,NO,JM1
LOW,LOW,LOW,LOW,LOW,LOW,LOW,LOW,NO,JM1
LOW,LOW,LOW,LOW,LOW,LOW,LOW,LOW,NO,JM1
HIGH,HIGH,HIGH,HIGH,MEDIUM,HIGH,HIGH,HIGH,NO,JM1
LOW,LOW,LOW,LOW,LOW,LOW,LOW,LOW,NO,JM1
MEDIUM,MEDIUM,LOW,MEDIUM,LOW,LOW,LOW,MEDIUM,NO,JM1
MEDIUM,MEDIUM,LOW,MEDIUM,MEDIUM,MEDIUM,MEDIUM,MEDIUM,NO,JM1
HIGH,HIGH,HIGH,HIGH,HIGH,MEDIUM,MEDIUM,HIGH,NO,JM1
MEDIUM,LOW,LOW,LOW,HIGH,LOW,MEDIUM,LOW,NO,JM1
LOW,LOW,LOW,LOW,LOW,LOW,LOW,LOW,NO,JM1
MEDIUM,HIGH,HIGH,HIGH,MEDIUM,MEDIUM,MEDIUM,HIGH,NO,JM1
LOW,LOW,LOW,LOW,LOW,LOW,LOW,LOW,NO,JM1
MEDIUM,MEDIUM,LOW,MEDIUM,MEDIUM,MEDIUM,MEDIUM,MEDIUM,NO,JM1
MEDIUM,MEDIUM,LOW,MEDIUM,MEDIUM,MEDIUM,MEDIUM,MEDIUM,NO,JM1
LOW,LOW,LOW,LOW,LOW,LOW,LOW,LOW,NO,JM1
MEDIUM,LOW,LOW,LOW,MEDIUM,LOW,MEDIUM,LOW,NO,JM1
LOW,LOW,LOW,LOW,LOW,LOW,LOW,LOW,NO,JM1
LOW,LOW,LOW,LOW,LOW,LOW,LOW,LOW,NO,JM1
LOW,LOW,LOW,LOW,LOW,LOW,LOW,LOW,NO,JM1
MEDIUM,LOW,LOW,MEDIUM,LOW,LOW,LOW,LOW,NO,JM1
MEDIUM,LOW,LOW,LOW,MEDIUM,LOW,MEDIUM,LOW,NO,JM1
LOW,LOW,LOW,LOW,LOW,LOW,LOW,LOW,NO,JM1
LOW,MEDIUM,LOW,MEDIUM,MEDIUM,MEDIUM,MEDIUM,MEDIUM,NO,JM1
LOW,LOW,LOW,MEDIUM,MEDIUM,MEDIUM,MEDIUM,LOW,NO,JM1
LOW,LOW,LOW,LOW,LOW,LOW,LOW,LOW,NO,JM1
LOW,LOW,LOW,LOW,LOW,LOW,LOW,LOW,NO,JM1
MEDIUM,MEDIUM,LOW,LOW,LOW,MEDIUM,MEDIUM,MEDIUM,NO,JM1
MEDIUM,LOW,LOW,LOW,MEDIUM,MEDIUM,MEDIUM,LOW,NO,JM1
MEDIUM,LOW,LOW,LOW,MEDIUM,MEDIUM,MEDIUM,LOW,NO,JM1
MEDIUM,LOW,LOW,LOW,MEDIUM,MEDIUM,MEDIUM,LOW,NO,JM1
MEDIUM,LOW,LOW,LOW,MEDIUM,MEDIUM,MEDIUM,LOW,NO,JM1
MEDIUM,LOW,LOW,LOW,MEDIUM,HIGH,HIGH,LOW,NO,JM1
LOW,LOW,LOW,LOW,MEDIUM,MEDIUM,MEDIUM,LOW,NO,JM1
LOW,LOW,LOW,LOW,LOW,LOW,LOW,LOW,NO,JM1
LOW,LOW,LOW,LOW,MEDIUM,MEDIUM,MEDIUM,LOW,NO,JM1
LOW,LOW,LOW,LOW,LOW,LOW,LOW,LOW,NO,JM1
LOW,LOW,LOW,LOW,LOW,LOW,LOW,LOW,NO,JM1
LOW,LOW,LOW,LOW,LOW,LOW,LOW,LOW,NO,JM1
MEDIUM,LOW,LOW,LOW,MEDIUM,MEDIUM,MEDIUM,LOW,NO,JM1
MEDIUM,LOW,LOW,LOW,MEDIUM,LOW,MEDIUM,LOW,NO,JM1
MEDIUM,LOW,LOW,LOW,MEDIUM,MEDIUM,MEDIUM,LOW,NO,JM1
MEDIUM,LOW,LOW,LOW,MEDIUM,MEDIUM,MEDIUM,LOW,NO,JM1
HIGH,HIGH,MEDIUM,MEDIUM,HIGH,HIGH,HIGH,HIGH,NO,JM1
HIGH,LOW,LOW,LOW,MEDIUM,HIGH,HIGH,LOW,NO,JM1
HIGH,HIGH,HIGH,HIGH,HIGH,HIGH,HIGH,HIGH,NO,JM1
MEDIUM,LOW,LOW,LOW,MEDIUM,MEDIUM,MEDIUM,LOW,NO,JM1
MEDIUM,LOW,LOW,LOW,MEDIUM,LOW,MEDIUM,LOW,NO,JM1
HIGH,HIGH,LOW,MEDIUM,HIGH,HIGH,HIGH,HIGH,NO,JM1
LOW,LOW,LOW,LOW,LOW,LOW,LOW,LOW,NO,JM1
LOW,LOW,LOW,LOW,LOW,LOW,LOW,LOW,NO,JM1
HIGH,HIGH,LOW,HIGH,HIGH,HIGH,HIGH,HIGH,NO,JM1
MEDIUM,LOW,LOW,LOW,MEDIUM,HIGH,MEDIUM,LOW,NO,JM1
LOW,LOW,LOW,LOW,LOW,LOW,LOW,LOW,NO,JM1
LOW,LOW,LOW,LOW,LOW,LOW,LOW,LOW,NO,JM1
LOW,LOW,LOW,LOW,MEDIUM,MEDIUM,MEDIUM,LOW,NO,JM1
LOW,LOW,LOW,LOW,MEDIUM,LOW,LOW,LOW,NO,JM1
LOW,LOW,LOW,LOW,MEDIUM,LOW,LOW,LOW,NO,JM1
LOW,LOW,LOW,LOW,MEDIUM,MEDIUM,MEDIUM,LOW,NO,JM1
LOW,LOW,LOW,LOW,MEDIUM,MEDIUM,MEDIUM,LOW,NO,JM1
LOW,LOW,LOW,LOW,MEDIUM,LOW,MEDIUM,LOW,NO,JM1
HIGH,MEDIUM,LOW,MEDIUM,LOW,LOW,LOW,MEDIUM,NO,JM1
MEDIUM,LOW,LOW,LOW,MEDIUM,LOW,MEDIUM,LOW,NO,JM1
LOW,MEDIUM,MEDIUM,LOW,LOW,LOW,LOW,MEDIUM,NO,JM1
LOW,LOW,LOW,LOW,LOW,LOW,LOW,LOW,NO,JM1
LOW,LOW,LOW,LOW,MEDIUM,MEDIUM,MEDIUM,LOW,NO,JM1
HIGH,HIGH,LOW,MEDIUM,HIGH,HIGH,HIGH,HIGH,NO,JM1
LOW,LOW,LOW,LOW,MEDIUM,MEDIUM,MEDIUM,LOW,NO,JM1
LOW,LOW,LOW,LOW,LOW,MEDIUM,LOW,LOW,NO,JM1
LOW,LOW,LOW,LOW,LOW,MEDIUM,LOW,LOW,NO,JM1
HIGH,MEDIUM,LOW,LOW,MEDIUM,MEDIUM,MEDIUM,MEDIUM,NO,JM1
LOW,LOW,LOW,LOW,MEDIUM,MEDIUM,MEDIUM,LOW,NO,JM1
LOW,LOW,LOW,LOW,LOW,LOW,LOW,LOW,NO,JM1
HIGH,LOW,LOW,MEDIUM,HIGH,HIGH,HIGH,LOW,NO,JM1
LOW,LOW,LOW,LOW,LOW,LOW,LOW,LOW,NO,JM1
LOW,LOW,MEDIUM,LOW,LOW,LOW,LOW,LOW,NO,JM1
HIGH,HIGH,LOW,MEDIUM,HIGH,HIGH,HIGH,HIGH,NO,JM1
HIGH,HIGH,LOW,HIGH,HIGH,HIGH,HIGH,HIGH,NO,JM1
MEDIUM,LOW,LOW,LOW,MEDIUM,MEDIUM,MEDIUM,LOW,NO,JM1
LOW,LOW,LOW,LOW,LOW,LOW,LOW,LOW,NO,JM1
MEDIUM,MEDIUM,LOW,MEDIUM,MEDIUM,HIGH,HIGH,MEDIUM,NO,JM1
MEDIUM,MEDIUM,MEDIUM,LOW,LOW,MEDIUM,MEDIUM,MEDIUM,NO,JM1
LOW,LOW,LOW,LOW,LOW,LOW,LOW,LOW,NO,JM1
MEDIUM,LOW,MEDIUM,LOW,MEDIUM,MEDIUM,MEDIUM,LOW,NO,JM1
HIGH,MEDIUM,LOW,MEDIUM,HIGH,HIGH,HIGH,MEDIUM,NO,JM1
MEDIUM,MEDIUM,HIGH,MEDIUM,HIGH,MEDIUM,MEDIUM,MEDIUM,NO,JM1
LOW,LOW,LOW,LOW,LOW,LOW,LOW,LOW,NO,JM1
LOW,LOW,LOW,LOW,LOW,LOW,LOW,LOW,NO,JM1
HIGH,MEDIUM,HIGH,MEDIUM,HIGH,HIGH,HIGH,MEDIUM,NO,JM1
LOW,LOW,LOW,LOW,LOW,LOW,LOW,LOW,NO,JM1
HIGH,HIGH,HIGH,HIGH,HIGH,HIGH,HIGH,HIGH,NO,JM1
MEDIUM,LOW,LOW,MEDIUM,MEDIUM,MEDIUM,MEDIUM,LOW,NO,JM1
MEDIUM,MEDIUM,LOW,MEDIUM,MEDIUM,MEDIUM,MEDIUM,MEDIUM,NO,JM1
MEDIUM,LOW,LOW,LOW,LOW,LOW,LOW,LOW,NO,JM1
HIGH,LOW,LOW,LOW,HIGH,MEDIUM,HIGH,LOW,NO,JM1
LOW,MEDIUM,LOW,MEDIUM,LOW,LOW,LOW,MEDIUM,NO,JM1
MEDIUM,MEDIUM,LOW,LOW,LOW,LOW,LOW,LOW,NO,JM1
LOW,LOW,LOW,LOW,MEDIUM,LOW,LOW,LOW,NO,JM1
MEDIUM,LOW,LOW,MEDIUM,LOW,LOW,LOW,LOW,NO,JM1
MEDIUM,MEDIUM,LOW,MEDIUM,MEDIUM,MEDIUM,MEDIUM,MEDIUM,NO,JM1
MEDIUM,MEDIUM,LOW,LOW,MEDIUM,MEDIUM,MEDIUM,MEDIUM,NO,JM1
LOW,LOW,LOW,LOW,LOW,LOW,LOW,LOW,NO,JM1
MEDIUM,LOW,LOW,LOW,MEDIUM,MEDIUM,MEDIUM,LOW,NO,JM1
LOW,LOW,LOW,LOW,LOW,LOW,LOW,LOW,NO,JM1
LOW,LOW,LOW,LOW,LOW,LOW,LOW,LOW,NO,JM1
MEDIUM,LOW,LOW,LOW,MEDIUM,MEDIUM,MEDIUM,LOW,NO,JM1
MEDIUM,LOW,LOW,LOW,HIGH,MEDIUM,HIGH,LOW,NO,JM1
MEDIUM,LOW,LOW,LOW,MEDIUM,MEDIUM,MEDIUM,LOW,NO,JM1
MEDIUM,LOW,LOW,LOW,MEDIUM,MEDIUM,MEDIUM,LOW,NO,JM1
LOW,LOW,LOW,LOW,LOW,LOW,LOW,LOW,NO,JM1
LOW,LOW,LOW,LOW,LOW,LOW,LOW,LOW,NO,JM1
MEDIUM,MEDIUM,HIGH,MEDIUM,MEDIUM,MEDIUM,MEDIUM,MEDIUM,NO,JM1
LOW,LOW,LOW,LOW,MEDIUM,MEDIUM,MEDIUM,LOW,NO,JM1
LOW,LOW,LOW,LOW,LOW,LOW,LOW,LOW,NO,JM1
LOW,LOW,LOW,LOW,MEDIUM,LOW,LOW,LOW,NO,JM1
MEDIUM,LOW,LOW,LOW,MEDIUM,LOW,MEDIUM,LOW,NO,JM1
LOW,LOW,LOW,LOW,MEDIUM,MEDIUM,MEDIUM,LOW,NO,JM1
MEDIUM,LOW,LOW,MEDIUM,MEDIUM,LOW,MEDIUM,LOW,NO,JM1
HIGH,HIGH,LOW,MEDIUM,HIGH,HIGH,HIGH,HIGH,NO,JM1
HIGH,MEDIUM,HIGH,MEDIUM,HIGH,HIGH,HIGH,MEDIUM,NO,JM1
HIGH,HIGH,HIGH,HIGH,HIGH,HIGH,HIGH,HIGH,NO,JM1
MEDIUM,LOW,LOW,LOW,LOW,LOW,LOW,LOW,NO,JM1
MEDIUM,LOW,LOW,LOW,MEDIUM,MEDIUM,MEDIUM,LOW,NO,JM1
LOW,LOW,LOW,LOW,MEDIUM,MEDIUM,MEDIUM,LOW,NO,JM1
MEDIUM,LOW,LOW,LOW,LOW,LOW,LOW,LOW,NO,JM1
MEDIUM,LOW,LOW,LOW,LOW,LOW,LOW,LOW,NO,JM1
HIGH,HIGH,LOW,HIGH,HIGH,HIGH,HIGH,HIGH,NO,JM1
LOW,LOW,LOW,LOW,MEDIUM,MEDIUM,MEDIUM,LOW,NO,JM1
MEDIUM,MEDIUM,LOW,MEDIUM,MEDIUM,MEDIUM,MEDIUM,MEDIUM,NO,JM1
MEDIUM,HIGH,HIGH,HIGH,MEDIUM,HIGH,HIGH,HIGH,NO,JM1
LOW,LOW,LOW,LOW,LOW,LOW,LOW,LOW,NO,JM1
LOW,LOW,LOW,LOW,LOW,LOW,LOW,LOW,NO,JM1
HIGH,HIGH,HIGH,HIGH,HIGH,HIGH,HIGH,HIGH,NO,JM1
LOW,LOW,LOW,LOW,LOW,LOW,LOW,LOW,NO,JM1
LOW,LOW,LOW,LOW,LOW,LOW,LOW,LOW,NO,JM1
MEDIUM,HIGH,HIGH,LOW,LOW,LOW,LOW,HIGH,NO,JM1
HIGH,HIGH,LOW,HIGH,LOW,LOW,LOW,MEDIUM,NO,JM1
MEDIUM,MEDIUM,LOW,LOW,MEDIUM,MEDIUM,MEDIUM,MEDIUM,NO,JM1
LOW,LOW,LOW,LOW,LOW,LOW,LOW,LOW,NO,JM1
MEDIUM,LOW,LOW,LOW,MEDIUM,MEDIUM,MEDIUM,LOW,NO,JM1
LOW,LOW,LOW,LOW,LOW,LOW,LOW,LOW,NO,JM1
MEDIUM,LOW,LOW,LOW,MEDIUM,MEDIUM,MEDIUM,LOW,NO,JM1
MEDIUM,LOW,LOW,LOW,MEDIUM,LOW,MEDIUM,LOW,NO,JM1
MEDIUM,HIGH,HIGH,LOW,MEDIUM,MEDIUM,MEDIUM,HIGH,NO,JM1
HIGH,HIGH,HIGH,HIGH,LOW,LOW,LOW,HIGH,NO,JM1
LOW,LOW,LOW,LOW,LOW,LOW,LOW,LOW,NO,JM1
LOW,LOW,LOW,LOW,MEDIUM,MEDIUM,MEDIUM,LOW,NO,JM1
HIGH,HIGH,HIGH,MEDIUM,HIGH,HIGH,HIGH,HIGH,NO,JM1
HIGH,HIGH,HIGH,MEDIUM,MEDIUM,HIGH,HIGH,HIGH,NO,JM1
HIGH,HIGH,MEDIUM,HIGH,HIGH,HIGH,HIGH,HIGH,NO,JM1
HIGH,HIGH,HIGH,HIGH,HIGH,HIGH,HIGH,HIGH,NO,JM1
MEDIUM,LOW,LOW,MEDIUM,MEDIUM,HIGH,MEDIUM,LOW,NO,JM1
LOW,LOW,LOW,LOW,LOW,LOW,LOW,LOW,NO,JM1
MEDIUM,HIGH,HIGH,MEDIUM,MEDIUM,HIGH,MEDIUM,HIGH,NO,JM1
MEDIUM,HIGH,HIGH,MEDIUM,MEDIUM,HIGH,MEDIUM,HIGH,NO,JM1
LOW,LOW,LOW,LOW,LOW,LOW,LOW,LOW,NO,JM1
HIGH,HIGH,HIGH,LOW,HIGH,HIGH,HIGH,HIGH,NO,JM1
MEDIUM,LOW,LOW,LOW,MEDIUM,LOW,LOW,LOW,NO,JM1
LOW,LOW,LOW,LOW,LOW,MEDIUM,MEDIUM,LOW,NO,JM1
LOW,LOW,LOW,LOW,LOW,LOW,LOW,LOW,NO,JM1
LOW,LOW,LOW,LOW,LOW,MEDIUM,LOW,LOW,NO,JM1
LOW,LOW,LOW,LOW,LOW,MEDIUM,MEDIUM,LOW,NO,JM1
LOW,LOW,LOW,LOW,LOW,LOW,LOW,LOW,NO,JM1
LOW,LOW,LOW,LOW,LOW,HIGH,MEDIUM,LOW,NO,JM1
LOW,LOW,LOW,LOW,LOW,LOW,LOW,LOW,NO,JM1
LOW,LOW,LOW,LOW,LOW,LOW,LOW,LOW,NO,JM1
MEDIUM,MEDIUM,LOW,MEDIUM,MEDIUM,HIGH,HIGH,MEDIUM,NO,JM1
LOW,MEDIUM,HIGH,LOW,LOW,MEDIUM,LOW,MEDIUM,NO,JM1
HIGH,HIGH,HIGH,HIGH,HIGH,HIGH,HIGH,HIGH,NO,JM1
HIGH,HIGH,LOW,HIGH,HIGH,HIGH,HIGH,HIGH,NO,JM1
HIGH,HIGH,MEDIUM,HIGH,LOW,LOW,LOW,HIGH,NO,JM1
HIGH,HIGH,LOW,LOW,HIGH,MEDIUM,HIGH,HIGH,NO,JM1
MEDIUM,LOW,LOW,MEDIUM,LOW,LOW,LOW,LOW,NO,JM1
MEDIUM,MEDIUM,HIGH,HIGH,MEDIUM,MEDIUM,MEDIUM,MEDIUM,NO,JM1
HIGH,HIGH,HIGH,HIGH,HIGH,HIGH,HIGH,HIGH,NO,JM1
LOW,LOW,LOW,LOW,LOW,LOW,LOW,LOW,NO,JM1
MEDIUM,MEDIUM,LOW,MEDIUM,MEDIUM,MEDIUM,MEDIUM,MEDIUM,NO,JM1
MEDIUM,HIGH,HIGH,MEDIUM,LOW,LOW,LOW,HIGH,NO,JM1
HIGH,HIGH,LOW,LOW,HIGH,HIGH,HIGH,HIGH,NO,JM1
LOW,LOW,LOW,LOW,LOW,LOW,LOW,LOW,NO,JM1
HIGH,HIGH,HIGH,HIGH,LOW,LOW,LOW,HIGH,NO,JM1
LOW,LOW,LOW,LOW,LOW,LOW,LOW,LOW,NO,JM1
LOW,LOW,LOW,LOW,LOW,LOW,LOW,LOW,NO,JM1
LOW,MEDIUM,MEDIUM,LOW,LOW,MEDIUM,LOW,MEDIUM,NO,JM1
MEDIUM,MEDIUM,HIGH,LOW,MEDIUM,HIGH,MEDIUM,MEDIUM,NO,JM1
MEDIUM,MEDIUM,LOW,LOW,MEDIUM,MEDIUM,MEDIUM,MEDIUM,NO,JM1
LOW,LOW,LOW,LOW,LOW,LOW,LOW,LOW,NO,JM1
LOW,LOW,LOW,LOW,LOW,LOW,LOW,LOW,NO,JM1
LOW,LOW,LOW,LOW,LOW,LOW,LOW,LOW,NO,JM1
LOW,LOW,LOW,LOW,LOW,LOW,LOW,LOW,NO,JM1
MEDIUM,LOW,LOW,MEDIUM,MEDIUM,MEDIUM,MEDIUM,LOW,NO,JM1
LOW,LOW,LOW,LOW,LOW,LOW,LOW,LOW,NO,JM1
LOW,MEDIUM,LOW,MEDIUM,LOW,LOW,LOW,MEDIUM,NO,JM1
LOW,LOW,LOW,LOW,LOW,LOW,LOW,LOW,NO,JM1
MEDIUM,MEDIUM,HIGH,HIGH,HIGH,HIGH,HIGH,MEDIUM,NO,JM1
MEDIUM,LOW,LOW,MEDIUM,HIGH,MEDIUM,MEDIUM,LOW,NO,JM1
MEDIUM,MEDIUM,LOW,HIGH,MEDIUM,MEDIUM,MEDIUM,MEDIUM,NO,JM1
HIGH,HIGH,HIGH,HIGH,HIGH,HIGH,HIGH,HIGH,NO,JM1
MEDIUM,MEDIUM,MEDIUM,MEDIUM,MEDIUM,HIGH,MEDIUM,MEDIUM,NO,JM1
MEDIUM,MEDIUM,MEDIUM,MEDIUM,MEDIUM,HIGH,HIGH,MEDIUM,NO,JM1
MEDIUM,MEDIUM,LOW,HIGH,MEDIUM,MEDIUM,MEDIUM,MEDIUM,NO,JM1
LOW,LOW,LOW,LOW,LOW,LOW,LOW,LOW,NO,JM1
LOW,LOW,LOW,LOW,LOW,LOW,LOW,LOW,NO,JM1
LOW,LOW,LOW,LOW,LOW,LOW,LOW,LOW,NO,JM1
LOW,MEDIUM,HIGH,MEDIUM,MEDIUM,MEDIUM,MEDIUM,MEDIUM,NO,JM1
MEDIUM,LOW,LOW,MEDIUM,MEDIUM,MEDIUM,MEDIUM,LOW,NO,JM1
MEDIUM,LOW,LOW,LOW,MEDIUM,MEDIUM,MEDIUM,LOW,NO,JM1
MEDIUM,MEDIUM,LOW,LOW,MEDIUM,HIGH,MEDIUM,MEDIUM,NO,JM1
MEDIUM,HIGH,HIGH,LOW,LOW,LOW,LOW,HIGH,NO,JM1
LOW,LOW,LOW,LOW,LOW,LOW,LOW,LOW,NO,JM1
LOW,LOW,LOW,LOW,LOW,LOW,LOW,LOW,NO,JM1
MEDIUM,MEDIUM,LOW,LOW,LOW,LOW,LOW,MEDIUM,NO,JM1
LOW,LOW,LOW,LOW,LOW,LOW,LOW,LOW,NO,JM1
LOW,LOW,MEDIUM,LOW,LOW,MEDIUM,LOW,LOW,NO,JM1
HIGH,MEDIUM,LOW,HIGH,MEDIUM,MEDIUM,MEDIUM,MEDIUM,NO,JM1
LOW,LOW,LOW,LOW,LOW,LOW,LOW,LOW,NO,JM1
LOW,LOW,LOW,LOW,LOW,MEDIUM,LOW,LOW,NO,JM1
LOW,LOW,LOW,LOW,LOW,LOW,LOW,LOW,NO,JM1
LOW,LOW,LOW,LOW,LOW,LOW,LOW,LOW,NO,JM1
LOW,LOW,LOW,LOW,LOW,LOW,LOW,LOW,NO,JM1
LOW,LOW,LOW,LOW,LOW,LOW,LOW,LOW,NO,JM1
HIGH,HIGH,HIGH,HIGH,LOW,LOW,LOW,HIGH,NO,JM1
LOW,LOW,LOW,LOW,LOW,LOW,LOW,LOW,NO,JM1
LOW,LOW,LOW,LOW,LOW,LOW,LOW,LOW,NO,JM1
MEDIUM,HIGH,HIGH,HIGH,LOW,LOW,LOW,HIGH,NO,JM1
MEDIUM,HIGH,HIGH,LOW,MEDIUM,HIGH,HIGH,HIGH,NO,JM1
MEDIUM,HIGH,HIGH,MEDIUM,MEDIUM,HIGH,HIGH,HIGH,NO,JM1
HIGH,HIGH,HIGH,HIGH,HIGH,HIGH,HIGH,HIGH,NO,JM1
MEDIUM,LOW,MEDIUM,LOW,MEDIUM,MEDIUM,MEDIUM,LOW,NO,JM1
LOW,LOW,LOW,LOW,LOW,LOW,LOW,LOW,NO,JM1
HIGH,MEDIUM,LOW,MEDIUM,LOW,LOW,LOW,MEDIUM,NO,JM1
HIGH,MEDIUM,LOW,MEDIUM,LOW,LOW,LOW,MEDIUM,NO,JM1
HIGH,MEDIUM,LOW,MEDIUM,LOW,LOW,LOW,MEDIUM,NO,JM1
MEDIUM,LOW,LOW,MEDIUM,MEDIUM,LOW,MEDIUM,LOW,NO,JM1
MEDIUM,LOW,LOW,LOW,MEDIUM,MEDIUM,MEDIUM,LOW,NO,JM1
MEDIUM,LOW,LOW,LOW,MEDIUM,MEDIUM,MEDIUM,LOW,NO,JM1
LOW,LOW,LOW,LOW,LOW,LOW,LOW,LOW,NO,JM1
LOW,MEDIUM,LOW,MEDIUM,MEDIUM,MEDIUM,MEDIUM,MEDIUM,NO,JM1
LOW,LOW,LOW,LOW,LOW,LOW,LOW,LOW,NO,JM1
LOW,LOW,LOW,LOW,LOW,LOW,LOW,LOW,NO,JM1
MEDIUM,MEDIUM,LOW,MEDIUM,LOW,LOW,LOW,MEDIUM,NO,JM1
MEDIUM,LOW,LOW,MEDIUM,MEDIUM,MEDIUM,MEDIUM,LOW,NO,JM1
MEDIUM,LOW,LOW,LOW,LOW,LOW,LOW,LOW,NO,JM1
MEDIUM,LOW,LOW,MEDIUM,MEDIUM,MEDIUM,MEDIUM,LOW,NO,JM1
LOW,MEDIUM,LOW,LOW,LOW,LOW,LOW,LOW,NO,JM1
MEDIUM,MEDIUM,LOW,LOW,MEDIUM,MEDIUM,MEDIUM,MEDIUM,NO,JM1
LOW,LOW,LOW,LOW,LOW,LOW,LOW,LOW,NO,JM1
LOW,LOW,LOW,LOW,LOW,LOW,LOW,LOW,NO,JM1
LOW,LOW,LOW,LOW,LOW,LOW,LOW,LOW,NO,JM1
HIGH,HIGH,HIGH,MEDIUM,HIGH,HIGH,HIGH,HIGH,NO,JM1
LOW,LOW,LOW,LOW,LOW,LOW,LOW,LOW,NO,JM1
MEDIUM,MEDIUM,LOW,LOW,LOW,LOW,LOW,MEDIUM,NO,JM1
LOW,LOW,LOW,LOW,LOW,LOW,LOW,LOW,NO,JM1
LOW,LOW,LOW,LOW,LOW,LOW,LOW,LOW,NO,JM1
LOW,LOW,LOW,LOW,LOW,LOW,LOW,LOW,NO,JM1
LOW,LOW,LOW,LOW,LOW,LOW,LOW,LOW,NO,JM1
MEDIUM,LOW,LOW,MEDIUM,MEDIUM,MEDIUM,MEDIUM,LOW,NO,JM1
MEDIUM,LOW,LOW,MEDIUM,LOW,LOW,LOW,LOW,NO,JM1
MEDIUM,LOW,LOW,MEDIUM,HIGH,MEDIUM,MEDIUM,LOW,NO,JM1
HIGH,HIGH,LOW,HIGH,HIGH,HIGH,HIGH,HIGH,NO,JM1
LOW,LOW,LOW,LOW,LOW,LOW,LOW,LOW,NO,JM1
LOW,LOW,LOW,LOW,LOW,LOW,LOW,LOW,NO,JM1
LOW,LOW,LOW,LOW,LOW,LOW,LOW,LOW,NO,JM1
LOW,LOW,LOW,LOW,LOW,LOW,LOW,LOW,NO,JM1
HIGH,HIGH,HIGH,HIGH,HIGH,HIGH,HIGH,HIGH,NO,JM1
HIGH,HIGH,LOW,HIGH,HIGH,HIGH,HIGH,HIGH,NO,JM1
LOW,LOW,LOW,LOW,LOW,LOW,LOW,LOW,NO,JM1
LOW,LOW,LOW,LOW,LOW,LOW,LOW,LOW,NO,JM1
MEDIUM,MEDIUM,LOW,LOW,MEDIUM,MEDIUM,MEDIUM,MEDIUM,NO,JM1
LOW,LOW,MEDIUM,LOW,MEDIUM,MEDIUM,MEDIUM,LOW,NO,JM1
MEDIUM,MEDIUM,HIGH,MEDIUM,MEDIUM,MEDIUM,MEDIUM,MEDIUM,NO,JM1
LOW,LOW,LOW,LOW,MEDIUM,MEDIUM,MEDIUM,LOW,NO,JM1
HIGH,HIGH,HIGH,HIGH,LOW,LOW,LOW,HIGH,NO,JM1
HIGH,HIGH,LOW,HIGH,HIGH,HIGH,HIGH,HIGH,NO,JM1
LOW,LOW,LOW,LOW,LOW,LOW,LOW,LOW,NO,JM1
MEDIUM,LOW,LOW,MEDIUM,MEDIUM,MEDIUM,MEDIUM,LOW,NO,JM1
HIGH,HIGH,HIGH,HIGH,HIGH,MEDIUM,HIGH,HIGH,NO,JM1
HIGH,HIGH,HIGH,HIGH,HIGH,HIGH,HIGH,HIGH,NO,JM1
LOW,LOW,LOW,MEDIUM,LOW,LOW,LOW,LOW,NO,JM1
LOW,LOW,MEDIUM,LOW,LOW,LOW,LOW,LOW,NO,JM1
LOW,MEDIUM,HIGH,MEDIUM,LOW,MEDIUM,LOW,MEDIUM,NO,JM1
LOW,MEDIUM,HIGH,MEDIUM,LOW,MEDIUM,LOW,MEDIUM,NO,JM1
LOW,LOW,LOW,MEDIUM,LOW,LOW,LOW,LOW,NO,JM1
LOW,LOW,LOW,LOW,LOW,MEDIUM,MEDIUM,LOW,NO,JM1
LOW,LOW,LOW,LOW,LOW,LOW,LOW,LOW,NO,JM1
LOW,LOW,LOW,LOW,LOW,LOW,LOW,LOW,NO,JM1
LOW,LOW,LOW,LOW,LOW,LOW,LOW,LOW,NO,JM1
LOW,LOW,LOW,LOW,LOW,LOW,LOW,LOW,NO,JM1
HIGH,MEDIUM,MEDIUM,MEDIUM,HIGH,HIGH,HIGH,MEDIUM,NO,JM1
LOW,LOW,LOW,LOW,LOW,LOW,LOW,LOW,NO,JM1
HIGH,HIGH,HIGH,HIGH,HIGH,HIGH,HIGH,HIGH,NO,JM1
MEDIUM,MEDIUM,LOW,HIGH,MEDIUM,MEDIUM,MEDIUM,MEDIUM,NO,JM1
MEDIUM,LOW,LOW,MEDIUM,MEDIUM,MEDIUM,MEDIUM,LOW,NO,JM1
MEDIUM,HIGH,MEDIUM,LOW,MEDIUM,MEDIUM,MEDIUM,HIGH,NO,JM1
MEDIUM,MEDIUM,HIGH,LOW,HIGH,HIGH,HIGH,MEDIUM,NO,JM1
LOW,LOW,LOW,LOW,LOW,MEDIUM,LOW,LOW,NO,JM1
LOW,LOW,LOW,LOW,LOW,MEDIUM,LOW,LOW,NO,JM1
LOW,LOW,LOW,LOW,LOW,LOW,LOW,LOW,NO,JM1
LOW,LOW,LOW,LOW,LOW,LOW,LOW,LOW,NO,JM1
MEDIUM,HIGH,HIGH,MEDIUM,LOW,LOW,LOW,HIGH,NO,JM1
HIGH,HIGH,LOW,LOW,LOW,LOW,LOW,HIGH,NO,JM1
LOW,LOW,LOW,LOW,LOW,LOW,LOW,LOW,NO,JM1
LOW,LOW,LOW,LOW,LOW,LOW,LOW,LOW,NO,JM1
LOW,LOW,LOW,LOW,LOW,LOW,LOW,LOW,NO,JM1
LOW,LOW,LOW,LOW,MEDIUM,LOW,LOW,LOW,NO,JM1
LOW,LOW,LOW,LOW,LOW,LOW,LOW,LOW,NO,JM1
LOW,LOW,LOW,LOW,LOW,LOW,LOW,LOW,NO,JM1
LOW,LOW,LOW,LOW,MEDIUM,LOW,MEDIUM,LOW,NO,JM1
LOW,LOW,LOW,LOW,LOW,LOW,LOW,LOW,NO,JM1
MEDIUM,MEDIUM,HIGH,MEDIUM,MEDIUM,MEDIUM,MEDIUM,MEDIUM,NO,JM1
LOW,MEDIUM,HIGH,HIGH,MEDIUM,MEDIUM,MEDIUM,MEDIUM,NO,JM1
MEDIUM,LOW,LOW,LOW,LOW,LOW,LOW,LOW,NO,JM1
LOW,LOW,LOW,LOW,LOW,LOW,LOW,LOW,NO,JM1
LOW,LOW,LOW,LOW,LOW,LOW,LOW,LOW,NO,JM1
LOW,LOW,LOW,LOW,LOW,LOW,LOW,LOW,NO,JM1
LOW,LOW,LOW,LOW,LOW,LOW,LOW,LOW,NO,JM1
HIGH,LOW,LOW,MEDIUM,HIGH,LOW,MEDIUM,LOW,NO,JM1
LOW,LOW,LOW,LOW,LOW,LOW,LOW,LOW,NO,JM1
LOW,LOW,LOW,LOW,LOW,LOW,LOW,LOW,NO,JM1
LOW,LOW,LOW,LOW,LOW,LOW,LOW,LOW,NO,JM1
LOW,LOW,LOW,LOW,LOW,LOW,LOW,LOW,NO,JM1
LOW,MEDIUM,LOW,MEDIUM,MEDIUM,LOW,MEDIUM,MEDIUM,NO,JM1
LOW,LOW,LOW,LOW,LOW,LOW,LOW,LOW,NO,JM1
LOW,LOW,LOW,LOW,LOW,LOW,LOW,LOW,NO,JM1
LOW,LOW,MEDIUM,LOW,LOW,LOW,LOW,LOW,NO,JM1
LOW,LOW,LOW,LOW,LOW,LOW,LOW,LOW,NO,JM1
LOW,LOW,LOW,LOW,LOW,LOW,LOW,LOW,NO,JM1
LOW,MEDIUM,MEDIUM,LOW,LOW,LOW,LOW,MEDIUM,NO,JM1
LOW,MEDIUM,MEDIUM,LOW,LOW,MEDIUM,MEDIUM,MEDIUM,NO,JM1
LOW,LOW,LOW,LOW,LOW,LOW,LOW,LOW,NO,JM1
LOW,LOW,LOW,LOW,MEDIUM,LOW,LOW,LOW,NO,JM1
LOW,MEDIUM,MEDIUM,LOW,LOW,LOW,LOW,MEDIUM,NO,JM1
LOW,LOW,LOW,LOW,LOW,LOW,LOW,LOW,NO,JM1
LOW,LOW,MEDIUM,LOW,LOW,MEDIUM,LOW,LOW,NO,JM1
LOW,LOW,MEDIUM,LOW,LOW,LOW,LOW,LOW,NO,JM1
MEDIUM,HIGH,LOW,HIGH,HIGH,HIGH,HIGH,HIGH,NO,JM1
MEDIUM,HIGH,LOW,HIGH,HIGH,HIGH,HIGH,HIGH,NO,JM1
LOW,MEDIUM,HIGH,LOW,LOW,MEDIUM,LOW,MEDIUM,NO,JM1
LOW,LOW,LOW,LOW,LOW,LOW,LOW,LOW,NO,JM1
LOW,LOW,LOW,LOW,LOW,LOW,LOW,LOW,NO,JM1
LOW,LOW,LOW,LOW,LOW,LOW,LOW,LOW,NO,JM1
LOW,LOW,LOW,LOW,LOW,MEDIUM,LOW,LOW,NO,JM1
HIGH,HIGH,LOW,HIGH,HIGH,HIGH,HIGH,HIGH,NO,JM1
HIGH,LOW,LOW,LOW,HIGH,HIGH,HIGH,LOW,NO,JM1
LOW,LOW,LOW,LOW,LOW,LOW,LOW,LOW,NO,JM1
LOW,LOW,LOW,LOW,LOW,LOW,LOW,LOW,NO,JM1
LOW,LOW,LOW,LOW,LOW,LOW,LOW,LOW,NO,JM1
LOW,LOW,LOW,LOW,LOW,LOW,LOW,LOW,NO,JM1
LOW,LOW,LOW,LOW,LOW,LOW,LOW,LOW,NO,JM1
LOW,LOW,LOW,LOW,LOW,LOW,LOW,LOW,NO,JM1
MEDIUM,HIGH,HIGH,HIGH,LOW,LOW,LOW,HIGH,NO,JM1
LOW,MEDIUM,LOW,MEDIUM,LOW,LOW,LOW,MEDIUM,NO,JM1
LOW,LOW,LOW,LOW,LOW,LOW,LOW,LOW,NO,JM1
LOW,LOW,LOW,LOW,LOW,LOW,LOW,LOW,NO,JM1
LOW,MEDIUM,LOW,LOW,LOW,LOW,LOW,MEDIUM,NO,JM1
LOW,LOW,LOW,LOW,LOW,LOW,LOW,LOW,NO,JM1
LOW,LOW,LOW,LOW,LOW,LOW,LOW,LOW,NO,JM1
LOW,LOW,LOW,LOW,LOW,LOW,LOW,LOW,NO,JM1
LOW,LOW,LOW,LOW,MEDIUM,MEDIUM,MEDIUM,LOW,NO,JM1
LOW,LOW,LOW,LOW,LOW,LOW,LOW,LOW,NO,JM1
LOW,MEDIUM,LOW,HIGH,MEDIUM,MEDIUM,MEDIUM,MEDIUM,NO,JM1
LOW,LOW,LOW,LOW,LOW,LOW,LOW,LOW,NO,JM1
LOW,LOW,LOW,LOW,LOW,LOW,LOW,LOW,NO,JM1
LOW,LOW,LOW,LOW,LOW,LOW,LOW,LOW,NO,JM1
LOW,LOW,LOW,LOW,LOW,LOW,LOW,LOW,NO,JM1
LOW,LOW,LOW,LOW,LOW,LOW,LOW,LOW,NO,JM1
LOW,MEDIUM,HIGH,MEDIUM,LOW,MEDIUM,MEDIUM,MEDIUM,NO,JM1
LOW,LOW,LOW,LOW,LOW,LOW,LOW,LOW,NO,JM1
LOW,LOW,LOW,LOW,LOW,LOW,LOW,LOW,NO,JM1
LOW,LOW,LOW,LOW,LOW,LOW,LOW,LOW,NO,JM1
HIGH,HIGH,HIGH,HIGH,HIGH,HIGH,HIGH,HIGH,NO,JM1
LOW,LOW,LOW,LOW,LOW,LOW,LOW,LOW,NO,JM1
MEDIUM,MEDIUM,LOW,MEDIUM,MEDIUM,MEDIUM,MEDIUM,LOW,NO,JM1
HIGH,HIGH,LOW,HIGH,HIGH,MEDIUM,HIGH,HIGH,NO,JM1
LOW,LOW,LOW,LOW,LOW,LOW,LOW,LOW,NO,JM1
LOW,LOW,LOW,LOW,LOW,LOW,LOW,LOW,NO,JM1
LOW,LOW,LOW,LOW,LOW,LOW,LOW,LOW,NO,JM1
LOW,LOW,LOW,LOW,LOW,LOW,LOW,LOW,NO,JM1
LOW,LOW,LOW,LOW,LOW,LOW,LOW,LOW,NO,JM1
LOW,LOW,LOW,LOW,LOW,LOW,LOW,LOW,NO,JM1
LOW,HIGH,HIGH,HIGH,MEDIUM,MEDIUM,MEDIUM,HIGH,NO,JM1
LOW,LOW,LOW,MEDIUM,LOW,MEDIUM,LOW,LOW,NO,JM1
LOW,LOW,MEDIUM,LOW,LOW,MEDIUM,LOW,LOW,NO,JM1
LOW,HIGH,HIGH,LOW,LOW,LOW,LOW,HIGH,NO,JM1
MEDIUM,LOW,LOW,LOW,LOW,LOW,LOW,LOW,NO,JM1
LOW,LOW,LOW,LOW,LOW,LOW,LOW,LOW,NO,JM1
HIGH,MEDIUM,LOW,LOW,HIGH,HIGH,HIGH,MEDIUM,NO,JM1
LOW,LOW,LOW,LOW,LOW,LOW,LOW,LOW,NO,JM1
MEDIUM,MEDIUM,MEDIUM,LOW,MEDIUM,HIGH,HIGH,MEDIUM,NO,JM1
LOW,LOW,LOW,LOW,LOW,LOW,LOW,LOW,NO,JM1
LOW,MEDIUM,MEDIUM,LOW,LOW,MEDIUM,LOW,MEDIUM,NO,JM1
LOW,LOW,LOW,LOW,MEDIUM,MEDIUM,MEDIUM,LOW,NO,JM1
LOW,LOW,LOW,LOW,LOW,LOW,LOW,LOW,NO,JM1
LOW,LOW,LOW,LOW,LOW,LOW,LOW,LOW,NO,JM1
LOW,MEDIUM,MEDIUM,MEDIUM,MEDIUM,MEDIUM,MEDIUM,MEDIUM,NO,JM1
HIGH,MEDIUM,LOW,HIGH,MEDIUM,MEDIUM,MEDIUM,MEDIUM,NO,JM1
LOW,LOW,LOW,LOW,LOW,LOW,LOW,LOW,NO,JM1
MEDIUM,MEDIUM,MEDIUM,LOW,MEDIUM,MEDIUM,MEDIUM,MEDIUM,NO,JM1
MEDIUM,LOW,LOW,MEDIUM,MEDIUM,MEDIUM,MEDIUM,LOW,NO,JM1
LOW,LOW,LOW,LOW,LOW,LOW,LOW,LOW,NO,JM1
HIGH,HIGH,HIGH,HIGH,HIGH,HIGH,HIGH,HIGH,NO,JM1
LOW,LOW,LOW,LOW,LOW,LOW,LOW,LOW,NO,JM1
MEDIUM,LOW,LOW,LOW,MEDIUM,LOW,MEDIUM,LOW,NO,JM1
LOW,LOW,LOW,LOW,LOW,LOW,LOW,LOW,NO,JM1
MEDIUM,LOW,LOW,LOW,MEDIUM,LOW,MEDIUM,LOW,NO,JM1
MEDIUM,LOW,LOW,LOW,MEDIUM,LOW,MEDIUM,LOW,NO,JM1
LOW,LOW,LOW,LOW,LOW,LOW,LOW,LOW,NO,JM1
LOW,MEDIUM,HIGH,MEDIUM,MEDIUM,HIGH,MEDIUM,MEDIUM,NO,JM1
MEDIUM,MEDIUM,HIGH,MEDIUM,MEDIUM,MEDIUM,MEDIUM,MEDIUM,NO,JM1
MEDIUM,HIGH,LOW,LOW,MEDIUM,LOW,MEDIUM,HIGH,NO,JM1
LOW,LOW,LOW,LOW,LOW,LOW,LOW,LOW,NO,JM1
LOW,LOW,LOW,LOW,LOW,LOW,LOW,LOW,NO,JM1
HIGH,HIGH,MEDIUM,HIGH,LOW,LOW,LOW,HIGH,NO,JM1
LOW,LOW,MEDIUM,LOW,LOW,LOW,LOW,LOW,NO,JM1
LOW,LOW,LOW,LOW,LOW,LOW,LOW,LOW,NO,JM1
LOW,LOW,LOW,LOW,LOW,LOW,LOW,LOW,NO,JM1
LOW,MEDIUM,HIGH,HIGH,MEDIUM,MEDIUM,MEDIUM,MEDIUM,NO,JM1
LOW,LOW,LOW,LOW,LOW,LOW,LOW,LOW,NO,JM1
MEDIUM,MEDIUM,LOW,LOW,MEDIUM,HIGH,MEDIUM,MEDIUM,NO,JM1
HIGH,MEDIUM,LOW,MEDIUM,HIGH,HIGH,HIGH,MEDIUM,NO,JM1
HIGH,HIGH,HIGH,HIGH,HIGH,HIGH,HIGH,HIGH,NO,JM1
MEDIUM,MEDIUM,LOW,LOW,MEDIUM,LOW,MEDIUM,MEDIUM,NO,JM1
MEDIUM,LOW,LOW,MEDIUM,HIGH,MEDIUM,MEDIUM,LOW,NO,JM1
HIGH,HIGH,HIGH,HIGH,HIGH,HIGH,HIGH,HIGH,NO,JM1
LOW,LOW,LOW,LOW,LOW,LOW,LOW,LOW,NO,JM1
LOW,LOW,LOW,LOW,LOW,LOW,LOW,LOW,NO,JM1
LOW,LOW,LOW,LOW,LOW,LOW,LOW,LOW,NO,JM1
LOW,LOW,LOW,LOW,LOW,LOW,LOW,LOW,NO,JM1
LOW,LOW,LOW,LOW,LOW,LOW,LOW,LOW,NO,JM1
LOW,LOW,LOW,LOW,LOW,LOW,LOW,LOW,NO,JM1
HIGH,MEDIUM,HIGH,LOW,HIGH,HIGH,HIGH,MEDIUM,NO,JM1
HIGH,HIGH,LOW,MEDIUM,HIGH,HIGH,HIGH,HIGH,NO,JM1
LOW,MEDIUM,MEDIUM,LOW,LOW,MEDIUM,MEDIUM,MEDIUM,NO,JM1
HIGH,HIGH,HIGH,HIGH,HIGH,HIGH,HIGH,HIGH,NO,JM1
MEDIUM,HIGH,HIGH,HIGH,MEDIUM,MEDIUM,MEDIUM,HIGH,NO,JM1
LOW,LOW,LOW,LOW,MEDIUM,LOW,LOW,LOW,NO,JM1
HIGH,HIGH,HIGH,HIGH,HIGH,HIGH,HIGH,HIGH,NO,JM1
MEDIUM,HIGH,HIGH,HIGH,HIGH,HIGH,HIGH,HIGH,NO,JM1
LOW,LOW,LOW,LOW,LOW,LOW,LOW,LOW,NO,JM1
LOW,LOW,LOW,LOW,MEDIUM,LOW,LOW,LOW,NO,JM1
HIGH,HIGH,HIGH,HIGH,HIGH,HIGH,HIGH,HIGH,NO,JM1
MEDIUM,HIGH,HIGH,HIGH,HIGH,MEDIUM,MEDIUM,HIGH,NO,JM1
MEDIUM,LOW,LOW,LOW,MEDIUM,LOW,MEDIUM,LOW,NO,JM1
MEDIUM,HIGH,HIGH,HIGH,HIGH,HIGH,HIGH,HIGH,NO,JM1
LOW,LOW,LOW,LOW,MEDIUM,LOW,LOW,LOW,NO,JM1
MEDIUM,LOW,LOW,LOW,MEDIUM,MEDIUM,MEDIUM,LOW,NO,JM1
MEDIUM,LOW,LOW,LOW,MEDIUM,MEDIUM,MEDIUM,LOW,NO,JM1
MEDIUM,LOW,LOW,LOW,MEDIUM,MEDIUM,MEDIUM,LOW,NO,JM1
MEDIUM,MEDIUM,LOW,LOW,MEDIUM,MEDIUM,MEDIUM,MEDIUM,NO,JM1
MEDIUM,MEDIUM,LOW,MEDIUM,MEDIUM,MEDIUM,MEDIUM,MEDIUM,NO,JM1
MEDIUM,MEDIUM,LOW,HIGH,HIGH,HIGH,HIGH,MEDIUM,NO,JM1
LOW,LOW,LOW,LOW,LOW,LOW,LOW,LOW,NO,JM1
LOW,LOW,LOW,LOW,LOW,LOW,LOW,LOW,NO,JM1
LOW,LOW,LOW,LOW,LOW,LOW,LOW,LOW,NO,JM1
LOW,LOW,LOW,LOW,LOW,LOW,LOW,LOW,NO,JM1
MEDIUM,LOW,MEDIUM,LOW,MEDIUM,MEDIUM,MEDIUM,LOW,NO,JM1
HIGH,HIGH,LOW,HIGH,HIGH,HIGH,HIGH,HIGH,NO,JM1
LOW,LOW,LOW,LOW,MEDIUM,MEDIUM,MEDIUM,LOW,NO,JM1
LOW,LOW,LOW,LOW,LOW,LOW,LOW,LOW,NO,JM1
MEDIUM,MEDIUM,LOW,HIGH,MEDIUM,MEDIUM,MEDIUM,MEDIUM,NO,JM1
MEDIUM,MEDIUM,LOW,HIGH,MEDIUM,MEDIUM,MEDIUM,MEDIUM,NO,JM1
LOW,LOW,LOW,LOW,LOW,LOW,LOW,LOW,NO,JM1
LOW,LOW,LOW,LOW,LOW,LOW,LOW,LOW,NO,JM1
LOW,LOW,LOW,LOW,LOW,LOW,LOW,LOW,NO,JM1
LOW,LOW,LOW,LOW,LOW,LOW,LOW,LOW,NO,JM1
LOW,LOW,LOW,LOW,LOW,LOW,LOW,LOW,NO,JM1
LOW,LOW,LOW,LOW,LOW,LOW,LOW,LOW,NO,JM1
LOW,LOW,LOW,LOW,LOW,LOW,LOW,LOW,NO,JM1
LOW,LOW,LOW,LOW,LOW,LOW,LOW,LOW,NO,JM1
LOW,LOW,LOW,LOW,LOW,LOW,LOW,LOW,NO,JM1
LOW,LOW,LOW,LOW,LOW,LOW,LOW,LOW,NO,JM1
LOW,LOW,LOW,LOW,LOW,LOW,LOW,LOW,NO,JM1
LOW,LOW,LOW,LOW,MEDIUM,LOW,LOW,LOW,NO,JM1
LOW,LOW,LOW,LOW,MEDIUM,LOW,LOW,LOW,NO,JM1
LOW,LOW,LOW,LOW,LOW,LOW,LOW,LOW,NO,JM1
MEDIUM,MEDIUM,HIGH,MEDIUM,HIGH,MEDIUM,MEDIUM,MEDIUM,NO,JM1
MEDIUM,HIGH,LOW,HIGH,MEDIUM,LOW,LOW,HIGH,NO,JM1
LOW,LOW,LOW,LOW,LOW,LOW,LOW,LOW,NO,JM1
LOW,LOW,LOW,MEDIUM,LOW,MEDIUM,LOW,LOW,NO,JM1
MEDIUM,MEDIUM,MEDIUM,MEDIUM,LOW,LOW,LOW,MEDIUM,NO,JM1
LOW,MEDIUM,MEDIUM,LOW,LOW,MEDIUM,MEDIUM,MEDIUM,NO,JM1
LOW,LOW,LOW,MEDIUM,LOW,LOW,LOW,LOW,NO,JM1
LOW,LOW,LOW,LOW,LOW,LOW,LOW,LOW,NO,JM1
MEDIUM,MEDIUM,LOW,LOW,MEDIUM,MEDIUM,MEDIUM,MEDIUM,NO,JM1
LOW,LOW,LOW,LOW,LOW,LOW,LOW,LOW,NO,JM1
LOW,LOW,LOW,LOW,LOW,LOW,LOW,LOW,NO,JM1
HIGH,HIGH,HIGH,HIGH,HIGH,HIGH,HIGH,HIGH,NO,JM1
MEDIUM,HIGH,HIGH,HIGH,MEDIUM,MEDIUM,MEDIUM,HIGH,NO,JM1
MEDIUM,HIGH,HIGH,HIGH,HIGH,HIGH,HIGH,HIGH,NO,JM1
LOW,LOW,LOW,LOW,MEDIUM,LOW,LOW,LOW,NO,JM1
MEDIUM,LOW,LOW,LOW,MEDIUM,LOW,MEDIUM,LOW,NO,JM1
MEDIUM,LOW,LOW,LOW,MEDIUM,MEDIUM,MEDIUM,LOW,NO,JM1
MEDIUM,LOW,LOW,LOW,MEDIUM,LOW,MEDIUM,LOW,NO,JM1
HIGH,HIGH,LOW,HIGH,HIGH,HIGH,HIGH,HIGH,NO,JM1
MEDIUM,LOW,LOW,LOW,MEDIUM,LOW,MEDIUM,LOW,NO,JM1
HIGH,HIGH,LOW,HIGH,HIGH,HIGH,HIGH,HIGH,NO,JM1
LOW,LOW,LOW,LOW,LOW,LOW,LOW,LOW,NO,JM1
LOW,LOW,LOW,LOW,LOW,LOW,LOW,LOW,NO,JM1
LOW,LOW,LOW,LOW,LOW,LOW,LOW,LOW,NO,JM1
LOW,LOW,LOW,LOW,MEDIUM,HIGH,MEDIUM,LOW,NO,JM1
LOW,LOW,LOW,LOW,LOW,LOW,LOW,LOW,NO,JM1
HIGH,HIGH,HIGH,HIGH,HIGH,HIGH,HIGH,HIGH,NO,JM1
LOW,LOW,LOW,LOW,LOW,LOW,LOW,LOW,NO,JM1
LOW,LOW,LOW,LOW,LOW,LOW,LOW,LOW,NO,JM1
LOW,LOW,LOW,LOW,LOW,LOW,LOW,LOW,NO,JM1
LOW,LOW,LOW,LOW,LOW,LOW,LOW,LOW,NO,JM1
MEDIUM,LOW,LOW,LOW,MEDIUM,MEDIUM,MEDIUM,LOW,NO,JM1
MEDIUM,LOW,LOW,LOW,MEDIUM,MEDIUM,MEDIUM,LOW,NO,JM1
LOW,LOW,LOW,LOW,LOW,LOW,LOW,LOW,NO,JM1
MEDIUM,MEDIUM,LOW,MEDIUM,MEDIUM,MEDIUM,MEDIUM,MEDIUM,NO,JM1
MEDIUM,MEDIUM,HIGH,HIGH,MEDIUM,MEDIUM,MEDIUM,MEDIUM,NO,JM1
LOW,LOW,LOW,LOW,LOW,LOW,LOW,LOW,NO,JM1
MEDIUM,MEDIUM,LOW,HIGH,MEDIUM,MEDIUM,MEDIUM,MEDIUM,NO,JM1
HIGH,HIGH,HIGH,MEDIUM,MEDIUM,MEDIUM,MEDIUM,HIGH,NO,JM1
LOW,LOW,LOW,LOW,LOW,LOW,LOW,LOW,NO,JM1
MEDIUM,MEDIUM,LOW,LOW,MEDIUM,MEDIUM,MEDIUM,MEDIUM,NO,JM1
LOW,LOW,LOW,LOW,LOW,LOW,LOW,LOW,NO,JM1
HIGH,MEDIUM,LOW,MEDIUM,HIGH,MEDIUM,HIGH,MEDIUM,NO,JM1
LOW,LOW,LOW,LOW,LOW,LOW,LOW,LOW,NO,JM1
LOW,LOW,LOW,LOW,LOW,LOW,LOW,LOW,NO,JM1
LOW,LOW,LOW,LOW,LOW,LOW,LOW,LOW,NO,JM1
LOW,LOW,LOW,LOW,LOW,LOW,LOW,LOW,NO,JM1
MEDIUM,MEDIUM,LOW,MEDIUM,MEDIUM,LOW,MEDIUM,MEDIUM,NO,JM1
MEDIUM,MEDIUM,LOW,MEDIUM,MEDIUM,MEDIUM,MEDIUM,MEDIUM,NO,JM1
LOW,LOW,LOW,LOW,LOW,LOW,LOW,LOW,NO,JM1
LOW,LOW,LOW,LOW,LOW,LOW,LOW,LOW,NO,JM1
HIGH,HIGH,HIGH,HIGH,HIGH,HIGH,HIGH,HIGH,NO,JM1
HIGH,HIGH,LOW,HIGH,MEDIUM,MEDIUM,MEDIUM,HIGH,NO,JM1
HIGH,MEDIUM,LOW,HIGH,HIGH,HIGH,HIGH,MEDIUM,NO,JM1
LOW,LOW,LOW,LOW,LOW,LOW,LOW,LOW,NO,JM1
HIGH,HIGH,HIGH,MEDIUM,HIGH,HIGH,HIGH,HIGH,NO,JM1
MEDIUM,LOW,LOW,LOW,MEDIUM,MEDIUM,MEDIUM,LOW,NO,JM1
LOW,LOW,LOW,LOW,LOW,LOW,LOW,LOW,NO,JM1
LOW,LOW,LOW,LOW,LOW,LOW,LOW,LOW,NO,JM1
LOW,LOW,LOW,LOW,LOW,MEDIUM,LOW,LOW,NO,JM1
LOW,LOW,LOW,LOW,LOW,LOW,LOW,LOW,NO,JM1
LOW,LOW,LOW,MEDIUM,MEDIUM,MEDIUM,MEDIUM,LOW,NO,JM1
LOW,LOW,LOW,LOW,LOW,LOW,LOW,LOW,NO,JM1
LOW,LOW,LOW,LOW,LOW,LOW,LOW,LOW,NO,JM1
LOW,LOW,LOW,LOW,MEDIUM,MEDIUM,MEDIUM,LOW,NO,JM1
LOW,LOW,LOW,LOW,LOW,LOW,LOW,LOW,NO,JM1
LOW,LOW,LOW,LOW,LOW,MEDIUM,LOW,LOW,NO,JM1
LOW,LOW,LOW,LOW,LOW,LOW,LOW,LOW,NO,JM1
HIGH,MEDIUM,MEDIUM,MEDIUM,HIGH,HIGH,HIGH,MEDIUM,NO,JM1
LOW,LOW,MEDIUM,LOW,LOW,LOW,LOW,LOW,NO,JM1
MEDIUM,MEDIUM,LOW,MEDIUM,MEDIUM,HIGH,MEDIUM,MEDIUM,NO,JM1
LOW,LOW,LOW,LOW,LOW,LOW,LOW,LOW,NO,JM1
LOW,LOW,LOW,LOW,LOW,LOW,LOW,LOW,NO,JM1
LOW,LOW,LOW,LOW,LOW,LOW,LOW,LOW,NO,JM1
LOW,MEDIUM,LOW,MEDIUM,MEDIUM,LOW,MEDIUM,MEDIUM,NO,JM1
MEDIUM,LOW,LOW,LOW,MEDIUM,MEDIUM,MEDIUM,LOW,NO,JM1
MEDIUM,LOW,LOW,MEDIUM,MEDIUM,LOW,MEDIUM,LOW,NO,JM1
LOW,LOW,LOW,LOW,LOW,LOW,LOW,LOW,NO,JM1
LOW,MEDIUM,MEDIUM,MEDIUM,LOW,MEDIUM,MEDIUM,MEDIUM,NO,JM1
LOW,LOW,LOW,LOW,LOW,LOW,LOW,LOW,NO,JM1
MEDIUM,LOW,LOW,LOW,LOW,LOW,LOW,LOW,NO,JM1
LOW,LOW,LOW,LOW,LOW,MEDIUM,LOW,LOW,NO,JM1
LOW,LOW,LOW,LOW,LOW,LOW,LOW,LOW,NO,JM1
LOW,LOW,LOW,LOW,LOW,LOW,LOW,LOW,NO,JM1
LOW,LOW,LOW,LOW,LOW,LOW,LOW,LOW,NO,JM1
LOW,LOW,LOW,LOW,LOW,LOW,LOW,LOW,NO,JM1
LOW,MEDIUM,LOW,MEDIUM,LOW,LOW,LOW,MEDIUM,NO,JM1
LOW,LOW,LOW,LOW,LOW,LOW,LOW,LOW,NO,JM1
LOW,LOW,LOW,LOW,LOW,LOW,LOW,LOW,NO,JM1
LOW,LOW,LOW,LOW,LOW,LOW,LOW,LOW,NO,JM1
LOW,LOW,LOW,LOW,LOW,LOW,LOW,LOW,NO,JM1
MEDIUM,LOW,LOW,MEDIUM,LOW,MEDIUM,MEDIUM,LOW,NO,JM1
HIGH,HIGH,LOW,HIGH,HIGH,HIGH,HIGH,HIGH,NO,JM1
LOW,LOW,LOW,MEDIUM,LOW,LOW,LOW,LOW,NO,JM1
LOW,LOW,LOW,LOW,LOW,LOW,LOW,LOW,NO,JM1
LOW,LOW,LOW,LOW,LOW,LOW,LOW,LOW,NO,JM1
LOW,LOW,LOW,MEDIUM,LOW,LOW,LOW,LOW,NO,JM1
HIGH,HIGH,HIGH,MEDIUM,HIGH,HIGH,HIGH,HIGH,NO,JM1
LOW,LOW,LOW,LOW,LOW,LOW,LOW,LOW,NO,JM1
LOW,LOW,LOW,LOW,LOW,LOW,LOW,LOW,NO,JM1
LOW,MEDIUM,LOW,LOW,MEDIUM,MEDIUM,MEDIUM,MEDIUM,NO,JM1
MEDIUM,MEDIUM,LOW,LOW,LOW,LOW,LOW,MEDIUM,NO,JM1
LOW,LOW,LOW,LOW,LOW,LOW,LOW,LOW,NO,JM1
HIGH,HIGH,LOW,HIGH,HIGH,HIGH,HIGH,HIGH,NO,JM1
MEDIUM,MEDIUM,LOW,HIGH,HIGH,HIGH,HIGH,MEDIUM,NO,JM1
LOW,LOW,LOW,LOW,LOW,MEDIUM,LOW,LOW,NO,JM1
LOW,LOW,LOW,LOW,LOW,MEDIUM,LOW,LOW,NO,JM1
LOW,LOW,LOW,LOW,LOW,LOW,LOW,LOW,NO,JM1
MEDIUM,LOW,MEDIUM,MEDIUM,LOW,MEDIUM,LOW,LOW,NO,JM1
LOW,LOW,LOW,LOW,LOW,LOW,LOW,LOW,NO,JM1
MEDIUM,LOW,LOW,MEDIUM,MEDIUM,MEDIUM,MEDIUM,LOW,NO,JM1
HIGH,MEDIUM,LOW,LOW,HIGH,HIGH,HIGH,MEDIUM,NO,JM1
HIGH,HIGH,LOW,HIGH,HIGH,HIGH,HIGH,MEDIUM,NO,JM1
LOW,LOW,LOW,LOW,LOW,LOW,LOW,LOW,NO,JM1
LOW,LOW,LOW,LOW,LOW,LOW,LOW,LOW,NO,JM1
LOW,LOW,LOW,LOW,LOW,LOW,LOW,LOW,NO,JM1
LOW,LOW,LOW,LOW,LOW,LOW,LOW,LOW,NO,JM1
LOW,LOW,LOW,LOW,LOW,LOW,LOW,LOW,NO,JM1
HIGH,MEDIUM,LOW,HIGH,HIGH,HIGH,HIGH,MEDIUM,NO,JM1
LOW,LOW,LOW,LOW,LOW,LOW,LOW,LOW,NO,JM1
HIGH,MEDIUM,LOW,HIGH,MEDIUM,HIGH,HIGH,MEDIUM,NO,JM1
LOW,LOW,LOW,LOW,MEDIUM,LOW,LOW,LOW,NO,JM1
LOW,LOW,LOW,LOW,MEDIUM,MEDIUM,MEDIUM,LOW,NO,JM1
MEDIUM,MEDIUM,HIGH,HIGH,MEDIUM,MEDIUM,MEDIUM,MEDIUM,NO,JM1
HIGH,HIGH,HIGH,HIGH,LOW,LOW,LOW,HIGH,NO,JM1
MEDIUM,MEDIUM,LOW,LOW,LOW,LOW,LOW,MEDIUM,NO,JM1
LOW,LOW,LOW,LOW,MEDIUM,MEDIUM,MEDIUM,LOW,NO,JM1
LOW,MEDIUM,HIGH,HIGH,MEDIUM,MEDIUM,MEDIUM,MEDIUM,NO,JM1
MEDIUM,LOW,LOW,MEDIUM,MEDIUM,MEDIUM,MEDIUM,LOW,NO,JM1
LOW,LOW,LOW,LOW,LOW,LOW,LOW,LOW,NO,JM1
LOW,LOW,LOW,LOW,MEDIUM,MEDIUM,MEDIUM,LOW,NO,JM1
LOW,LOW,LOW,LOW,MEDIUM,MEDIUM,MEDIUM,LOW,NO,JM1
LOW,LOW,LOW,LOW,MEDIUM,MEDIUM,MEDIUM,LOW,NO,JM1
MEDIUM,HIGH,HIGH,HIGH,HIGH,HIGH,HIGH,HIGH,NO,JM1
LOW,LOW,LOW,LOW,LOW,LOW,LOW,LOW,NO,JM1
MEDIUM,MEDIUM,HIGH,HIGH,MEDIUM,MEDIUM,MEDIUM,MEDIUM,NO,JM1
HIGH,HIGH,HIGH,HIGH,HIGH,HIGH,HIGH,HIGH,NO,JM1
MEDIUM,MEDIUM,HIGH,HIGH,MEDIUM,MEDIUM,MEDIUM,MEDIUM,NO,JM1
MEDIUM,MEDIUM,HIGH,HIGH,MEDIUM,MEDIUM,MEDIUM,MEDIUM,NO,JM1
MEDIUM,MEDIUM,HIGH,MEDIUM,MEDIUM,MEDIUM,MEDIUM,MEDIUM,NO,JM1
MEDIUM,MEDIUM,HIGH,MEDIUM,MEDIUM,MEDIUM,MEDIUM,MEDIUM,NO,JM1
MEDIUM,HIGH,HIGH,HIGH,HIGH,HIGH,HIGH,HIGH,NO,JM1
MEDIUM,MEDIUM,LOW,MEDIUM,MEDIUM,MEDIUM,MEDIUM,MEDIUM,NO,JM1
MEDIUM,LOW,LOW,LOW,MEDIUM,MEDIUM,MEDIUM,LOW,NO,JM1
LOW,MEDIUM,HIGH,LOW,LOW,MEDIUM,LOW,MEDIUM,NO,JM1
MEDIUM,HIGH,HIGH,HIGH,MEDIUM,MEDIUM,MEDIUM,HIGH,NO,JM1
LOW,LOW,LOW,LOW,LOW,LOW,LOW,LOW,NO,JM1
LOW,LOW,LOW,LOW,LOW,LOW,LOW,LOW,NO,JM1
LOW,LOW,LOW,LOW,LOW,LOW,LOW,LOW,NO,JM1
LOW,LOW,LOW,LOW,LOW,LOW,LOW,LOW,NO,JM1
HIGH,HIGH,LOW,MEDIUM,MEDIUM,MEDIUM,MEDIUM,MEDIUM,NO,JM1
LOW,LOW,LOW,LOW,LOW,LOW,LOW,LOW,NO,JM1
LOW,LOW,LOW,LOW,LOW,LOW,LOW,LOW,NO,JM1
LOW,LOW,LOW,LOW,LOW,LOW,LOW,LOW,NO,JM1
LOW,LOW,LOW,LOW,LOW,LOW,LOW,LOW,NO,JM1
LOW,LOW,LOW,LOW,LOW,LOW,LOW,LOW,NO,JM1
LOW,LOW,LOW,LOW,LOW,LOW,LOW,LOW,NO,JM1
LOW,LOW,LOW,LOW,LOW,LOW,LOW,LOW,NO,JM1
LOW,LOW,LOW,LOW,LOW,LOW,LOW,LOW,NO,JM1
HIGH,HIGH,LOW,HIGH,HIGH,HIGH,HIGH,HIGH,NO,JM1
HIGH,HIGH,HIGH,HIGH,HIGH,HIGH,HIGH,HIGH,NO,JM1
HIGH,HIGH,LOW,HIGH,HIGH,HIGH,HIGH,HIGH,NO,JM1
MEDIUM,MEDIUM,LOW,MEDIUM,MEDIUM,MEDIUM,MEDIUM,MEDIUM,NO,JM1
LOW,LOW,LOW,LOW,LOW,LOW,LOW,LOW,NO,JM1
MEDIUM,LOW,LOW,MEDIUM,MEDIUM,HIGH,MEDIUM,LOW,NO,JM1
LOW,LOW,LOW,LOW,LOW,LOW,LOW,LOW,NO,JM1
LOW,LOW,LOW,LOW,LOW,MEDIUM,LOW,LOW,NO,JM1
LOW,LOW,LOW,LOW,LOW,LOW,LOW,LOW,NO,JM1
LOW,LOW,LOW,LOW,LOW,LOW,LOW,LOW,NO,JM1
HIGH,HIGH,LOW,HIGH,HIGH,HIGH,HIGH,HIGH,NO,JM1
LOW,LOW,LOW,LOW,LOW,LOW,LOW,LOW,NO,JM1
MEDIUM,HIGH,LOW,MEDIUM,HIGH,HIGH,HIGH,HIGH,NO,JM1
LOW,LOW,LOW,LOW,LOW,LOW,LOW,LOW,NO,JM1
MEDIUM,MEDIUM,LOW,MEDIUM,MEDIUM,MEDIUM,MEDIUM,MEDIUM,NO,JM1
MEDIUM,MEDIUM,LOW,LOW,MEDIUM,MEDIUM,MEDIUM,MEDIUM,NO,JM1
LOW,LOW,LOW,LOW,LOW,LOW,LOW,LOW,NO,JM1
HIGH,HIGH,HIGH,HIGH,HIGH,HIGH,HIGH,HIGH,NO,JM1
LOW,LOW,LOW,LOW,LOW,LOW,LOW,LOW,NO,JM1
MEDIUM,LOW,LOW,LOW,MEDIUM,HIGH,MEDIUM,LOW,NO,JM1
MEDIUM,MEDIUM,LOW,LOW,HIGH,HIGH,HIGH,MEDIUM,NO,JM1
LOW,LOW,LOW,LOW,LOW,LOW,LOW,LOW,NO,JM1
LOW,LOW,LOW,LOW,LOW,LOW,LOW,LOW,NO,JM1
LOW,LOW,LOW,LOW,LOW,LOW,LOW,LOW,NO,JM1
LOW,LOW,LOW,LOW,LOW,LOW,LOW,LOW,NO,JM1
LOW,LOW,LOW,LOW,LOW,LOW,LOW,LOW,NO,JM1
HIGH,LOW,LOW,LOW,HIGH,HIGH,HIGH,LOW,NO,JM1
HIGH,HIGH,HIGH,HIGH,HIGH,HIGH,HIGH,HIGH,NO,JM1
LOW,LOW,LOW,LOW,LOW,HIGH,MEDIUM,LOW,NO,JM1
LOW,LOW,LOW,MEDIUM,LOW,LOW,LOW,LOW,NO,JM1
LOW,MEDIUM,LOW,LOW,LOW,LOW,LOW,MEDIUM,NO,JM1
MEDIUM,MEDIUM,LOW,LOW,LOW,LOW,LOW,MEDIUM,NO,JM1
LOW,MEDIUM,LOW,LOW,LOW,LOW,LOW,MEDIUM,NO,JM1
LOW,LOW,LOW,LOW,LOW,LOW,LOW,LOW,NO,JM1
HIGH,MEDIUM,LOW,MEDIUM,HIGH,HIGH,HIGH,MEDIUM,NO,JM1
HIGH,HIGH,LOW,HIGH,HIGH,HIGH,HIGH,HIGH,NO,JM1
MEDIUM,MEDIUM,LOW,MEDIUM,MEDIUM,MEDIUM,MEDIUM,MEDIUM,NO,JM1
HIGH,HIGH,LOW,HIGH,HIGH,HIGH,HIGH,HIGH,NO,JM1
LOW,LOW,LOW,LOW,MEDIUM,LOW,LOW,LOW,NO,JM1
LOW,LOW,LOW,LOW,LOW,LOW,LOW,LOW,NO,JM1
LOW,LOW,LOW,LOW,LOW,LOW,LOW,LOW,NO,JM1
HIGH,HIGH,LOW,HIGH,HIGH,HIGH,HIGH,HIGH,NO,JM1
LOW,LOW,LOW,LOW,LOW,LOW,LOW,LOW,NO,JM1
LOW,LOW,LOW,LOW,LOW,LOW,LOW,LOW,NO,JM1
HIGH,HIGH,LOW,HIGH,HIGH,HIGH,HIGH,HIGH,NO,JM1
LOW,LOW,LOW,LOW,LOW,LOW,LOW,LOW,NO,JM1
MEDIUM,MEDIUM,LOW,LOW,MEDIUM,HIGH,MEDIUM,MEDIUM,NO,JM1
LOW,MEDIUM,LOW,MEDIUM,LOW,LOW,LOW,MEDIUM,NO,JM1
LOW,LOW,LOW,LOW,LOW,LOW,LOW,LOW,NO,JM1
LOW,LOW,LOW,LOW,LOW,LOW,LOW,LOW,NO,JM1
LOW,LOW,LOW,LOW,LOW,LOW,LOW,LOW,NO,JM1
LOW,MEDIUM,LOW,LOW,LOW,MEDIUM,LOW,MEDIUM,NO,JM1
HIGH,MEDIUM,LOW,LOW,HIGH,HIGH,HIGH,MEDIUM,NO,JM1
HIGH,LOW,LOW,MEDIUM,HIGH,MEDIUM,HIGH,LOW,NO,JM1
MEDIUM,HIGH,HIGH,MEDIUM,HIGH,HIGH,HIGH,HIGH,NO,JM1
LOW,LOW,LOW,LOW,LOW,LOW,LOW,LOW,NO,JM1
LOW,LOW,LOW,LOW,LOW,LOW,LOW,LOW,NO,JM1
LOW,LOW,LOW,LOW,LOW,LOW,LOW,LOW,NO,JM1
LOW,LOW,LOW,LOW,LOW,LOW,LOW,LOW,NO,JM1
LOW,LOW,MEDIUM,LOW,LOW,MEDIUM,LOW,LOW,NO,JM1
LOW,LOW,LOW,LOW,LOW,LOW,LOW,LOW,NO,JM1
LOW,LOW,LOW,LOW,LOW,LOW,LOW,LOW,NO,JM1
MEDIUM,LOW,MEDIUM,LOW,LOW,LOW,LOW,LOW,NO,JM1
MEDIUM,LOW,MEDIUM,LOW,LOW,MEDIUM,MEDIUM,LOW,NO,JM1
LOW,LOW,MEDIUM,LOW,LOW,LOW,LOW,LOW,NO,JM1
MEDIUM,MEDIUM,LOW,LOW,MEDIUM,MEDIUM,MEDIUM,MEDIUM,NO,JM1
MEDIUM,LOW,LOW,LOW,HIGH,HIGH,HIGH,LOW,NO,JM1
LOW,LOW,LOW,LOW,LOW,LOW,LOW,LOW,NO,JM1
LOW,LOW,LOW,LOW,LOW,LOW,LOW,LOW,NO,JM1
LOW,LOW,LOW,LOW,LOW,LOW,LOW,LOW,NO,JM1
LOW,LOW,LOW,LOW,LOW,LOW,LOW,LOW,NO,JM1
LOW,LOW,LOW,LOW,LOW,LOW,LOW,LOW,NO,JM1
MEDIUM,MEDIUM,LOW,MEDIUM,MEDIUM,LOW,LOW,MEDIUM,NO,JM1
HIGH,LOW,LOW,LOW,HIGH,HIGH,HIGH,LOW,NO,JM1
MEDIUM,LOW,LOW,LOW,LOW,LOW,LOW,LOW,NO,JM1
HIGH,HIGH,LOW,MEDIUM,HIGH,HIGH,HIGH,HIGH,NO,JM1
LOW,LOW,MEDIUM,MEDIUM,MEDIUM,LOW,MEDIUM,LOW,NO,JM1
HIGH,HIGH,HIGH,HIGH,HIGH,HIGH,HIGH,HIGH,NO,JM1
HIGH,HIGH,HIGH,HIGH,LOW,LOW,LOW,HIGH,NO,JM1
LOW,LOW,LOW,LOW,LOW,LOW,LOW,LOW,NO,JM1
LOW,LOW,LOW,LOW,LOW,LOW,LOW,LOW,NO,JM1
LOW,LOW,LOW,LOW,LOW,LOW,LOW,LOW,NO,JM1
LOW,LOW,LOW,LOW,LOW,LOW,LOW,LOW,NO,JM1
LOW,LOW,LOW,LOW,LOW,LOW,LOW,LOW,NO,JM1
LOW,LOW,LOW,LOW,LOW,LOW,LOW,LOW,NO,JM1
LOW,LOW,LOW,LOW,LOW,LOW,LOW,LOW,NO,JM1
LOW,LOW,LOW,LOW,LOW,LOW,LOW,LOW,NO,JM1
LOW,LOW,LOW,LOW,LOW,LOW,LOW,LOW,NO,JM1
LOW,LOW,LOW,LOW,LOW,LOW,LOW,LOW,NO,JM1
LOW,LOW,LOW,LOW,LOW,LOW,LOW,LOW,NO,JM1
LOW,LOW,LOW,LOW,LOW,LOW,LOW,LOW,NO,JM1
LOW,LOW,LOW,LOW,LOW,LOW,LOW,LOW,NO,JM1
MEDIUM,LOW,MEDIUM,LOW,HIGH,HIGH,HIGH,LOW,NO,JM1
LOW,LOW,LOW,LOW,LOW,LOW,LOW,LOW,NO,JM1
MEDIUM,MEDIUM,HIGH,LOW,MEDIUM,HIGH,MEDIUM,MEDIUM,NO,JM1
MEDIUM,LOW,LOW,LOW,MEDIUM,LOW,MEDIUM,LOW,NO,JM1
MEDIUM,MEDIUM,LOW,LOW,MEDIUM,HIGH,MEDIUM,MEDIUM,NO,JM1
LOW,LOW,LOW,LOW,LOW,LOW,LOW,LOW,NO,JM1
MEDIUM,MEDIUM,LOW,MEDIUM,MEDIUM,LOW,MEDIUM,LOW,NO,JM1
LOW,LOW,LOW,LOW,LOW,LOW,LOW,LOW,NO,JM1
MEDIUM,MEDIUM,LOW,MEDIUM,MEDIUM,MEDIUM,MEDIUM,LOW,NO,JM1
HIGH,MEDIUM,MEDIUM,MEDIUM,HIGH,HIGH,HIGH,MEDIUM,NO,JM1
MEDIUM,HIGH,LOW,MEDIUM,HIGH,MEDIUM,MEDIUM,HIGH,NO,JM1
LOW,LOW,LOW,LOW,LOW,LOW,LOW,LOW,NO,JM1
LOW,LOW,LOW,LOW,LOW,LOW,LOW,LOW,NO,JM1
HIGH,HIGH,MEDIUM,HIGH,HIGH,HIGH,HIGH,HIGH,NO,JM1
HIGH,HIGH,LOW,HIGH,HIGH,MEDIUM,HIGH,HIGH,NO,JM1
LOW,LOW,LOW,LOW,LOW,LOW,LOW,LOW,NO,JM1
LOW,LOW,LOW,LOW,LOW,LOW,LOW,LOW,NO,JM1
MEDIUM,MEDIUM,HIGH,MEDIUM,MEDIUM,MEDIUM,MEDIUM,MEDIUM,NO,JM1
LOW,LOW,LOW,LOW,LOW,LOW,LOW,LOW,NO,JM1
LOW,LOW,LOW,LOW,LOW,LOW,LOW,LOW,NO,JM1
HIGH,HIGH,LOW,LOW,HIGH,HIGH,HIGH,HIGH,NO,JM1
LOW,MEDIUM,LOW,MEDIUM,LOW,LOW,LOW,MEDIUM,NO,JM1
LOW,LOW,LOW,LOW,LOW,MEDIUM,LOW,LOW,NO,JM1
LOW,LOW,LOW,LOW,LOW,LOW,LOW,LOW,NO,JM1
MEDIUM,LOW,LOW,LOW,HIGH,MEDIUM,MEDIUM,LOW,NO,JM1
LOW,LOW,LOW,LOW,MEDIUM,MEDIUM,MEDIUM,LOW,NO,JM1
LOW,LOW,LOW,MEDIUM,LOW,LOW,LOW,LOW,NO,JM1
HIGH,HIGH,LOW,LOW,HIGH,HIGH,HIGH,HIGH,NO,JM1
LOW,LOW,LOW,LOW,LOW,LOW,LOW,LOW,NO,JM1
LOW,LOW,LOW,LOW,LOW,LOW,LOW,LOW,NO,JM1
MEDIUM,LOW,LOW,LOW,MEDIUM,LOW,MEDIUM,LOW,NO,JM1
HIGH,MEDIUM,LOW,HIGH,HIGH,MEDIUM,HIGH,MEDIUM,NO,JM1
HIGH,HIGH,HIGH,HIGH,LOW,LOW,LOW,HIGH,NO,JM1
HIGH,HIGH,HIGH,MEDIUM,LOW,LOW,LOW,HIGH,NO,JM1
MEDIUM,HIGH,LOW,LOW,HIGH,MEDIUM,HIGH,HIGH,NO,JM1
HIGH,HIGH,HIGH,LOW,LOW,LOW,LOW,HIGH,NO,JM1
HIGH,HIGH,HIGH,LOW,LOW,LOW,LOW,HIGH,NO,JM1
MEDIUM,MEDIUM,MEDIUM,MEDIUM,LOW,LOW,LOW,MEDIUM,NO,JM1
HIGH,HIGH,LOW,HIGH,LOW,LOW,LOW,HIGH,NO,JM1
LOW,LOW,LOW,LOW,LOW,LOW,LOW,LOW,NO,JM1
MEDIUM,LOW,LOW,LOW,LOW,LOW,LOW,LOW,NO,JM1
MEDIUM,MEDIUM,MEDIUM,MEDIUM,MEDIUM,HIGH,HIGH,MEDIUM,NO,JM1
LOW,LOW,LOW,LOW,LOW,LOW,LOW,LOW,NO,JM1
LOW,LOW,LOW,LOW,LOW,MEDIUM,MEDIUM,LOW,NO,JM1
MEDIUM,MEDIUM,LOW,HIGH,MEDIUM,MEDIUM,MEDIUM,MEDIUM,NO,JM1
HIGH,HIGH,LOW,HIGH,HIGH,HIGH,HIGH,HIGH,NO,JM1
LOW,LOW,LOW,LOW,MEDIUM,MEDIUM,MEDIUM,LOW,NO,JM1
LOW,LOW,LOW,LOW,MEDIUM,MEDIUM,MEDIUM,LOW,NO,JM1
LOW,LOW,LOW,LOW,MEDIUM,MEDIUM,MEDIUM,LOW,NO,JM1
MEDIUM,MEDIUM,HIGH,MEDIUM,MEDIUM,MEDIUM,MEDIUM,MEDIUM,NO,JM1
MEDIUM,MEDIUM,LOW,HIGH,HIGH,MEDIUM,MEDIUM,MEDIUM,NO,JM1
LOW,LOW,LOW,LOW,LOW,LOW,LOW,LOW,NO,JM1
MEDIUM,HIGH,HIGH,MEDIUM,HIGH,HIGH,HIGH,HIGH,NO,JM1
HIGH,HIGH,HIGH,HIGH,HIGH,HIGH,HIGH,HIGH,NO,JM1
LOW,LOW,LOW,LOW,MEDIUM,LOW,LOW,LOW,NO,JM1
MEDIUM,LOW,LOW,LOW,HIGH,HIGH,HIGH,LOW,NO,JM1
LOW,LOW,LOW,LOW,LOW,LOW,LOW,LOW,NO,JM1
LOW,LOW,LOW,LOW,LOW,LOW,LOW,LOW,NO,JM1
MEDIUM,MEDIUM,LOW,MEDIUM,MEDIUM,MEDIUM,MEDIUM,MEDIUM,NO,JM1
LOW,LOW,LOW,LOW,LOW,LOW,LOW,LOW,NO,JM1
HIGH,HIGH,HIGH,MEDIUM,HIGH,HIGH,HIGH,HIGH,NO,JM1
LOW,LOW,LOW,LOW,LOW,LOW,LOW,LOW,NO,JM1
MEDIUM,LOW,LOW,LOW,MEDIUM,LOW,MEDIUM,LOW,NO,JM1
MEDIUM,MEDIUM,MEDIUM,LOW,MEDIUM,MEDIUM,MEDIUM,MEDIUM,NO,JM1
LOW,LOW,LOW,LOW,MEDIUM,LOW,LOW,LOW,NO,JM1
MEDIUM,MEDIUM,LOW,HIGH,HIGH,MEDIUM,HIGH,MEDIUM,NO,JM1
LOW,LOW,LOW,LOW,LOW,LOW,LOW,LOW,NO,JM1
LOW,MEDIUM,LOW,HIGH,HIGH,MEDIUM,MEDIUM,MEDIUM,NO,JM1
LOW,LOW,LOW,LOW,LOW,LOW,LOW,LOW,NO,JM1
MEDIUM,HIGH,LOW,LOW,MEDIUM,HIGH,MEDIUM,HIGH,NO,JM1
LOW,LOW,LOW,LOW,LOW,LOW,LOW,LOW,NO,JM1
MEDIUM,MEDIUM,LOW,MEDIUM,MEDIUM,LOW,MEDIUM,MEDIUM,NO,JM1
MEDIUM,HIGH,HIGH,MEDIUM,MEDIUM,MEDIUM,MEDIUM,HIGH,NO,JM1
MEDIUM,LOW,LOW,LOW,MEDIUM,LOW,MEDIUM,LOW,NO,JM1
LOW,LOW,LOW,LOW,LOW,LOW,LOW,LOW,NO,JM1
MEDIUM,LOW,LOW,MEDIUM,MEDIUM,LOW,MEDIUM,LOW,NO,JM1
MEDIUM,HIGH,HIGH,HIGH,HIGH,MEDIUM,MEDIUM,HIGH,NO,JM1
LOW,LOW,LOW,LOW,LOW,LOW,LOW,LOW,NO,JM1
LOW,LOW,LOW,LOW,LOW,LOW,LOW,LOW,NO,JM1
HIGH,HIGH,LOW,MEDIUM,HIGH,HIGH,HIGH,HIGH,NO,JM1
LOW,LOW,LOW,LOW,LOW,LOW,LOW,LOW,NO,JM1
LOW,LOW,LOW,LOW,LOW,LOW,LOW,LOW,NO,JM1
LOW,LOW,LOW,LOW,LOW,LOW,LOW,LOW,NO,JM1
LOW,LOW,LOW,LOW,LOW,LOW,LOW,LOW,NO,JM1
LOW,LOW,LOW,LOW,LOW,LOW,LOW,LOW,NO,JM1
LOW,LOW,LOW,LOW,LOW,LOW,LOW,LOW,NO,JM1
LOW,LOW,LOW,LOW,LOW,LOW,LOW,LOW,NO,JM1
LOW,LOW,LOW,LOW,LOW,LOW,LOW,LOW,NO,JM1
LOW,LOW,LOW,LOW,LOW,LOW,LOW,LOW,NO,JM1
LOW,LOW,LOW,LOW,LOW,LOW,LOW,LOW,NO,JM1
LOW,LOW,LOW,LOW,LOW,LOW,LOW,LOW,NO,JM1
LOW,LOW,LOW,LOW,LOW,LOW,LOW,LOW,NO,JM1
LOW,LOW,LOW,LOW,LOW,LOW,LOW,LOW,NO,JM1
LOW,LOW,LOW,LOW,LOW,MEDIUM,LOW,LOW,NO,JM1
LOW,LOW,LOW,LOW,LOW,LOW,LOW,LOW,NO,JM1
LOW,LOW,MEDIUM,LOW,LOW,MEDIUM,MEDIUM,LOW,NO,JM1
LOW,MEDIUM,HIGH,MEDIUM,MEDIUM,MEDIUM,MEDIUM,MEDIUM,NO,JM1
MEDIUM,MEDIUM,LOW,MEDIUM,MEDIUM,HIGH,MEDIUM,MEDIUM,NO,JM1
HIGH,HIGH,HIGH,MEDIUM,HIGH,HIGH,HIGH,HIGH,NO,JM1
HIGH,HIGH,HIGH,MEDIUM,HIGH,HIGH,HIGH,HIGH,NO,JM1
LOW,LOW,LOW,LOW,LOW,LOW,LOW,LOW,NO,JM1
LOW,LOW,LOW,LOW,LOW,LOW,LOW,LOW,NO,JM1
MEDIUM,MEDIUM,HIGH,MEDIUM,MEDIUM,MEDIUM,MEDIUM,MEDIUM,NO,JM1
LOW,LOW,LOW,LOW,LOW,LOW,LOW,LOW,NO,JM1
MEDIUM,LOW,LOW,LOW,MEDIUM,MEDIUM,MEDIUM,LOW,NO,JM1
HIGH,HIGH,LOW,LOW,HIGH,HIGH,HIGH,HIGH,NO,JM1
HIGH,HIGH,HIGH,HIGH,HIGH,HIGH,HIGH,HIGH,NO,JM1
LOW,MEDIUM,HIGH,MEDIUM,MEDIUM,HIGH,MEDIUM,MEDIUM,NO,JM1
HIGH,MEDIUM,LOW,HIGH,HIGH,HIGH,HIGH,MEDIUM,NO,JM1
MEDIUM,LOW,LOW,MEDIUM,MEDIUM,MEDIUM,MEDIUM,LOW,NO,JM1
LOW,LOW,LOW,LOW,MEDIUM,MEDIUM,MEDIUM,LOW,NO,JM1
HIGH,HIGH,LOW,HIGH,HIGH,HIGH,HIGH,HIGH,NO,JM1
HIGH,HIGH,HIGH,HIGH,HIGH,HIGH,HIGH,HIGH,NO,JM1
LOW,LOW,LOW,LOW,LOW,LOW,LOW,LOW,NO,JM1
LOW,LOW,LOW,MEDIUM,LOW,LOW,LOW,LOW,NO,JM1
HIGH,HIGH,MEDIUM,HIGH,HIGH,MEDIUM,HIGH,HIGH,NO,JM1
LOW,LOW,MEDIUM,LOW,LOW,LOW,LOW,LOW,NO,JM1
HIGH,HIGH,LOW,HIGH,HIGH,HIGH,HIGH,HIGH,NO,JM1
LOW,MEDIUM,MEDIUM,MEDIUM,LOW,LOW,LOW,MEDIUM,NO,JM1
MEDIUM,MEDIUM,MEDIUM,MEDIUM,MEDIUM,MEDIUM,MEDIUM,MEDIUM,NO,JM1
MEDIUM,LOW,LOW,MEDIUM,MEDIUM,MEDIUM,MEDIUM,LOW,NO,JM1
LOW,LOW,MEDIUM,LOW,LOW,LOW,LOW,LOW,NO,JM1
LOW,LOW,MEDIUM,LOW,LOW,LOW,LOW,LOW,NO,JM1
LOW,LOW,MEDIUM,LOW,LOW,LOW,LOW,LOW,NO,JM1
MEDIUM,HIGH,HIGH,MEDIUM,MEDIUM,MEDIUM,MEDIUM,HIGH,NO,JM1
LOW,LOW,LOW,LOW,LOW,LOW,LOW,LOW,NO,JM1
LOW,LOW,LOW,LOW,LOW,LOW,LOW,LOW,NO,JM1
LOW,LOW,LOW,LOW,LOW,LOW,LOW,LOW,NO,JM1
LOW,LOW,LOW,LOW,LOW,LOW,LOW,LOW,NO,JM1
MEDIUM,HIGH,LOW,HIGH,MEDIUM,MEDIUM,MEDIUM,HIGH,NO,JM1
LOW,LOW,LOW,LOW,LOW,LOW,LOW,LOW,NO,JM1
LOW,LOW,LOW,LOW,LOW,LOW,LOW,LOW,NO,JM1
LOW,LOW,LOW,LOW,LOW,LOW,LOW,LOW,NO,JM1
LOW,LOW,LOW,LOW,LOW,LOW,LOW,LOW,NO,JM1
LOW,LOW,LOW,LOW,LOW,LOW,LOW,LOW,NO,JM1
MEDIUM,HIGH,HIGH,HIGH,HIGH,MEDIUM,HIGH,HIGH,NO,JM1
LOW,LOW,LOW,LOW,LOW,LOW,LOW,LOW,NO,JM1
LOW,LOW,LOW,LOW,LOW,LOW,LOW,LOW,NO,JM1
LOW,LOW,LOW,LOW,MEDIUM,MEDIUM,MEDIUM,LOW,NO,JM1
LOW,LOW,LOW,LOW,LOW,MEDIUM,LOW,LOW,NO,JM1
LOW,LOW,LOW,LOW,LOW,LOW,LOW,LOW,NO,JM1
LOW,LOW,LOW,LOW,LOW,LOW,LOW,LOW,NO,JM1
LOW,LOW,LOW,LOW,LOW,LOW,LOW,LOW,NO,JM1
MEDIUM,MEDIUM,LOW,MEDIUM,MEDIUM,MEDIUM,MEDIUM,MEDIUM,NO,JM1
LOW,LOW,LOW,LOW,LOW,LOW,LOW,LOW,NO,JM1
MEDIUM,LOW,LOW,LOW,MEDIUM,LOW,LOW,LOW,NO,JM1
MEDIUM,LOW,LOW,MEDIUM,MEDIUM,MEDIUM,MEDIUM,LOW,NO,JM1
LOW,LOW,LOW,LOW,LOW,LOW,LOW,LOW,NO,JM1
LOW,LOW,LOW,LOW,LOW,LOW,LOW,LOW,NO,JM1
LOW,LOW,LOW,LOW,LOW,LOW,LOW,LOW,NO,JM1
LOW,LOW,LOW,LOW,LOW,LOW,LOW,LOW,NO,JM1
LOW,LOW,LOW,LOW,LOW,LOW,LOW,LOW,NO,JM1
LOW,LOW,LOW,LOW,LOW,LOW,LOW,LOW,NO,JM1
MEDIUM,LOW,LOW,LOW,MEDIUM,LOW,MEDIUM,LOW,NO,JM1
MEDIUM,MEDIUM,LOW,LOW,HIGH,HIGH,HIGH,MEDIUM,NO,JM1
MEDIUM,MEDIUM,LOW,MEDIUM,MEDIUM,HIGH,MEDIUM,MEDIUM,NO,JM1
HIGH,HIGH,MEDIUM,HIGH,MEDIUM,HIGH,MEDIUM,HIGH,NO,JM1
MEDIUM,MEDIUM,HIGH,LOW,MEDIUM,MEDIUM,MEDIUM,MEDIUM,NO,JM1
LOW,LOW,LOW,LOW,LOW,LOW,LOW,LOW,NO,JM1
MEDIUM,MEDIUM,LOW,MEDIUM,MEDIUM,MEDIUM,MEDIUM,MEDIUM,NO,JM1
LOW,LOW,LOW,LOW,LOW,MEDIUM,LOW,LOW,NO,JM1
MEDIUM,MEDIUM,LOW,MEDIUM,HIGH,HIGH,HIGH,MEDIUM,NO,JM1
LOW,LOW,LOW,LOW,LOW,LOW,LOW,LOW,NO,JM1
LOW,LOW,LOW,LOW,LOW,LOW,LOW,LOW,NO,JM1
LOW,LOW,MEDIUM,LOW,LOW,LOW,LOW,LOW,NO,JM1
LOW,LOW,MEDIUM,LOW,LOW,LOW,LOW,LOW,NO,JM1
LOW,LOW,MEDIUM,LOW,LOW,LOW,LOW,LOW,NO,JM1
MEDIUM,HIGH,HIGH,HIGH,HIGH,MEDIUM,HIGH,HIGH,NO,JM1
LOW,LOW,MEDIUM,LOW,LOW,LOW,LOW,LOW,NO,JM1
MEDIUM,LOW,LOW,MEDIUM,MEDIUM,LOW,MEDIUM,LOW,NO,JM1
MEDIUM,LOW,LOW,MEDIUM,MEDIUM,MEDIUM,MEDIUM,LOW,NO,JM1
MEDIUM,MEDIUM,LOW,MEDIUM,MEDIUM,MEDIUM,MEDIUM,MEDIUM,NO,JM1
LOW,LOW,LOW,LOW,LOW,LOW,LOW,LOW,NO,JM1
LOW,LOW,LOW,LOW,LOW,LOW,LOW,LOW,NO,JM1
MEDIUM,MEDIUM,LOW,MEDIUM,MEDIUM,MEDIUM,MEDIUM,MEDIUM,NO,JM1
LOW,LOW,LOW,MEDIUM,MEDIUM,MEDIUM,MEDIUM,LOW,NO,JM1
MEDIUM,MEDIUM,HIGH,MEDIUM,MEDIUM,MEDIUM,MEDIUM,MEDIUM,NO,JM1
LOW,LOW,MEDIUM,LOW,LOW,LOW,LOW,LOW,NO,JM1
LOW,LOW,MEDIUM,LOW,LOW,LOW,LOW,LOW,NO,JM1
LOW,LOW,MEDIUM,LOW,LOW,LOW,LOW,LOW,NO,JM1
MEDIUM,HIGH,HIGH,MEDIUM,MEDIUM,MEDIUM,MEDIUM,HIGH,NO,JM1
LOW,LOW,MEDIUM,LOW,LOW,LOW,LOW,LOW,NO,JM1
LOW,LOW,MEDIUM,LOW,LOW,LOW,LOW,LOW,NO,JM1
LOW,LOW,MEDIUM,LOW,LOW,LOW,LOW,LOW,NO,JM1
LOW,LOW,MEDIUM,LOW,LOW,LOW,LOW,LOW,NO,JM1
MEDIUM,HIGH,HIGH,HIGH,HIGH,MEDIUM,HIGH,HIGH,NO,JM1
HIGH,MEDIUM,LOW,MEDIUM,HIGH,HIGH,HIGH,MEDIUM,NO,JM1
LOW,LOW,LOW,LOW,LOW,LOW,LOW,LOW,NO,JM1
HIGH,HIGH,HIGH,HIGH,HIGH,HIGH,HIGH,HIGH,NO,JM1
HIGH,HIGH,LOW,HIGH,HIGH,HIGH,HIGH,HIGH,NO,JM1
LOW,MEDIUM,LOW,MEDIUM,MEDIUM,MEDIUM,MEDIUM,MEDIUM,NO,JM1
MEDIUM,LOW,LOW,LOW,MEDIUM,MEDIUM,MEDIUM,LOW,NO,JM1
MEDIUM,MEDIUM,LOW,HIGH,MEDIUM,MEDIUM,MEDIUM,MEDIUM,NO,JM1
HIGH,HIGH,HIGH,HIGH,HIGH,HIGH,HIGH,HIGH,NO,JM1
MEDIUM,MEDIUM,LOW,HIGH,HIGH,HIGH,HIGH,MEDIUM,NO,JM1
MEDIUM,MEDIUM,LOW,MEDIUM,HIGH,HIGH,HIGH,MEDIUM,NO,JM1
LOW,LOW,LOW,LOW,LOW,LOW,LOW,LOW,NO,JM1
LOW,LOW,LOW,LOW,LOW,LOW,LOW,LOW,NO,JM1
HIGH,HIGH,HIGH,HIGH,HIGH,HIGH,HIGH,HIGH,NO,JM1
LOW,LOW,LOW,MEDIUM,LOW,LOW,LOW,LOW,NO,JM1
MEDIUM,MEDIUM,LOW,HIGH,HIGH,HIGH,HIGH,MEDIUM,NO,JM1
MEDIUM,MEDIUM,LOW,HIGH,MEDIUM,HIGH,HIGH,MEDIUM,NO,JM1
LOW,LOW,LOW,LOW,LOW,LOW,LOW,LOW,NO,JM1
LOW,LOW,LOW,MEDIUM,LOW,MEDIUM,LOW,LOW,NO,JM1
HIGH,HIGH,HIGH,HIGH,HIGH,HIGH,HIGH,HIGH,NO,JM1
HIGH,HIGH,HIGH,MEDIUM,HIGH,HIGH,HIGH,HIGH,NO,JM1
HIGH,LOW,LOW,LOW,LOW,LOW,LOW,LOW,NO,JM1
HIGH,MEDIUM,LOW,HIGH,HIGH,HIGH,HIGH,MEDIUM,NO,JM1
HIGH,LOW,LOW,LOW,HIGH,MEDIUM,HIGH,LOW,NO,JM1
HIGH,LOW,LOW,LOW,HIGH,MEDIUM,HIGH,LOW,NO,JM1
HIGH,HIGH,LOW,LOW,HIGH,HIGH,HIGH,HIGH,NO,JM1
HIGH,LOW,LOW,LOW,HIGH,HIGH,HIGH,LOW,NO,JM1
HIGH,HIGH,LOW,LOW,HIGH,HIGH,HIGH,HIGH,NO,JM1
MEDIUM,LOW,LOW,LOW,LOW,LOW,LOW,LOW,NO,JM1
HIGH,LOW,LOW,LOW,HIGH,HIGH,HIGH,LOW,NO,JM1
LOW,LOW,LOW,LOW,LOW,LOW,LOW,LOW,NO,JM1
HIGH,HIGH,LOW,HIGH,HIGH,HIGH,HIGH,HIGH,NO,JM1
MEDIUM,LOW,LOW,LOW,HIGH,MEDIUM,MEDIUM,LOW,NO,JM1
HIGH,LOW,LOW,LOW,HIGH,MEDIUM,HIGH,LOW,NO,JM1
HIGH,HIGH,LOW,LOW,HIGH,MEDIUM,MEDIUM,MEDIUM,NO,JM1
HIGH,HIGH,HIGH,MEDIUM,HIGH,HIGH,HIGH,HIGH,NO,JM1
HIGH,MEDIUM,MEDIUM,MEDIUM,HIGH,HIGH,HIGH,MEDIUM,NO,JM1
HIGH,HIGH,HIGH,HIGH,HIGH,HIGH,HIGH,HIGH,NO,JM1
HIGH,HIGH,HIGH,HIGH,HIGH,HIGH,HIGH,HIGH,NO,JM1
HIGH,MEDIUM,LOW,LOW,LOW,MEDIUM,MEDIUM,MEDIUM,NO,JM1
MEDIUM,LOW,LOW,LOW,LOW,LOW,LOW,LOW,NO,JM1
HIGH,MEDIUM,LOW,LOW,MEDIUM,MEDIUM,MEDIUM,MEDIUM,NO,JM1
MEDIUM,LOW,LOW,LOW,LOW,LOW,LOW,LOW,NO,JM1
MEDIUM,LOW,LOW,LOW,LOW,LOW,LOW,LOW,NO,JM1
HIGH,HIGH,HIGH,HIGH,HIGH,HIGH,HIGH,HIGH,NO,JM1
MEDIUM,HIGH,HIGH,MEDIUM,MEDIUM,MEDIUM,MEDIUM,HIGH,NO,JM1
MEDIUM,LOW,LOW,LOW,MEDIUM,MEDIUM,MEDIUM,LOW,NO,JM1
LOW,LOW,LOW,LOW,LOW,LOW,LOW,LOW,NO,JM1
HIGH,HIGH,LOW,LOW,HIGH,MEDIUM,HIGH,MEDIUM,NO,JM1
HIGH,HIGH,LOW,LOW,HIGH,MEDIUM,HIGH,MEDIUM,NO,JM1
HIGH,HIGH,LOW,LOW,HIGH,MEDIUM,MEDIUM,HIGH,NO,JM1
HIGH,MEDIUM,LOW,HIGH,HIGH,HIGH,HIGH,MEDIUM,NO,JM1
HIGH,LOW,LOW,LOW,LOW,MEDIUM,LOW,LOW,NO,JM1
MEDIUM,HIGH,HIGH,MEDIUM,MEDIUM,HIGH,MEDIUM,HIGH,NO,JM1
MEDIUM,LOW,LOW,LOW,MEDIUM,MEDIUM,MEDIUM,LOW,NO,JM1
HIGH,HIGH,LOW,HIGH,HIGH,MEDIUM,MEDIUM,HIGH,NO,JM1
MEDIUM,LOW,LOW,LOW,HIGH,HIGH,HIGH,LOW,NO,JM1
LOW,LOW,LOW,LOW,LOW,LOW,LOW,LOW,NO,JM1
HIGH,MEDIUM,LOW,HIGH,HIGH,HIGH,HIGH,MEDIUM,NO,JM1
HIGH,HIGH,LOW,HIGH,HIGH,HIGH,HIGH,HIGH,NO,JM1
HIGH,LOW,LOW,LOW,HIGH,HIGH,HIGH,LOW,NO,JM1
HIGH,LOW,LOW,LOW,HIGH,HIGH,HIGH,LOW,NO,JM1
HIGH,HIGH,LOW,LOW,HIGH,HIGH,HIGH,HIGH,NO,JM1
MEDIUM,MEDIUM,LOW,MEDIUM,MEDIUM,MEDIUM,MEDIUM,MEDIUM,NO,JM1
HIGH,MEDIUM,LOW,LOW,MEDIUM,MEDIUM,MEDIUM,MEDIUM,NO,JM1
MEDIUM,HIGH,LOW,MEDIUM,LOW,LOW,LOW,HIGH,NO,JM1
LOW,LOW,LOW,LOW,LOW,LOW,LOW,LOW,NO,JM1
LOW,LOW,LOW,LOW,LOW,LOW,LOW,LOW,NO,JM1
LOW,LOW,LOW,LOW,LOW,LOW,LOW,LOW,NO,JM1
HIGH,HIGH,LOW,HIGH,HIGH,HIGH,HIGH,HIGH,NO,JM1
LOW,LOW,LOW,LOW,LOW,LOW,LOW,LOW,NO,JM1
MEDIUM,LOW,LOW,MEDIUM,MEDIUM,MEDIUM,MEDIUM,LOW,NO,JM1
LOW,LOW,LOW,LOW,LOW,LOW,LOW,LOW,NO,JM1
MEDIUM,MEDIUM,LOW,LOW,MEDIUM,MEDIUM,MEDIUM,LOW,NO,JM1
HIGH,MEDIUM,LOW,LOW,MEDIUM,MEDIUM,MEDIUM,MEDIUM,NO,JM1
LOW,LOW,LOW,LOW,MEDIUM,LOW,LOW,LOW,NO,JM1
HIGH,LOW,MEDIUM,MEDIUM,HIGH,LOW,MEDIUM,LOW,NO,JM1
LOW,LOW,LOW,LOW,LOW,LOW,LOW,LOW,NO,JM1
LOW,LOW,LOW,LOW,LOW,LOW,LOW,LOW,NO,JM1
LOW,LOW,LOW,LOW,LOW,LOW,LOW,LOW,NO,JM1
MEDIUM,LOW,LOW,LOW,MEDIUM,LOW,MEDIUM,LOW,NO,JM1
HIGH,HIGH,HIGH,HIGH,HIGH,HIGH,HIGH,HIGH,NO,JM1
MEDIUM,LOW,LOW,MEDIUM,HIGH,MEDIUM,MEDIUM,LOW,NO,JM1
MEDIUM,LOW,LOW,LOW,MEDIUM,LOW,MEDIUM,LOW,NO,JM1
MEDIUM,MEDIUM,LOW,LOW,MEDIUM,HIGH,HIGH,MEDIUM,NO,JM1
HIGH,MEDIUM,LOW,HIGH,HIGH,HIGH,HIGH,MEDIUM,NO,JM1
MEDIUM,HIGH,LOW,LOW,MEDIUM,LOW,MEDIUM,MEDIUM,NO,JM1
LOW,LOW,LOW,LOW,LOW,LOW,LOW,LOW,NO,JM1
LOW,LOW,LOW,LOW,LOW,LOW,LOW,LOW,NO,JM1
MEDIUM,LOW,LOW,LOW,LOW,LOW,LOW,LOW,NO,JM1
LOW,LOW,LOW,LOW,LOW,LOW,LOW,LOW,NO,JM1
LOW,LOW,LOW,LOW,LOW,LOW,LOW,LOW,NO,JM1
HIGH,HIGH,HIGH,HIGH,HIGH,HIGH,HIGH,HIGH,NO,JM1
MEDIUM,HIGH,HIGH,HIGH,MEDIUM,MEDIUM,MEDIUM,HIGH,NO,JM1
LOW,LOW,LOW,LOW,LOW,LOW,LOW,LOW,NO,JM1
LOW,LOW,LOW,LOW,MEDIUM,LOW,LOW,LOW,NO,JM1
HIGH,MEDIUM,LOW,HIGH,HIGH,HIGH,HIGH,MEDIUM,NO,JM1
LOW,LOW,LOW,LOW,LOW,LOW,LOW,LOW,NO,JM1
LOW,LOW,LOW,LOW,LOW,LOW,LOW,LOW,NO,JM1
MEDIUM,MEDIUM,LOW,MEDIUM,HIGH,MEDIUM,MEDIUM,MEDIUM,NO,JM1
HIGH,MEDIUM,LOW,MEDIUM,HIGH,MEDIUM,HIGH,MEDIUM,NO,JM1
HIGH,HIGH,MEDIUM,HIGH,HIGH,HIGH,HIGH,HIGH,NO,JM1
MEDIUM,LOW,LOW,MEDIUM,MEDIUM,MEDIUM,MEDIUM,LOW,NO,JM1
MEDIUM,LOW,LOW,MEDIUM,MEDIUM,MEDIUM,MEDIUM,LOW,NO,JM1
MEDIUM,LOW,LOW,MEDIUM,MEDIUM,MEDIUM,MEDIUM,LOW,NO,JM1
MEDIUM,LOW,LOW,MEDIUM,HIGH,MEDIUM,HIGH,LOW,NO,JM1
MEDIUM,MEDIUM,LOW,MEDIUM,HIGH,MEDIUM,MEDIUM,MEDIUM,NO,JM1
LOW,LOW,LOW,LOW,LOW,LOW,LOW,LOW,NO,JM1
MEDIUM,LOW,LOW,MEDIUM,LOW,LOW,LOW,LOW,NO,JM1
LOW,LOW,LOW,LOW,LOW,LOW,LOW,LOW,NO,JM1
HIGH,MEDIUM,LOW,HIGH,HIGH,MEDIUM,HIGH,MEDIUM,NO,JM1
HIGH,LOW,LOW,LOW,HIGH,HIGH,HIGH,LOW,NO,JM1
LOW,LOW,LOW,LOW,LOW,LOW,LOW,LOW,NO,JM1
LOW,LOW,LOW,LOW,LOW,LOW,LOW,LOW,NO,JM1
LOW,LOW,LOW,LOW,LOW,LOW,LOW,LOW,NO,JM1
HIGH,HIGH,HIGH,HIGH,HIGH,HIGH,HIGH,HIGH,NO,JM1
MEDIUM,LOW,LOW,LOW,HIGH,MEDIUM,MEDIUM,LOW,NO,JM1
HIGH,HIGH,HIGH,HIGH,HIGH,HIGH,HIGH,HIGH,NO,JM1
HIGH,MEDIUM,LOW,HIGH,HIGH,HIGH,HIGH,MEDIUM,NO,JM1
HIGH,MEDIUM,LOW,MEDIUM,HIGH,HIGH,HIGH,MEDIUM,NO,JM1
HIGH,HIGH,HIGH,HIGH,HIGH,MEDIUM,HIGH,HIGH,NO,JM1
HIGH,MEDIUM,LOW,LOW,HIGH,MEDIUM,MEDIUM,MEDIUM,NO,JM1
LOW,LOW,LOW,LOW,LOW,LOW,LOW,LOW,NO,JM1
LOW,LOW,LOW,LOW,LOW,LOW,LOW,LOW,NO,JM1
MEDIUM,LOW,LOW,LOW,MEDIUM,MEDIUM,MEDIUM,LOW,NO,JM1
LOW,LOW,LOW,LOW,LOW,LOW,LOW,LOW,NO,JM1
MEDIUM,LOW,LOW,LOW,LOW,LOW,LOW,LOW,NO,JM1
LOW,LOW,LOW,LOW,LOW,LOW,LOW,LOW,NO,JM1
LOW,LOW,LOW,LOW,LOW,LOW,LOW,LOW,NO,JM1
LOW,LOW,LOW,LOW,LOW,LOW,LOW,LOW,NO,JM1
HIGH,HIGH,LOW,HIGH,HIGH,HIGH,HIGH,HIGH,NO,JM1
LOW,LOW,LOW,LOW,MEDIUM,MEDIUM,MEDIUM,LOW,NO,JM1
MEDIUM,MEDIUM,LOW,MEDIUM,HIGH,HIGH,HIGH,MEDIUM,NO,JM1
HIGH,HIGH,HIGH,HIGH,HIGH,HIGH,HIGH,HIGH,NO,JM1
HIGH,HIGH,HIGH,MEDIUM,HIGH,HIGH,HIGH,HIGH,NO,JM1
HIGH,HIGH,HIGH,HIGH,HIGH,MEDIUM,MEDIUM,HIGH,NO,JM1
MEDIUM,HIGH,HIGH,HIGH,MEDIUM,MEDIUM,MEDIUM,HIGH,NO,JM1
HIGH,MEDIUM,HIGH,HIGH,HIGH,HIGH,HIGH,MEDIUM,NO,JM1
HIGH,HIGH,HIGH,HIGH,HIGH,HIGH,HIGH,HIGH,NO,JM1
HIGH,HIGH,HIGH,HIGH,HIGH,HIGH,HIGH,HIGH,NO,JM1
MEDIUM,LOW,LOW,LOW,HIGH,LOW,MEDIUM,LOW,NO,JM1
HIGH,MEDIUM,LOW,MEDIUM,HIGH,HIGH,HIGH,MEDIUM,NO,JM1
LOW,LOW,LOW,LOW,LOW,LOW,LOW,LOW,NO,JM1
HIGH,MEDIUM,LOW,HIGH,HIGH,HIGH,HIGH,MEDIUM,NO,JM1
MEDIUM,HIGH,HIGH,HIGH,MEDIUM,MEDIUM,MEDIUM,HIGH,NO,JM1
MEDIUM,HIGH,LOW,MEDIUM,HIGH,MEDIUM,HIGH,HIGH,NO,JM1
MEDIUM,MEDIUM,LOW,MEDIUM,HIGH,MEDIUM,MEDIUM,MEDIUM,NO,JM1
LOW,LOW,LOW,LOW,MEDIUM,LOW,MEDIUM,LOW,NO,JM1
LOW,LOW,LOW,LOW,LOW,LOW,LOW,LOW,NO,JM1
HIGH,MEDIUM,LOW,HIGH,HIGH,MEDIUM,HIGH,MEDIUM,NO,JM1
HIGH,MEDIUM,LOW,HIGH,HIGH,HIGH,HIGH,MEDIUM,NO,JM1
LOW,LOW,LOW,LOW,LOW,LOW,LOW,LOW,NO,JM1
HIGH,HIGH,HIGH,HIGH,HIGH,HIGH,HIGH,HIGH,NO,JM1
LOW,LOW,LOW,LOW,MEDIUM,MEDIUM,MEDIUM,LOW,NO,JM1
MEDIUM,MEDIUM,LOW,MEDIUM,MEDIUM,MEDIUM,MEDIUM,MEDIUM,NO,JM1
LOW,LOW,LOW,LOW,LOW,LOW,LOW,LOW,NO,JM1
MEDIUM,LOW,LOW,LOW,HIGH,HIGH,HIGH,LOW,NO,JM1
LOW,LOW,LOW,LOW,LOW,LOW,LOW,LOW,NO,JM1
LOW,LOW,LOW,MEDIUM,LOW,LOW,LOW,LOW,NO,JM1
LOW,LOW,LOW,LOW,LOW,LOW,LOW,LOW,NO,JM1
MEDIUM,MEDIUM,LOW,MEDIUM,MEDIUM,MEDIUM,MEDIUM,MEDIUM,NO,JM1
MEDIUM,MEDIUM,LOW,MEDIUM,MEDIUM,MEDIUM,MEDIUM,MEDIUM,NO,JM1
MEDIUM,MEDIUM,LOW,MEDIUM,MEDIUM,MEDIUM,MEDIUM,MEDIUM,NO,JM1
MEDIUM,MEDIUM,LOW,MEDIUM,MEDIUM,MEDIUM,MEDIUM,MEDIUM,NO,JM1
HIGH,MEDIUM,LOW,MEDIUM,MEDIUM,HIGH,HIGH,MEDIUM,NO,JM1
HIGH,HIGH,MEDIUM,HIGH,HIGH,HIGH,HIGH,HIGH,NO,JM1
HIGH,HIGH,HIGH,HIGH,HIGH,HIGH,HIGH,HIGH,NO,JM1
MEDIUM,MEDIUM,LOW,MEDIUM,HIGH,HIGH,HIGH,MEDIUM,NO,JM1
HIGH,HIGH,HIGH,MEDIUM,HIGH,HIGH,HIGH,HIGH,NO,JM1
HIGH,MEDIUM,HIGH,HIGH,MEDIUM,MEDIUM,MEDIUM,MEDIUM,NO,JM1
MEDIUM,LOW,LOW,LOW,LOW,LOW,LOW,LOW,NO,JM1
MEDIUM,MEDIUM,HIGH,MEDIUM,MEDIUM,MEDIUM,MEDIUM,MEDIUM,NO,JM1
MEDIUM,HIGH,HIGH,MEDIUM,HIGH,HIGH,HIGH,HIGH,NO,JM1
MEDIUM,HIGH,HIGH,MEDIUM,MEDIUM,HIGH,HIGH,HIGH,NO,JM1
MEDIUM,MEDIUM,HIGH,MEDIUM,MEDIUM,MEDIUM,MEDIUM,MEDIUM,NO,JM1
LOW,LOW,LOW,LOW,LOW,LOW,LOW,LOW,NO,JM1
HIGH,HIGH,HIGH,HIGH,HIGH,HIGH,HIGH,HIGH,NO,JM1
HIGH,HIGH,HIGH,HIGH,HIGH,HIGH,HIGH,HIGH,NO,JM1
LOW,MEDIUM,HIGH,HIGH,LOW,MEDIUM,MEDIUM,MEDIUM,NO,JM1
LOW,LOW,LOW,LOW,LOW,LOW,LOW,LOW,NO,JM1
LOW,LOW,LOW,MEDIUM,MEDIUM,LOW,MEDIUM,LOW,NO,JM1
MEDIUM,MEDIUM,LOW,MEDIUM,MEDIUM,MEDIUM,MEDIUM,MEDIUM,NO,JM1
LOW,LOW,LOW,MEDIUM,MEDIUM,LOW,MEDIUM,LOW,NO,JM1
MEDIUM,MEDIUM,LOW,MEDIUM,MEDIUM,MEDIUM,MEDIUM,MEDIUM,NO,JM1
LOW,LOW,LOW,LOW,LOW,LOW,LOW,LOW,NO,JM1
LOW,LOW,LOW,LOW,MEDIUM,LOW,MEDIUM,LOW,NO,JM1
HIGH,LOW,LOW,LOW,HIGH,HIGH,HIGH,LOW,NO,JM1
LOW,LOW,LOW,LOW,MEDIUM,HIGH,MEDIUM,LOW,NO,JM1
LOW,LOW,LOW,LOW,LOW,LOW,LOW,LOW,NO,JM1
MEDIUM,LOW,LOW,MEDIUM,MEDIUM,MEDIUM,MEDIUM,LOW,NO,JM1
LOW,LOW,LOW,LOW,LOW,LOW,LOW,LOW,NO,JM1
MEDIUM,LOW,LOW,MEDIUM,MEDIUM,MEDIUM,MEDIUM,LOW,NO,JM1
HIGH,HIGH,LOW,HIGH,HIGH,HIGH,HIGH,HIGH,NO,JM1
LOW,MEDIUM,LOW,LOW,LOW,MEDIUM,MEDIUM,MEDIUM,NO,JM1
LOW,LOW,LOW,LOW,LOW,LOW,LOW,LOW,NO,JM1
HIGH,HIGH,HIGH,HIGH,LOW,LOW,LOW,HIGH,NO,JM1
MEDIUM,LOW,LOW,LOW,MEDIUM,LOW,MEDIUM,LOW,NO,JM1
LOW,LOW,LOW,LOW,LOW,MEDIUM,MEDIUM,LOW,NO,JM1
LOW,LOW,LOW,LOW,LOW,LOW,LOW,LOW,NO,JM1
LOW,LOW,LOW,LOW,LOW,LOW,LOW,LOW,NO,JM1
LOW,LOW,LOW,LOW,LOW,LOW,LOW,LOW,NO,JM1
LOW,LOW,LOW,LOW,MEDIUM,LOW,LOW,LOW,NO,JM1
MEDIUM,MEDIUM,LOW,LOW,MEDIUM,HIGH,HIGH,MEDIUM,NO,JM1
HIGH,MEDIUM,HIGH,LOW,HIGH,HIGH,HIGH,MEDIUM,NO,JM1
LOW,LOW,LOW,LOW,MEDIUM,LOW,MEDIUM,LOW,NO,JM1
MEDIUM,MEDIUM,HIGH,MEDIUM,MEDIUM,MEDIUM,MEDIUM,MEDIUM,NO,JM1
HIGH,HIGH,HIGH,HIGH,HIGH,HIGH,HIGH,HIGH,NO,JM1
LOW,LOW,LOW,LOW,LOW,LOW,LOW,LOW,NO,JM1
LOW,MEDIUM,HIGH,MEDIUM,MEDIUM,MEDIUM,MEDIUM,MEDIUM,NO,JM1
MEDIUM,MEDIUM,LOW,HIGH,HIGH,MEDIUM,MEDIUM,MEDIUM,NO,JM1
MEDIUM,MEDIUM,HIGH,LOW,MEDIUM,MEDIUM,MEDIUM,MEDIUM,NO,JM1
LOW,LOW,LOW,LOW,LOW,LOW,LOW,LOW,NO,JM1
HIGH,HIGH,HIGH,HIGH,HIGH,HIGH,HIGH,HIGH,NO,JM1
LOW,LOW,LOW,LOW,LOW,LOW,LOW,LOW,NO,JM1
LOW,LOW,LOW,LOW,LOW,LOW,LOW,LOW,NO,JM1
LOW,LOW,LOW,LOW,LOW,LOW,LOW,LOW,NO,JM1
LOW,LOW,LOW,LOW,LOW,LOW,LOW,LOW,NO,JM1
LOW,LOW,LOW,LOW,LOW,LOW,LOW,LOW,NO,JM1
LOW,LOW,LOW,LOW,LOW,LOW,LOW,LOW,NO,JM1
LOW,LOW,LOW,LOW,LOW,LOW,LOW,LOW,NO,JM1
LOW,LOW,LOW,LOW,LOW,LOW,LOW,LOW,NO,JM1
LOW,LOW,LOW,LOW,LOW,LOW,LOW,LOW,NO,JM1
LOW,LOW,LOW,LOW,LOW,LOW,LOW,LOW,NO,JM1
LOW,LOW,LOW,LOW,LOW,LOW,LOW,LOW,NO,JM1
LOW,LOW,LOW,LOW,LOW,LOW,LOW,LOW,NO,JM1
LOW,LOW,LOW,LOW,LOW,LOW,LOW,LOW,NO,JM1
LOW,LOW,LOW,LOW,LOW,LOW,LOW,LOW,NO,JM1
LOW,LOW,LOW,LOW,LOW,LOW,LOW,LOW,NO,JM1
LOW,LOW,LOW,LOW,LOW,LOW,LOW,LOW,NO,JM1
MEDIUM,LOW,LOW,LOW,LOW,LOW,LOW,LOW,NO,JM1
LOW,LOW,LOW,LOW,LOW,LOW,LOW,LOW,NO,JM1
HIGH,LOW,LOW,LOW,HIGH,MEDIUM,HIGH,LOW,NO,JM1
LOW,LOW,LOW,MEDIUM,MEDIUM,MEDIUM,MEDIUM,LOW,NO,JM1
LOW,LOW,LOW,MEDIUM,MEDIUM,MEDIUM,MEDIUM,LOW,NO,JM1
LOW,LOW,LOW,LOW,LOW,MEDIUM,LOW,LOW,NO,JM1
LOW,LOW,LOW,MEDIUM,MEDIUM,MEDIUM,MEDIUM,LOW,NO,JM1
HIGH,MEDIUM,LOW,MEDIUM,MEDIUM,MEDIUM,MEDIUM,MEDIUM,NO,JM1
HIGH,HIGH,HIGH,MEDIUM,HIGH,HIGH,HIGH,HIGH,NO,JM1
HIGH,HIGH,MEDIUM,HIGH,HIGH,HIGH,HIGH,HIGH,NO,JM1
LOW,LOW,LOW,LOW,MEDIUM,LOW,MEDIUM,LOW,NO,JM1
HIGH,HIGH,HIGH,HIGH,HIGH,HIGH,HIGH,HIGH,NO,JM1
MEDIUM,LOW,LOW,LOW,MEDIUM,MEDIUM,MEDIUM,LOW,NO,JM1
LOW,LOW,LOW,LOW,MEDIUM,LOW,MEDIUM,LOW,NO,JM1
HIGH,HIGH,LOW,HIGH,MEDIUM,HIGH,HIGH,HIGH,NO,JM1
MEDIUM,LOW,LOW,LOW,LOW,MEDIUM,MEDIUM,LOW,NO,JM1
LOW,LOW,LOW,LOW,LOW,MEDIUM,LOW,LOW,NO,JM1
MEDIUM,LOW,LOW,LOW,LOW,MEDIUM,LOW,LOW,NO,JM1
LOW,LOW,LOW,LOW,LOW,LOW,LOW,LOW,NO,JM1
LOW,LOW,LOW,LOW,MEDIUM,LOW,LOW,LOW,NO,JM1
LOW,LOW,LOW,LOW,LOW,LOW,LOW,LOW,NO,JM1
LOW,LOW,LOW,LOW,MEDIUM,LOW,LOW,LOW,NO,JM1
LOW,LOW,LOW,LOW,LOW,LOW,LOW,LOW,NO,JM1
LOW,LOW,LOW,LOW,LOW,MEDIUM,MEDIUM,LOW,NO,JM1
LOW,LOW,LOW,LOW,LOW,LOW,LOW,LOW,NO,JM1
HIGH,LOW,LOW,LOW,HIGH,MEDIUM,HIGH,LOW,NO,JM1
HIGH,HIGH,HIGH,HIGH,LOW,LOW,LOW,HIGH,NO,JM1
LOW,LOW,LOW,LOW,MEDIUM,MEDIUM,MEDIUM,LOW,NO,JM1
HIGH,HIGH,LOW,MEDIUM,MEDIUM,HIGH,MEDIUM,HIGH,NO,JM1
MEDIUM,MEDIUM,LOW,MEDIUM,HIGH,HIGH,HIGH,MEDIUM,NO,JM1
LOW,LOW,LOW,LOW,LOW,MEDIUM,LOW,LOW,NO,JM1
MEDIUM,LOW,LOW,LOW,MEDIUM,HIGH,MEDIUM,LOW,NO,JM1
LOW,LOW,LOW,LOW,LOW,LOW,LOW,LOW,NO,JM1
MEDIUM,MEDIUM,LOW,MEDIUM,HIGH,HIGH,HIGH,MEDIUM,NO,JM1
LOW,LOW,LOW,LOW,LOW,MEDIUM,MEDIUM,LOW,NO,JM1
HIGH,HIGH,LOW,HIGH,LOW,LOW,LOW,HIGH,NO,JM1
LOW,LOW,LOW,LOW,LOW,MEDIUM,MEDIUM,LOW,NO,JM1
MEDIUM,MEDIUM,HIGH,LOW,MEDIUM,MEDIUM,MEDIUM,MEDIUM,NO,JM1
LOW,LOW,LOW,LOW,LOW,MEDIUM,MEDIUM,LOW,NO,JM1
LOW,LOW,LOW,LOW,LOW,MEDIUM,LOW,LOW,NO,JM1
LOW,MEDIUM,HIGH,LOW,MEDIUM,MEDIUM,MEDIUM,MEDIUM,NO,JM1
HIGH,HIGH,HIGH,LOW,HIGH,HIGH,HIGH,HIGH,NO,JM1
HIGH,MEDIUM,HIGH,MEDIUM,HIGH,HIGH,HIGH,MEDIUM,NO,JM1
LOW,LOW,LOW,LOW,LOW,LOW,LOW,LOW,NO,JM1
MEDIUM,MEDIUM,LOW,LOW,MEDIUM,MEDIUM,MEDIUM,MEDIUM,NO,JM1
MEDIUM,LOW,LOW,MEDIUM,MEDIUM,LOW,MEDIUM,LOW,NO,JM1
MEDIUM,MEDIUM,LOW,MEDIUM,HIGH,HIGH,HIGH,MEDIUM,NO,JM1
LOW,LOW,LOW,LOW,MEDIUM,LOW,MEDIUM,LOW,NO,JM1
LOW,LOW,LOW,LOW,LOW,LOW,LOW,LOW,NO,JM1
MEDIUM,HIGH,HIGH,LOW,HIGH,HIGH,HIGH,HIGH,NO,JM1
MEDIUM,MEDIUM,LOW,LOW,MEDIUM,MEDIUM,MEDIUM,MEDIUM,NO,JM1
HIGH,HIGH,MEDIUM,MEDIUM,HIGH,HIGH,HIGH,HIGH,NO,JM1
LOW,LOW,LOW,LOW,LOW,LOW,LOW,LOW,NO,JM1
MEDIUM,MEDIUM,LOW,LOW,HIGH,MEDIUM,HIGH,MEDIUM,NO,JM1
LOW,LOW,LOW,LOW,LOW,LOW,LOW,LOW,NO,JM1
MEDIUM,HIGH,LOW,MEDIUM,MEDIUM,HIGH,MEDIUM,HIGH,NO,JM1
LOW,LOW,LOW,LOW,LOW,LOW,LOW,LOW,NO,JM1
MEDIUM,LOW,LOW,LOW,MEDIUM,MEDIUM,MEDIUM,LOW,NO,JM1
MEDIUM,LOW,LOW,MEDIUM,MEDIUM,MEDIUM,MEDIUM,LOW,NO,JM1
MEDIUM,LOW,LOW,MEDIUM,MEDIUM,MEDIUM,MEDIUM,LOW,NO,JM1
MEDIUM,LOW,LOW,MEDIUM,MEDIUM,MEDIUM,MEDIUM,LOW,NO,JM1
LOW,LOW,LOW,LOW,LOW,LOW,LOW,LOW,NO,JM1
MEDIUM,MEDIUM,MEDIUM,HIGH,MEDIUM,MEDIUM,MEDIUM,MEDIUM,NO,JM1
MEDIUM,HIGH,HIGH,MEDIUM,HIGH,HIGH,HIGH,HIGH,NO,JM1
MEDIUM,HIGH,HIGH,MEDIUM,HIGH,HIGH,HIGH,HIGH,NO,JM1
MEDIUM,MEDIUM,MEDIUM,MEDIUM,MEDIUM,MEDIUM,MEDIUM,MEDIUM,NO,JM1
LOW,LOW,LOW,LOW,LOW,LOW,LOW,LOW,NO,JM1
LOW,MEDIUM,LOW,MEDIUM,MEDIUM,MEDIUM,MEDIUM,MEDIUM,NO,JM1
MEDIUM,MEDIUM,MEDIUM,LOW,MEDIUM,MEDIUM,MEDIUM,MEDIUM,NO,JM1
MEDIUM,LOW,LOW,MEDIUM,HIGH,HIGH,HIGH,LOW,NO,JM1
MEDIUM,LOW,LOW,LOW,MEDIUM,HIGH,HIGH,LOW,NO,JM1
MEDIUM,MEDIUM,LOW,MEDIUM,MEDIUM,MEDIUM,MEDIUM,MEDIUM,NO,JM1
LOW,LOW,LOW,LOW,LOW,LOW,LOW,LOW,NO,JM1
MEDIUM,LOW,LOW,MEDIUM,LOW,LOW,LOW,LOW,NO,JM1
MEDIUM,LOW,LOW,MEDIUM,MEDIUM,LOW,MEDIUM,LOW,NO,JM1
MEDIUM,MEDIUM,LOW,LOW,MEDIUM,HIGH,MEDIUM,MEDIUM,NO,JM1
HIGH,HIGH,HIGH,HIGH,HIGH,HIGH,HIGH,HIGH,NO,JM1
LOW,LOW,LOW,LOW,LOW,LOW,LOW,LOW,NO,JM1
MEDIUM,LOW,LOW,LOW,MEDIUM,LOW,MEDIUM,LOW,NO,JM1
HIGH,MEDIUM,MEDIUM,HIGH,HIGH,MEDIUM,HIGH,MEDIUM,NO,JM1
HIGH,HIGH,HIGH,HIGH,HIGH,MEDIUM,HIGH,HIGH,NO,JM1
HIGH,MEDIUM,MEDIUM,MEDIUM,HIGH,MEDIUM,MEDIUM,MEDIUM,NO,JM1
HIGH,MEDIUM,MEDIUM,HIGH,MEDIUM,LOW,MEDIUM,MEDIUM,NO,JM1
MEDIUM,LOW,LOW,LOW,LOW,LOW,LOW,LOW,NO,JM1
MEDIUM,LOW,LOW,LOW,MEDIUM,LOW,MEDIUM,LOW,NO,JM1
HIGH,HIGH,HIGH,HIGH,HIGH,HIGH,HIGH,HIGH,NO,JM1
HIGH,MEDIUM,LOW,MEDIUM,MEDIUM,LOW,MEDIUM,MEDIUM,NO,JM1
MEDIUM,LOW,LOW,LOW,LOW,LOW,LOW,LOW,NO,JM1
LOW,LOW,LOW,LOW,LOW,LOW,LOW,LOW,NO,JM1
MEDIUM,LOW,LOW,LOW,MEDIUM,LOW,LOW,LOW,NO,JM1
HIGH,LOW,LOW,MEDIUM,HIGH,MEDIUM,HIGH,LOW,NO,JM1
LOW,LOW,LOW,LOW,LOW,LOW,LOW,LOW,NO,JM1
LOW,LOW,LOW,LOW,LOW,LOW,LOW,LOW,NO,JM1
LOW,LOW,LOW,LOW,LOW,LOW,LOW,LOW,NO,JM1
LOW,LOW,LOW,LOW,LOW,LOW,LOW,LOW,NO,JM1
LOW,LOW,LOW,LOW,LOW,LOW,LOW,LOW,NO,JM1
LOW,LOW,LOW,LOW,LOW,LOW,LOW,LOW,NO,JM1
MEDIUM,MEDIUM,HIGH,MEDIUM,MEDIUM,HIGH,HIGH,MEDIUM,NO,JM1
MEDIUM,HIGH,LOW,MEDIUM,MEDIUM,HIGH,HIGH,HIGH,NO,JM1
LOW,LOW,LOW,LOW,MEDIUM,LOW,MEDIUM,LOW,NO,JM1
LOW,LOW,LOW,MEDIUM,LOW,LOW,LOW,LOW,NO,JM1
LOW,LOW,LOW,LOW,LOW,LOW,LOW,LOW,NO,JM1
LOW,LOW,LOW,LOW,LOW,LOW,LOW,LOW,NO,JM1
LOW,LOW,LOW,LOW,LOW,LOW,LOW,LOW,NO,JM1
LOW,LOW,LOW,LOW,LOW,LOW,LOW,LOW,NO,JM1
LOW,LOW,LOW,LOW,LOW,LOW,LOW,LOW,NO,JM1
LOW,LOW,LOW,LOW,LOW,LOW,LOW,LOW,NO,JM1
LOW,LOW,LOW,LOW,LOW,LOW,LOW,LOW,NO,JM1
LOW,LOW,LOW,LOW,LOW,LOW,LOW,LOW,NO,JM1
LOW,LOW,LOW,LOW,LOW,LOW,LOW,LOW,NO,JM1
LOW,LOW,LOW,LOW,LOW,LOW,LOW,LOW,NO,JM1
LOW,LOW,LOW,LOW,LOW,LOW,LOW,LOW,NO,JM1
LOW,LOW,LOW,LOW,LOW,LOW,LOW,LOW,NO,JM1
HIGH,HIGH,HIGH,HIGH,HIGH,HIGH,HIGH,HIGH,NO,JM1
HIGH,HIGH,HIGH,HIGH,HIGH,HIGH,HIGH,HIGH,NO,JM1
LOW,LOW,LOW,LOW,LOW,LOW,LOW,LOW,NO,JM1
HIGH,HIGH,HIGH,HIGH,HIGH,HIGH,HIGH,HIGH,NO,JM1
LOW,LOW,LOW,LOW,LOW,LOW,LOW,LOW,NO,JM1
LOW,LOW,LOW,LOW,LOW,LOW,LOW,LOW,NO,JM1
HIGH,MEDIUM,MEDIUM,MEDIUM,HIGH,MEDIUM,HIGH,MEDIUM,NO,JM1
HIGH,LOW,LOW,MEDIUM,HIGH,HIGH,HIGH,LOW,NO,JM1
LOW,LOW,LOW,LOW,LOW,LOW,LOW,LOW,NO,JM1
LOW,LOW,LOW,LOW,LOW,LOW,LOW,LOW,NO,JM1
LOW,LOW,LOW,LOW,LOW,LOW,LOW,LOW,NO,JM1
LOW,LOW,LOW,LOW,LOW,LOW,LOW,LOW,NO,JM1
LOW,LOW,LOW,LOW,LOW,LOW,LOW,LOW,NO,JM1
LOW,LOW,LOW,LOW,LOW,LOW,LOW,LOW,NO,JM1
LOW,LOW,LOW,LOW,LOW,LOW,LOW,LOW,NO,JM1
MEDIUM,MEDIUM,LOW,MEDIUM,MEDIUM,MEDIUM,MEDIUM,MEDIUM,NO,JM1
MEDIUM,MEDIUM,LOW,MEDIUM,MEDIUM,MEDIUM,HIGH,MEDIUM,NO,JM1
MEDIUM,HIGH,LOW,MEDIUM,HIGH,HIGH,HIGH,HIGH,NO,JM1
MEDIUM,LOW,LOW,LOW,MEDIUM,MEDIUM,MEDIUM,LOW,NO,JM1
LOW,LOW,LOW,LOW,MEDIUM,MEDIUM,MEDIUM,LOW,NO,JM1
LOW,MEDIUM,LOW,LOW,MEDIUM,HIGH,MEDIUM,MEDIUM,NO,JM1
MEDIUM,HIGH,LOW,LOW,MEDIUM,HIGH,MEDIUM,HIGH,NO,JM1
MEDIUM,HIGH,LOW,LOW,MEDIUM,HIGH,MEDIUM,HIGH,NO,JM1
MEDIUM,HIGH,LOW,LOW,MEDIUM,HIGH,MEDIUM,HIGH,NO,JM1
HIGH,HIGH,LOW,LOW,HIGH,HIGH,HIGH,HIGH,NO,JM1
LOW,LOW,LOW,LOW,LOW,MEDIUM,LOW,LOW,NO,JM1
LOW,LOW,LOW,MEDIUM,LOW,MEDIUM,MEDIUM,LOW,NO,JM1
MEDIUM,MEDIUM,LOW,MEDIUM,MEDIUM,MEDIUM,MEDIUM,MEDIUM,NO,JM1
LOW,LOW,LOW,MEDIUM,LOW,MEDIUM,MEDIUM,LOW,NO,JM1
LOW,LOW,LOW,LOW,LOW,LOW,LOW,LOW,NO,JM1
LOW,LOW,LOW,LOW,LOW,LOW,LOW,LOW,NO,JM1
LOW,LOW,LOW,LOW,LOW,MEDIUM,LOW,LOW,NO,JM1
LOW,LOW,LOW,LOW,LOW,MEDIUM,LOW,LOW,NO,JM1
HIGH,HIGH,LOW,HIGH,HIGH,HIGH,HIGH,HIGH,NO,JM1
HIGH,MEDIUM,LOW,MEDIUM,HIGH,HIGH,HIGH,MEDIUM,NO,JM1
HIGH,MEDIUM,LOW,MEDIUM,HIGH,HIGH,HIGH,MEDIUM,NO,JM1
HIGH,MEDIUM,LOW,MEDIUM,HIGH,HIGH,HIGH,MEDIUM,NO,JM1
HIGH,MEDIUM,LOW,MEDIUM,HIGH,HIGH,HIGH,MEDIUM,NO,JM1
HIGH,MEDIUM,LOW,MEDIUM,HIGH,MEDIUM,HIGH,MEDIUM,NO,JM1
HIGH,MEDIUM,LOW,MEDIUM,HIGH,MEDIUM,HIGH,MEDIUM,NO,JM1
LOW,LOW,LOW,LOW,LOW,LOW,LOW,LOW,NO,JM1
LOW,LOW,LOW,LOW,LOW,LOW,LOW,LOW,NO,JM1
LOW,LOW,LOW,LOW,LOW,LOW,LOW,LOW,NO,JM1
LOW,LOW,LOW,LOW,LOW,LOW,LOW,LOW,NO,JM1
LOW,LOW,LOW,LOW,LOW,LOW,LOW,LOW,NO,JM1
LOW,LOW,LOW,LOW,LOW,LOW,LOW,LOW,NO,JM1
LOW,LOW,LOW,LOW,MEDIUM,MEDIUM,MEDIUM,LOW,NO,JM1
LOW,LOW,LOW,LOW,LOW,LOW,LOW,LOW,NO,JM1
LOW,LOW,LOW,LOW,MEDIUM,MEDIUM,MEDIUM,LOW,NO,JM1
LOW,LOW,LOW,LOW,LOW,LOW,LOW,LOW,NO,JM1
LOW,LOW,LOW,LOW,MEDIUM,MEDIUM,MEDIUM,LOW,NO,JM1
LOW,LOW,LOW,LOW,LOW,LOW,LOW,LOW,NO,JM1
MEDIUM,MEDIUM,LOW,MEDIUM,MEDIUM,HIGH,MEDIUM,MEDIUM,NO,JM1
LOW,LOW,LOW,LOW,LOW,LOW,LOW,LOW,NO,JM1
HIGH,MEDIUM,LOW,HIGH,HIGH,HIGH,HIGH,MEDIUM,NO,JM1
LOW,LOW,LOW,LOW,LOW,LOW,LOW,LOW,NO,JM1
LOW,LOW,LOW,LOW,MEDIUM,MEDIUM,MEDIUM,LOW,NO,JM1
LOW,LOW,LOW,LOW,LOW,LOW,LOW,LOW,NO,JM1
LOW,LOW,LOW,LOW,LOW,LOW,LOW,LOW,NO,JM1
LOW,LOW,LOW,LOW,LOW,LOW,LOW,LOW,NO,JM1
LOW,LOW,LOW,LOW,LOW,LOW,LOW,LOW,NO,JM1
LOW,LOW,LOW,LOW,LOW,LOW,LOW,LOW,NO,JM1
LOW,HIGH,HIGH,MEDIUM,HIGH,HIGH,HIGH,HIGH,NO,JM1
LOW,HIGH,HIGH,MEDIUM,HIGH,HIGH,HIGH,HIGH,NO,JM1
MEDIUM,LOW,LOW,LOW,MEDIUM,HIGH,MEDIUM,LOW,NO,JM1
LOW,HIGH,HIGH,MEDIUM,HIGH,HIGH,HIGH,HIGH,NO,JM1
LOW,MEDIUM,HIGH,MEDIUM,HIGH,HIGH,HIGH,MEDIUM,NO,JM1
LOW,HIGH,HIGH,MEDIUM,HIGH,HIGH,HIGH,HIGH,NO,JM1
LOW,HIGH,HIGH,MEDIUM,HIGH,HIGH,HIGH,HIGH,NO,JM1
LOW,HIGH,HIGH,MEDIUM,HIGH,HIGH,HIGH,HIGH,NO,JM1
LOW,HIGH,HIGH,MEDIUM,HIGH,HIGH,HIGH,HIGH,NO,JM1
HIGH,HIGH,HIGH,HIGH,HIGH,HIGH,HIGH,HIGH,NO,JM1
MEDIUM,HIGH,HIGH,HIGH,HIGH,HIGH,HIGH,HIGH,NO,JM1
LOW,HIGH,HIGH,MEDIUM,HIGH,HIGH,HIGH,HIGH,NO,JM1
LOW,MEDIUM,HIGH,MEDIUM,HIGH,HIGH,HIGH,MEDIUM,NO,JM1
LOW,MEDIUM,LOW,LOW,LOW,MEDIUM,LOW,MEDIUM,NO,JM1
LOW,LOW,LOW,LOW,LOW,LOW,LOW,LOW,NO,JM1
MEDIUM,MEDIUM,HIGH,LOW,HIGH,HIGH,HIGH,MEDIUM,NO,JM1
HIGH,HIGH,HIGH,HIGH,HIGH,HIGH,HIGH,HIGH,NO,JM1
MEDIUM,MEDIUM,HIGH,MEDIUM,MEDIUM,MEDIUM,MEDIUM,MEDIUM,NO,JM1
MEDIUM,MEDIUM,HIGH,HIGH,MEDIUM,MEDIUM,MEDIUM,MEDIUM,NO,JM1
MEDIUM,LOW,LOW,LOW,LOW,LOW,LOW,LOW,NO,JM1
LOW,LOW,LOW,LOW,LOW,LOW,LOW,LOW,NO,JM1
LOW,LOW,LOW,LOW,LOW,LOW,LOW,LOW,NO,JM1
HIGH,HIGH,LOW,HIGH,HIGH,HIGH,HIGH,HIGH,NO,JM1
MEDIUM,HIGH,HIGH,HIGH,MEDIUM,MEDIUM,MEDIUM,HIGH,NO,JM1
HIGH,HIGH,HIGH,HIGH,HIGH,HIGH,HIGH,HIGH,NO,JM1
MEDIUM,LOW,LOW,LOW,MEDIUM,LOW,LOW,LOW,NO,JM1
MEDIUM,LOW,LOW,LOW,MEDIUM,LOW,LOW,LOW,NO,JM1
HIGH,LOW,LOW,LOW,MEDIUM,LOW,MEDIUM,LOW,NO,JM1
LOW,LOW,LOW,LOW,LOW,LOW,LOW,LOW,NO,JM1
HIGH,LOW,LOW,LOW,HIGH,MEDIUM,MEDIUM,LOW,NO,JM1
HIGH,LOW,LOW,LOW,HIGH,MEDIUM,HIGH,LOW,NO,JM1
MEDIUM,LOW,LOW,MEDIUM,MEDIUM,LOW,MEDIUM,LOW,NO,JM1
LOW,LOW,LOW,MEDIUM,LOW,MEDIUM,LOW,LOW,NO,JM1
HIGH,LOW,LOW,LOW,MEDIUM,LOW,MEDIUM,LOW,NO,JM1
MEDIUM,LOW,LOW,LOW,MEDIUM,LOW,LOW,LOW,NO,JM1
LOW,LOW,LOW,LOW,LOW,LOW,LOW,LOW,NO,JM1
MEDIUM,MEDIUM,LOW,MEDIUM,HIGH,MEDIUM,HIGH,MEDIUM,NO,JM1
MEDIUM,LOW,LOW,LOW,LOW,LOW,LOW,LOW,NO,JM1
MEDIUM,LOW,LOW,LOW,LOW,LOW,LOW,LOW,NO,JM1
LOW,LOW,LOW,LOW,LOW,LOW,LOW,LOW,NO,JM1
LOW,LOW,LOW,LOW,LOW,LOW,LOW,LOW,NO,JM1
MEDIUM,LOW,LOW,LOW,MEDIUM,LOW,LOW,LOW,NO,JM1
LOW,LOW,LOW,LOW,LOW,LOW,LOW,LOW,NO,JM1
MEDIUM,LOW,LOW,LOW,LOW,LOW,LOW,LOW,NO,JM1
MEDIUM,LOW,LOW,LOW,LOW,LOW,LOW,LOW,NO,JM1
MEDIUM,MEDIUM,LOW,MEDIUM,MEDIUM,MEDIUM,MEDIUM,MEDIUM,NO,JM1
MEDIUM,LOW,LOW,LOW,MEDIUM,LOW,LOW,LOW,NO,JM1
LOW,LOW,LOW,LOW,LOW,LOW,LOW,LOW,NO,JM1
LOW,LOW,LOW,LOW,LOW,LOW,LOW,LOW,NO,JM1
MEDIUM,MEDIUM,LOW,MEDIUM,MEDIUM,MEDIUM,MEDIUM,MEDIUM,NO,JM1
LOW,LOW,LOW,LOW,LOW,LOW,LOW,LOW,NO,JM1
LOW,LOW,LOW,LOW,LOW,LOW,LOW,LOW,NO,JM1
LOW,LOW,LOW,LOW,LOW,LOW,LOW,LOW,NO,JM1
LOW,LOW,LOW,LOW,LOW,LOW,LOW,LOW,NO,JM1
HIGH,HIGH,HIGH,HIGH,HIGH,HIGH,HIGH,HIGH,NO,JM1
LOW,LOW,LOW,LOW,LOW,LOW,LOW,LOW,NO,JM1
LOW,MEDIUM,HIGH,LOW,MEDIUM,MEDIUM,MEDIUM,MEDIUM,NO,JM1
LOW,LOW,LOW,LOW,LOW,LOW,LOW,LOW,NO,JM1
LOW,MEDIUM,HIGH,LOW,LOW,LOW,LOW,MEDIUM,NO,JM1
LOW,LOW,LOW,MEDIUM,LOW,LOW,LOW,LOW,NO,JM1
LOW,LOW,LOW,MEDIUM,LOW,LOW,LOW,LOW,NO,JM1
MEDIUM,MEDIUM,LOW,MEDIUM,MEDIUM,LOW,LOW,MEDIUM,NO,JM1
LOW,LOW,LOW,LOW,LOW,LOW,LOW,LOW,NO,JM1
LOW,LOW,LOW,LOW,MEDIUM,LOW,LOW,LOW,NO,JM1
LOW,LOW,LOW,LOW,LOW,LOW,LOW,LOW,NO,JM1
LOW,LOW,LOW,LOW,LOW,LOW,LOW,LOW,NO,JM1
LOW,LOW,LOW,LOW,MEDIUM,MEDIUM,MEDIUM,LOW,NO,JM1
LOW,LOW,LOW,LOW,LOW,LOW,LOW,LOW,NO,JM1
MEDIUM,MEDIUM,HIGH,MEDIUM,MEDIUM,MEDIUM,MEDIUM,MEDIUM,NO,JM1
HIGH,HIGH,LOW,HIGH,HIGH,HIGH,HIGH,HIGH,NO,JM1
LOW,LOW,LOW,LOW,LOW,LOW,LOW,LOW,NO,JM1
LOW,LOW,LOW,LOW,LOW,LOW,LOW,LOW,NO,JM1
LOW,LOW,LOW,LOW,LOW,LOW,LOW,LOW,NO,JM1
LOW,LOW,LOW,LOW,LOW,LOW,LOW,LOW,NO,JM1
LOW,MEDIUM,LOW,MEDIUM,LOW,MEDIUM,MEDIUM,MEDIUM,NO,JM1
LOW,LOW,LOW,MEDIUM,LOW,LOW,LOW,LOW,NO,JM1
LOW,LOW,LOW,LOW,LOW,LOW,LOW,LOW,NO,JM1
HIGH,HIGH,HIGH,HIGH,HIGH,HIGH,HIGH,HIGH,NO,JM1
MEDIUM,MEDIUM,LOW,LOW,MEDIUM,MEDIUM,MEDIUM,MEDIUM,NO,JM1
LOW,LOW,LOW,MEDIUM,LOW,LOW,LOW,LOW,NO,JM1
LOW,LOW,LOW,LOW,LOW,LOW,LOW,LOW,NO,JM1
LOW,LOW,LOW,LOW,LOW,LOW,LOW,LOW,NO,JM1
MEDIUM,LOW,LOW,LOW,MEDIUM,MEDIUM,MEDIUM,LOW,NO,JM1
LOW,LOW,LOW,LOW,LOW,LOW,LOW,LOW,NO,JM1
LOW,LOW,LOW,LOW,LOW,LOW,LOW,LOW,NO,JM1
LOW,LOW,LOW,LOW,LOW,LOW,LOW,LOW,NO,JM1
LOW,LOW,LOW,LOW,LOW,LOW,LOW,LOW,NO,JM1
LOW,LOW,LOW,LOW,LOW,LOW,LOW,LOW,NO,JM1
LOW,LOW,LOW,LOW,LOW,LOW,LOW,LOW,NO,JM1
LOW,LOW,LOW,LOW,LOW,LOW,LOW,LOW,NO,JM1
LOW,LOW,LOW,LOW,LOW,LOW,LOW,LOW,NO,JM1
LOW,LOW,LOW,LOW,LOW,LOW,LOW,LOW,NO,JM1
LOW,LOW,LOW,LOW,LOW,LOW,LOW,LOW,NO,JM1
MEDIUM,LOW,LOW,MEDIUM,MEDIUM,MEDIUM,MEDIUM,LOW,NO,JM1
HIGH,HIGH,MEDIUM,MEDIUM,MEDIUM,MEDIUM,MEDIUM,HIGH,NO,JM1
MEDIUM,MEDIUM,LOW,MEDIUM,MEDIUM,MEDIUM,MEDIUM,MEDIUM,NO,JM1
LOW,LOW,LOW,LOW,LOW,LOW,LOW,LOW,NO,JM1
LOW,LOW,LOW,LOW,LOW,LOW,LOW,LOW,NO,JM1
LOW,LOW,LOW,LOW,LOW,LOW,LOW,LOW,NO,JM1
LOW,LOW,LOW,LOW,LOW,LOW,LOW,LOW,NO,JM1
LOW,LOW,LOW,MEDIUM,LOW,LOW,LOW,LOW,NO,JM1
MEDIUM,LOW,LOW,LOW,LOW,LOW,LOW,LOW,NO,JM1
LOW,LOW,LOW,LOW,LOW,LOW,LOW,LOW,NO,JM1
LOW,LOW,LOW,LOW,LOW,LOW,LOW,LOW,NO,JM1
LOW,LOW,LOW,LOW,LOW,LOW,LOW,LOW,NO,JM1
MEDIUM,MEDIUM,LOW,LOW,MEDIUM,HIGH,MEDIUM,MEDIUM,NO,JM1
MEDIUM,MEDIUM,LOW,MEDIUM,MEDIUM,MEDIUM,MEDIUM,MEDIUM,NO,JM1
LOW,LOW,LOW,LOW,LOW,LOW,LOW,LOW,NO,JM1
MEDIUM,MEDIUM,HIGH,HIGH,MEDIUM,MEDIUM,MEDIUM,MEDIUM,NO,JM1
LOW,LOW,LOW,LOW,LOW,LOW,LOW,LOW,NO,JM1
LOW,LOW,LOW,LOW,LOW,LOW,LOW,LOW,NO,JM1
LOW,LOW,LOW,LOW,LOW,LOW,LOW,LOW,NO,JM1
LOW,LOW,LOW,LOW,LOW,LOW,LOW,LOW,NO,JM1
LOW,LOW,LOW,LOW,LOW,LOW,LOW,LOW,NO,JM1
LOW,LOW,LOW,LOW,LOW,LOW,LOW,LOW,NO,JM1
MEDIUM,MEDIUM,HIGH,HIGH,HIGH,HIGH,HIGH,MEDIUM,NO,JM1
LOW,LOW,LOW,LOW,LOW,LOW,LOW,LOW,NO,JM1
LOW,LOW,LOW,LOW,LOW,LOW,LOW,LOW,NO,JM1
MEDIUM,LOW,LOW,LOW,MEDIUM,MEDIUM,MEDIUM,LOW,NO,JM1
LOW,LOW,LOW,LOW,LOW,LOW,LOW,LOW,NO,JM1
LOW,LOW,LOW,LOW,LOW,LOW,LOW,LOW,NO,JM1
LOW,LOW,LOW,LOW,LOW,LOW,LOW,LOW,NO,JM1
LOW,LOW,LOW,LOW,LOW,LOW,LOW,LOW,NO,JM1
MEDIUM,MEDIUM,LOW,MEDIUM,MEDIUM,MEDIUM,MEDIUM,MEDIUM,NO,JM1
LOW,LOW,LOW,LOW,LOW,MEDIUM,LOW,LOW,NO,JM1
LOW,LOW,LOW,LOW,LOW,LOW,LOW,LOW,NO,JM1
LOW,LOW,LOW,LOW,LOW,MEDIUM,LOW,LOW,NO,JM1
LOW,LOW,LOW,LOW,LOW,LOW,LOW,LOW,NO,JM1
LOW,LOW,LOW,LOW,LOW,LOW,LOW,LOW,NO,JM1
LOW,LOW,LOW,LOW,LOW,LOW,LOW,LOW,NO,JM1
LOW,LOW,LOW,LOW,LOW,LOW,LOW,LOW,NO,JM1
LOW,LOW,LOW,LOW,LOW,LOW,LOW,LOW,NO,JM1
LOW,LOW,LOW,LOW,LOW,LOW,LOW,LOW,NO,JM1
HIGH,HIGH,LOW,HIGH,HIGH,HIGH,HIGH,HIGH,NO,JM1
MEDIUM,LOW,LOW,LOW,MEDIUM,MEDIUM,MEDIUM,LOW,NO,JM1
LOW,LOW,LOW,LOW,LOW,LOW,LOW,LOW,NO,JM1
LOW,LOW,LOW,LOW,LOW,LOW,LOW,LOW,NO,JM1
LOW,LOW,LOW,LOW,MEDIUM,LOW,LOW,LOW,NO,JM1
HIGH,HIGH,HIGH,MEDIUM,HIGH,MEDIUM,HIGH,HIGH,NO,JM1
LOW,LOW,LOW,LOW,LOW,LOW,LOW,LOW,NO,JM1
LOW,LOW,LOW,LOW,MEDIUM,MEDIUM,MEDIUM,LOW,NO,JM1
LOW,LOW,LOW,LOW,LOW,LOW,LOW,LOW,NO,JM1
LOW,LOW,LOW,LOW,MEDIUM,MEDIUM,MEDIUM,LOW,NO,JM1
LOW,LOW,LOW,LOW,LOW,LOW,LOW,LOW,NO,JM1
LOW,LOW,LOW,LOW,LOW,LOW,LOW,LOW,NO,JM1
LOW,LOW,LOW,LOW,LOW,LOW,LOW,LOW,NO,JM1
LOW,LOW,LOW,LOW,LOW,LOW,LOW,LOW,NO,JM1
MEDIUM,MEDIUM,LOW,MEDIUM,MEDIUM,MEDIUM,MEDIUM,MEDIUM,NO,JM1
LOW,LOW,LOW,LOW,LOW,LOW,LOW,LOW,NO,JM1
LOW,LOW,MEDIUM,LOW,LOW,LOW,LOW,LOW,NO,JM1
LOW,LOW,LOW,LOW,LOW,LOW,LOW,LOW,NO,JM1
LOW,LOW,LOW,LOW,LOW,LOW,LOW,LOW,NO,JM1
LOW,LOW,LOW,LOW,MEDIUM,MEDIUM,MEDIUM,LOW,NO,JM1
LOW,LOW,LOW,LOW,LOW,LOW,LOW,LOW,NO,JM1
LOW,LOW,LOW,MEDIUM,MEDIUM,MEDIUM,MEDIUM,LOW,NO,JM1
MEDIUM,LOW,LOW,LOW,LOW,LOW,LOW,LOW,NO,JM1
LOW,LOW,LOW,LOW,LOW,LOW,LOW,LOW,NO,JM1
LOW,LOW,LOW,LOW,LOW,LOW,LOW,LOW,NO,JM1
MEDIUM,MEDIUM,HIGH,LOW,MEDIUM,MEDIUM,MEDIUM,MEDIUM,NO,JM1
LOW,LOW,LOW,LOW,LOW,LOW,LOW,LOW,NO,JM1
LOW,LOW,LOW,LOW,LOW,LOW,LOW,LOW,NO,JM1
LOW,LOW,LOW,LOW,LOW,LOW,LOW,LOW,NO,JM1
LOW,LOW,LOW,LOW,LOW,LOW,LOW,LOW,NO,JM1
LOW,LOW,LOW,LOW,LOW,LOW,LOW,LOW,NO,JM1
HIGH,HIGH,HIGH,HIGH,HIGH,HIGH,HIGH,HIGH,NO,JM1
LOW,LOW,LOW,LOW,LOW,LOW,LOW,LOW,NO,JM1
HIGH,HIGH,LOW,LOW,HIGH,HIGH,HIGH,HIGH,NO,JM1
LOW,LOW,LOW,LOW,LOW,LOW,LOW,LOW,NO,JM1
LOW,LOW,LOW,LOW,LOW,LOW,LOW,LOW,NO,JM1
HIGH,HIGH,HIGH,HIGH,HIGH,HIGH,HIGH,HIGH,NO,JM1
LOW,LOW,LOW,LOW,LOW,LOW,LOW,LOW,NO,JM1
HIGH,HIGH,LOW,MEDIUM,HIGH,HIGH,HIGH,HIGH,NO,JM1
MEDIUM,LOW,LOW,MEDIUM,MEDIUM,MEDIUM,MEDIUM,LOW,NO,JM1
MEDIUM,MEDIUM,HIGH,MEDIUM,MEDIUM,MEDIUM,MEDIUM,MEDIUM,NO,JM1
HIGH,HIGH,HIGH,MEDIUM,HIGH,HIGH,HIGH,HIGH,NO,JM1
MEDIUM,LOW,LOW,MEDIUM,MEDIUM,MEDIUM,MEDIUM,LOW,NO,JM1
HIGH,HIGH,HIGH,MEDIUM,HIGH,HIGH,HIGH,HIGH,NO,JM1
MEDIUM,LOW,LOW,MEDIUM,MEDIUM,MEDIUM,MEDIUM,LOW,NO,JM1
HIGH,HIGH,LOW,MEDIUM,HIGH,HIGH,HIGH,HIGH,NO,JM1
MEDIUM,LOW,LOW,MEDIUM,MEDIUM,MEDIUM,MEDIUM,LOW,NO,JM1
LOW,LOW,LOW,LOW,LOW,MEDIUM,LOW,LOW,NO,JM1
LOW,LOW,LOW,LOW,MEDIUM,MEDIUM,MEDIUM,LOW,NO,JM1
LOW,LOW,LOW,LOW,LOW,LOW,LOW,LOW,NO,JM1
LOW,LOW,LOW,LOW,LOW,LOW,LOW,LOW,NO,JM1
MEDIUM,MEDIUM,LOW,HIGH,HIGH,MEDIUM,MEDIUM,MEDIUM,NO,JM1
LOW,LOW,LOW,LOW,LOW,LOW,LOW,LOW,NO,JM1
LOW,LOW,LOW,LOW,LOW,LOW,LOW,LOW,NO,JM1
LOW,LOW,LOW,LOW,MEDIUM,MEDIUM,MEDIUM,LOW,NO,JM1
LOW,LOW,LOW,LOW,LOW,LOW,LOW,LOW,NO,JM1
LOW,LOW,LOW,LOW,LOW,LOW,LOW,LOW,NO,JM1
LOW,LOW,LOW,LOW,MEDIUM,MEDIUM,MEDIUM,LOW,NO,JM1
MEDIUM,LOW,LOW,LOW,MEDIUM,MEDIUM,MEDIUM,LOW,NO,JM1
LOW,LOW,LOW,LOW,LOW,LOW,LOW,LOW,NO,JM1
LOW,LOW,LOW,LOW,LOW,MEDIUM,MEDIUM,LOW,NO,JM1
MEDIUM,LOW,LOW,LOW,MEDIUM,MEDIUM,MEDIUM,LOW,NO,JM1
MEDIUM,MEDIUM,MEDIUM,LOW,HIGH,HIGH,HIGH,MEDIUM,NO,JM1
LOW,LOW,LOW,LOW,LOW,LOW,LOW,LOW,NO,JM1
LOW,LOW,LOW,LOW,MEDIUM,MEDIUM,MEDIUM,LOW,NO,JM1
MEDIUM,LOW,LOW,LOW,MEDIUM,MEDIUM,MEDIUM,LOW,NO,JM1
LOW,LOW,LOW,LOW,MEDIUM,MEDIUM,MEDIUM,LOW,NO,JM1
LOW,LOW,LOW,LOW,MEDIUM,MEDIUM,MEDIUM,LOW,NO,JM1
MEDIUM,MEDIUM,HIGH,LOW,HIGH,HIGH,HIGH,MEDIUM,NO,JM1
LOW,LOW,LOW,LOW,LOW,LOW,LOW,LOW,NO,JM1
LOW,LOW,LOW,LOW,LOW,LOW,LOW,LOW,NO,JM1
HIGH,MEDIUM,LOW,MEDIUM,HIGH,HIGH,HIGH,MEDIUM,NO,JM1
HIGH,HIGH,HIGH,MEDIUM,HIGH,HIGH,HIGH,HIGH,NO,JM1
HIGH,HIGH,HIGH,HIGH,HIGH,HIGH,HIGH,HIGH,NO,JM1
LOW,LOW,LOW,LOW,LOW,LOW,LOW,LOW,NO,JM1
MEDIUM,HIGH,HIGH,LOW,HIGH,HIGH,HIGH,HIGH,NO,JM1
HIGH,HIGH,LOW,HIGH,LOW,LOW,LOW,HIGH,NO,JM1
MEDIUM,MEDIUM,LOW,HIGH,HIGH,MEDIUM,MEDIUM,MEDIUM,NO,JM1
LOW,MEDIUM,LOW,LOW,LOW,LOW,LOW,MEDIUM,NO,JM1
MEDIUM,LOW,LOW,LOW,MEDIUM,HIGH,MEDIUM,LOW,NO,JM1
HIGH,HIGH,LOW,HIGH,HIGH,HIGH,HIGH,HIGH,NO,JM1
MEDIUM,MEDIUM,LOW,MEDIUM,HIGH,HIGH,HIGH,MEDIUM,NO,JM1
LOW,LOW,LOW,LOW,MEDIUM,HIGH,MEDIUM,LOW,NO,JM1
MEDIUM,HIGH,MEDIUM,HIGH,HIGH,HIGH,HIGH,HIGH,NO,JM1
MEDIUM,HIGH,HIGH,HIGH,HIGH,HIGH,HIGH,HIGH,NO,JM1
HIGH,HIGH,HIGH,HIGH,HIGH,HIGH,HIGH,HIGH,NO,JM1
HIGH,HIGH,HIGH,HIGH,HIGH,HIGH,HIGH,HIGH,NO,JM1
MEDIUM,LOW,LOW,LOW,HIGH,MEDIUM,MEDIUM,LOW,NO,JM1
HIGH,HIGH,HIGH,HIGH,HIGH,HIGH,HIGH,HIGH,NO,JM1
LOW,MEDIUM,MEDIUM,MEDIUM,LOW,MEDIUM,LOW,MEDIUM,NO,JM1
LOW,MEDIUM,MEDIUM,LOW,LOW,LOW,LOW,MEDIUM,NO,JM1
LOW,LOW,LOW,LOW,LOW,LOW,LOW,LOW,NO,JM1
HIGH,HIGH,HIGH,HIGH,HIGH,HIGH,HIGH,HIGH,NO,JM1
MEDIUM,LOW,LOW,MEDIUM,MEDIUM,MEDIUM,MEDIUM,LOW,NO,JM1
MEDIUM,LOW,LOW,MEDIUM,MEDIUM,MEDIUM,MEDIUM,LOW,NO,JM1
LOW,LOW,LOW,LOW,LOW,LOW,LOW,LOW,NO,JM1
LOW,LOW,LOW,LOW,LOW,LOW,LOW,LOW,NO,JM1
LOW,LOW,LOW,LOW,LOW,LOW,LOW,LOW,NO,JM1
LOW,LOW,LOW,LOW,LOW,LOW,LOW,LOW,NO,JM1
LOW,LOW,LOW,LOW,MEDIUM,LOW,LOW,LOW,NO,JM1
LOW,LOW,LOW,LOW,LOW,LOW,LOW,LOW,NO,JM1
MEDIUM,MEDIUM,LOW,MEDIUM,MEDIUM,MEDIUM,MEDIUM,MEDIUM,NO,JM1
LOW,LOW,LOW,LOW,LOW,LOW,LOW,LOW,NO,JM1
LOW,LOW,LOW,LOW,LOW,LOW,LOW,LOW,NO,JM1
LOW,LOW,LOW,LOW,LOW,LOW,LOW,LOW,NO,JM1
LOW,LOW,LOW,LOW,LOW,LOW,LOW,LOW,NO,JM1
LOW,LOW,LOW,LOW,LOW,LOW,LOW,LOW,NO,JM1
LOW,LOW,LOW,MEDIUM,LOW,LOW,LOW,LOW,NO,JM1
LOW,LOW,LOW,LOW,LOW,LOW,LOW,LOW,NO,JM1
HIGH,HIGH,LOW,HIGH,HIGH,LOW,MEDIUM,HIGH,NO,JM1
HIGH,HIGH,HIGH,HIGH,HIGH,HIGH,HIGH,HIGH,NO,JM1
MEDIUM,MEDIUM,LOW,MEDIUM,MEDIUM,HIGH,MEDIUM,MEDIUM,NO,JM1
LOW,LOW,LOW,LOW,LOW,LOW,LOW,LOW,NO,JM1
LOW,LOW,LOW,LOW,LOW,LOW,LOW,LOW,NO,JM1
MEDIUM,MEDIUM,LOW,MEDIUM,MEDIUM,MEDIUM,MEDIUM,MEDIUM,NO,JM1
LOW,LOW,LOW,LOW,LOW,LOW,LOW,LOW,NO,JM1
MEDIUM,MEDIUM,HIGH,HIGH,MEDIUM,HIGH,MEDIUM,MEDIUM,NO,JM1
LOW,MEDIUM,LOW,MEDIUM,LOW,LOW,LOW,MEDIUM,NO,JM1
LOW,LOW,LOW,LOW,LOW,LOW,LOW,LOW,NO,JM1
LOW,LOW,LOW,LOW,LOW,LOW,LOW,LOW,NO,JM1
LOW,LOW,LOW,LOW,LOW,LOW,LOW,LOW,NO,JM1
LOW,LOW,LOW,MEDIUM,LOW,MEDIUM,LOW,LOW,NO,JM1
HIGH,HIGH,HIGH,HIGH,HIGH,LOW,MEDIUM,HIGH,NO,JM1
MEDIUM,MEDIUM,HIGH,HIGH,MEDIUM,MEDIUM,MEDIUM,MEDIUM,NO,JM1
LOW,LOW,LOW,LOW,LOW,LOW,LOW,LOW,NO,JM1
LOW,LOW,LOW,LOW,LOW,LOW,LOW,LOW,NO,JM1
LOW,LOW,LOW,LOW,LOW,LOW,LOW,LOW,NO,JM1
HIGH,MEDIUM,LOW,MEDIUM,HIGH,HIGH,HIGH,MEDIUM,NO,JM1
LOW,LOW,LOW,MEDIUM,LOW,LOW,LOW,LOW,NO,JM1
MEDIUM,LOW,LOW,MEDIUM,MEDIUM,LOW,LOW,LOW,NO,JM1
LOW,LOW,LOW,LOW,LOW,LOW,LOW,LOW,NO,JM1
MEDIUM,MEDIUM,LOW,MEDIUM,MEDIUM,MEDIUM,MEDIUM,MEDIUM,NO,JM1
LOW,LOW,MEDIUM,LOW,LOW,LOW,LOW,LOW,NO,JM1
LOW,LOW,LOW,LOW,LOW,LOW,LOW,LOW,NO,JM1
LOW,LOW,LOW,LOW,LOW,LOW,LOW,LOW,NO,JM1
HIGH,HIGH,HIGH,LOW,HIGH,HIGH,HIGH,HIGH,NO,JM1
LOW,LOW,LOW,LOW,LOW,LOW,LOW,LOW,NO,JM1
LOW,MEDIUM,MEDIUM,MEDIUM,LOW,LOW,LOW,MEDIUM,NO,JM1
LOW,LOW,LOW,LOW,LOW,LOW,LOW,LOW,NO,JM1
LOW,LOW,LOW,LOW,LOW,LOW,LOW,LOW,NO,JM1
MEDIUM,LOW,LOW,LOW,LOW,LOW,LOW,LOW,NO,JM1
LOW,LOW,MEDIUM,LOW,LOW,MEDIUM,LOW,LOW,NO,JM1
LOW,LOW,MEDIUM,LOW,LOW,MEDIUM,LOW,LOW,NO,JM1
MEDIUM,MEDIUM,LOW,MEDIUM,MEDIUM,HIGH,MEDIUM,MEDIUM,NO,JM1
LOW,LOW,LOW,LOW,LOW,HIGH,MEDIUM,LOW,NO,JM1
LOW,LOW,LOW,LOW,LOW,LOW,LOW,LOW,NO,JM1
LOW,LOW,LOW,LOW,LOW,LOW,LOW,LOW,NO,JM1
HIGH,LOW,LOW,LOW,HIGH,HIGH,HIGH,LOW,NO,JM1
HIGH,HIGH,LOW,HIGH,HIGH,HIGH,HIGH,HIGH,NO,JM1
MEDIUM,LOW,LOW,LOW,MEDIUM,HIGH,MEDIUM,LOW,NO,JM1
LOW,LOW,LOW,LOW,LOW,LOW,LOW,LOW,NO,JM1
LOW,LOW,LOW,LOW,LOW,MEDIUM,LOW,LOW,NO,JM1
MEDIUM,LOW,LOW,LOW,MEDIUM,MEDIUM,MEDIUM,LOW,NO,JM1
LOW,LOW,LOW,LOW,MEDIUM,MEDIUM,MEDIUM,LOW,NO,JM1
HIGH,LOW,LOW,LOW,HIGH,HIGH,HIGH,LOW,NO,JM1
HIGH,LOW,LOW,LOW,HIGH,HIGH,HIGH,LOW,NO,JM1
HIGH,LOW,LOW,LOW,HIGH,HIGH,HIGH,LOW,NO,JM1
HIGH,LOW,LOW,LOW,HIGH,HIGH,HIGH,LOW,NO,JM1
HIGH,LOW,LOW,LOW,HIGH,HIGH,HIGH,LOW,NO,JM1
HIGH,HIGH,LOW,LOW,HIGH,HIGH,HIGH,HIGH,NO,JM1
HIGH,HIGH,LOW,LOW,HIGH,HIGH,HIGH,HIGH,NO,JM1
HIGH,HIGH,HIGH,HIGH,HIGH,HIGH,HIGH,HIGH,NO,JM1
LOW,LOW,LOW,LOW,LOW,LOW,LOW,LOW,NO,JM1
HIGH,MEDIUM,LOW,HIGH,HIGH,HIGH,HIGH,MEDIUM,NO,JM1
MEDIUM,LOW,LOW,MEDIUM,MEDIUM,MEDIUM,MEDIUM,LOW,NO,JM1
LOW,LOW,LOW,LOW,LOW,LOW,LOW,LOW,NO,JM1
LOW,MEDIUM,LOW,LOW,MEDIUM,HIGH,MEDIUM,MEDIUM,NO,JM1
LOW,LOW,LOW,LOW,LOW,LOW,LOW,LOW,NO,JM1
LOW,MEDIUM,LOW,LOW,MEDIUM,HIGH,MEDIUM,MEDIUM,NO,JM1
HIGH,MEDIUM,LOW,LOW,MEDIUM,HIGH,MEDIUM,MEDIUM,NO,JM1
LOW,MEDIUM,LOW,LOW,LOW,HIGH,MEDIUM,MEDIUM,NO,JM1
LOW,MEDIUM,LOW,LOW,MEDIUM,HIGH,MEDIUM,MEDIUM,NO,JM1
LOW,LOW,LOW,LOW,LOW,LOW,LOW,LOW,NO,JM1
LOW,LOW,LOW,LOW,LOW,LOW,LOW,LOW,NO,JM1
MEDIUM,LOW,LOW,MEDIUM,MEDIUM,MEDIUM,MEDIUM,LOW,NO,JM1
MEDIUM,LOW,LOW,MEDIUM,MEDIUM,MEDIUM,MEDIUM,LOW,NO,JM1
LOW,LOW,LOW,LOW,LOW,LOW,LOW,LOW,NO,JM1
MEDIUM,LOW,LOW,MEDIUM,MEDIUM,MEDIUM,MEDIUM,LOW,NO,JM1
MEDIUM,LOW,LOW,MEDIUM,MEDIUM,MEDIUM,MEDIUM,LOW,NO,JM1
LOW,LOW,LOW,LOW,MEDIUM,LOW,MEDIUM,LOW,NO,JM1
LOW,LOW,LOW,LOW,LOW,LOW,LOW,LOW,NO,JM1
LOW,LOW,MEDIUM,LOW,LOW,MEDIUM,LOW,LOW,NO,JM1
LOW,MEDIUM,MEDIUM,LOW,LOW,MEDIUM,LOW,MEDIUM,NO,JM1
LOW,LOW,LOW,LOW,LOW,LOW,LOW,LOW,NO,JM1
LOW,LOW,LOW,LOW,LOW,LOW,LOW,LOW,NO,JM1
MEDIUM,LOW,LOW,LOW,MEDIUM,MEDIUM,MEDIUM,LOW,NO,JM1
HIGH,HIGH,LOW,HIGH,HIGH,MEDIUM,HIGH,HIGH,NO,JM1
MEDIUM,MEDIUM,LOW,MEDIUM,HIGH,HIGH,HIGH,MEDIUM,NO,JM1
HIGH,HIGH,HIGH,HIGH,HIGH,HIGH,HIGH,HIGH,NO,JM1
LOW,LOW,LOW,LOW,MEDIUM,LOW,LOW,LOW,NO,JM1
LOW,LOW,LOW,LOW,LOW,LOW,LOW,LOW,NO,JM1
HIGH,LOW,LOW,LOW,MEDIUM,MEDIUM,MEDIUM,LOW,NO,JM1
MEDIUM,MEDIUM,LOW,MEDIUM,HIGH,HIGH,HIGH,MEDIUM,NO,JM1
HIGH,HIGH,HIGH,HIGH,HIGH,HIGH,HIGH,HIGH,NO,JM1
LOW,LOW,LOW,MEDIUM,MEDIUM,MEDIUM,MEDIUM,LOW,NO,JM1
LOW,LOW,LOW,LOW,LOW,HIGH,MEDIUM,LOW,NO,JM1
HIGH,HIGH,HIGH,HIGH,HIGH,HIGH,HIGH,HIGH,NO,JM1
HIGH,LOW,LOW,LOW,MEDIUM,MEDIUM,MEDIUM,LOW,NO,JM1
LOW,LOW,LOW,MEDIUM,MEDIUM,LOW,LOW,LOW,NO,JM1
LOW,LOW,LOW,MEDIUM,MEDIUM,LOW,LOW,LOW,NO,JM1
LOW,LOW,LOW,LOW,LOW,LOW,LOW,LOW,NO,JM1
MEDIUM,HIGH,LOW,MEDIUM,HIGH,MEDIUM,MEDIUM,HIGH,NO,JM1
HIGH,HIGH,LOW,HIGH,HIGH,HIGH,HIGH,HIGH,NO,JM1
LOW,MEDIUM,MEDIUM,LOW,MEDIUM,MEDIUM,MEDIUM,MEDIUM,NO,JM1
LOW,LOW,LOW,LOW,MEDIUM,LOW,LOW,LOW,NO,JM1
MEDIUM,LOW,LOW,LOW,LOW,MEDIUM,LOW,LOW,NO,JM1
HIGH,HIGH,LOW,HIGH,HIGH,MEDIUM,HIGH,HIGH,NO,JM1
LOW,LOW,LOW,LOW,MEDIUM,LOW,LOW,LOW,NO,JM1
MEDIUM,MEDIUM,HIGH,LOW,LOW,LOW,LOW,MEDIUM,NO,JM1
MEDIUM,MEDIUM,HIGH,LOW,HIGH,HIGH,HIGH,MEDIUM,NO,JM1
MEDIUM,HIGH,HIGH,HIGH,LOW,LOW,LOW,HIGH,NO,JM1
LOW,LOW,LOW,LOW,MEDIUM,MEDIUM,MEDIUM,LOW,NO,JM1
MEDIUM,LOW,LOW,LOW,MEDIUM,LOW,MEDIUM,LOW,NO,JM1
HIGH,HIGH,HIGH,LOW,HIGH,HIGH,HIGH,HIGH,NO,JM1
MEDIUM,MEDIUM,LOW,MEDIUM,MEDIUM,MEDIUM,MEDIUM,MEDIUM,NO,JM1
LOW,LOW,MEDIUM,LOW,LOW,MEDIUM,LOW,LOW,NO,JM1
MEDIUM,MEDIUM,LOW,LOW,MEDIUM,HIGH,HIGH,MEDIUM,NO,JM1
MEDIUM,HIGH,LOW,MEDIUM,LOW,LOW,LOW,HIGH,NO,JM1
LOW,LOW,LOW,LOW,LOW,LOW,LOW,LOW,NO,JM1
HIGH,LOW,LOW,LOW,HIGH,HIGH,HIGH,LOW,NO,JM1
MEDIUM,MEDIUM,LOW,MEDIUM,MEDIUM,MEDIUM,MEDIUM,MEDIUM,NO,JM1
HIGH,HIGH,LOW,HIGH,HIGH,HIGH,HIGH,HIGH,NO,JM1
LOW,LOW,LOW,LOW,LOW,LOW,LOW,LOW,NO,JM1
MEDIUM,LOW,LOW,LOW,MEDIUM,LOW,MEDIUM,LOW,NO,JM1
LOW,LOW,LOW,LOW,LOW,LOW,LOW,LOW,NO,JM1
LOW,LOW,LOW,LOW,LOW,LOW,LOW,LOW,NO,JM1
LOW,LOW,LOW,LOW,LOW,LOW,LOW,LOW,NO,JM1
HIGH,MEDIUM,MEDIUM,MEDIUM,HIGH,HIGH,HIGH,MEDIUM,NO,JM1
HIGH,MEDIUM,HIGH,MEDIUM,HIGH,HIGH,HIGH,MEDIUM,NO,JM1
HIGH,MEDIUM,LOW,MEDIUM,HIGH,HIGH,HIGH,MEDIUM,NO,JM1
MEDIUM,LOW,LOW,LOW,MEDIUM,MEDIUM,MEDIUM,LOW,NO,JM1
MEDIUM,LOW,LOW,LOW,MEDIUM,MEDIUM,MEDIUM,LOW,NO,JM1
HIGH,HIGH,LOW,HIGH,HIGH,HIGH,HIGH,HIGH,NO,JM1
LOW,LOW,LOW,LOW,LOW,LOW,LOW,LOW,NO,JM1
MEDIUM,MEDIUM,LOW,MEDIUM,MEDIUM,MEDIUM,MEDIUM,MEDIUM,NO,JM1
MEDIUM,MEDIUM,LOW,MEDIUM,MEDIUM,MEDIUM,MEDIUM,MEDIUM,NO,JM1
HIGH,HIGH,HIGH,HIGH,HIGH,HIGH,HIGH,HIGH,NO,JM1
HIGH,HIGH,HIGH,HIGH,HIGH,HIGH,HIGH,HIGH,NO,JM1
HIGH,MEDIUM,LOW,HIGH,MEDIUM,MEDIUM,MEDIUM,MEDIUM,NO,JM1
LOW,LOW,LOW,LOW,MEDIUM,LOW,LOW,LOW,NO,JM1
HIGH,HIGH,HIGH,HIGH,HIGH,HIGH,HIGH,HIGH,NO,JM1
LOW,LOW,LOW,LOW,LOW,LOW,LOW,LOW,NO,JM1
HIGH,HIGH,HIGH,HIGH,HIGH,HIGH,HIGH,HIGH,NO,JM1
MEDIUM,LOW,LOW,LOW,MEDIUM,LOW,MEDIUM,LOW,NO,JM1
HIGH,MEDIUM,LOW,HIGH,HIGH,MEDIUM,HIGH,MEDIUM,NO,JM1
MEDIUM,LOW,LOW,LOW,MEDIUM,LOW,MEDIUM,LOW,NO,JM1
MEDIUM,MEDIUM,LOW,HIGH,MEDIUM,MEDIUM,MEDIUM,MEDIUM,NO,JM1
MEDIUM,LOW,LOW,LOW,MEDIUM,MEDIUM,MEDIUM,LOW,NO,JM1
MEDIUM,LOW,LOW,LOW,MEDIUM,MEDIUM,MEDIUM,LOW,NO,JM1
MEDIUM,LOW,LOW,LOW,MEDIUM,MEDIUM,MEDIUM,LOW,NO,JM1
LOW,LOW,LOW,LOW,MEDIUM,LOW,LOW,LOW,NO,JM1
LOW,LOW,LOW,LOW,MEDIUM,MEDIUM,MEDIUM,LOW,NO,JM1
HIGH,HIGH,LOW,HIGH,HIGH,HIGH,HIGH,HIGH,NO,JM1
HIGH,HIGH,HIGH,HIGH,HIGH,HIGH,HIGH,HIGH,NO,JM1
LOW,LOW,LOW,MEDIUM,LOW,LOW,LOW,LOW,NO,JM1
LOW,LOW,LOW,LOW,LOW,LOW,LOW,LOW,NO,JM1
LOW,LOW,LOW,LOW,LOW,LOW,LOW,LOW,NO,JM1
HIGH,HIGH,LOW,HIGH,HIGH,MEDIUM,HIGH,HIGH,NO,JM1
LOW,LOW,LOW,LOW,LOW,LOW,LOW,LOW,NO,JM1
LOW,MEDIUM,MEDIUM,MEDIUM,MEDIUM,MEDIUM,MEDIUM,MEDIUM,NO,JM1
LOW,LOW,LOW,LOW,LOW,LOW,LOW,LOW,NO,JM1
LOW,MEDIUM,LOW,LOW,MEDIUM,MEDIUM,MEDIUM,MEDIUM,NO,JM1
LOW,LOW,LOW,LOW,MEDIUM,LOW,LOW,LOW,NO,JM1
HIGH,HIGH,HIGH,HIGH,HIGH,HIGH,HIGH,HIGH,NO,JM1
MEDIUM,HIGH,HIGH,MEDIUM,HIGH,HIGH,HIGH,HIGH,NO,JM1
MEDIUM,MEDIUM,LOW,MEDIUM,HIGH,HIGH,HIGH,MEDIUM,NO,JM1
HIGH,MEDIUM,LOW,MEDIUM,HIGH,HIGH,HIGH,MEDIUM,NO,JM1
MEDIUM,HIGH,HIGH,LOW,MEDIUM,HIGH,MEDIUM,HIGH,NO,JM1
HIGH,HIGH,HIGH,HIGH,HIGH,HIGH,HIGH,HIGH,NO,JM1
HIGH,HIGH,HIGH,HIGH,HIGH,HIGH,HIGH,HIGH,NO,JM1
MEDIUM,MEDIUM,LOW,MEDIUM,MEDIUM,LOW,MEDIUM,MEDIUM,NO,JM1
HIGH,HIGH,LOW,LOW,HIGH,HIGH,HIGH,HIGH,NO,JM1
HIGH,HIGH,HIGH,MEDIUM,HIGH,HIGH,HIGH,HIGH,NO,JM1
HIGH,MEDIUM,LOW,MEDIUM,HIGH,HIGH,HIGH,MEDIUM,NO,JM1
LOW,MEDIUM,HIGH,LOW,MEDIUM,HIGH,MEDIUM,MEDIUM,NO,JM1
LOW,LOW,MEDIUM,LOW,LOW,LOW,LOW,LOW,NO,JM1
LOW,LOW,LOW,MEDIUM,MEDIUM,MEDIUM,MEDIUM,LOW,NO,JM1
MEDIUM,MEDIUM,LOW,LOW,MEDIUM,HIGH,MEDIUM,MEDIUM,NO,JM1
HIGH,HIGH,LOW,LOW,HIGH,HIGH,HIGH,HIGH,NO,JM1
HIGH,HIGH,HIGH,HIGH,HIGH,HIGH,HIGH,HIGH,NO,JM1
MEDIUM,MEDIUM,MEDIUM,LOW,MEDIUM,MEDIUM,MEDIUM,MEDIUM,NO,JM1
LOW,LOW,MEDIUM,LOW,MEDIUM,MEDIUM,MEDIUM,LOW,NO,JM1
LOW,LOW,LOW,LOW,LOW,LOW,LOW,LOW,NO,JM1
LOW,LOW,LOW,LOW,LOW,LOW,LOW,LOW,NO,JM1
HIGH,HIGH,HIGH,HIGH,HIGH,HIGH,HIGH,HIGH,NO,JM1
LOW,MEDIUM,LOW,MEDIUM,LOW,LOW,LOW,MEDIUM,NO,JM1
MEDIUM,MEDIUM,HIGH,MEDIUM,MEDIUM,MEDIUM,MEDIUM,MEDIUM,NO,JM1
LOW,LOW,LOW,LOW,LOW,LOW,LOW,LOW,NO,JM1
LOW,LOW,LOW,LOW,LOW,LOW,LOW,LOW,NO,JM1
HIGH,HIGH,LOW,HIGH,HIGH,HIGH,HIGH,HIGH,NO,JM1
HIGH,HIGH,HIGH,HIGH,HIGH,HIGH,HIGH,HIGH,NO,JM1
HIGH,MEDIUM,HIGH,MEDIUM,HIGH,HIGH,HIGH,MEDIUM,NO,JM1
LOW,LOW,LOW,LOW,LOW,LOW,LOW,LOW,NO,JM1
LOW,LOW,LOW,LOW,MEDIUM,MEDIUM,MEDIUM,LOW,NO,JM1
HIGH,HIGH,HIGH,HIGH,HIGH,HIGH,HIGH,HIGH,NO,JM1
HIGH,HIGH,LOW,LOW,HIGH,HIGH,HIGH,HIGH,NO,JM1
HIGH,HIGH,LOW,HIGH,HIGH,HIGH,HIGH,HIGH,NO,JM1
MEDIUM,MEDIUM,LOW,MEDIUM,MEDIUM,LOW,MEDIUM,MEDIUM,NO,JM1
MEDIUM,LOW,LOW,LOW,LOW,LOW,LOW,LOW,NO,JM1
LOW,LOW,MEDIUM,LOW,LOW,LOW,LOW,LOW,NO,JM1
LOW,LOW,LOW,LOW,LOW,MEDIUM,LOW,LOW,NO,JM1
LOW,LOW,LOW,LOW,LOW,LOW,LOW,LOW,NO,JM1
LOW,LOW,LOW,LOW,MEDIUM,LOW,MEDIUM,LOW,NO,JM1
MEDIUM,MEDIUM,MEDIUM,MEDIUM,HIGH,HIGH,HIGH,MEDIUM,NO,JM1
HIGH,MEDIUM,MEDIUM,MEDIUM,HIGH,MEDIUM,MEDIUM,MEDIUM,NO,JM1
HIGH,HIGH,HIGH,HIGH,HIGH,HIGH,HIGH,HIGH,NO,JM1
HIGH,HIGH,HIGH,HIGH,HIGH,HIGH,HIGH,HIGH,NO,JM1
HIGH,HIGH,HIGH,MEDIUM,HIGH,HIGH,HIGH,HIGH,NO,JM1
LOW,LOW,LOW,LOW,LOW,LOW,LOW,LOW,NO,JM1
HIGH,HIGH,HIGH,HIGH,HIGH,HIGH,HIGH,HIGH,NO,JM1
MEDIUM,MEDIUM,MEDIUM,MEDIUM,HIGH,MEDIUM,HIGH,MEDIUM,NO,JM1
HIGH,MEDIUM,MEDIUM,MEDIUM,MEDIUM,MEDIUM,MEDIUM,MEDIUM,NO,JM1
MEDIUM,MEDIUM,LOW,MEDIUM,MEDIUM,MEDIUM,MEDIUM,MEDIUM,NO,JM1
MEDIUM,HIGH,HIGH,LOW,MEDIUM,HIGH,HIGH,HIGH,NO,JM1
MEDIUM,HIGH,HIGH,HIGH,MEDIUM,HIGH,HIGH,HIGH,NO,JM1
HIGH,LOW,LOW,LOW,HIGH,MEDIUM,HIGH,LOW,NO,JM1
MEDIUM,LOW,LOW,LOW,MEDIUM,HIGH,HIGH,LOW,NO,JM1
HIGH,HIGH,HIGH,HIGH,HIGH,HIGH,HIGH,HIGH,NO,JM1
HIGH,HIGH,HIGH,LOW,HIGH,HIGH,HIGH,HIGH,NO,JM1
HIGH,HIGH,MEDIUM,HIGH,HIGH,HIGH,HIGH,HIGH,NO,JM1
HIGH,HIGH,HIGH,HIGH,HIGH,HIGH,HIGH,HIGH,NO,JM1
LOW,MEDIUM,MEDIUM,LOW,MEDIUM,MEDIUM,MEDIUM,MEDIUM,NO,JM1
LOW,LOW,LOW,LOW,LOW,LOW,LOW,LOW,NO,JM1
MEDIUM,LOW,LOW,MEDIUM,MEDIUM,LOW,MEDIUM,LOW,NO,JM1
LOW,LOW,LOW,LOW,LOW,LOW,LOW,LOW,NO,JM1
HIGH,HIGH,LOW,HIGH,HIGH,HIGH,HIGH,HIGH,NO,JM1
LOW,LOW,LOW,LOW,LOW,LOW,LOW,LOW,NO,JM1
HIGH,HIGH,HIGH,HIGH,HIGH,HIGH,HIGH,HIGH,NO,JM1
HIGH,MEDIUM,HIGH,MEDIUM,MEDIUM,HIGH,HIGH,MEDIUM,NO,JM1
LOW,LOW,LOW,LOW,LOW,LOW,LOW,LOW,NO,JM1
MEDIUM,MEDIUM,LOW,MEDIUM,MEDIUM,HIGH,HIGH,MEDIUM,NO,JM1
HIGH,HIGH,HIGH,HIGH,HIGH,HIGH,HIGH,HIGH,NO,JM1
HIGH,HIGH,HIGH,HIGH,HIGH,HIGH,HIGH,HIGH,NO,JM1
HIGH,MEDIUM,HIGH,MEDIUM,HIGH,HIGH,HIGH,MEDIUM,NO,JM1
HIGH,MEDIUM,MEDIUM,LOW,HIGH,MEDIUM,HIGH,MEDIUM,NO,JM1
HIGH,HIGH,LOW,HIGH,HIGH,HIGH,HIGH,HIGH,NO,JM1
HIGH,MEDIUM,LOW,MEDIUM,HIGH,HIGH,HIGH,MEDIUM,NO,JM1
HIGH,MEDIUM,LOW,HIGH,HIGH,HIGH,HIGH,MEDIUM,NO,JM1
HIGH,HIGH,LOW,HIGH,HIGH,HIGH,HIGH,HIGH,NO,JM1
MEDIUM,LOW,LOW,LOW,MEDIUM,MEDIUM,MEDIUM,LOW,NO,JM1
LOW,LOW,LOW,MEDIUM,LOW,LOW,LOW,LOW,NO,JM1
HIGH,MEDIUM,MEDIUM,MEDIUM,HIGH,HIGH,HIGH,MEDIUM,NO,JM1
LOW,LOW,LOW,LOW,LOW,LOW,LOW,LOW,NO,JM1
LOW,LOW,LOW,LOW,LOW,LOW,LOW,LOW,NO,JM1
HIGH,MEDIUM,MEDIUM,LOW,HIGH,HIGH,HIGH,MEDIUM,NO,JM1
HIGH,MEDIUM,LOW,MEDIUM,HIGH,HIGH,HIGH,MEDIUM,NO,JM1
HIGH,HIGH,LOW,HIGH,HIGH,HIGH,HIGH,HIGH,NO,JM1
MEDIUM,LOW,LOW,MEDIUM,MEDIUM,LOW,MEDIUM,LOW,NO,JM1
LOW,LOW,LOW,LOW,LOW,LOW,LOW,LOW,NO,JM1
HIGH,HIGH,MEDIUM,HIGH,HIGH,MEDIUM,MEDIUM,HIGH,NO,JM1
LOW,LOW,LOW,LOW,LOW,LOW,LOW,LOW,NO,JM1
HIGH,HIGH,LOW,LOW,HIGH,HIGH,HIGH,HIGH,NO,JM1
MEDIUM,LOW,LOW,MEDIUM,HIGH,HIGH,HIGH,LOW,NO,JM1
LOW,LOW,LOW,LOW,LOW,LOW,LOW,LOW,NO,JM1
HIGH,HIGH,LOW,HIGH,HIGH,MEDIUM,HIGH,HIGH,NO,JM1
MEDIUM,MEDIUM,LOW,MEDIUM,HIGH,HIGH,HIGH,MEDIUM,NO,JM1
LOW,LOW,LOW,LOW,LOW,LOW,LOW,LOW,NO,JM1
MEDIUM,HIGH,MEDIUM,HIGH,MEDIUM,MEDIUM,MEDIUM,HIGH,NO,JM1
MEDIUM,MEDIUM,LOW,LOW,LOW,LOW,LOW,MEDIUM,NO,JM1
MEDIUM,MEDIUM,LOW,LOW,LOW,LOW,LOW,MEDIUM,NO,JM1
LOW,LOW,LOW,LOW,LOW,LOW,LOW,LOW,NO,JM1
HIGH,HIGH,HIGH,HIGH,HIGH,HIGH,HIGH,HIGH,NO,JM1
LOW,LOW,LOW,LOW,LOW,LOW,LOW,LOW,NO,JM1
HIGH,HIGH,HIGH,HIGH,HIGH,HIGH,HIGH,HIGH,NO,JM1
LOW,LOW,LOW,LOW,LOW,LOW,LOW,LOW,NO,JM1
LOW,LOW,LOW,LOW,MEDIUM,LOW,LOW,LOW,NO,JM1
LOW,LOW,LOW,LOW,LOW,LOW,LOW,LOW,NO,JM1
MEDIUM,MEDIUM,HIGH,HIGH,MEDIUM,MEDIUM,MEDIUM,MEDIUM,NO,JM1
MEDIUM,LOW,LOW,MEDIUM,MEDIUM,HIGH,HIGH,LOW,NO,JM1
LOW,LOW,LOW,LOW,LOW,LOW,LOW,LOW,NO,JM1
LOW,MEDIUM,LOW,LOW,LOW,MEDIUM,MEDIUM,MEDIUM,NO,JM1
LOW,LOW,LOW,LOW,LOW,LOW,LOW,LOW,NO,JM1
LOW,LOW,LOW,LOW,LOW,LOW,LOW,LOW,NO,JM1
LOW,MEDIUM,LOW,LOW,LOW,MEDIUM,LOW,MEDIUM,NO,JM1
LOW,LOW,LOW,LOW,LOW,LOW,LOW,LOW,NO,JM1
HIGH,HIGH,HIGH,HIGH,HIGH,HIGH,HIGH,HIGH,NO,JM1
LOW,LOW,LOW,LOW,LOW,LOW,LOW,LOW,NO,JM1
MEDIUM,LOW,LOW,LOW,MEDIUM,LOW,LOW,LOW,NO,JM1
LOW,LOW,LOW,LOW,LOW,LOW,LOW,LOW,NO,JM1
LOW,LOW,LOW,LOW,LOW,LOW,LOW,LOW,NO,JM1
LOW,LOW,LOW,LOW,MEDIUM,MEDIUM,MEDIUM,LOW,NO,JM1
LOW,LOW,LOW,LOW,LOW,LOW,LOW,LOW,NO,JM1
MEDIUM,MEDIUM,HIGH,LOW,MEDIUM,HIGH,MEDIUM,MEDIUM,NO,JM1
LOW,LOW,LOW,LOW,LOW,LOW,LOW,LOW,NO,JM1
LOW,LOW,LOW,LOW,LOW,LOW,LOW,LOW,NO,JM1
LOW,MEDIUM,HIGH,LOW,LOW,LOW,LOW,MEDIUM,NO,JM1
MEDIUM,LOW,LOW,LOW,MEDIUM,MEDIUM,MEDIUM,LOW,NO,JM1
MEDIUM,MEDIUM,HIGH,LOW,MEDIUM,MEDIUM,MEDIUM,MEDIUM,NO,JM1
LOW,LOW,LOW,LOW,LOW,LOW,LOW,LOW,NO,JM1
HIGH,HIGH,HIGH,HIGH,HIGH,HIGH,HIGH,HIGH,NO,JM1
MEDIUM,MEDIUM,HIGH,HIGH,MEDIUM,MEDIUM,MEDIUM,MEDIUM,NO,JM1
HIGH,HIGH,HIGH,HIGH,HIGH,HIGH,HIGH,HIGH,NO,JM1
MEDIUM,LOW,LOW,LOW,MEDIUM,MEDIUM,MEDIUM,LOW,NO,JM1
HIGH,HIGH,HIGH,HIGH,HIGH,HIGH,HIGH,HIGH,NO,JM1
LOW,LOW,LOW,LOW,LOW,LOW,LOW,LOW,NO,JM1
HIGH,MEDIUM,LOW,MEDIUM,HIGH,HIGH,HIGH,MEDIUM,NO,JM1
LOW,LOW,LOW,LOW,LOW,LOW,LOW,LOW,NO,JM1
MEDIUM,LOW,LOW,LOW,LOW,MEDIUM,MEDIUM,LOW,NO,JM1
HIGH,HIGH,HIGH,HIGH,HIGH,HIGH,HIGH,HIGH,NO,JM1
MEDIUM,MEDIUM,HIGH,MEDIUM,MEDIUM,MEDIUM,MEDIUM,MEDIUM,NO,JM1
LOW,HIGH,HIGH,HIGH,LOW,LOW,LOW,HIGH,NO,JM1
LOW,LOW,LOW,LOW,LOW,LOW,LOW,LOW,NO,JM1
LOW,HIGH,LOW,HIGH,HIGH,HIGH,HIGH,HIGH,NO,JM1
LOW,LOW,LOW,LOW,LOW,LOW,LOW,LOW,NO,JM1
LOW,HIGH,LOW,HIGH,HIGH,HIGH,HIGH,HIGH,NO,JM1
MEDIUM,MEDIUM,MEDIUM,HIGH,MEDIUM,HIGH,HIGH,MEDIUM,NO,JM1
LOW,MEDIUM,HIGH,MEDIUM,HIGH,HIGH,HIGH,MEDIUM,NO,JM1
MEDIUM,MEDIUM,LOW,HIGH,HIGH,HIGH,HIGH,MEDIUM,NO,JM1
LOW,MEDIUM,HIGH,MEDIUM,HIGH,HIGH,HIGH,MEDIUM,NO,JM1
MEDIUM,HIGH,MEDIUM,HIGH,HIGH,HIGH,HIGH,HIGH,NO,JM1
MEDIUM,HIGH,HIGH,HIGH,HIGH,HIGH,HIGH,HIGH,NO,JM1
LOW,MEDIUM,HIGH,MEDIUM,MEDIUM,MEDIUM,MEDIUM,MEDIUM,NO,JM1
MEDIUM,MEDIUM,LOW,MEDIUM,MEDIUM,HIGH,MEDIUM,MEDIUM,NO,JM1
MEDIUM,MEDIUM,LOW,MEDIUM,MEDIUM,HIGH,MEDIUM,MEDIUM,NO,JM1
MEDIUM,HIGH,MEDIUM,HIGH,HIGH,HIGH,HIGH,HIGH,NO,JM1
LOW,HIGH,HIGH,MEDIUM,MEDIUM,HIGH,HIGH,HIGH,NO,JM1
LOW,LOW,LOW,LOW,LOW,MEDIUM,MEDIUM,LOW,NO,JM1
MEDIUM,HIGH,HIGH,HIGH,LOW,LOW,LOW,HIGH,NO,JM1
LOW,LOW,LOW,LOW,LOW,LOW,LOW,LOW,NO,JM1
MEDIUM,HIGH,LOW,HIGH,HIGH,HIGH,HIGH,HIGH,NO,JM1
LOW,MEDIUM,HIGH,MEDIUM,HIGH,HIGH,HIGH,MEDIUM,NO,JM1
MEDIUM,MEDIUM,LOW,MEDIUM,HIGH,HIGH,HIGH,MEDIUM,NO,JM1
MEDIUM,MEDIUM,MEDIUM,MEDIUM,MEDIUM,HIGH,MEDIUM,MEDIUM,NO,JM1
HIGH,HIGH,LOW,MEDIUM,HIGH,HIGH,HIGH,HIGH,NO,JM1
LOW,MEDIUM,MEDIUM,MEDIUM,MEDIUM,HIGH,MEDIUM,MEDIUM,NO,JM1
MEDIUM,MEDIUM,HIGH,MEDIUM,MEDIUM,MEDIUM,MEDIUM,MEDIUM,NO,JM1
LOW,LOW,LOW,LOW,LOW,MEDIUM,MEDIUM,LOW,NO,JM1
LOW,LOW,LOW,LOW,LOW,LOW,LOW,LOW,NO,JM1
LOW,LOW,MEDIUM,LOW,LOW,LOW,LOW,LOW,NO,JM1
HIGH,HIGH,HIGH,LOW,HIGH,HIGH,HIGH,HIGH,NO,JM1
MEDIUM,MEDIUM,HIGH,LOW,MEDIUM,MEDIUM,MEDIUM,MEDIUM,NO,JM1
LOW,LOW,MEDIUM,LOW,LOW,LOW,LOW,LOW,NO,JM1
MEDIUM,MEDIUM,HIGH,MEDIUM,MEDIUM,LOW,LOW,MEDIUM,NO,JM1
LOW,LOW,MEDIUM,LOW,LOW,LOW,LOW,LOW,NO,JM1
HIGH,HIGH,HIGH,HIGH,HIGH,HIGH,HIGH,HIGH,NO,JM1
HIGH,HIGH,HIGH,HIGH,HIGH,HIGH,HIGH,HIGH,NO,JM1
HIGH,HIGH,HIGH,HIGH,HIGH,HIGH,HIGH,HIGH,NO,JM1
LOW,LOW,MEDIUM,LOW,LOW,LOW,LOW,LOW,NO,JM1
LOW,LOW,MEDIUM,LOW,LOW,LOW,LOW,LOW,NO,JM1
HIGH,HIGH,LOW,LOW,MEDIUM,MEDIUM,MEDIUM,HIGH,NO,JM1
MEDIUM,HIGH,HIGH,LOW,MEDIUM,HIGH,MEDIUM,HIGH,NO,JM1
HIGH,HIGH,HIGH,MEDIUM,HIGH,HIGH,HIGH,HIGH,NO,JM1
MEDIUM,MEDIUM,HIGH,LOW,MEDIUM,MEDIUM,MEDIUM,MEDIUM,NO,JM1
MEDIUM,MEDIUM,HIGH,LOW,MEDIUM,MEDIUM,MEDIUM,MEDIUM,NO,JM1
LOW,MEDIUM,HIGH,LOW,MEDIUM,MEDIUM,MEDIUM,MEDIUM,NO,JM1
LOW,LOW,MEDIUM,LOW,LOW,LOW,LOW,LOW,NO,JM1
LOW,MEDIUM,HIGH,LOW,LOW,LOW,LOW,MEDIUM,NO,JM1
MEDIUM,HIGH,LOW,MEDIUM,MEDIUM,MEDIUM,MEDIUM,HIGH,NO,JM1
HIGH,HIGH,HIGH,MEDIUM,HIGH,HIGH,HIGH,HIGH,NO,JM1
LOW,LOW,LOW,LOW,LOW,LOW,LOW,LOW,NO,JM1
MEDIUM,MEDIUM,LOW,MEDIUM,HIGH,MEDIUM,HIGH,MEDIUM,NO,JM1
LOW,LOW,LOW,LOW,LOW,LOW,LOW,LOW,NO,JM1
MEDIUM,MEDIUM,LOW,HIGH,MEDIUM,MEDIUM,MEDIUM,MEDIUM,NO,JM1
LOW,LOW,LOW,MEDIUM,MEDIUM,LOW,MEDIUM,LOW,NO,JM1
MEDIUM,MEDIUM,LOW,LOW,LOW,MEDIUM,LOW,MEDIUM,NO,JM1
MEDIUM,MEDIUM,LOW,HIGH,MEDIUM,MEDIUM,MEDIUM,MEDIUM,NO,JM1
HIGH,HIGH,HIGH,HIGH,HIGH,HIGH,HIGH,HIGH,NO,JM1
LOW,LOW,LOW,LOW,LOW,LOW,LOW,LOW,NO,JM1
HIGH,HIGH,HIGH,LOW,HIGH,HIGH,HIGH,HIGH,NO,JM1
LOW,MEDIUM,MEDIUM,MEDIUM,LOW,LOW,LOW,MEDIUM,NO,JM1
LOW,MEDIUM,MEDIUM,MEDIUM,LOW,MEDIUM,LOW,MEDIUM,NO,JM1
LOW,MEDIUM,LOW,MEDIUM,MEDIUM,MEDIUM,MEDIUM,MEDIUM,NO,JM1
LOW,LOW,LOW,MEDIUM,LOW,MEDIUM,LOW,LOW,NO,JM1
LOW,HIGH,HIGH,HIGH,HIGH,HIGH,HIGH,HIGH,NO,JM1
LOW,LOW,LOW,LOW,LOW,LOW,LOW,LOW,NO,JM1
LOW,LOW,LOW,LOW,LOW,MEDIUM,LOW,LOW,NO,JM1
LOW,LOW,LOW,LOW,LOW,LOW,LOW,LOW,NO,JM1
LOW,LOW,LOW,LOW,LOW,LOW,LOW,LOW,NO,JM1
LOW,LOW,LOW,LOW,LOW,LOW,LOW,LOW,NO,JM1
LOW,LOW,LOW,LOW,LOW,MEDIUM,LOW,LOW,NO,JM1
LOW,LOW,LOW,LOW,LOW,LOW,LOW,LOW,NO,JM1
HIGH,HIGH,HIGH,HIGH,HIGH,HIGH,HIGH,HIGH,NO,JM1
LOW,LOW,LOW,LOW,LOW,LOW,LOW,LOW,NO,JM1
LOW,LOW,LOW,LOW,LOW,LOW,LOW,LOW,NO,JM1
LOW,LOW,LOW,LOW,LOW,LOW,LOW,LOW,NO,JM1
LOW,LOW,LOW,LOW,LOW,LOW,LOW,LOW,NO,JM1
LOW,LOW,LOW,LOW,LOW,LOW,LOW,LOW,NO,JM1
LOW,LOW,LOW,LOW,LOW,MEDIUM,LOW,LOW,NO,JM1
LOW,LOW,LOW,LOW,LOW,MEDIUM,LOW,LOW,NO,JM1
LOW,LOW,LOW,LOW,LOW,MEDIUM,LOW,LOW,NO,JM1
LOW,LOW,LOW,LOW,LOW,LOW,LOW,LOW,NO,JM1
MEDIUM,MEDIUM,MEDIUM,MEDIUM,MEDIUM,MEDIUM,MEDIUM,MEDIUM,NO,JM1
MEDIUM,HIGH,HIGH,LOW,MEDIUM,HIGH,MEDIUM,HIGH,NO,JM1
LOW,LOW,LOW,LOW,LOW,LOW,LOW,LOW,NO,JM1
LOW,LOW,LOW,LOW,LOW,LOW,LOW,LOW,NO,JM1
HIGH,HIGH,HIGH,HIGH,HIGH,HIGH,HIGH,HIGH,NO,JM1
HIGH,MEDIUM,LOW,MEDIUM,HIGH,MEDIUM,HIGH,MEDIUM,NO,JM1
HIGH,MEDIUM,LOW,MEDIUM,HIGH,MEDIUM,HIGH,MEDIUM,NO,JM1
HIGH,HIGH,LOW,LOW,HIGH,MEDIUM,MEDIUM,HIGH,NO,JM1
MEDIUM,MEDIUM,HIGH,LOW,MEDIUM,HIGH,MEDIUM,MEDIUM,NO,JM1
HIGH,HIGH,HIGH,HIGH,HIGH,HIGH,HIGH,HIGH,NO,JM1
MEDIUM,LOW,LOW,LOW,MEDIUM,LOW,MEDIUM,LOW,NO,JM1
HIGH,HIGH,HIGH,HIGH,HIGH,HIGH,HIGH,HIGH,NO,JM1
HIGH,HIGH,HIGH,HIGH,HIGH,HIGH,HIGH,HIGH,NO,JM1
HIGH,HIGH,HIGH,HIGH,HIGH,HIGH,HIGH,HIGH,NO,JM1
LOW,LOW,LOW,LOW,LOW,LOW,LOW,LOW,NO,JM1
HIGH,HIGH,LOW,HIGH,HIGH,HIGH,HIGH,HIGH,NO,JM1
LOW,LOW,MEDIUM,LOW,MEDIUM,MEDIUM,MEDIUM,LOW,NO,JM1
LOW,LOW,LOW,LOW,LOW,LOW,LOW,LOW,NO,JM1
LOW,LOW,LOW,LOW,LOW,LOW,LOW,LOW,NO,JM1
MEDIUM,HIGH,HIGH,LOW,LOW,LOW,LOW,HIGH,NO,JM1
MEDIUM,HIGH,HIGH,HIGH,HIGH,HIGH,HIGH,HIGH,NO,JM1
MEDIUM,HIGH,HIGH,HIGH,HIGH,HIGH,HIGH,HIGH,NO,JM1
MEDIUM,HIGH,HIGH,HIGH,HIGH,HIGH,HIGH,HIGH,NO,JM1
HIGH,HIGH,HIGH,LOW,HIGH,HIGH,HIGH,HIGH,NO,JM1
MEDIUM,HIGH,HIGH,HIGH,HIGH,HIGH,HIGH,HIGH,NO,JM1
MEDIUM,HIGH,HIGH,LOW,MEDIUM,HIGH,HIGH,HIGH,NO,JM1
LOW,LOW,MEDIUM,LOW,LOW,MEDIUM,LOW,LOW,NO,JM1
LOW,MEDIUM,HIGH,LOW,LOW,MEDIUM,MEDIUM,MEDIUM,NO,JM1
LOW,LOW,LOW,LOW,LOW,LOW,LOW,LOW,NO,JM1
LOW,MEDIUM,HIGH,LOW,LOW,MEDIUM,MEDIUM,MEDIUM,NO,JM1
LOW,LOW,LOW,MEDIUM,LOW,LOW,LOW,LOW,NO,JM1
LOW,LOW,LOW,LOW,LOW,LOW,LOW,LOW,NO,JM1
LOW,LOW,LOW,LOW,LOW,LOW,LOW,LOW,NO,JM1
LOW,LOW,LOW,LOW,LOW,LOW,LOW,LOW,NO,JM1
LOW,LOW,LOW,LOW,LOW,LOW,LOW,LOW,NO,JM1
LOW,LOW,LOW,LOW,LOW,LOW,LOW,LOW,NO,JM1
LOW,LOW,LOW,LOW,LOW,LOW,LOW,LOW,NO,JM1
LOW,MEDIUM,HIGH,LOW,LOW,MEDIUM,MEDIUM,MEDIUM,NO,JM1
MEDIUM,MEDIUM,LOW,LOW,LOW,LOW,LOW,MEDIUM,NO,JM1
HIGH,HIGH,LOW,HIGH,HIGH,HIGH,HIGH,HIGH,NO,JM1
HIGH,HIGH,HIGH,HIGH,HIGH,HIGH,HIGH,HIGH,NO,JM1
LOW,LOW,LOW,MEDIUM,LOW,LOW,LOW,LOW,NO,JM1
LOW,LOW,LOW,MEDIUM,LOW,MEDIUM,MEDIUM,LOW,NO,JM1
LOW,MEDIUM,LOW,LOW,LOW,LOW,LOW,LOW,NO,JM1
LOW,LOW,MEDIUM,LOW,LOW,LOW,LOW,LOW,NO,JM1
MEDIUM,LOW,MEDIUM,LOW,LOW,LOW,LOW,LOW,NO,JM1
LOW,LOW,MEDIUM,LOW,LOW,LOW,LOW,LOW,NO,JM1
HIGH,HIGH,HIGH,LOW,HIGH,HIGH,HIGH,HIGH,NO,JM1
HIGH,HIGH,LOW,HIGH,HIGH,HIGH,HIGH,HIGH,NO,JM1
MEDIUM,LOW,LOW,LOW,LOW,LOW,LOW,LOW,NO,JM1
HIGH,MEDIUM,LOW,MEDIUM,LOW,LOW,LOW,MEDIUM,NO,JM1
LOW,LOW,LOW,LOW,LOW,LOW,LOW,LOW,NO,JM1
MEDIUM,MEDIUM,LOW,MEDIUM,MEDIUM,HIGH,HIGH,MEDIUM,NO,JM1
LOW,LOW,LOW,LOW,LOW,LOW,LOW,LOW,NO,JM1
LOW,LOW,LOW,LOW,LOW,LOW,LOW,LOW,NO,JM1
LOW,LOW,LOW,LOW,LOW,LOW,LOW,LOW,NO,JM1
MEDIUM,LOW,LOW,MEDIUM,LOW,LOW,LOW,LOW,NO,JM1
MEDIUM,MEDIUM,HIGH,LOW,HIGH,HIGH,HIGH,MEDIUM,NO,JM1
LOW,LOW,LOW,LOW,LOW,LOW,LOW,LOW,NO,JM1
LOW,LOW,LOW,LOW,LOW,LOW,LOW,LOW,NO,JM1
LOW,LOW,LOW,LOW,LOW,LOW,LOW,LOW,NO,JM1
MEDIUM,MEDIUM,MEDIUM,HIGH,MEDIUM,MEDIUM,MEDIUM,MEDIUM,NO,JM1
LOW,LOW,LOW,LOW,LOW,LOW,LOW,LOW,NO,JM1
LOW,LOW,LOW,LOW,LOW,LOW,LOW,LOW,NO,JM1
HIGH,HIGH,HIGH,HIGH,HIGH,HIGH,HIGH,HIGH,NO,JM1
LOW,LOW,LOW,LOW,LOW,LOW,LOW,LOW,NO,JM1
LOW,LOW,LOW,LOW,LOW,LOW,LOW,LOW,NO,JM1
LOW,LOW,LOW,LOW,LOW,LOW,LOW,LOW,NO,JM1
MEDIUM,MEDIUM,HIGH,MEDIUM,MEDIUM,MEDIUM,MEDIUM,MEDIUM,NO,JM1
LOW,LOW,LOW,LOW,LOW,LOW,LOW,LOW,NO,JM1
LOW,LOW,LOW,LOW,LOW,LOW,LOW,LOW,NO,JM1
LOW,LOW,LOW,LOW,LOW,LOW,LOW,LOW,NO,JM1
LOW,LOW,LOW,LOW,LOW,LOW,LOW,LOW,NO,JM1
LOW,LOW,LOW,LOW,LOW,LOW,LOW,LOW,NO,JM1
LOW,LOW,LOW,LOW,LOW,LOW,LOW,LOW,NO,JM1
MEDIUM,MEDIUM,LOW,MEDIUM,MEDIUM,HIGH,HIGH,MEDIUM,NO,JM1
LOW,LOW,LOW,LOW,LOW,LOW,LOW,LOW,NO,JM1
LOW,LOW,LOW,LOW,LOW,LOW,LOW,LOW,NO,JM1
MEDIUM,LOW,LOW,LOW,MEDIUM,LOW,MEDIUM,LOW,NO,JM1
LOW,LOW,LOW,LOW,LOW,LOW,LOW,LOW,NO,JM1
HIGH,HIGH,HIGH,HIGH,HIGH,HIGH,HIGH,HIGH,NO,JM1
HIGH,HIGH,LOW,HIGH,HIGH,HIGH,HIGH,HIGH,NO,JM1
MEDIUM,LOW,LOW,LOW,MEDIUM,MEDIUM,MEDIUM,LOW,NO,JM1
LOW,LOW,LOW,LOW,LOW,LOW,LOW,LOW,NO,JM1
LOW,LOW,LOW,LOW,LOW,LOW,LOW,LOW,NO,JM1
LOW,LOW,LOW,LOW,LOW,LOW,LOW,LOW,NO,JM1
LOW,LOW,LOW,LOW,LOW,LOW,LOW,LOW,NO,JM1
LOW,LOW,LOW,LOW,LOW,LOW,LOW,LOW,NO,JM1
HIGH,HIGH,HIGH,HIGH,HIGH,HIGH,HIGH,HIGH,NO,JM1
LOW,LOW,LOW,LOW,LOW,LOW,LOW,LOW,NO,JM1
MEDIUM,LOW,LOW,LOW,LOW,LOW,LOW,LOW,NO,JM1
MEDIUM,LOW,LOW,LOW,MEDIUM,MEDIUM,MEDIUM,LOW,NO,JM1
MEDIUM,MEDIUM,HIGH,MEDIUM,MEDIUM,MEDIUM,MEDIUM,MEDIUM,NO,JM1
LOW,LOW,LOW,LOW,LOW,LOW,LOW,LOW,NO,JM1
LOW,LOW,LOW,LOW,LOW,LOW,LOW,LOW,NO,JM1
LOW,LOW,LOW,LOW,LOW,LOW,LOW,LOW,NO,JM1
LOW,LOW,LOW,LOW,LOW,LOW,LOW,LOW,NO,JM1
LOW,LOW,LOW,LOW,LOW,LOW,LOW,LOW,NO,JM1
LOW,LOW,LOW,LOW,LOW,LOW,LOW,LOW,NO,JM1
LOW,LOW,LOW,LOW,LOW,LOW,LOW,LOW,NO,JM1
MEDIUM,LOW,LOW,MEDIUM,MEDIUM,HIGH,MEDIUM,LOW,NO,JM1
MEDIUM,MEDIUM,LOW,MEDIUM,MEDIUM,HIGH,HIGH,MEDIUM,NO,JM1
LOW,LOW,LOW,LOW,LOW,LOW,LOW,LOW,NO,JM1
LOW,LOW,LOW,LOW,LOW,LOW,LOW,LOW,NO,JM1
LOW,LOW,LOW,LOW,LOW,LOW,LOW,LOW,NO,JM1
LOW,LOW,LOW,LOW,LOW,LOW,LOW,LOW,NO,JM1
LOW,LOW,LOW,LOW,LOW,LOW,LOW,LOW,NO,JM1
MEDIUM,LOW,LOW,LOW,MEDIUM,MEDIUM,MEDIUM,LOW,NO,JM1
LOW,LOW,LOW,LOW,LOW,LOW,LOW,LOW,NO,JM1
LOW,LOW,LOW,LOW,LOW,LOW,LOW,LOW,NO,JM1
LOW,LOW,LOW,LOW,LOW,LOW,LOW,LOW,NO,JM1
LOW,LOW,LOW,LOW,LOW,LOW,LOW,LOW,NO,JM1
LOW,LOW,LOW,LOW,LOW,LOW,LOW,LOW,NO,JM1
LOW,LOW,LOW,LOW,LOW,LOW,LOW,LOW,NO,JM1
LOW,LOW,LOW,LOW,LOW,LOW,LOW,LOW,NO,JM1
LOW,MEDIUM,LOW,MEDIUM,MEDIUM,MEDIUM,MEDIUM,MEDIUM,NO,JM1
LOW,LOW,LOW,LOW,LOW,LOW,LOW,LOW,NO,JM1
HIGH,HIGH,HIGH,HIGH,HIGH,HIGH,HIGH,HIGH,NO,JM1
LOW,LOW,LOW,LOW,LOW,LOW,LOW,LOW,NO,JM1
HIGH,MEDIUM,LOW,MEDIUM,HIGH,HIGH,HIGH,MEDIUM,NO,JM1
LOW,LOW,LOW,LOW,LOW,LOW,LOW,LOW,NO,JM1
LOW,LOW,LOW,LOW,LOW,LOW,LOW,LOW,NO,JM1
LOW,LOW,LOW,LOW,LOW,LOW,LOW,LOW,NO,JM1
LOW,LOW,LOW,LOW,LOW,LOW,LOW,LOW,NO,JM1
MEDIUM,MEDIUM,LOW,MEDIUM,MEDIUM,MEDIUM,MEDIUM,MEDIUM,NO,JM1
MEDIUM,MEDIUM,LOW,MEDIUM,MEDIUM,MEDIUM,MEDIUM,MEDIUM,NO,JM1
MEDIUM,MEDIUM,LOW,MEDIUM,MEDIUM,HIGH,MEDIUM,MEDIUM,NO,JM1
MEDIUM,MEDIUM,LOW,MEDIUM,MEDIUM,MEDIUM,MEDIUM,MEDIUM,NO,JM1
HIGH,MEDIUM,LOW,MEDIUM,HIGH,HIGH,HIGH,MEDIUM,NO,JM1
MEDIUM,LOW,LOW,LOW,MEDIUM,MEDIUM,MEDIUM,LOW,NO,JM1
LOW,LOW,LOW,LOW,LOW,LOW,LOW,LOW,NO,JM1
HIGH,HIGH,MEDIUM,HIGH,HIGH,HIGH,HIGH,HIGH,NO,JM1
LOW,LOW,LOW,LOW,LOW,LOW,LOW,LOW,NO,JM1
LOW,LOW,LOW,LOW,LOW,LOW,LOW,LOW,NO,JM1
LOW,LOW,LOW,LOW,LOW,LOW,LOW,LOW,NO,JM1
LOW,LOW,LOW,LOW,LOW,LOW,LOW,LOW,NO,JM1
LOW,LOW,LOW,LOW,LOW,LOW,LOW,LOW,NO,JM1
LOW,LOW,LOW,LOW,LOW,LOW,LOW,LOW,NO,JM1
LOW,LOW,LOW,MEDIUM,LOW,MEDIUM,LOW,LOW,NO,JM1
MEDIUM,MEDIUM,HIGH,MEDIUM,MEDIUM,MEDIUM,MEDIUM,MEDIUM,NO,JM1
LOW,LOW,LOW,LOW,LOW,LOW,LOW,LOW,NO,JM1
LOW,LOW,LOW,LOW,LOW,LOW,LOW,LOW,NO,JM1
LOW,MEDIUM,LOW,MEDIUM,MEDIUM,MEDIUM,MEDIUM,MEDIUM,NO,JM1
LOW,LOW,LOW,LOW,LOW,LOW,LOW,LOW,NO,JM1
LOW,LOW,LOW,LOW,LOW,LOW,LOW,LOW,NO,JM1
LOW,LOW,LOW,LOW,LOW,LOW,LOW,LOW,NO,JM1
LOW,LOW,LOW,LOW,LOW,LOW,LOW,LOW,NO,JM1
HIGH,MEDIUM,LOW,HIGH,HIGH,HIGH,HIGH,MEDIUM,NO,JM1
LOW,LOW,LOW,LOW,LOW,LOW,LOW,LOW,NO,JM1
LOW,LOW,LOW,LOW,LOW,LOW,LOW,LOW,NO,JM1
HIGH,HIGH,LOW,HIGH,HIGH,HIGH,HIGH,HIGH,NO,JM1
HIGH,HIGH,LOW,LOW,HIGH,HIGH,HIGH,HIGH,NO,JM1
LOW,LOW,LOW,LOW,LOW,LOW,LOW,LOW,NO,JM1
HIGH,MEDIUM,HIGH,MEDIUM,MEDIUM,HIGH,MEDIUM,MEDIUM,NO,JM1
LOW,LOW,LOW,LOW,LOW,LOW,LOW,LOW,NO,JM1
LOW,LOW,LOW,LOW,LOW,LOW,LOW,LOW,NO,JM1
LOW,LOW,LOW,LOW,LOW,LOW,LOW,LOW,NO,JM1
LOW,LOW,LOW,LOW,LOW,LOW,LOW,LOW,NO,JM1
LOW,LOW,LOW,LOW,LOW,LOW,LOW,LOW,NO,JM1
LOW,LOW,LOW,LOW,LOW,LOW,LOW,LOW,NO,JM1
LOW,LOW,LOW,LOW,LOW,LOW,LOW,LOW,NO,JM1
LOW,LOW,LOW,LOW,LOW,LOW,LOW,LOW,NO,JM1
LOW,LOW,LOW,LOW,LOW,LOW,LOW,LOW,NO,JM1
LOW,LOW,LOW,LOW,LOW,LOW,LOW,LOW,NO,JM1
LOW,LOW,LOW,LOW,LOW,LOW,LOW,LOW,NO,JM1
LOW,LOW,LOW,LOW,LOW,LOW,LOW,LOW,NO,JM1
LOW,LOW,LOW,LOW,LOW,LOW,LOW,LOW,NO,JM1
LOW,LOW,LOW,LOW,LOW,LOW,LOW,LOW,NO,JM1
LOW,LOW,LOW,LOW,LOW,LOW,LOW,LOW,NO,JM1
LOW,LOW,LOW,LOW,LOW,LOW,LOW,LOW,NO,JM1
LOW,LOW,LOW,LOW,LOW,LOW,LOW,LOW,NO,JM1
LOW,LOW,LOW,LOW,LOW,LOW,LOW,LOW,NO,JM1
LOW,LOW,LOW,LOW,LOW,LOW,LOW,LOW,NO,JM1
LOW,LOW,LOW,LOW,LOW,LOW,LOW,LOW,NO,JM1
LOW,LOW,LOW,LOW,LOW,LOW,LOW,LOW,NO,JM1
LOW,MEDIUM,LOW,MEDIUM,MEDIUM,MEDIUM,MEDIUM,MEDIUM,NO,JM1
MEDIUM,LOW,LOW,LOW,MEDIUM,MEDIUM,MEDIUM,LOW,NO,JM1
LOW,LOW,LOW,LOW,LOW,LOW,LOW,LOW,NO,JM1
LOW,LOW,LOW,LOW,LOW,LOW,LOW,LOW,NO,JM1
LOW,LOW,LOW,LOW,LOW,LOW,LOW,LOW,NO,JM1
LOW,LOW,LOW,LOW,LOW,LOW,LOW,LOW,NO,JM1
HIGH,MEDIUM,LOW,MEDIUM,MEDIUM,HIGH,HIGH,MEDIUM,NO,JM1
LOW,LOW,LOW,LOW,LOW,MEDIUM,LOW,LOW,NO,JM1
LOW,MEDIUM,LOW,MEDIUM,LOW,MEDIUM,MEDIUM,MEDIUM,NO,JM1
LOW,MEDIUM,LOW,LOW,MEDIUM,MEDIUM,MEDIUM,MEDIUM,NO,JM1
LOW,LOW,LOW,MEDIUM,LOW,MEDIUM,LOW,LOW,NO,JM1
LOW,MEDIUM,LOW,MEDIUM,MEDIUM,MEDIUM,MEDIUM,MEDIUM,NO,JM1
LOW,LOW,LOW,LOW,LOW,LOW,LOW,LOW,NO,JM1
LOW,LOW,LOW,LOW,LOW,LOW,LOW,LOW,NO,JM1
LOW,LOW,LOW,LOW,LOW,LOW,LOW,LOW,NO,JM1
LOW,LOW,LOW,LOW,LOW,LOW,LOW,LOW,NO,JM1
LOW,LOW,LOW,LOW,LOW,LOW,LOW,LOW,NO,JM1
LOW,LOW,LOW,LOW,LOW,LOW,LOW,LOW,NO,JM1
LOW,LOW,LOW,LOW,LOW,LOW,LOW,LOW,NO,JM1
MEDIUM,MEDIUM,LOW,MEDIUM,MEDIUM,HIGH,HIGH,MEDIUM,NO,JM1
LOW,LOW,LOW,LOW,LOW,LOW,LOW,LOW,NO,JM1
LOW,LOW,LOW,LOW,LOW,LOW,LOW,LOW,NO,JM1
LOW,LOW,LOW,LOW,LOW,LOW,LOW,LOW,NO,JM1
LOW,MEDIUM,LOW,HIGH,MEDIUM,MEDIUM,MEDIUM,MEDIUM,NO,JM1
MEDIUM,HIGH,LOW,HIGH,HIGH,HIGH,HIGH,HIGH,NO,JM1
LOW,LOW,LOW,LOW,LOW,LOW,LOW,LOW,NO,JM1
LOW,LOW,LOW,LOW,LOW,LOW,LOW,LOW,NO,JM1
LOW,LOW,LOW,LOW,LOW,LOW,LOW,LOW,NO,JM1
MEDIUM,LOW,LOW,MEDIUM,LOW,LOW,LOW,LOW,NO,JM1
LOW,LOW,LOW,LOW,LOW,LOW,LOW,LOW,NO,JM1
LOW,LOW,LOW,LOW,LOW,LOW,LOW,LOW,NO,JM1
MEDIUM,HIGH,HIGH,HIGH,MEDIUM,HIGH,MEDIUM,HIGH,NO,JM1
HIGH,MEDIUM,LOW,MEDIUM,HIGH,HIGH,HIGH,MEDIUM,NO,JM1
LOW,MEDIUM,LOW,MEDIUM,MEDIUM,MEDIUM,MEDIUM,MEDIUM,NO,JM1
LOW,LOW,LOW,LOW,LOW,LOW,LOW,LOW,NO,JM1
LOW,LOW,LOW,LOW,LOW,LOW,LOW,LOW,NO,JM1
LOW,LOW,LOW,LOW,LOW,LOW,LOW,LOW,NO,JM1
LOW,LOW,LOW,LOW,LOW,LOW,LOW,LOW,NO,JM1
LOW,LOW,LOW,LOW,LOW,LOW,LOW,LOW,NO,JM1
LOW,LOW,LOW,LOW,LOW,LOW,LOW,LOW,NO,JM1
LOW,LOW,LOW,LOW,LOW,LOW,LOW,LOW,NO,JM1
LOW,LOW,LOW,LOW,LOW,LOW,LOW,LOW,NO,JM1
LOW,LOW,LOW,LOW,LOW,LOW,LOW,LOW,NO,JM1
LOW,LOW,LOW,LOW,LOW,LOW,LOW,LOW,NO,JM1
LOW,LOW,LOW,LOW,LOW,LOW,LOW,LOW,NO,JM1
LOW,LOW,LOW,LOW,LOW,LOW,LOW,LOW,NO,JM1
LOW,LOW,LOW,LOW,LOW,LOW,LOW,LOW,NO,JM1
HIGH,MEDIUM,LOW,MEDIUM,HIGH,MEDIUM,MEDIUM,MEDIUM,NO,JM1
HIGH,HIGH,HIGH,HIGH,HIGH,MEDIUM,HIGH,HIGH,NO,JM1
HIGH,MEDIUM,LOW,MEDIUM,HIGH,HIGH,HIGH,MEDIUM,NO,JM1
HIGH,HIGH,HIGH,HIGH,HIGH,HIGH,HIGH,HIGH,NO,JM1
LOW,LOW,LOW,LOW,LOW,LOW,LOW,LOW,NO,JM1
LOW,LOW,LOW,LOW,LOW,LOW,LOW,LOW,NO,JM1
LOW,LOW,LOW,LOW,LOW,LOW,LOW,LOW,NO,JM1
LOW,LOW,LOW,LOW,LOW,LOW,LOW,LOW,NO,JM1
LOW,LOW,LOW,LOW,LOW,LOW,LOW,LOW,NO,JM1
LOW,MEDIUM,LOW,HIGH,MEDIUM,MEDIUM,MEDIUM,MEDIUM,NO,JM1
LOW,LOW,LOW,LOW,LOW,LOW,LOW,LOW,NO,JM1
MEDIUM,MEDIUM,HIGH,MEDIUM,MEDIUM,MEDIUM,MEDIUM,MEDIUM,NO,JM1
LOW,LOW,LOW,LOW,LOW,LOW,LOW,LOW,NO,JM1
LOW,LOW,LOW,LOW,LOW,LOW,LOW,LOW,NO,JM1
LOW,LOW,LOW,LOW,LOW,LOW,LOW,LOW,NO,JM1
LOW,LOW,LOW,LOW,LOW,LOW,LOW,LOW,NO,JM1
LOW,LOW,LOW,LOW,LOW,LOW,LOW,LOW,NO,JM1
LOW,LOW,LOW,LOW,LOW,LOW,LOW,LOW,NO,JM1
LOW,LOW,LOW,LOW,LOW,LOW,LOW,LOW,NO,JM1
LOW,LOW,LOW,LOW,LOW,LOW,LOW,LOW,NO,JM1
MEDIUM,LOW,LOW,LOW,LOW,LOW,LOW,LOW,NO,JM1
MEDIUM,HIGH,HIGH,HIGH,HIGH,HIGH,HIGH,HIGH,NO,JM1
LOW,LOW,LOW,LOW,LOW,LOW,LOW,LOW,NO,JM1
LOW,LOW,LOW,LOW,LOW,LOW,LOW,LOW,NO,JM1
LOW,LOW,LOW,LOW,LOW,LOW,LOW,LOW,NO,JM1
LOW,LOW,LOW,LOW,LOW,LOW,LOW,LOW,NO,JM1
LOW,LOW,LOW,LOW,LOW,LOW,LOW,LOW,NO,JM1
LOW,LOW,LOW,LOW,LOW,LOW,LOW,LOW,NO,JM1
LOW,MEDIUM,LOW,MEDIUM,MEDIUM,MEDIUM,MEDIUM,MEDIUM,NO,JM1
LOW,MEDIUM,LOW,MEDIUM,MEDIUM,MEDIUM,MEDIUM,MEDIUM,NO,JM1
LOW,LOW,LOW,LOW,LOW,LOW,LOW,LOW,NO,JM1
LOW,MEDIUM,LOW,MEDIUM,MEDIUM,MEDIUM,MEDIUM,MEDIUM,NO,JM1
LOW,LOW,LOW,MEDIUM,MEDIUM,MEDIUM,MEDIUM,LOW,NO,JM1
LOW,MEDIUM,LOW,MEDIUM,MEDIUM,MEDIUM,MEDIUM,MEDIUM,NO,JM1
LOW,MEDIUM,LOW,MEDIUM,MEDIUM,MEDIUM,MEDIUM,MEDIUM,NO,JM1
LOW,MEDIUM,LOW,MEDIUM,MEDIUM,MEDIUM,MEDIUM,MEDIUM,NO,JM1
LOW,LOW,LOW,MEDIUM,MEDIUM,MEDIUM,MEDIUM,LOW,NO,JM1
LOW,LOW,LOW,MEDIUM,LOW,MEDIUM,MEDIUM,LOW,NO,JM1
LOW,MEDIUM,LOW,HIGH,MEDIUM,MEDIUM,MEDIUM,MEDIUM,NO,JM1
MEDIUM,MEDIUM,LOW,HIGH,MEDIUM,MEDIUM,MEDIUM,MEDIUM,NO,JM1
LOW,LOW,LOW,LOW,LOW,LOW,LOW,LOW,NO,JM1
LOW,MEDIUM,LOW,MEDIUM,MEDIUM,MEDIUM,MEDIUM,MEDIUM,NO,JM1
LOW,LOW,LOW,LOW,LOW,LOW,LOW,LOW,NO,JM1
MEDIUM,MEDIUM,LOW,HIGH,MEDIUM,MEDIUM,MEDIUM,MEDIUM,NO,JM1
LOW,LOW,LOW,LOW,LOW,LOW,LOW,LOW,NO,JM1
LOW,MEDIUM,LOW,MEDIUM,MEDIUM,MEDIUM,MEDIUM,MEDIUM,NO,JM1
LOW,MEDIUM,LOW,MEDIUM,MEDIUM,MEDIUM,MEDIUM,MEDIUM,NO,JM1
LOW,MEDIUM,LOW,MEDIUM,MEDIUM,MEDIUM,MEDIUM,MEDIUM,NO,JM1
LOW,LOW,LOW,LOW,LOW,LOW,LOW,LOW,NO,JM1
MEDIUM,LOW,LOW,LOW,HIGH,MEDIUM,HIGH,LOW,NO,JM1
MEDIUM,LOW,LOW,LOW,MEDIUM,MEDIUM,MEDIUM,LOW,NO,JM1
MEDIUM,MEDIUM,HIGH,MEDIUM,MEDIUM,MEDIUM,MEDIUM,MEDIUM,NO,JM1
HIGH,MEDIUM,LOW,HIGH,HIGH,HIGH,HIGH,MEDIUM,NO,JM1
LOW,LOW,LOW,LOW,LOW,LOW,LOW,LOW,NO,JM1
LOW,LOW,LOW,LOW,LOW,LOW,LOW,LOW,NO,JM1
LOW,LOW,LOW,LOW,LOW,LOW,LOW,LOW,NO,JM1
LOW,LOW,LOW,LOW,LOW,LOW,LOW,LOW,NO,JM1
LOW,LOW,LOW,LOW,LOW,LOW,LOW,LOW,NO,JM1
LOW,LOW,LOW,LOW,LOW,LOW,LOW,LOW,NO,JM1
LOW,LOW,LOW,LOW,LOW,LOW,LOW,LOW,NO,JM1
LOW,LOW,LOW,LOW,LOW,LOW,LOW,LOW,NO,JM1
LOW,LOW,LOW,LOW,LOW,LOW,LOW,LOW,NO,JM1
LOW,LOW,LOW,LOW,LOW,LOW,LOW,LOW,NO,JM1
LOW,LOW,LOW,LOW,LOW,LOW,LOW,LOW,NO,JM1
LOW,LOW,LOW,LOW,LOW,LOW,LOW,LOW,NO,JM1
LOW,LOW,LOW,LOW,LOW,LOW,LOW,LOW,NO,JM1
LOW,LOW,LOW,LOW,LOW,LOW,LOW,LOW,NO,JM1
MEDIUM,LOW,LOW,LOW,MEDIUM,MEDIUM,MEDIUM,LOW,NO,JM1
LOW,MEDIUM,LOW,HIGH,MEDIUM,MEDIUM,MEDIUM,MEDIUM,NO,JM1
MEDIUM,HIGH,LOW,HIGH,HIGH,HIGH,HIGH,HIGH,NO,JM1
LOW,LOW,LOW,LOW,LOW,LOW,LOW,LOW,NO,JM1
LOW,LOW,LOW,LOW,LOW,LOW,LOW,LOW,NO,JM1
HIGH,MEDIUM,LOW,HIGH,HIGH,HIGH,HIGH,MEDIUM,NO,JM1
LOW,LOW,LOW,LOW,LOW,LOW,LOW,LOW,NO,JM1
LOW,LOW,LOW,LOW,LOW,LOW,LOW,LOW,NO,JM1
LOW,LOW,LOW,LOW,MEDIUM,MEDIUM,MEDIUM,LOW,NO,JM1
LOW,LOW,LOW,LOW,LOW,LOW,LOW,LOW,NO,JM1
LOW,LOW,LOW,LOW,LOW,LOW,LOW,LOW,NO,JM1
LOW,LOW,LOW,LOW,LOW,LOW,LOW,LOW,NO,JM1
LOW,LOW,LOW,MEDIUM,LOW,LOW,LOW,LOW,NO,JM1
MEDIUM,LOW,LOW,LOW,MEDIUM,LOW,LOW,LOW,NO,JM1
LOW,LOW,LOW,LOW,LOW,LOW,LOW,LOW,NO,JM1
LOW,LOW,LOW,LOW,LOW,LOW,LOW,LOW,NO,JM1
LOW,LOW,LOW,LOW,LOW,LOW,LOW,LOW,NO,JM1
LOW,LOW,LOW,LOW,LOW,LOW,LOW,LOW,NO,JM1
LOW,LOW,LOW,LOW,LOW,LOW,LOW,LOW,NO,JM1
MEDIUM,LOW,LOW,LOW,MEDIUM,MEDIUM,MEDIUM,LOW,NO,JM1
LOW,LOW,LOW,LOW,LOW,LOW,LOW,LOW,NO,JM1
LOW,LOW,LOW,LOW,LOW,LOW,LOW,LOW,NO,JM1
LOW,LOW,LOW,LOW,LOW,LOW,LOW,LOW,NO,JM1
LOW,LOW,LOW,LOW,LOW,LOW,LOW,LOW,NO,JM1
LOW,LOW,LOW,LOW,LOW,LOW,LOW,LOW,NO,JM1
LOW,LOW,LOW,LOW,LOW,LOW,LOW,LOW,NO,JM1
LOW,LOW,LOW,LOW,LOW,MEDIUM,LOW,LOW,NO,JM1
MEDIUM,LOW,LOW,LOW,MEDIUM,HIGH,MEDIUM,LOW,NO,JM1
LOW,LOW,LOW,LOW,LOW,LOW,LOW,LOW,NO,JM1
LOW,LOW,LOW,LOW,LOW,LOW,LOW,LOW,NO,JM1
LOW,LOW,LOW,LOW,LOW,LOW,LOW,LOW,NO,JM1
LOW,LOW,LOW,LOW,LOW,LOW,LOW,LOW,NO,JM1
LOW,LOW,LOW,LOW,LOW,LOW,LOW,LOW,NO,JM1
LOW,LOW,LOW,LOW,LOW,LOW,LOW,LOW,NO,JM1
LOW,LOW,LOW,LOW,LOW,LOW,LOW,LOW,NO,JM1
LOW,LOW,LOW,LOW,LOW,LOW,LOW,LOW,NO,JM1
LOW,MEDIUM,LOW,MEDIUM,MEDIUM,MEDIUM,MEDIUM,MEDIUM,NO,JM1
LOW,LOW,LOW,LOW,MEDIUM,MEDIUM,MEDIUM,LOW,NO,JM1
MEDIUM,MEDIUM,LOW,MEDIUM,MEDIUM,MEDIUM,MEDIUM,MEDIUM,NO,JM1
LOW,LOW,LOW,MEDIUM,LOW,MEDIUM,LOW,LOW,NO,JM1
LOW,LOW,LOW,LOW,LOW,LOW,LOW,LOW,NO,JM1
LOW,LOW,LOW,LOW,LOW,LOW,LOW,LOW,NO,JM1
LOW,LOW,LOW,LOW,LOW,LOW,LOW,LOW,NO,JM1
LOW,LOW,LOW,LOW,LOW,LOW,LOW,LOW,NO,JM1
LOW,LOW,LOW,LOW,LOW,LOW,LOW,LOW,NO,JM1
LOW,LOW,LOW,LOW,LOW,LOW,LOW,LOW,NO,JM1
LOW,LOW,LOW,LOW,LOW,LOW,LOW,LOW,NO,JM1
LOW,LOW,LOW,LOW,LOW,LOW,LOW,LOW,NO,JM1
LOW,LOW,LOW,LOW,LOW,LOW,LOW,LOW,NO,JM1
LOW,LOW,LOW,LOW,LOW,LOW,LOW,LOW,NO,JM1
LOW,LOW,LOW,MEDIUM,LOW,LOW,LOW,LOW,NO,JM1
LOW,LOW,LOW,LOW,LOW,LOW,LOW,LOW,NO,JM1
LOW,LOW,LOW,LOW,LOW,LOW,LOW,LOW,NO,JM1
LOW,LOW,LOW,LOW,LOW,LOW,LOW,LOW,NO,JM1
LOW,LOW,LOW,LOW,LOW,LOW,LOW,LOW,NO,JM1
HIGH,HIGH,HIGH,HIGH,HIGH,HIGH,HIGH,HIGH,NO,JM1
LOW,LOW,LOW,LOW,LOW,LOW,LOW,LOW,NO,JM1
LOW,LOW,LOW,LOW,LOW,LOW,LOW,LOW,NO,JM1
LOW,LOW,LOW,LOW,LOW,LOW,LOW,LOW,NO,JM1
LOW,LOW,LOW,LOW,LOW,LOW,LOW,LOW,NO,JM1
LOW,LOW,LOW,LOW,LOW,LOW,LOW,LOW,NO,JM1
LOW,LOW,LOW,LOW,LOW,LOW,LOW,LOW,NO,JM1
LOW,LOW,LOW,LOW,LOW,LOW,LOW,LOW,NO,JM1
LOW,LOW,LOW,LOW,LOW,LOW,LOW,LOW,NO,JM1
HIGH,HIGH,LOW,HIGH,HIGH,HIGH,HIGH,HIGH,NO,JM1
HIGH,MEDIUM,LOW,HIGH,HIGH,HIGH,HIGH,MEDIUM,NO,JM1
MEDIUM,LOW,LOW,LOW,MEDIUM,MEDIUM,MEDIUM,LOW,NO,JM1
LOW,LOW,LOW,LOW,LOW,LOW,LOW,LOW,NO,JM1
LOW,LOW,LOW,LOW,LOW,LOW,LOW,LOW,NO,JM1
LOW,LOW,LOW,LOW,LOW,LOW,LOW,LOW,NO,JM1
LOW,LOW,LOW,LOW,LOW,LOW,LOW,LOW,NO,JM1
LOW,LOW,LOW,LOW,LOW,LOW,LOW,LOW,NO,JM1
LOW,LOW,LOW,LOW,LOW,LOW,LOW,LOW,NO,JM1
LOW,LOW,LOW,LOW,LOW,LOW,LOW,LOW,NO,JM1
LOW,LOW,LOW,LOW,LOW,LOW,LOW,LOW,NO,JM1
LOW,LOW,LOW,LOW,LOW,LOW,LOW,LOW,NO,JM1
LOW,LOW,LOW,LOW,LOW,LOW,LOW,LOW,NO,JM1
LOW,LOW,LOW,LOW,LOW,MEDIUM,LOW,LOW,NO,JM1
MEDIUM,LOW,LOW,LOW,MEDIUM,MEDIUM,MEDIUM,LOW,NO,JM1
MEDIUM,LOW,LOW,LOW,MEDIUM,MEDIUM,MEDIUM,LOW,NO,JM1
LOW,LOW,LOW,LOW,LOW,LOW,LOW,LOW,NO,JM1
LOW,LOW,LOW,LOW,LOW,LOW,LOW,LOW,NO,JM1
LOW,LOW,LOW,LOW,LOW,LOW,LOW,LOW,NO,JM1
MEDIUM,MEDIUM,LOW,HIGH,MEDIUM,MEDIUM,MEDIUM,MEDIUM,NO,JM1
LOW,LOW,LOW,LOW,LOW,LOW,LOW,LOW,NO,JM1
LOW,LOW,LOW,LOW,LOW,LOW,LOW,LOW,NO,JM1
MEDIUM,MEDIUM,HIGH,MEDIUM,MEDIUM,MEDIUM,MEDIUM,MEDIUM,NO,JM1
LOW,LOW,LOW,LOW,LOW,LOW,LOW,LOW,NO,JM1
MEDIUM,MEDIUM,LOW,HIGH,MEDIUM,MEDIUM,MEDIUM,MEDIUM,NO,JM1
LOW,LOW,LOW,LOW,LOW,LOW,LOW,LOW,NO,JM1
HIGH,LOW,LOW,MEDIUM,HIGH,HIGH,HIGH,LOW,NO,JM1
MEDIUM,LOW,LOW,LOW,MEDIUM,MEDIUM,MEDIUM,LOW,NO,JM1
MEDIUM,LOW,LOW,LOW,MEDIUM,MEDIUM,MEDIUM,LOW,NO,JM1
MEDIUM,LOW,LOW,LOW,MEDIUM,MEDIUM,MEDIUM,LOW,NO,JM1
MEDIUM,LOW,LOW,LOW,MEDIUM,MEDIUM,MEDIUM,LOW,NO,JM1
MEDIUM,LOW,LOW,LOW,MEDIUM,MEDIUM,MEDIUM,LOW,NO,JM1
LOW,LOW,LOW,LOW,LOW,LOW,LOW,LOW,NO,JM1
MEDIUM,LOW,LOW,LOW,MEDIUM,MEDIUM,MEDIUM,LOW,NO,JM1
MEDIUM,LOW,LOW,LOW,MEDIUM,MEDIUM,MEDIUM,LOW,NO,JM1
MEDIUM,LOW,LOW,LOW,MEDIUM,MEDIUM,MEDIUM,LOW,NO,JM1
MEDIUM,LOW,LOW,LOW,MEDIUM,MEDIUM,MEDIUM,LOW,NO,JM1
MEDIUM,LOW,LOW,LOW,MEDIUM,MEDIUM,MEDIUM,LOW,NO,JM1
LOW,LOW,LOW,LOW,LOW,LOW,LOW,LOW,NO,JM1
MEDIUM,HIGH,LOW,HIGH,HIGH,MEDIUM,MEDIUM,MEDIUM,NO,JM1
HIGH,MEDIUM,LOW,MEDIUM,HIGH,HIGH,HIGH,MEDIUM,NO,JM1
LOW,LOW,LOW,LOW,LOW,LOW,LOW,LOW,NO,JM1
LOW,MEDIUM,MEDIUM,MEDIUM,MEDIUM,MEDIUM,MEDIUM,MEDIUM,NO,JM1
HIGH,HIGH,HIGH,HIGH,HIGH,HIGH,HIGH,HIGH,NO,JM1
LOW,LOW,LOW,LOW,LOW,LOW,LOW,LOW,NO,JM1
LOW,LOW,LOW,LOW,LOW,LOW,LOW,LOW,NO,JM1
LOW,LOW,LOW,LOW,LOW,LOW,LOW,LOW,NO,JM1
LOW,LOW,LOW,LOW,LOW,LOW,LOW,LOW,NO,JM1
MEDIUM,MEDIUM,LOW,MEDIUM,MEDIUM,MEDIUM,MEDIUM,MEDIUM,NO,JM1
HIGH,MEDIUM,LOW,HIGH,MEDIUM,HIGH,MEDIUM,MEDIUM,NO,JM1
MEDIUM,LOW,LOW,LOW,MEDIUM,MEDIUM,MEDIUM,LOW,NO,JM1
LOW,LOW,LOW,LOW,LOW,LOW,LOW,LOW,NO,JM1
LOW,LOW,LOW,LOW,LOW,LOW,LOW,LOW,NO,JM1
LOW,LOW,LOW,MEDIUM,LOW,MEDIUM,LOW,LOW,NO,JM1
LOW,LOW,LOW,LOW,LOW,LOW,LOW,LOW,NO,JM1
LOW,LOW,LOW,LOW,LOW,LOW,LOW,LOW,NO,JM1
LOW,LOW,LOW,LOW,LOW,LOW,LOW,LOW,NO,JM1
LOW,LOW,LOW,LOW,LOW,LOW,LOW,LOW,NO,JM1
LOW,LOW,LOW,LOW,LOW,LOW,LOW,LOW,NO,JM1
LOW,LOW,LOW,LOW,LOW,LOW,LOW,LOW,NO,JM1
LOW,LOW,LOW,LOW,LOW,LOW,LOW,LOW,NO,JM1
LOW,LOW,LOW,LOW,LOW,LOW,LOW,LOW,NO,JM1
MEDIUM,LOW,LOW,MEDIUM,LOW,MEDIUM,LOW,LOW,NO,JM1
LOW,LOW,LOW,LOW,LOW,LOW,LOW,LOW,NO,JM1
LOW,LOW,LOW,LOW,LOW,LOW,LOW,LOW,NO,JM1
LOW,LOW,LOW,LOW,LOW,MEDIUM,LOW,LOW,NO,JM1
LOW,LOW,LOW,LOW,LOW,LOW,LOW,LOW,NO,JM1
LOW,LOW,LOW,LOW,LOW,LOW,LOW,LOW,NO,JM1
LOW,LOW,LOW,LOW,LOW,LOW,LOW,LOW,NO,JM1
MEDIUM,MEDIUM,LOW,MEDIUM,MEDIUM,HIGH,HIGH,MEDIUM,NO,JM1
MEDIUM,MEDIUM,HIGH,LOW,MEDIUM,HIGH,MEDIUM,MEDIUM,NO,JM1
LOW,MEDIUM,HIGH,LOW,MEDIUM,HIGH,MEDIUM,MEDIUM,NO,JM1
LOW,LOW,MEDIUM,LOW,LOW,MEDIUM,LOW,LOW,NO,JM1
LOW,LOW,MEDIUM,LOW,LOW,HIGH,MEDIUM,LOW,NO,JM1
LOW,LOW,LOW,LOW,LOW,LOW,LOW,LOW,NO,JM1
LOW,LOW,LOW,LOW,LOW,LOW,LOW,LOW,NO,JM1
LOW,LOW,MEDIUM,LOW,LOW,MEDIUM,LOW,LOW,NO,JM1
HIGH,MEDIUM,LOW,MEDIUM,HIGH,HIGH,HIGH,MEDIUM,NO,JM1
HIGH,HIGH,LOW,HIGH,HIGH,HIGH,HIGH,HIGH,NO,JM1
HIGH,HIGH,HIGH,HIGH,HIGH,HIGH,HIGH,HIGH,NO,JM1
HIGH,HIGH,HIGH,HIGH,HIGH,HIGH,HIGH,HIGH,NO,JM1
HIGH,HIGH,HIGH,HIGH,HIGH,HIGH,HIGH,HIGH,NO,JM1
HIGH,HIGH,HIGH,HIGH,HIGH,HIGH,HIGH,HIGH,NO,JM1
HIGH,HIGH,HIGH,HIGH,HIGH,HIGH,HIGH,HIGH,NO,JM1
MEDIUM,MEDIUM,LOW,MEDIUM,MEDIUM,MEDIUM,MEDIUM,MEDIUM,NO,JM1
MEDIUM,LOW,LOW,MEDIUM,MEDIUM,MEDIUM,MEDIUM,LOW,NO,JM1
MEDIUM,LOW,LOW,MEDIUM,MEDIUM,MEDIUM,MEDIUM,LOW,NO,JM1
HIGH,MEDIUM,LOW,MEDIUM,HIGH,MEDIUM,MEDIUM,MEDIUM,NO,JM1
LOW,LOW,LOW,LOW,LOW,LOW,LOW,LOW,NO,JM1
HIGH,MEDIUM,MEDIUM,HIGH,HIGH,MEDIUM,HIGH,MEDIUM,NO,JM1
LOW,MEDIUM,LOW,MEDIUM,LOW,LOW,LOW,MEDIUM,NO,JM1
LOW,LOW,LOW,LOW,LOW,LOW,LOW,LOW,NO,JM1
MEDIUM,MEDIUM,HIGH,MEDIUM,HIGH,HIGH,HIGH,MEDIUM,NO,JM1
LOW,LOW,LOW,LOW,LOW,LOW,LOW,LOW,NO,JM1
LOW,LOW,LOW,LOW,LOW,LOW,LOW,LOW,NO,JM1
HIGH,HIGH,HIGH,LOW,HIGH,HIGH,HIGH,HIGH,NO,JM1
HIGH,HIGH,HIGH,LOW,HIGH,HIGH,HIGH,HIGH,NO,JM1
HIGH,HIGH,HIGH,LOW,MEDIUM,HIGH,HIGH,HIGH,NO,JM1
HIGH,HIGH,HIGH,MEDIUM,HIGH,HIGH,HIGH,HIGH,NO,JM1
HIGH,HIGH,HIGH,HIGH,HIGH,HIGH,HIGH,HIGH,NO,JM1
HIGH,HIGH,LOW,HIGH,HIGH,HIGH,HIGH,HIGH,NO,JM1
HIGH,MEDIUM,LOW,LOW,HIGH,HIGH,HIGH,MEDIUM,NO,JM1
HIGH,HIGH,HIGH,LOW,HIGH,HIGH,HIGH,HIGH,NO,JM1
HIGH,MEDIUM,LOW,MEDIUM,HIGH,HIGH,HIGH,MEDIUM,NO,JM1
LOW,LOW,LOW,LOW,LOW,LOW,LOW,LOW,NO,JM1
HIGH,HIGH,LOW,HIGH,HIGH,MEDIUM,HIGH,HIGH,NO,JM1
LOW,LOW,LOW,LOW,LOW,MEDIUM,LOW,LOW,NO,JM1
LOW,LOW,LOW,LOW,LOW,LOW,LOW,LOW,NO,JM1
LOW,LOW,LOW,LOW,LOW,LOW,LOW,LOW,NO,JM1
LOW,LOW,LOW,LOW,LOW,LOW,LOW,LOW,NO,JM1
MEDIUM,MEDIUM,LOW,MEDIUM,MEDIUM,HIGH,MEDIUM,MEDIUM,NO,JM1
LOW,LOW,MEDIUM,LOW,LOW,MEDIUM,LOW,LOW,NO,JM1
MEDIUM,LOW,LOW,LOW,LOW,LOW,LOW,LOW,NO,JM1
MEDIUM,MEDIUM,LOW,MEDIUM,MEDIUM,HIGH,HIGH,MEDIUM,NO,JM1
MEDIUM,LOW,LOW,LOW,LOW,LOW,LOW,LOW,NO,JM1
MEDIUM,MEDIUM,LOW,MEDIUM,MEDIUM,HIGH,HIGH,MEDIUM,NO,JM1
LOW,LOW,LOW,LOW,LOW,LOW,LOW,LOW,NO,JM1
LOW,LOW,LOW,LOW,LOW,LOW,LOW,LOW,NO,JM1
LOW,LOW,LOW,LOW,LOW,LOW,LOW,LOW,NO,JM1
MEDIUM,LOW,LOW,LOW,MEDIUM,MEDIUM,MEDIUM,LOW,NO,JM1
LOW,MEDIUM,LOW,MEDIUM,MEDIUM,LOW,MEDIUM,MEDIUM,NO,JM1
LOW,LOW,LOW,LOW,LOW,LOW,LOW,LOW,NO,JM1
HIGH,MEDIUM,LOW,LOW,MEDIUM,HIGH,HIGH,MEDIUM,NO,JM1
LOW,LOW,LOW,LOW,LOW,MEDIUM,LOW,LOW,NO,JM1
LOW,LOW,LOW,LOW,MEDIUM,MEDIUM,MEDIUM,LOW,NO,JM1
LOW,LOW,MEDIUM,LOW,MEDIUM,MEDIUM,MEDIUM,LOW,NO,JM1
HIGH,MEDIUM,LOW,MEDIUM,HIGH,HIGH,HIGH,MEDIUM,NO,JM1
MEDIUM,MEDIUM,HIGH,MEDIUM,HIGH,MEDIUM,MEDIUM,MEDIUM,NO,JM1
LOW,LOW,LOW,LOW,LOW,LOW,LOW,LOW,NO,JM1
LOW,LOW,LOW,LOW,LOW,LOW,LOW,LOW,NO,JM1
HIGH,MEDIUM,HIGH,MEDIUM,HIGH,HIGH,HIGH,MEDIUM,NO,JM1
LOW,LOW,LOW,LOW,LOW,LOW,LOW,LOW,NO,JM1
HIGH,HIGH,HIGH,HIGH,HIGH,HIGH,HIGH,HIGH,NO,JM1
MEDIUM,LOW,LOW,MEDIUM,MEDIUM,MEDIUM,MEDIUM,LOW,NO,JM1
MEDIUM,MEDIUM,LOW,MEDIUM,MEDIUM,MEDIUM,MEDIUM,MEDIUM,NO,JM1
MEDIUM,LOW,LOW,LOW,LOW,LOW,LOW,LOW,NO,JM1
HIGH,LOW,LOW,LOW,HIGH,MEDIUM,HIGH,LOW,NO,JM1
LOW,MEDIUM,LOW,MEDIUM,LOW,LOW,LOW,MEDIUM,NO,JM1
MEDIUM,MEDIUM,LOW,LOW,LOW,LOW,LOW,LOW,NO,JM1
LOW,LOW,LOW,LOW,MEDIUM,LOW,LOW,LOW,NO,JM1
MEDIUM,LOW,LOW,MEDIUM,LOW,LOW,LOW,LOW,NO,JM1
MEDIUM,MEDIUM,LOW,MEDIUM,MEDIUM,MEDIUM,MEDIUM,MEDIUM,NO,JM1
MEDIUM,MEDIUM,LOW,LOW,MEDIUM,MEDIUM,MEDIUM,MEDIUM,NO,JM1
LOW,LOW,LOW,LOW,LOW,LOW,LOW,LOW,NO,JM1
MEDIUM,LOW,LOW,LOW,MEDIUM,MEDIUM,MEDIUM,LOW,NO,JM1
LOW,LOW,LOW,LOW,LOW,LOW,LOW,LOW,NO,JM1
LOW,LOW,LOW,LOW,LOW,LOW,LOW,LOW,NO,JM1
MEDIUM,LOW,LOW,LOW,MEDIUM,MEDIUM,MEDIUM,LOW,NO,JM1
MEDIUM,LOW,LOW,LOW,HIGH,MEDIUM,HIGH,LOW,NO,JM1
MEDIUM,LOW,LOW,LOW,MEDIUM,MEDIUM,MEDIUM,LOW,NO,JM1
MEDIUM,LOW,LOW,LOW,MEDIUM,MEDIUM,MEDIUM,LOW,NO,JM1
LOW,LOW,LOW,LOW,LOW,LOW,LOW,LOW,NO,JM1
LOW,LOW,LOW,LOW,LOW,LOW,LOW,LOW,NO,JM1
MEDIUM,MEDIUM,HIGH,MEDIUM,MEDIUM,MEDIUM,MEDIUM,MEDIUM,NO,JM1
LOW,LOW,LOW,LOW,MEDIUM,MEDIUM,MEDIUM,LOW,NO,JM1
LOW,LOW,LOW,LOW,LOW,LOW,LOW,LOW,NO,JM1
LOW,LOW,LOW,LOW,MEDIUM,LOW,LOW,LOW,NO,JM1
MEDIUM,LOW,LOW,LOW,MEDIUM,LOW,MEDIUM,LOW,NO,JM1
LOW,LOW,LOW,LOW,MEDIUM,MEDIUM,MEDIUM,LOW,NO,JM1
MEDIUM,LOW,LOW,MEDIUM,MEDIUM,LOW,MEDIUM,LOW,NO,JM1
HIGH,HIGH,LOW,MEDIUM,HIGH,HIGH,HIGH,HIGH,NO,JM1
HIGH,MEDIUM,HIGH,MEDIUM,HIGH,HIGH,HIGH,MEDIUM,NO,JM1
HIGH,HIGH,HIGH,HIGH,HIGH,HIGH,HIGH,HIGH,NO,JM1
MEDIUM,LOW,LOW,LOW,LOW,LOW,LOW,LOW,NO,JM1
MEDIUM,LOW,LOW,LOW,MEDIUM,MEDIUM,MEDIUM,LOW,NO,JM1
LOW,LOW,LOW,LOW,MEDIUM,MEDIUM,MEDIUM,LOW,NO,JM1
MEDIUM,LOW,LOW,LOW,LOW,LOW,LOW,LOW,NO,JM1
MEDIUM,LOW,LOW,LOW,LOW,LOW,LOW,LOW,NO,JM1
HIGH,HIGH,LOW,HIGH,HIGH,HIGH,HIGH,HIGH,NO,JM1
LOW,LOW,LOW,LOW,MEDIUM,MEDIUM,MEDIUM,LOW,NO,JM1
MEDIUM,MEDIUM,LOW,MEDIUM,MEDIUM,MEDIUM,MEDIUM,MEDIUM,NO,JM1
MEDIUM,HIGH,HIGH,HIGH,MEDIUM,HIGH,HIGH,HIGH,NO,JM1
LOW,LOW,LOW,LOW,LOW,LOW,LOW,LOW,NO,JM1
LOW,LOW,LOW,LOW,LOW,LOW,LOW,LOW,NO,JM1
HIGH,HIGH,HIGH,HIGH,HIGH,HIGH,HIGH,HIGH,NO,JM1
LOW,LOW,LOW,LOW,LOW,LOW,LOW,LOW,NO,JM1
LOW,LOW,LOW,LOW,LOW,LOW,LOW,LOW,NO,JM1
MEDIUM,HIGH,HIGH,LOW,LOW,LOW,LOW,HIGH,NO,JM1
HIGH,HIGH,LOW,HIGH,LOW,LOW,LOW,MEDIUM,NO,JM1
MEDIUM,MEDIUM,LOW,LOW,MEDIUM,MEDIUM,MEDIUM,MEDIUM,NO,JM1
LOW,LOW,LOW,LOW,LOW,LOW,LOW,LOW,NO,JM1
MEDIUM,LOW,LOW,LOW,MEDIUM,MEDIUM,MEDIUM,LOW,NO,JM1
LOW,LOW,LOW,LOW,LOW,LOW,LOW,LOW,NO,JM1
MEDIUM,LOW,LOW,LOW,MEDIUM,MEDIUM,MEDIUM,LOW,NO,JM1
MEDIUM,LOW,LOW,LOW,MEDIUM,LOW,MEDIUM,LOW,NO,JM1
MEDIUM,HIGH,HIGH,LOW,MEDIUM,MEDIUM,MEDIUM,HIGH,NO,JM1
HIGH,HIGH,HIGH,HIGH,LOW,LOW,LOW,HIGH,NO,JM1
LOW,LOW,LOW,LOW,LOW,LOW,LOW,LOW,NO,JM1
LOW,LOW,LOW,LOW,MEDIUM,MEDIUM,MEDIUM,LOW,NO,JM1
HIGH,HIGH,HIGH,MEDIUM,HIGH,HIGH,HIGH,HIGH,NO,JM1
HIGH,HIGH,HIGH,MEDIUM,MEDIUM,HIGH,HIGH,HIGH,NO,JM1
HIGH,HIGH,MEDIUM,HIGH,HIGH,HIGH,HIGH,HIGH,NO,JM1
HIGH,HIGH,HIGH,HIGH,HIGH,HIGH,HIGH,HIGH,NO,JM1
MEDIUM,LOW,LOW,MEDIUM,MEDIUM,HIGH,MEDIUM,LOW,NO,JM1
LOW,LOW,LOW,LOW,LOW,LOW,LOW,LOW,NO,JM1
MEDIUM,HIGH,HIGH,MEDIUM,MEDIUM,HIGH,MEDIUM,HIGH,NO,JM1
MEDIUM,HIGH,HIGH,MEDIUM,MEDIUM,HIGH,MEDIUM,HIGH,NO,JM1
LOW,LOW,LOW,LOW,LOW,LOW,LOW,LOW,NO,JM1
HIGH,HIGH,HIGH,LOW,HIGH,HIGH,HIGH,HIGH,NO,JM1
MEDIUM,LOW,LOW,LOW,MEDIUM,LOW,LOW,LOW,NO,JM1
LOW,LOW,LOW,LOW,LOW,MEDIUM,MEDIUM,LOW,NO,JM1
LOW,LOW,LOW,LOW,LOW,LOW,LOW,LOW,NO,JM1
LOW,LOW,LOW,LOW,LOW,MEDIUM,LOW,LOW,NO,JM1
LOW,LOW,LOW,LOW,LOW,MEDIUM,MEDIUM,LOW,NO,JM1
LOW,LOW,LOW,LOW,LOW,LOW,LOW,LOW,NO,JM1
LOW,LOW,LOW,LOW,LOW,HIGH,MEDIUM,LOW,NO,JM1
LOW,LOW,LOW,LOW,LOW,LOW,LOW,LOW,NO,JM1
LOW,LOW,LOW,LOW,LOW,LOW,LOW,LOW,NO,JM1
MEDIUM,MEDIUM,LOW,MEDIUM,MEDIUM,HIGH,HIGH,MEDIUM,NO,JM1
LOW,MEDIUM,HIGH,LOW,LOW,MEDIUM,LOW,MEDIUM,NO,JM1
HIGH,HIGH,HIGH,HIGH,HIGH,HIGH,HIGH,HIGH,NO,JM1
HIGH,HIGH,LOW,HIGH,HIGH,HIGH,HIGH,HIGH,NO,JM1
HIGH,HIGH,MEDIUM,HIGH,LOW,LOW,LOW,HIGH,NO,JM1
HIGH,HIGH,LOW,LOW,HIGH,MEDIUM,HIGH,HIGH,NO,JM1
MEDIUM,LOW,LOW,MEDIUM,LOW,LOW,LOW,LOW,NO,JM1
MEDIUM,MEDIUM,HIGH,HIGH,MEDIUM,MEDIUM,MEDIUM,MEDIUM,NO,JM1
HIGH,HIGH,HIGH,HIGH,HIGH,HIGH,HIGH,HIGH,NO,JM1
LOW,LOW,LOW,LOW,LOW,LOW,LOW,LOW,NO,JM1
MEDIUM,MEDIUM,LOW,MEDIUM,MEDIUM,MEDIUM,MEDIUM,MEDIUM,NO,JM1
MEDIUM,HIGH,HIGH,MEDIUM,LOW,LOW,LOW,HIGH,NO,JM1
HIGH,HIGH,LOW,LOW,HIGH,HIGH,HIGH,HIGH,NO,JM1
LOW,LOW,LOW,LOW,LOW,LOW,LOW,LOW,NO,JM1
HIGH,HIGH,HIGH,HIGH,LOW,LOW,LOW,HIGH,NO,JM1
LOW,LOW,LOW,LOW,LOW,LOW,LOW,LOW,NO,JM1
LOW,LOW,LOW,LOW,LOW,LOW,LOW,LOW,NO,JM1
LOW,MEDIUM,MEDIUM,LOW,LOW,MEDIUM,LOW,MEDIUM,NO,JM1
MEDIUM,MEDIUM,HIGH,LOW,MEDIUM,HIGH,MEDIUM,MEDIUM,NO,JM1
MEDIUM,MEDIUM,LOW,LOW,MEDIUM,MEDIUM,MEDIUM,MEDIUM,NO,JM1
LOW,LOW,LOW,LOW,LOW,LOW,LOW,LOW,NO,JM1
LOW,LOW,LOW,LOW,LOW,LOW,LOW,LOW,NO,JM1
LOW,LOW,LOW,LOW,LOW,LOW,LOW,LOW,NO,JM1
LOW,LOW,LOW,LOW,LOW,LOW,LOW,LOW,NO,JM1
MEDIUM,LOW,LOW,MEDIUM,MEDIUM,MEDIUM,MEDIUM,LOW,NO,JM1
LOW,LOW,LOW,LOW,LOW,LOW,LOW,LOW,NO,JM1
LOW,MEDIUM,LOW,MEDIUM,LOW,LOW,LOW,MEDIUM,NO,JM1
LOW,LOW,LOW,LOW,LOW,LOW,LOW,LOW,NO,JM1
MEDIUM,MEDIUM,HIGH,HIGH,HIGH,HIGH,HIGH,MEDIUM,NO,JM1
MEDIUM,LOW,LOW,MEDIUM,HIGH,MEDIUM,MEDIUM,LOW,NO,JM1
MEDIUM,MEDIUM,LOW,HIGH,MEDIUM,MEDIUM,MEDIUM,MEDIUM,NO,JM1
HIGH,HIGH,HIGH,HIGH,HIGH,HIGH,HIGH,HIGH,NO,JM1
MEDIUM,MEDIUM,MEDIUM,MEDIUM,MEDIUM,HIGH,MEDIUM,MEDIUM,NO,JM1
MEDIUM,MEDIUM,MEDIUM,MEDIUM,MEDIUM,HIGH,HIGH,MEDIUM,NO,JM1
MEDIUM,MEDIUM,LOW,HIGH,MEDIUM,MEDIUM,MEDIUM,MEDIUM,NO,JM1
LOW,LOW,LOW,LOW,LOW,LOW,LOW,LOW,NO,JM1
LOW,LOW,LOW,LOW,LOW,LOW,LOW,LOW,NO,JM1
LOW,LOW,LOW,LOW,LOW,LOW,LOW,LOW,NO,JM1
LOW,MEDIUM,HIGH,MEDIUM,MEDIUM,MEDIUM,MEDIUM,MEDIUM,NO,JM1
MEDIUM,LOW,LOW,MEDIUM,MEDIUM,MEDIUM,MEDIUM,LOW,NO,JM1
MEDIUM,LOW,LOW,LOW,MEDIUM,MEDIUM,MEDIUM,LOW,NO,JM1
MEDIUM,MEDIUM,LOW,LOW,MEDIUM,HIGH,MEDIUM,MEDIUM,NO,JM1
MEDIUM,HIGH,HIGH,LOW,LOW,LOW,LOW,HIGH,NO,JM1
LOW,LOW,LOW,LOW,LOW,LOW,LOW,LOW,NO,JM1
LOW,LOW,LOW,LOW,LOW,LOW,LOW,LOW,NO,JM1
MEDIUM,MEDIUM,LOW,LOW,LOW,LOW,LOW,MEDIUM,NO,JM1
LOW,LOW,LOW,LOW,LOW,LOW,LOW,LOW,NO,JM1
LOW,LOW,MEDIUM,LOW,LOW,MEDIUM,LOW,LOW,NO,JM1
HIGH,MEDIUM,LOW,HIGH,MEDIUM,MEDIUM,MEDIUM,MEDIUM,NO,JM1
LOW,LOW,LOW,LOW,LOW,LOW,LOW,LOW,NO,JM1
LOW,LOW,LOW,LOW,LOW,MEDIUM,LOW,LOW,NO,JM1
LOW,LOW,LOW,LOW,LOW,LOW,LOW,LOW,NO,JM1
LOW,LOW,LOW,LOW,LOW,LOW,LOW,LOW,NO,JM1
LOW,LOW,LOW,LOW,LOW,LOW,LOW,LOW,NO,JM1
LOW,LOW,LOW,LOW,LOW,LOW,LOW,LOW,NO,JM1
HIGH,HIGH,HIGH,HIGH,LOW,LOW,LOW,HIGH,NO,JM1
LOW,LOW,LOW,LOW,LOW,LOW,LOW,LOW,NO,JM1
LOW,LOW,LOW,LOW,LOW,LOW,LOW,LOW,NO,JM1
MEDIUM,HIGH,HIGH,HIGH,LOW,LOW,LOW,HIGH,NO,JM1
MEDIUM,HIGH,HIGH,LOW,MEDIUM,HIGH,HIGH,HIGH,NO,JM1
MEDIUM,HIGH,HIGH,MEDIUM,MEDIUM,HIGH,HIGH,HIGH,NO,JM1
HIGH,HIGH,HIGH,HIGH,HIGH,HIGH,HIGH,HIGH,NO,JM1
MEDIUM,LOW,MEDIUM,LOW,MEDIUM,MEDIUM,MEDIUM,LOW,NO,JM1
LOW,LOW,LOW,LOW,LOW,LOW,LOW,LOW,NO,JM1
HIGH,MEDIUM,LOW,MEDIUM,LOW,LOW,LOW,MEDIUM,NO,JM1
HIGH,MEDIUM,LOW,MEDIUM,LOW,LOW,LOW,MEDIUM,NO,JM1
HIGH,MEDIUM,LOW,MEDIUM,LOW,LOW,LOW,MEDIUM,NO,JM1
MEDIUM,LOW,LOW,MEDIUM,MEDIUM,LOW,MEDIUM,LOW,NO,JM1
MEDIUM,LOW,LOW,LOW,MEDIUM,MEDIUM,MEDIUM,LOW,NO,JM1
MEDIUM,LOW,LOW,LOW,MEDIUM,MEDIUM,MEDIUM,LOW,NO,JM1
LOW,LOW,LOW,LOW,LOW,LOW,LOW,LOW,NO,JM1
LOW,MEDIUM,LOW,MEDIUM,MEDIUM,MEDIUM,MEDIUM,MEDIUM,NO,JM1
LOW,LOW,LOW,LOW,LOW,LOW,LOW,LOW,NO,JM1
LOW,LOW,LOW,LOW,LOW,LOW,LOW,LOW,NO,JM1
MEDIUM,MEDIUM,LOW,MEDIUM,LOW,LOW,LOW,MEDIUM,NO,JM1
MEDIUM,LOW,LOW,MEDIUM,MEDIUM,MEDIUM,MEDIUM,LOW,NO,JM1
MEDIUM,LOW,LOW,LOW,LOW,LOW,LOW,LOW,NO,JM1
MEDIUM,LOW,LOW,MEDIUM,MEDIUM,MEDIUM,MEDIUM,LOW,NO,JM1
LOW,MEDIUM,LOW,LOW,LOW,LOW,LOW,LOW,NO,JM1
MEDIUM,MEDIUM,LOW,LOW,MEDIUM,MEDIUM,MEDIUM,MEDIUM,NO,JM1
LOW,LOW,LOW,LOW,LOW,LOW,LOW,LOW,NO,JM1
LOW,LOW,LOW,LOW,LOW,LOW,LOW,LOW,NO,JM1
LOW,LOW,LOW,LOW,LOW,LOW,LOW,LOW,NO,JM1
HIGH,HIGH,HIGH,MEDIUM,HIGH,HIGH,HIGH,HIGH,NO,JM1
LOW,LOW,LOW,LOW,LOW,LOW,LOW,LOW,NO,JM1
MEDIUM,MEDIUM,LOW,LOW,LOW,LOW,LOW,MEDIUM,NO,JM1
LOW,LOW,LOW,LOW,LOW,LOW,LOW,LOW,NO,JM1
LOW,LOW,LOW,LOW,LOW,LOW,LOW,LOW,NO,JM1
LOW,LOW,LOW,LOW,LOW,LOW,LOW,LOW,NO,JM1
LOW,LOW,LOW,LOW,LOW,LOW,LOW,LOW,NO,JM1
MEDIUM,LOW,LOW,MEDIUM,MEDIUM,MEDIUM,MEDIUM,LOW,NO,JM1
MEDIUM,LOW,LOW,MEDIUM,LOW,LOW,LOW,LOW,NO,JM1
MEDIUM,LOW,LOW,MEDIUM,HIGH,MEDIUM,MEDIUM,LOW,NO,JM1
HIGH,HIGH,LOW,HIGH,HIGH,HIGH,HIGH,HIGH,NO,JM1
LOW,LOW,LOW,LOW,LOW,LOW,LOW,LOW,NO,JM1
LOW,LOW,LOW,LOW,LOW,LOW,LOW,LOW,NO,JM1
LOW,LOW,LOW,LOW,LOW,LOW,LOW,LOW,NO,JM1
LOW,LOW,LOW,LOW,LOW,LOW,LOW,LOW,NO,JM1
HIGH,HIGH,HIGH,HIGH,HIGH,HIGH,HIGH,HIGH,NO,JM1
HIGH,HIGH,LOW,HIGH,HIGH,HIGH,HIGH,HIGH,NO,JM1
LOW,LOW,LOW,LOW,LOW,LOW,LOW,LOW,NO,JM1
LOW,LOW,LOW,LOW,LOW,LOW,LOW,LOW,NO,JM1
MEDIUM,MEDIUM,LOW,LOW,MEDIUM,MEDIUM,MEDIUM,MEDIUM,NO,JM1
LOW,LOW,MEDIUM,LOW,MEDIUM,MEDIUM,MEDIUM,LOW,NO,JM1
MEDIUM,MEDIUM,HIGH,MEDIUM,MEDIUM,MEDIUM,MEDIUM,MEDIUM,NO,JM1
LOW,LOW,LOW,LOW,MEDIUM,MEDIUM,MEDIUM,LOW,NO,JM1
HIGH,HIGH,HIGH,HIGH,LOW,LOW,LOW,HIGH,NO,JM1
HIGH,HIGH,LOW,HIGH,HIGH,HIGH,HIGH,HIGH,NO,JM1
LOW,LOW,LOW,LOW,LOW,LOW,LOW,LOW,NO,JM1
MEDIUM,LOW,LOW,MEDIUM,MEDIUM,MEDIUM,MEDIUM,LOW,NO,JM1
HIGH,HIGH,HIGH,HIGH,HIGH,MEDIUM,HIGH,HIGH,NO,JM1
HIGH,HIGH,HIGH,HIGH,HIGH,HIGH,HIGH,HIGH,NO,JM1
LOW,LOW,LOW,MEDIUM,LOW,LOW,LOW,LOW,NO,JM1
LOW,LOW,MEDIUM,LOW,LOW,LOW,LOW,LOW,NO,JM1
LOW,MEDIUM,HIGH,MEDIUM,LOW,MEDIUM,LOW,MEDIUM,NO,JM1
LOW,MEDIUM,HIGH,MEDIUM,LOW,MEDIUM,LOW,MEDIUM,NO,JM1
LOW,LOW,LOW,MEDIUM,LOW,LOW,LOW,LOW,NO,JM1
LOW,LOW,LOW,LOW,LOW,MEDIUM,MEDIUM,LOW,NO,JM1
LOW,LOW,LOW,LOW,LOW,LOW,LOW,LOW,NO,JM1
LOW,LOW,LOW,LOW,LOW,LOW,LOW,LOW,NO,JM1
LOW,LOW,LOW,LOW,LOW,LOW,LOW,LOW,NO,JM1
LOW,LOW,LOW,LOW,LOW,LOW,LOW,LOW,NO,JM1
HIGH,MEDIUM,MEDIUM,MEDIUM,HIGH,HIGH,HIGH,MEDIUM,NO,JM1
LOW,LOW,LOW,LOW,LOW,LOW,LOW,LOW,NO,JM1
HIGH,HIGH,HIGH,HIGH,HIGH,HIGH,HIGH,HIGH,NO,JM1
MEDIUM,MEDIUM,LOW,HIGH,MEDIUM,MEDIUM,MEDIUM,MEDIUM,NO,JM1
MEDIUM,LOW,LOW,MEDIUM,MEDIUM,MEDIUM,MEDIUM,LOW,NO,JM1
MEDIUM,HIGH,MEDIUM,LOW,MEDIUM,MEDIUM,MEDIUM,HIGH,NO,JM1
MEDIUM,MEDIUM,HIGH,LOW,HIGH,HIGH,HIGH,MEDIUM,NO,JM1
LOW,LOW,LOW,LOW,LOW,MEDIUM,LOW,LOW,NO,JM1
LOW,LOW,LOW,LOW,LOW,MEDIUM,LOW,LOW,NO,JM1
LOW,LOW,LOW,LOW,LOW,LOW,LOW,LOW,NO,JM1
LOW,LOW,LOW,LOW,LOW,LOW,LOW,LOW,NO,JM1
MEDIUM,HIGH,HIGH,MEDIUM,LOW,LOW,LOW,HIGH,NO,JM1
HIGH,HIGH,LOW,LOW,LOW,LOW,LOW,HIGH,NO,JM1
LOW,LOW,LOW,LOW,LOW,LOW,LOW,LOW,NO,JM1
LOW,LOW,LOW,LOW,LOW,LOW,LOW,LOW,NO,JM1
LOW,LOW,LOW,LOW,LOW,LOW,LOW,LOW,NO,JM1
LOW,LOW,LOW,LOW,MEDIUM,LOW,LOW,LOW,NO,JM1
LOW,LOW,LOW,LOW,LOW,LOW,LOW,LOW,NO,JM1
LOW,LOW,LOW,LOW,LOW,LOW,LOW,LOW,NO,JM1
LOW,LOW,LOW,LOW,MEDIUM,LOW,MEDIUM,LOW,NO,JM1
LOW,LOW,LOW,LOW,LOW,LOW,LOW,LOW,NO,JM1
MEDIUM,MEDIUM,HIGH,MEDIUM,MEDIUM,MEDIUM,MEDIUM,MEDIUM,NO,JM1
LOW,MEDIUM,HIGH,HIGH,MEDIUM,MEDIUM,MEDIUM,MEDIUM,NO,JM1
MEDIUM,LOW,LOW,LOW,LOW,LOW,LOW,LOW,NO,JM1
LOW,LOW,LOW,LOW,LOW,LOW,LOW,LOW,NO,JM1
LOW,LOW,LOW,LOW,LOW,LOW,LOW,LOW,NO,JM1
LOW,LOW,LOW,LOW,LOW,LOW,LOW,LOW,NO,JM1
LOW,LOW,LOW,LOW,LOW,LOW,LOW,LOW,NO,JM1
HIGH,LOW,LOW,MEDIUM,HIGH,LOW,MEDIUM,LOW,NO,JM1
LOW,LOW,LOW,LOW,LOW,LOW,LOW,LOW,NO,JM1
LOW,LOW,LOW,LOW,LOW,LOW,LOW,LOW,NO,JM1
LOW,LOW,LOW,LOW,LOW,LOW,LOW,LOW,NO,JM1
LOW,LOW,LOW,LOW,LOW,LOW,LOW,LOW,NO,JM1
LOW,MEDIUM,LOW,MEDIUM,MEDIUM,LOW,MEDIUM,MEDIUM,NO,JM1
LOW,LOW,LOW,LOW,LOW,LOW,LOW,LOW,NO,JM1
LOW,LOW,LOW,LOW,LOW,LOW,LOW,LOW,NO,JM1
LOW,LOW,MEDIUM,LOW,LOW,LOW,LOW,LOW,NO,JM1
LOW,LOW,LOW,LOW,LOW,LOW,LOW,LOW,NO,JM1
LOW,LOW,LOW,LOW,LOW,LOW,LOW,LOW,NO,JM1
LOW,MEDIUM,MEDIUM,LOW,LOW,LOW,LOW,MEDIUM,NO,JM1
LOW,MEDIUM,MEDIUM,LOW,LOW,MEDIUM,MEDIUM,MEDIUM,NO,JM1
LOW,LOW,LOW,LOW,LOW,LOW,LOW,LOW,NO,JM1
LOW,LOW,LOW,LOW,MEDIUM,LOW,LOW,LOW,NO,JM1
LOW,MEDIUM,MEDIUM,LOW,LOW,LOW,LOW,MEDIUM,NO,JM1
LOW,LOW,LOW,LOW,LOW,LOW,LOW,LOW,NO,JM1
LOW,LOW,MEDIUM,LOW,LOW,MEDIUM,LOW,LOW,NO,JM1
LOW,LOW,MEDIUM,LOW,LOW,LOW,LOW,LOW,NO,JM1
MEDIUM,HIGH,LOW,HIGH,HIGH,HIGH,HIGH,HIGH,NO,JM1
MEDIUM,HIGH,LOW,HIGH,HIGH,HIGH,HIGH,HIGH,NO,JM1
LOW,MEDIUM,HIGH,LOW,LOW,MEDIUM,LOW,MEDIUM,NO,JM1
LOW,LOW,LOW,LOW,LOW,LOW,LOW,LOW,NO,JM1
LOW,LOW,LOW,LOW,LOW,LOW,LOW,LOW,NO,JM1
LOW,LOW,LOW,LOW,LOW,LOW,LOW,LOW,NO,JM1
LOW,LOW,LOW,LOW,LOW,MEDIUM,LOW,LOW,NO,JM1
HIGH,HIGH,LOW,HIGH,HIGH,HIGH,HIGH,HIGH,NO,JM1
HIGH,LOW,LOW,LOW,HIGH,HIGH,HIGH,LOW,NO,JM1
LOW,LOW,LOW,LOW,LOW,LOW,LOW,LOW,NO,JM1
LOW,LOW,LOW,LOW,LOW,LOW,LOW,LOW,NO,JM1
LOW,LOW,LOW,LOW,LOW,LOW,LOW,LOW,NO,JM1
LOW,LOW,LOW,LOW,LOW,LOW,LOW,LOW,NO,JM1
LOW,LOW,LOW,LOW,LOW,LOW,LOW,LOW,NO,JM1
LOW,LOW,LOW,LOW,LOW,LOW,LOW,LOW,NO,JM1
MEDIUM,HIGH,HIGH,HIGH,LOW,LOW,LOW,HIGH,NO,JM1
LOW,MEDIUM,LOW,MEDIUM,LOW,LOW,LOW,MEDIUM,NO,JM1
LOW,LOW,LOW,LOW,LOW,LOW,LOW,LOW,NO,JM1
LOW,LOW,LOW,LOW,LOW,LOW,LOW,LOW,NO,JM1
LOW,MEDIUM,LOW,LOW,LOW,LOW,LOW,MEDIUM,NO,JM1
LOW,LOW,LOW,LOW,LOW,LOW,LOW,LOW,NO,JM1
LOW,LOW,LOW,LOW,LOW,LOW,LOW,LOW,NO,JM1
LOW,LOW,LOW,LOW,LOW,LOW,LOW,LOW,NO,JM1
LOW,LOW,LOW,LOW,MEDIUM,MEDIUM,MEDIUM,LOW,NO,JM1
LOW,LOW,LOW,LOW,LOW,LOW,LOW,LOW,NO,JM1
LOW,MEDIUM,LOW,HIGH,MEDIUM,MEDIUM,MEDIUM,MEDIUM,NO,JM1
LOW,LOW,LOW,LOW,LOW,LOW,LOW,LOW,NO,JM1
LOW,LOW,LOW,LOW,LOW,LOW,LOW,LOW,NO,JM1
LOW,LOW,LOW,LOW,LOW,LOW,LOW,LOW,NO,JM1
LOW,LOW,LOW,LOW,LOW,LOW,LOW,LOW,NO,JM1
LOW,LOW,LOW,LOW,LOW,LOW,LOW,LOW,NO,JM1
LOW,MEDIUM,HIGH,MEDIUM,LOW,MEDIUM,MEDIUM,MEDIUM,NO,JM1
LOW,LOW,LOW,LOW,LOW,LOW,LOW,LOW,NO,JM1
LOW,LOW,LOW,LOW,LOW,LOW,LOW,LOW,NO,JM1
LOW,LOW,LOW,LOW,LOW,LOW,LOW,LOW,NO,JM1
HIGH,HIGH,HIGH,HIGH,HIGH,HIGH,HIGH,HIGH,NO,JM1
LOW,LOW,LOW,LOW,LOW,LOW,LOW,LOW,NO,JM1
MEDIUM,MEDIUM,LOW,MEDIUM,MEDIUM,MEDIUM,MEDIUM,LOW,NO,JM1
HIGH,HIGH,LOW,HIGH,HIGH,MEDIUM,HIGH,HIGH,NO,JM1
LOW,LOW,LOW,LOW,LOW,LOW,LOW,LOW,NO,JM1
LOW,LOW,LOW,LOW,LOW,LOW,LOW,LOW,NO,JM1
LOW,LOW,LOW,LOW,LOW,LOW,LOW,LOW,NO,JM1
LOW,LOW,LOW,LOW,LOW,LOW,LOW,LOW,NO,JM1
LOW,LOW,LOW,LOW,LOW,LOW,LOW,LOW,NO,JM1
LOW,LOW,LOW,LOW,LOW,LOW,LOW,LOW,NO,JM1
LOW,HIGH,HIGH,HIGH,MEDIUM,MEDIUM,MEDIUM,HIGH,NO,JM1
LOW,LOW,LOW,MEDIUM,LOW,MEDIUM,LOW,LOW,NO,JM1
LOW,LOW,MEDIUM,LOW,LOW,MEDIUM,LOW,LOW,NO,JM1
LOW,HIGH,HIGH,LOW,LOW,LOW,LOW,HIGH,NO,JM1
MEDIUM,LOW,LOW,LOW,LOW,LOW,LOW,LOW,NO,JM1
LOW,LOW,LOW,LOW,LOW,LOW,LOW,LOW,NO,JM1
HIGH,MEDIUM,LOW,LOW,HIGH,HIGH,HIGH,MEDIUM,NO,JM1
LOW,LOW,LOW,LOW,LOW,LOW,LOW,LOW,NO,JM1
MEDIUM,MEDIUM,MEDIUM,LOW,MEDIUM,HIGH,HIGH,MEDIUM,NO,JM1
LOW,LOW,LOW,LOW,LOW,LOW,LOW,LOW,NO,JM1
LOW,MEDIUM,MEDIUM,LOW,LOW,MEDIUM,LOW,MEDIUM,NO,JM1
LOW,LOW,LOW,LOW,MEDIUM,MEDIUM,MEDIUM,LOW,NO,JM1
LOW,LOW,LOW,LOW,LOW,LOW,LOW,LOW,NO,JM1
LOW,LOW,LOW,LOW,LOW,LOW,LOW,LOW,NO,JM1
LOW,MEDIUM,MEDIUM,MEDIUM,MEDIUM,MEDIUM,MEDIUM,MEDIUM,NO,JM1
HIGH,MEDIUM,LOW,HIGH,MEDIUM,MEDIUM,MEDIUM,MEDIUM,NO,JM1
LOW,LOW,LOW,LOW,LOW,LOW,LOW,LOW,NO,JM1
MEDIUM,MEDIUM,MEDIUM,LOW,MEDIUM,MEDIUM,MEDIUM,MEDIUM,NO,JM1
MEDIUM,LOW,LOW,MEDIUM,MEDIUM,MEDIUM,MEDIUM,LOW,NO,JM1
LOW,LOW,LOW,LOW,LOW,LOW,LOW,LOW,NO,JM1
HIGH,HIGH,HIGH,HIGH,HIGH,HIGH,HIGH,HIGH,NO,JM1
LOW,LOW,LOW,LOW,LOW,LOW,LOW,LOW,NO,JM1
MEDIUM,LOW,LOW,LOW,MEDIUM,LOW,MEDIUM,LOW,NO,JM1
LOW,LOW,LOW,LOW,LOW,LOW,LOW,LOW,NO,JM1
MEDIUM,LOW,LOW,LOW,MEDIUM,LOW,MEDIUM,LOW,NO,JM1
MEDIUM,LOW,LOW,LOW,MEDIUM,LOW,MEDIUM,LOW,NO,JM1
LOW,LOW,LOW,LOW,LOW,LOW,LOW,LOW,NO,JM1
LOW,MEDIUM,HIGH,MEDIUM,MEDIUM,HIGH,MEDIUM,MEDIUM,NO,JM1
MEDIUM,MEDIUM,HIGH,MEDIUM,MEDIUM,MEDIUM,MEDIUM,MEDIUM,NO,JM1
MEDIUM,HIGH,LOW,LOW,MEDIUM,LOW,MEDIUM,HIGH,NO,JM1
LOW,LOW,LOW,LOW,LOW,LOW,LOW,LOW,NO,JM1
LOW,LOW,LOW,LOW,LOW,LOW,LOW,LOW,NO,JM1
HIGH,HIGH,MEDIUM,HIGH,LOW,LOW,LOW,HIGH,NO,JM1
LOW,LOW,MEDIUM,LOW,LOW,LOW,LOW,LOW,NO,JM1
LOW,LOW,LOW,LOW,LOW,LOW,LOW,LOW,NO,JM1
LOW,LOW,LOW,LOW,LOW,LOW,LOW,LOW,NO,JM1
LOW,MEDIUM,HIGH,HIGH,MEDIUM,MEDIUM,MEDIUM,MEDIUM,NO,JM1
LOW,LOW,LOW,LOW,LOW,LOW,LOW,LOW,NO,JM1
MEDIUM,MEDIUM,LOW,LOW,MEDIUM,HIGH,MEDIUM,MEDIUM,NO,JM1
HIGH,MEDIUM,LOW,MEDIUM,HIGH,HIGH,HIGH,MEDIUM,NO,JM1
HIGH,HIGH,HIGH,HIGH,HIGH,HIGH,HIGH,HIGH,NO,JM1
MEDIUM,MEDIUM,LOW,LOW,MEDIUM,LOW,MEDIUM,MEDIUM,NO,JM1
MEDIUM,LOW,LOW,MEDIUM,HIGH,MEDIUM,MEDIUM,LOW,NO,JM1
HIGH,HIGH,HIGH,HIGH,HIGH,HIGH,HIGH,HIGH,NO,JM1
LOW,LOW,LOW,LOW,LOW,LOW,LOW,LOW,NO,JM1
LOW,LOW,LOW,LOW,LOW,LOW,LOW,LOW,NO,JM1
LOW,LOW,LOW,LOW,LOW,LOW,LOW,LOW,NO,JM1
LOW,LOW,LOW,LOW,LOW,LOW,LOW,LOW,NO,JM1
LOW,LOW,LOW,LOW,LOW,LOW,LOW,LOW,NO,JM1
LOW,LOW,LOW,LOW,LOW,LOW,LOW,LOW,NO,JM1
HIGH,MEDIUM,HIGH,LOW,HIGH,HIGH,HIGH,MEDIUM,NO,JM1
HIGH,HIGH,LOW,MEDIUM,HIGH,HIGH,HIGH,HIGH,NO,JM1
LOW,MEDIUM,MEDIUM,LOW,LOW,MEDIUM,MEDIUM,MEDIUM,NO,JM1
HIGH,HIGH,HIGH,HIGH,HIGH,HIGH,HIGH,HIGH,NO,JM1
MEDIUM,HIGH,HIGH,HIGH,MEDIUM,MEDIUM,MEDIUM,HIGH,NO,JM1
LOW,LOW,LOW,LOW,MEDIUM,LOW,LOW,LOW,NO,JM1
HIGH,HIGH,HIGH,HIGH,HIGH,HIGH,HIGH,HIGH,NO,JM1
MEDIUM,HIGH,HIGH,HIGH,HIGH,HIGH,HIGH,HIGH,NO,JM1
LOW,LOW,LOW,LOW,LOW,LOW,LOW,LOW,NO,JM1
LOW,LOW,LOW,LOW,MEDIUM,LOW,LOW,LOW,NO,JM1
HIGH,HIGH,HIGH,HIGH,HIGH,HIGH,HIGH,HIGH,NO,JM1
MEDIUM,HIGH,HIGH,HIGH,HIGH,MEDIUM,MEDIUM,HIGH,NO,JM1
MEDIUM,LOW,LOW,LOW,MEDIUM,LOW,MEDIUM,LOW,NO,JM1
MEDIUM,HIGH,HIGH,HIGH,HIGH,HIGH,HIGH,HIGH,NO,JM1
LOW,LOW,LOW,LOW,MEDIUM,LOW,LOW,LOW,NO,JM1
MEDIUM,LOW,LOW,LOW,MEDIUM,MEDIUM,MEDIUM,LOW,NO,JM1
MEDIUM,LOW,LOW,LOW,MEDIUM,MEDIUM,MEDIUM,LOW,NO,JM1
MEDIUM,LOW,LOW,LOW,MEDIUM,MEDIUM,MEDIUM,LOW,NO,JM1
MEDIUM,MEDIUM,LOW,LOW,MEDIUM,MEDIUM,MEDIUM,MEDIUM,NO,JM1
MEDIUM,MEDIUM,LOW,MEDIUM,MEDIUM,MEDIUM,MEDIUM,MEDIUM,NO,JM1
MEDIUM,MEDIUM,LOW,HIGH,HIGH,HIGH,HIGH,MEDIUM,NO,JM1
LOW,LOW,LOW,LOW,LOW,LOW,LOW,LOW,NO,JM1
LOW,LOW,LOW,LOW,LOW,LOW,LOW,LOW,NO,JM1
LOW,LOW,LOW,LOW,LOW,LOW,LOW,LOW,NO,JM1
LOW,LOW,LOW,LOW,LOW,LOW,LOW,LOW,NO,JM1
MEDIUM,LOW,MEDIUM,LOW,MEDIUM,MEDIUM,MEDIUM,LOW,NO,JM1
HIGH,HIGH,LOW,HIGH,HIGH,HIGH,HIGH,HIGH,NO,JM1
LOW,LOW,LOW,LOW,MEDIUM,MEDIUM,MEDIUM,LOW,NO,JM1
LOW,LOW,LOW,LOW,LOW,LOW,LOW,LOW,NO,JM1
MEDIUM,MEDIUM,LOW,HIGH,MEDIUM,MEDIUM,MEDIUM,MEDIUM,NO,JM1
MEDIUM,MEDIUM,LOW,HIGH,MEDIUM,MEDIUM,MEDIUM,MEDIUM,NO,JM1
LOW,LOW,LOW,LOW,LOW,LOW,LOW,LOW,NO,JM1
LOW,LOW,LOW,LOW,LOW,LOW,LOW,LOW,NO,JM1
LOW,LOW,LOW,LOW,LOW,LOW,LOW,LOW,NO,JM1
LOW,LOW,LOW,LOW,LOW,LOW,LOW,LOW,NO,JM1
LOW,LOW,LOW,LOW,LOW,LOW,LOW,LOW,NO,JM1
LOW,LOW,LOW,LOW,LOW,LOW,LOW,LOW,NO,JM1
LOW,LOW,LOW,LOW,LOW,LOW,LOW,LOW,NO,JM1
LOW,LOW,LOW,LOW,LOW,LOW,LOW,LOW,NO,JM1
LOW,LOW,LOW,LOW,LOW,LOW,LOW,LOW,NO,JM1
LOW,LOW,LOW,LOW,LOW,LOW,LOW,LOW,NO,JM1
LOW,LOW,LOW,LOW,LOW,LOW,LOW,LOW,NO,JM1
LOW,LOW,LOW,LOW,MEDIUM,LOW,LOW,LOW,NO,JM1
LOW,LOW,LOW,LOW,MEDIUM,LOW,LOW,LOW,NO,JM1
LOW,LOW,LOW,LOW,LOW,LOW,LOW,LOW,NO,JM1
MEDIUM,MEDIUM,HIGH,MEDIUM,HIGH,MEDIUM,MEDIUM,MEDIUM,NO,JM1
MEDIUM,HIGH,LOW,HIGH,MEDIUM,LOW,LOW,HIGH,NO,JM1
LOW,LOW,LOW,LOW,LOW,LOW,LOW,LOW,NO,JM1
LOW,LOW,LOW,MEDIUM,LOW,MEDIUM,LOW,LOW,NO,JM1
MEDIUM,MEDIUM,MEDIUM,MEDIUM,LOW,LOW,LOW,MEDIUM,NO,JM1
LOW,MEDIUM,MEDIUM,LOW,LOW,MEDIUM,MEDIUM,MEDIUM,NO,JM1
LOW,LOW,LOW,MEDIUM,LOW,LOW,LOW,LOW,NO,JM1
LOW,LOW,LOW,LOW,LOW,LOW,LOW,LOW,NO,JM1
MEDIUM,MEDIUM,LOW,LOW,MEDIUM,MEDIUM,MEDIUM,MEDIUM,NO,JM1
LOW,LOW,LOW,LOW,LOW,LOW,LOW,LOW,NO,JM1
LOW,LOW,LOW,LOW,LOW,LOW,LOW,LOW,NO,JM1
HIGH,HIGH,HIGH,HIGH,HIGH,HIGH,HIGH,HIGH,NO,JM1
MEDIUM,HIGH,HIGH,HIGH,MEDIUM,MEDIUM,MEDIUM,HIGH,NO,JM1
MEDIUM,HIGH,HIGH,HIGH,HIGH,HIGH,HIGH,HIGH,NO,JM1
LOW,LOW,LOW,LOW,MEDIUM,LOW,LOW,LOW,NO,JM1
MEDIUM,LOW,LOW,LOW,MEDIUM,LOW,MEDIUM,LOW,NO,JM1
MEDIUM,LOW,LOW,LOW,MEDIUM,MEDIUM,MEDIUM,LOW,NO,JM1
MEDIUM,LOW,LOW,LOW,MEDIUM,LOW,MEDIUM,LOW,NO,JM1
HIGH,HIGH,LOW,HIGH,HIGH,HIGH,HIGH,HIGH,NO,JM1
MEDIUM,LOW,LOW,LOW,MEDIUM,LOW,MEDIUM,LOW,NO,JM1
HIGH,HIGH,LOW,HIGH,HIGH,HIGH,HIGH,HIGH,NO,JM1
LOW,LOW,LOW,LOW,LOW,LOW,LOW,LOW,NO,JM1
LOW,LOW,LOW,LOW,LOW,LOW,LOW,LOW,NO,JM1
LOW,LOW,LOW,LOW,LOW,LOW,LOW,LOW,NO,JM1
LOW,LOW,LOW,LOW,MEDIUM,HIGH,MEDIUM,LOW,NO,JM1
LOW,LOW,LOW,LOW,LOW,LOW,LOW,LOW,NO,JM1
HIGH,HIGH,HIGH,HIGH,HIGH,HIGH,HIGH,HIGH,NO,JM1
LOW,LOW,LOW,LOW,LOW,LOW,LOW,LOW,NO,JM1
LOW,LOW,LOW,LOW,LOW,LOW,LOW,LOW,NO,JM1
LOW,LOW,LOW,LOW,LOW,LOW,LOW,LOW,NO,JM1
LOW,LOW,LOW,LOW,LOW,LOW,LOW,LOW,NO,JM1
MEDIUM,LOW,LOW,LOW,MEDIUM,MEDIUM,MEDIUM,LOW,NO,JM1
MEDIUM,LOW,LOW,LOW,MEDIUM,MEDIUM,MEDIUM,LOW,NO,JM1
LOW,LOW,LOW,LOW,LOW,LOW,LOW,LOW,NO,JM1
MEDIUM,MEDIUM,LOW,MEDIUM,MEDIUM,MEDIUM,MEDIUM,MEDIUM,NO,JM1
MEDIUM,MEDIUM,HIGH,HIGH,MEDIUM,MEDIUM,MEDIUM,MEDIUM,NO,JM1
LOW,LOW,LOW,LOW,LOW,LOW,LOW,LOW,NO,JM1
MEDIUM,MEDIUM,LOW,HIGH,MEDIUM,MEDIUM,MEDIUM,MEDIUM,NO,JM1
HIGH,HIGH,HIGH,MEDIUM,MEDIUM,MEDIUM,MEDIUM,HIGH,NO,JM1
LOW,LOW,LOW,LOW,LOW,LOW,LOW,LOW,NO,JM1
MEDIUM,MEDIUM,LOW,LOW,MEDIUM,MEDIUM,MEDIUM,MEDIUM,NO,JM1
LOW,LOW,LOW,LOW,LOW,LOW,LOW,LOW,NO,JM1
HIGH,MEDIUM,LOW,MEDIUM,HIGH,MEDIUM,HIGH,MEDIUM,NO,JM1
LOW,LOW,LOW,LOW,LOW,LOW,LOW,LOW,NO,JM1
LOW,LOW,LOW,LOW,LOW,LOW,LOW,LOW,NO,JM1
LOW,LOW,LOW,LOW,LOW,LOW,LOW,LOW,NO,JM1
LOW,LOW,LOW,LOW,LOW,LOW,LOW,LOW,NO,JM1
MEDIUM,MEDIUM,LOW,MEDIUM,MEDIUM,LOW,MEDIUM,MEDIUM,NO,JM1
MEDIUM,MEDIUM,LOW,MEDIUM,MEDIUM,MEDIUM,MEDIUM,MEDIUM,NO,JM1
LOW,LOW,LOW,LOW,LOW,LOW,LOW,LOW,NO,JM1
LOW,LOW,LOW,LOW,LOW,LOW,LOW,LOW,NO,JM1
HIGH,HIGH,HIGH,HIGH,HIGH,HIGH,HIGH,HIGH,NO,JM1
HIGH,HIGH,LOW,HIGH,MEDIUM,MEDIUM,MEDIUM,HIGH,NO,JM1
HIGH,MEDIUM,LOW,HIGH,HIGH,HIGH,HIGH,MEDIUM,NO,JM1
LOW,LOW,LOW,LOW,LOW,LOW,LOW,LOW,NO,JM1
HIGH,HIGH,HIGH,MEDIUM,HIGH,HIGH,HIGH,HIGH,NO,JM1
MEDIUM,LOW,LOW,LOW,MEDIUM,MEDIUM,MEDIUM,LOW,NO,JM1
LOW,LOW,LOW,LOW,LOW,LOW,LOW,LOW,NO,JM1
LOW,LOW,LOW,LOW,LOW,LOW,LOW,LOW,NO,JM1
LOW,LOW,LOW,LOW,LOW,MEDIUM,LOW,LOW,NO,JM1
LOW,LOW,LOW,LOW,LOW,LOW,LOW,LOW,NO,JM1
LOW,LOW,LOW,MEDIUM,MEDIUM,MEDIUM,MEDIUM,LOW,NO,JM1
LOW,LOW,LOW,LOW,LOW,LOW,LOW,LOW,NO,JM1
LOW,LOW,LOW,LOW,LOW,LOW,LOW,LOW,NO,JM1
LOW,LOW,LOW,LOW,MEDIUM,MEDIUM,MEDIUM,LOW,NO,JM1
LOW,LOW,LOW,LOW,LOW,LOW,LOW,LOW,NO,JM1
LOW,LOW,LOW,LOW,LOW,MEDIUM,LOW,LOW,NO,JM1
LOW,LOW,LOW,LOW,LOW,LOW,LOW,LOW,NO,JM1
HIGH,MEDIUM,MEDIUM,MEDIUM,HIGH,HIGH,HIGH,MEDIUM,NO,JM1
LOW,LOW,MEDIUM,LOW,LOW,LOW,LOW,LOW,NO,JM1
MEDIUM,MEDIUM,LOW,MEDIUM,MEDIUM,HIGH,MEDIUM,MEDIUM,NO,JM1
LOW,LOW,LOW,LOW,LOW,LOW,LOW,LOW,NO,JM1
LOW,LOW,LOW,LOW,LOW,LOW,LOW,LOW,NO,JM1
LOW,LOW,LOW,LOW,LOW,LOW,LOW,LOW,NO,JM1
LOW,MEDIUM,LOW,MEDIUM,MEDIUM,LOW,MEDIUM,MEDIUM,NO,JM1
MEDIUM,LOW,LOW,LOW,MEDIUM,MEDIUM,MEDIUM,LOW,NO,JM1
MEDIUM,LOW,LOW,MEDIUM,MEDIUM,LOW,MEDIUM,LOW,NO,JM1
LOW,LOW,LOW,LOW,LOW,LOW,LOW,LOW,NO,JM1
LOW,MEDIUM,MEDIUM,MEDIUM,LOW,MEDIUM,MEDIUM,MEDIUM,NO,JM1
LOW,LOW,LOW,LOW,LOW,LOW,LOW,LOW,NO,JM1
MEDIUM,LOW,LOW,LOW,LOW,LOW,LOW,LOW,NO,JM1
LOW,LOW,LOW,LOW,LOW,MEDIUM,LOW,LOW,NO,JM1
LOW,LOW,LOW,LOW,LOW,LOW,LOW,LOW,NO,JM1
LOW,LOW,LOW,LOW,LOW,LOW,LOW,LOW,NO,JM1
LOW,LOW,LOW,LOW,LOW,LOW,LOW,LOW,NO,JM1
LOW,LOW,LOW,LOW,LOW,LOW,LOW,LOW,NO,JM1
LOW,MEDIUM,LOW,MEDIUM,LOW,LOW,LOW,MEDIUM,NO,JM1
LOW,LOW,LOW,LOW,LOW,LOW,LOW,LOW,NO,JM1
LOW,LOW,LOW,LOW,LOW,LOW,LOW,LOW,NO,JM1
LOW,LOW,LOW,LOW,LOW,LOW,LOW,LOW,NO,JM1
LOW,LOW,LOW,LOW,LOW,LOW,LOW,LOW,NO,JM1
MEDIUM,LOW,LOW,MEDIUM,LOW,MEDIUM,MEDIUM,LOW,NO,JM1
HIGH,HIGH,LOW,HIGH,HIGH,HIGH,HIGH,HIGH,NO,JM1
LOW,LOW,LOW,MEDIUM,LOW,LOW,LOW,LOW,NO,JM1
LOW,LOW,LOW,LOW,LOW,LOW,LOW,LOW,NO,JM1
LOW,LOW,LOW,LOW,LOW,LOW,LOW,LOW,NO,JM1
LOW,LOW,LOW,MEDIUM,LOW,LOW,LOW,LOW,NO,JM1
HIGH,HIGH,HIGH,MEDIUM,HIGH,HIGH,HIGH,HIGH,NO,JM1
LOW,LOW,LOW,LOW,LOW,LOW,LOW,LOW,NO,JM1
LOW,LOW,LOW,LOW,LOW,LOW,LOW,LOW,NO,JM1
LOW,MEDIUM,LOW,LOW,MEDIUM,MEDIUM,MEDIUM,MEDIUM,NO,JM1
MEDIUM,MEDIUM,LOW,LOW,LOW,LOW,LOW,MEDIUM,NO,JM1
LOW,LOW,LOW,LOW,LOW,LOW,LOW,LOW,NO,JM1
HIGH,HIGH,LOW,HIGH,HIGH,HIGH,HIGH,HIGH,NO,JM1
MEDIUM,MEDIUM,LOW,HIGH,HIGH,HIGH,HIGH,MEDIUM,NO,JM1
LOW,LOW,LOW,LOW,LOW,MEDIUM,LOW,LOW,NO,JM1
LOW,LOW,LOW,LOW,LOW,MEDIUM,LOW,LOW,NO,JM1
LOW,LOW,LOW,LOW,LOW,LOW,LOW,LOW,NO,JM1
MEDIUM,LOW,MEDIUM,MEDIUM,LOW,MEDIUM,LOW,LOW,NO,JM1
LOW,LOW,LOW,LOW,LOW,LOW,LOW,LOW,NO,JM1
MEDIUM,LOW,LOW,MEDIUM,MEDIUM,MEDIUM,MEDIUM,LOW,NO,JM1
HIGH,MEDIUM,LOW,LOW,HIGH,HIGH,HIGH,MEDIUM,NO,JM1
HIGH,HIGH,LOW,HIGH,HIGH,HIGH,HIGH,MEDIUM,NO,JM1
LOW,LOW,LOW,LOW,LOW,LOW,LOW,LOW,NO,JM1
LOW,LOW,LOW,LOW,LOW,LOW,LOW,LOW,NO,JM1
LOW,LOW,LOW,LOW,LOW,LOW,LOW,LOW,NO,JM1
LOW,LOW,LOW,LOW,LOW,LOW,LOW,LOW,NO,JM1
LOW,LOW,LOW,LOW,LOW,LOW,LOW,LOW,NO,JM1
HIGH,MEDIUM,LOW,HIGH,HIGH,HIGH,HIGH,MEDIUM,NO,JM1
LOW,LOW,LOW,LOW,LOW,LOW,LOW,LOW,NO,JM1
HIGH,MEDIUM,LOW,HIGH,MEDIUM,HIGH,HIGH,MEDIUM,NO,JM1
LOW,LOW,LOW,LOW,MEDIUM,LOW,LOW,LOW,NO,JM1
LOW,LOW,LOW,LOW,MEDIUM,MEDIUM,MEDIUM,LOW,NO,JM1
MEDIUM,MEDIUM,HIGH,HIGH,MEDIUM,MEDIUM,MEDIUM,MEDIUM,NO,JM1
HIGH,HIGH,HIGH,HIGH,LOW,LOW,LOW,HIGH,NO,JM1
MEDIUM,MEDIUM,LOW,LOW,LOW,LOW,LOW,MEDIUM,NO,JM1
LOW,LOW,LOW,LOW,MEDIUM,MEDIUM,MEDIUM,LOW,NO,JM1
LOW,MEDIUM,HIGH,HIGH,MEDIUM,MEDIUM,MEDIUM,MEDIUM,NO,JM1
MEDIUM,LOW,LOW,MEDIUM,MEDIUM,MEDIUM,MEDIUM,LOW,NO,JM1
LOW,LOW,LOW,LOW,LOW,LOW,LOW,LOW,NO,JM1
LOW,LOW,LOW,LOW,MEDIUM,MEDIUM,MEDIUM,LOW,NO,JM1
LOW,LOW,LOW,LOW,MEDIUM,MEDIUM,MEDIUM,LOW,NO,JM1
LOW,LOW,LOW,LOW,MEDIUM,MEDIUM,MEDIUM,LOW,NO,JM1
MEDIUM,HIGH,HIGH,HIGH,HIGH,HIGH,HIGH,HIGH,NO,JM1
LOW,LOW,LOW,LOW,LOW,LOW,LOW,LOW,NO,JM1
MEDIUM,MEDIUM,HIGH,HIGH,MEDIUM,MEDIUM,MEDIUM,MEDIUM,NO,JM1
HIGH,HIGH,HIGH,HIGH,HIGH,HIGH,HIGH,HIGH,NO,JM1
MEDIUM,MEDIUM,HIGH,HIGH,MEDIUM,MEDIUM,MEDIUM,MEDIUM,NO,JM1
MEDIUM,MEDIUM,HIGH,HIGH,MEDIUM,MEDIUM,MEDIUM,MEDIUM,NO,JM1
MEDIUM,MEDIUM,HIGH,MEDIUM,MEDIUM,MEDIUM,MEDIUM,MEDIUM,NO,JM1
MEDIUM,MEDIUM,HIGH,MEDIUM,MEDIUM,MEDIUM,MEDIUM,MEDIUM,NO,JM1
MEDIUM,HIGH,HIGH,HIGH,HIGH,HIGH,HIGH,HIGH,NO,JM1
MEDIUM,MEDIUM,LOW,MEDIUM,MEDIUM,MEDIUM,MEDIUM,MEDIUM,NO,JM1
MEDIUM,LOW,LOW,LOW,MEDIUM,MEDIUM,MEDIUM,LOW,NO,JM1
LOW,MEDIUM,HIGH,LOW,LOW,MEDIUM,LOW,MEDIUM,NO,JM1
MEDIUM,HIGH,HIGH,HIGH,MEDIUM,MEDIUM,MEDIUM,HIGH,NO,JM1
LOW,LOW,LOW,LOW,LOW,LOW,LOW,LOW,NO,JM1
LOW,LOW,LOW,LOW,LOW,LOW,LOW,LOW,NO,JM1
LOW,LOW,LOW,LOW,LOW,LOW,LOW,LOW,NO,JM1
LOW,LOW,LOW,LOW,LOW,LOW,LOW,LOW,NO,JM1
HIGH,HIGH,LOW,MEDIUM,MEDIUM,MEDIUM,MEDIUM,MEDIUM,NO,JM1
LOW,LOW,LOW,LOW,LOW,LOW,LOW,LOW,NO,JM1
LOW,LOW,LOW,LOW,LOW,LOW,LOW,LOW,NO,JM1
LOW,LOW,LOW,LOW,LOW,LOW,LOW,LOW,NO,JM1
LOW,LOW,LOW,LOW,LOW,LOW,LOW,LOW,NO,JM1
LOW,LOW,LOW,LOW,LOW,LOW,LOW,LOW,NO,JM1
LOW,LOW,LOW,LOW,LOW,LOW,LOW,LOW,NO,JM1
LOW,LOW,LOW,LOW,LOW,LOW,LOW,LOW,NO,JM1
LOW,LOW,LOW,LOW,LOW,LOW,LOW,LOW,NO,JM1
HIGH,HIGH,LOW,HIGH,HIGH,HIGH,HIGH,HIGH,NO,JM1
HIGH,HIGH,HIGH,HIGH,HIGH,HIGH,HIGH,HIGH,NO,JM1
HIGH,HIGH,LOW,HIGH,HIGH,HIGH,HIGH,HIGH,NO,JM1
MEDIUM,MEDIUM,LOW,MEDIUM,MEDIUM,MEDIUM,MEDIUM,MEDIUM,NO,JM1
LOW,LOW,LOW,LOW,LOW,LOW,LOW,LOW,NO,JM1
MEDIUM,LOW,LOW,MEDIUM,MEDIUM,HIGH,MEDIUM,LOW,NO,JM1
LOW,LOW,LOW,LOW,LOW,LOW,LOW,LOW,NO,JM1
LOW,LOW,LOW,LOW,LOW,MEDIUM,LOW,LOW,NO,JM1
LOW,LOW,LOW,LOW,LOW,LOW,LOW,LOW,NO,JM1
LOW,LOW,LOW,LOW,LOW,LOW,LOW,LOW,NO,JM1
HIGH,HIGH,LOW,HIGH,HIGH,HIGH,HIGH,HIGH,NO,JM1
LOW,LOW,LOW,LOW,LOW,LOW,LOW,LOW,NO,JM1
MEDIUM,HIGH,LOW,MEDIUM,HIGH,HIGH,HIGH,HIGH,NO,JM1
LOW,LOW,LOW,LOW,LOW,LOW,LOW,LOW,NO,JM1
MEDIUM,MEDIUM,LOW,MEDIUM,MEDIUM,MEDIUM,MEDIUM,MEDIUM,NO,JM1
MEDIUM,MEDIUM,LOW,LOW,MEDIUM,MEDIUM,MEDIUM,MEDIUM,NO,JM1
LOW,LOW,LOW,LOW,LOW,LOW,LOW,LOW,NO,JM1
HIGH,HIGH,HIGH,HIGH,HIGH,HIGH,HIGH,HIGH,NO,JM1
LOW,LOW,LOW,LOW,LOW,LOW,LOW,LOW,NO,JM1
MEDIUM,LOW,LOW,LOW,MEDIUM,HIGH,MEDIUM,LOW,NO,JM1
MEDIUM,MEDIUM,LOW,LOW,HIGH,HIGH,HIGH,MEDIUM,NO,JM1
LOW,LOW,LOW,LOW,LOW,LOW,LOW,LOW,NO,JM1
LOW,LOW,LOW,LOW,LOW,LOW,LOW,LOW,NO,JM1
LOW,LOW,LOW,LOW,LOW,LOW,LOW,LOW,NO,JM1
LOW,LOW,LOW,LOW,LOW,LOW,LOW,LOW,NO,JM1
LOW,LOW,LOW,LOW,LOW,LOW,LOW,LOW,NO,JM1
HIGH,LOW,LOW,LOW,HIGH,HIGH,HIGH,LOW,NO,JM1
HIGH,HIGH,HIGH,HIGH,HIGH,HIGH,HIGH,HIGH,NO,JM1
LOW,LOW,LOW,LOW,LOW,HIGH,MEDIUM,LOW,NO,JM1
LOW,LOW,LOW,MEDIUM,LOW,LOW,LOW,LOW,NO,JM1
LOW,MEDIUM,LOW,LOW,LOW,LOW,LOW,MEDIUM,NO,JM1
MEDIUM,MEDIUM,LOW,LOW,LOW,LOW,LOW,MEDIUM,NO,JM1
LOW,MEDIUM,LOW,LOW,LOW,LOW,LOW,MEDIUM,NO,JM1
LOW,LOW,LOW,LOW,LOW,LOW,LOW,LOW,NO,JM1
HIGH,MEDIUM,LOW,MEDIUM,HIGH,HIGH,HIGH,MEDIUM,NO,JM1
HIGH,HIGH,LOW,HIGH,HIGH,HIGH,HIGH,HIGH,NO,JM1
MEDIUM,MEDIUM,LOW,MEDIUM,MEDIUM,MEDIUM,MEDIUM,MEDIUM,NO,JM1
HIGH,HIGH,LOW,HIGH,HIGH,HIGH,HIGH,HIGH,NO,JM1
LOW,LOW,LOW,LOW,MEDIUM,LOW,LOW,LOW,NO,JM1
LOW,LOW,LOW,LOW,LOW,LOW,LOW,LOW,NO,JM1
LOW,LOW,LOW,LOW,LOW,LOW,LOW,LOW,NO,JM1
HIGH,HIGH,LOW,HIGH,HIGH,HIGH,HIGH,HIGH,NO,JM1
LOW,LOW,LOW,LOW,LOW,LOW,LOW,LOW,NO,JM1
LOW,LOW,LOW,LOW,LOW,LOW,LOW,LOW,NO,JM1
HIGH,HIGH,LOW,HIGH,HIGH,HIGH,HIGH,HIGH,NO,JM1
LOW,LOW,LOW,LOW,LOW,LOW,LOW,LOW,NO,JM1
MEDIUM,MEDIUM,LOW,LOW,MEDIUM,HIGH,MEDIUM,MEDIUM,NO,JM1
LOW,MEDIUM,LOW,MEDIUM,LOW,LOW,LOW,MEDIUM,NO,JM1
LOW,LOW,LOW,LOW,LOW,LOW,LOW,LOW,NO,JM1
LOW,LOW,LOW,LOW,LOW,LOW,LOW,LOW,NO,JM1
LOW,LOW,LOW,LOW,LOW,LOW,LOW,LOW,NO,JM1
LOW,MEDIUM,LOW,LOW,LOW,MEDIUM,LOW,MEDIUM,NO,JM1
HIGH,MEDIUM,LOW,LOW,HIGH,HIGH,HIGH,MEDIUM,NO,JM1
HIGH,LOW,LOW,MEDIUM,HIGH,MEDIUM,HIGH,LOW,NO,JM1
MEDIUM,HIGH,HIGH,MEDIUM,HIGH,HIGH,HIGH,HIGH,NO,JM1
LOW,LOW,LOW,LOW,LOW,LOW,LOW,LOW,NO,JM1
LOW,LOW,LOW,LOW,LOW,LOW,LOW,LOW,NO,JM1
LOW,LOW,LOW,LOW,LOW,LOW,LOW,LOW,NO,JM1
LOW,LOW,LOW,LOW,LOW,LOW,LOW,LOW,NO,JM1
LOW,LOW,MEDIUM,LOW,LOW,MEDIUM,LOW,LOW,NO,JM1
LOW,LOW,LOW,LOW,LOW,LOW,LOW,LOW,NO,JM1
LOW,LOW,LOW,LOW,LOW,LOW,LOW,LOW,NO,JM1
MEDIUM,LOW,MEDIUM,LOW,LOW,LOW,LOW,LOW,NO,JM1
MEDIUM,LOW,MEDIUM,LOW,LOW,MEDIUM,MEDIUM,LOW,NO,JM1
LOW,LOW,MEDIUM,LOW,LOW,LOW,LOW,LOW,NO,JM1
MEDIUM,MEDIUM,LOW,LOW,MEDIUM,MEDIUM,MEDIUM,MEDIUM,NO,JM1
MEDIUM,LOW,LOW,LOW,HIGH,HIGH,HIGH,LOW,NO,JM1
LOW,LOW,LOW,LOW,LOW,LOW,LOW,LOW,NO,JM1
LOW,LOW,LOW,LOW,LOW,LOW,LOW,LOW,NO,JM1
LOW,LOW,LOW,LOW,LOW,LOW,LOW,LOW,NO,JM1
LOW,LOW,LOW,LOW,LOW,LOW,LOW,LOW,NO,JM1
LOW,LOW,LOW,LOW,LOW,LOW,LOW,LOW,NO,JM1
MEDIUM,MEDIUM,LOW,MEDIUM,MEDIUM,LOW,LOW,MEDIUM,NO,JM1
HIGH,LOW,LOW,LOW,HIGH,HIGH,HIGH,LOW,NO,JM1
MEDIUM,LOW,LOW,LOW,LOW,LOW,LOW,LOW,NO,JM1
HIGH,HIGH,LOW,MEDIUM,HIGH,HIGH,HIGH,HIGH,NO,JM1
LOW,LOW,MEDIUM,MEDIUM,MEDIUM,LOW,MEDIUM,LOW,NO,JM1
HIGH,HIGH,HIGH,HIGH,HIGH,HIGH,HIGH,HIGH,NO,JM1
HIGH,HIGH,HIGH,HIGH,LOW,LOW,LOW,HIGH,NO,JM1
LOW,LOW,LOW,LOW,LOW,LOW,LOW,LOW,NO,JM1
LOW,LOW,LOW,LOW,LOW,LOW,LOW,LOW,NO,JM1
LOW,LOW,LOW,LOW,LOW,LOW,LOW,LOW,NO,JM1
LOW,LOW,LOW,LOW,LOW,LOW,LOW,LOW,NO,JM1
LOW,LOW,LOW,LOW,LOW,LOW,LOW,LOW,NO,JM1
LOW,LOW,LOW,LOW,LOW,LOW,LOW,LOW,NO,JM1
LOW,LOW,LOW,LOW,LOW,LOW,LOW,LOW,NO,JM1
LOW,LOW,LOW,LOW,LOW,LOW,LOW,LOW,NO,JM1
LOW,LOW,LOW,LOW,LOW,LOW,LOW,LOW,NO,JM1
LOW,LOW,LOW,LOW,LOW,LOW,LOW,LOW,NO,JM1
LOW,LOW,LOW,LOW,LOW,LOW,LOW,LOW,NO,JM1
LOW,LOW,LOW,LOW,LOW,LOW,LOW,LOW,NO,JM1
LOW,LOW,LOW,LOW,LOW,LOW,LOW,LOW,NO,JM1
MEDIUM,LOW,MEDIUM,LOW,HIGH,HIGH,HIGH,LOW,NO,JM1
LOW,LOW,LOW,LOW,LOW,LOW,LOW,LOW,NO,JM1
MEDIUM,MEDIUM,HIGH,LOW,MEDIUM,HIGH,MEDIUM,MEDIUM,NO,JM1
MEDIUM,LOW,LOW,LOW,MEDIUM,LOW,MEDIUM,LOW,NO,JM1
MEDIUM,MEDIUM,LOW,LOW,MEDIUM,HIGH,MEDIUM,MEDIUM,NO,JM1
LOW,LOW,LOW,LOW,LOW,LOW,LOW,LOW,NO,JM1
MEDIUM,MEDIUM,LOW,MEDIUM,MEDIUM,LOW,MEDIUM,LOW,NO,JM1
LOW,LOW,LOW,LOW,LOW,LOW,LOW,LOW,NO,JM1
MEDIUM,MEDIUM,LOW,MEDIUM,MEDIUM,MEDIUM,MEDIUM,LOW,NO,JM1
HIGH,MEDIUM,MEDIUM,MEDIUM,HIGH,HIGH,HIGH,MEDIUM,NO,JM1
MEDIUM,HIGH,LOW,MEDIUM,HIGH,MEDIUM,MEDIUM,HIGH,NO,JM1
LOW,LOW,LOW,LOW,LOW,LOW,LOW,LOW,NO,JM1
LOW,LOW,LOW,LOW,LOW,LOW,LOW,LOW,NO,JM1
HIGH,HIGH,MEDIUM,HIGH,HIGH,HIGH,HIGH,HIGH,NO,JM1
HIGH,HIGH,LOW,HIGH,HIGH,MEDIUM,HIGH,HIGH,NO,JM1
LOW,LOW,LOW,LOW,LOW,LOW,LOW,LOW,NO,JM1
LOW,LOW,LOW,LOW,LOW,LOW,LOW,LOW,NO,JM1
MEDIUM,MEDIUM,HIGH,MEDIUM,MEDIUM,MEDIUM,MEDIUM,MEDIUM,NO,JM1
LOW,LOW,LOW,LOW,LOW,LOW,LOW,LOW,NO,JM1
LOW,LOW,LOW,LOW,LOW,LOW,LOW,LOW,NO,JM1
HIGH,HIGH,LOW,LOW,HIGH,HIGH,HIGH,HIGH,NO,JM1
LOW,MEDIUM,LOW,MEDIUM,LOW,LOW,LOW,MEDIUM,NO,JM1
LOW,LOW,LOW,LOW,LOW,MEDIUM,LOW,LOW,NO,JM1
LOW,LOW,LOW,LOW,LOW,LOW,LOW,LOW,NO,JM1
MEDIUM,LOW,LOW,LOW,HIGH,MEDIUM,MEDIUM,LOW,NO,JM1
LOW,LOW,LOW,LOW,MEDIUM,MEDIUM,MEDIUM,LOW,NO,JM1
LOW,LOW,LOW,MEDIUM,LOW,LOW,LOW,LOW,NO,JM1
HIGH,HIGH,LOW,LOW,HIGH,HIGH,HIGH,HIGH,NO,JM1
LOW,LOW,LOW,LOW,LOW,LOW,LOW,LOW,NO,JM1
LOW,LOW,LOW,LOW,LOW,LOW,LOW,LOW,NO,JM1
MEDIUM,LOW,LOW,LOW,MEDIUM,LOW,MEDIUM,LOW,NO,JM1
HIGH,MEDIUM,LOW,HIGH,HIGH,MEDIUM,HIGH,MEDIUM,NO,JM1
HIGH,HIGH,HIGH,HIGH,LOW,LOW,LOW,HIGH,NO,JM1
HIGH,HIGH,HIGH,MEDIUM,LOW,LOW,LOW,HIGH,NO,JM1
MEDIUM,HIGH,LOW,LOW,HIGH,MEDIUM,HIGH,HIGH,NO,JM1
HIGH,HIGH,HIGH,LOW,LOW,LOW,LOW,HIGH,NO,JM1
HIGH,HIGH,HIGH,LOW,LOW,LOW,LOW,HIGH,NO,JM1
MEDIUM,MEDIUM,MEDIUM,MEDIUM,LOW,LOW,LOW,MEDIUM,NO,JM1
HIGH,HIGH,LOW,HIGH,LOW,LOW,LOW,HIGH,NO,JM1
LOW,LOW,LOW,LOW,LOW,LOW,LOW,LOW,NO,JM1
MEDIUM,LOW,LOW,LOW,LOW,LOW,LOW,LOW,NO,JM1
MEDIUM,MEDIUM,MEDIUM,MEDIUM,MEDIUM,HIGH,HIGH,MEDIUM,NO,JM1
LOW,LOW,LOW,LOW,LOW,LOW,LOW,LOW,NO,JM1
LOW,LOW,LOW,LOW,LOW,MEDIUM,MEDIUM,LOW,NO,JM1
MEDIUM,MEDIUM,LOW,HIGH,MEDIUM,MEDIUM,MEDIUM,MEDIUM,NO,JM1
HIGH,HIGH,LOW,HIGH,HIGH,HIGH,HIGH,HIGH,NO,JM1
LOW,LOW,LOW,LOW,MEDIUM,MEDIUM,MEDIUM,LOW,NO,JM1
LOW,LOW,LOW,LOW,MEDIUM,MEDIUM,MEDIUM,LOW,NO,JM1
LOW,LOW,LOW,LOW,MEDIUM,MEDIUM,MEDIUM,LOW,NO,JM1
MEDIUM,MEDIUM,HIGH,MEDIUM,MEDIUM,MEDIUM,MEDIUM,MEDIUM,NO,JM1
MEDIUM,MEDIUM,LOW,HIGH,HIGH,MEDIUM,MEDIUM,MEDIUM,NO,JM1
LOW,LOW,LOW,LOW,LOW,LOW,LOW,LOW,NO,JM1
MEDIUM,HIGH,HIGH,MEDIUM,HIGH,HIGH,HIGH,HIGH,NO,JM1
HIGH,HIGH,HIGH,HIGH,HIGH,HIGH,HIGH,HIGH,NO,JM1
LOW,LOW,LOW,LOW,MEDIUM,LOW,LOW,LOW,NO,JM1
MEDIUM,LOW,LOW,LOW,HIGH,HIGH,HIGH,LOW,NO,JM1
LOW,LOW,LOW,LOW,LOW,LOW,LOW,LOW,NO,JM1
LOW,LOW,LOW,LOW,LOW,LOW,LOW,LOW,NO,JM1
MEDIUM,MEDIUM,LOW,MEDIUM,MEDIUM,MEDIUM,MEDIUM,MEDIUM,NO,JM1
LOW,LOW,LOW,LOW,LOW,LOW,LOW,LOW,NO,JM1
HIGH,HIGH,HIGH,MEDIUM,HIGH,HIGH,HIGH,HIGH,NO,JM1
LOW,LOW,LOW,LOW,LOW,LOW,LOW,LOW,NO,JM1
MEDIUM,LOW,LOW,LOW,MEDIUM,LOW,MEDIUM,LOW,NO,JM1
MEDIUM,MEDIUM,MEDIUM,LOW,MEDIUM,MEDIUM,MEDIUM,MEDIUM,NO,JM1
LOW,LOW,LOW,LOW,MEDIUM,LOW,LOW,LOW,NO,JM1
MEDIUM,MEDIUM,LOW,HIGH,HIGH,MEDIUM,HIGH,MEDIUM,NO,JM1
LOW,LOW,LOW,LOW,LOW,LOW,LOW,LOW,NO,JM1
LOW,MEDIUM,LOW,HIGH,HIGH,MEDIUM,MEDIUM,MEDIUM,NO,JM1
LOW,LOW,LOW,LOW,LOW,LOW,LOW,LOW,NO,JM1
MEDIUM,HIGH,LOW,LOW,MEDIUM,HIGH,MEDIUM,HIGH,NO,JM1
LOW,LOW,LOW,LOW,LOW,LOW,LOW,LOW,NO,JM1
MEDIUM,MEDIUM,LOW,MEDIUM,MEDIUM,LOW,MEDIUM,MEDIUM,NO,JM1
MEDIUM,HIGH,HIGH,MEDIUM,MEDIUM,MEDIUM,MEDIUM,HIGH,NO,JM1
MEDIUM,LOW,LOW,LOW,MEDIUM,LOW,MEDIUM,LOW,NO,JM1
LOW,LOW,LOW,LOW,LOW,LOW,LOW,LOW,NO,JM1
MEDIUM,LOW,LOW,MEDIUM,MEDIUM,LOW,MEDIUM,LOW,NO,JM1
MEDIUM,HIGH,HIGH,HIGH,HIGH,MEDIUM,MEDIUM,HIGH,NO,JM1
LOW,LOW,LOW,LOW,LOW,LOW,LOW,LOW,NO,JM1
LOW,LOW,LOW,LOW,LOW,LOW,LOW,LOW,NO,JM1
HIGH,HIGH,LOW,MEDIUM,HIGH,HIGH,HIGH,HIGH,NO,JM1
LOW,LOW,LOW,LOW,LOW,LOW,LOW,LOW,NO,JM1
LOW,LOW,LOW,LOW,LOW,LOW,LOW,LOW,NO,JM1
LOW,LOW,LOW,LOW,LOW,LOW,LOW,LOW,NO,JM1
LOW,LOW,LOW,LOW,LOW,LOW,LOW,LOW,NO,JM1
LOW,LOW,LOW,LOW,LOW,LOW,LOW,LOW,NO,JM1
LOW,LOW,LOW,LOW,LOW,LOW,LOW,LOW,NO,JM1
LOW,LOW,LOW,LOW,LOW,LOW,LOW,LOW,NO,JM1
LOW,LOW,LOW,LOW,LOW,LOW,LOW,LOW,NO,JM1
LOW,LOW,LOW,LOW,LOW,LOW,LOW,LOW,NO,JM1
LOW,LOW,LOW,LOW,LOW,LOW,LOW,LOW,NO,JM1
LOW,LOW,LOW,LOW,LOW,LOW,LOW,LOW,NO,JM1
LOW,LOW,LOW,LOW,LOW,LOW,LOW,LOW,NO,JM1
LOW,LOW,LOW,LOW,LOW,LOW,LOW,LOW,NO,JM1
LOW,LOW,LOW,LOW,LOW,MEDIUM,LOW,LOW,NO,JM1
LOW,LOW,LOW,LOW,LOW,LOW,LOW,LOW,NO,JM1
LOW,LOW,MEDIUM,LOW,LOW,MEDIUM,MEDIUM,LOW,NO,JM1
LOW,MEDIUM,HIGH,MEDIUM,MEDIUM,MEDIUM,MEDIUM,MEDIUM,NO,JM1
MEDIUM,MEDIUM,LOW,MEDIUM,MEDIUM,HIGH,MEDIUM,MEDIUM,NO,JM1
HIGH,HIGH,HIGH,MEDIUM,HIGH,HIGH,HIGH,HIGH,NO,JM1
HIGH,HIGH,HIGH,MEDIUM,HIGH,HIGH,HIGH,HIGH,NO,JM1
LOW,LOW,LOW,LOW,LOW,LOW,LOW,LOW,NO,JM1
LOW,LOW,LOW,LOW,LOW,LOW,LOW,LOW,NO,JM1
MEDIUM,MEDIUM,HIGH,MEDIUM,MEDIUM,MEDIUM,MEDIUM,MEDIUM,NO,JM1
LOW,LOW,LOW,LOW,LOW,LOW,LOW,LOW,NO,JM1
MEDIUM,LOW,LOW,LOW,MEDIUM,MEDIUM,MEDIUM,LOW,NO,JM1
HIGH,HIGH,LOW,LOW,HIGH,HIGH,HIGH,HIGH,NO,JM1
HIGH,HIGH,HIGH,HIGH,HIGH,HIGH,HIGH,HIGH,NO,JM1
LOW,MEDIUM,HIGH,MEDIUM,MEDIUM,HIGH,MEDIUM,MEDIUM,NO,JM1
HIGH,MEDIUM,LOW,HIGH,HIGH,HIGH,HIGH,MEDIUM,NO,JM1
MEDIUM,LOW,LOW,MEDIUM,MEDIUM,MEDIUM,MEDIUM,LOW,NO,JM1
LOW,LOW,LOW,LOW,MEDIUM,MEDIUM,MEDIUM,LOW,NO,JM1
HIGH,HIGH,LOW,HIGH,HIGH,HIGH,HIGH,HIGH,NO,JM1
HIGH,HIGH,HIGH,HIGH,HIGH,HIGH,HIGH,HIGH,NO,JM1
LOW,LOW,LOW,LOW,LOW,LOW,LOW,LOW,NO,JM1
LOW,LOW,LOW,MEDIUM,LOW,LOW,LOW,LOW,NO,JM1
HIGH,HIGH,MEDIUM,HIGH,HIGH,MEDIUM,HIGH,HIGH,NO,JM1
LOW,LOW,MEDIUM,LOW,LOW,LOW,LOW,LOW,NO,JM1
HIGH,HIGH,LOW,HIGH,HIGH,HIGH,HIGH,HIGH,NO,JM1
LOW,MEDIUM,MEDIUM,MEDIUM,LOW,LOW,LOW,MEDIUM,NO,JM1
MEDIUM,MEDIUM,MEDIUM,MEDIUM,MEDIUM,MEDIUM,MEDIUM,MEDIUM,NO,JM1
MEDIUM,LOW,LOW,MEDIUM,MEDIUM,MEDIUM,MEDIUM,LOW,NO,JM1
LOW,LOW,MEDIUM,LOW,LOW,LOW,LOW,LOW,NO,JM1
LOW,LOW,MEDIUM,LOW,LOW,LOW,LOW,LOW,NO,JM1
LOW,LOW,MEDIUM,LOW,LOW,LOW,LOW,LOW,NO,JM1
MEDIUM,HIGH,HIGH,MEDIUM,MEDIUM,MEDIUM,MEDIUM,HIGH,NO,JM1
LOW,LOW,LOW,LOW,LOW,LOW,LOW,LOW,NO,JM1
LOW,LOW,LOW,LOW,LOW,LOW,LOW,LOW,NO,JM1
LOW,LOW,LOW,LOW,LOW,LOW,LOW,LOW,NO,JM1
LOW,LOW,LOW,LOW,LOW,LOW,LOW,LOW,NO,JM1
MEDIUM,HIGH,LOW,HIGH,MEDIUM,MEDIUM,MEDIUM,HIGH,NO,JM1
LOW,LOW,LOW,LOW,LOW,LOW,LOW,LOW,NO,JM1
LOW,LOW,LOW,LOW,LOW,LOW,LOW,LOW,NO,JM1
LOW,LOW,LOW,LOW,LOW,LOW,LOW,LOW,NO,JM1
LOW,LOW,LOW,LOW,LOW,LOW,LOW,LOW,NO,JM1
LOW,LOW,LOW,LOW,LOW,LOW,LOW,LOW,NO,JM1
MEDIUM,HIGH,HIGH,HIGH,HIGH,MEDIUM,HIGH,HIGH,NO,JM1
LOW,LOW,LOW,LOW,LOW,LOW,LOW,LOW,NO,JM1
LOW,LOW,LOW,LOW,LOW,LOW,LOW,LOW,NO,JM1
LOW,LOW,LOW,LOW,MEDIUM,MEDIUM,MEDIUM,LOW,NO,JM1
LOW,LOW,LOW,LOW,LOW,MEDIUM,LOW,LOW,NO,JM1
LOW,LOW,LOW,LOW,LOW,LOW,LOW,LOW,NO,JM1
LOW,LOW,LOW,LOW,LOW,LOW,LOW,LOW,NO,JM1
LOW,LOW,LOW,LOW,LOW,LOW,LOW,LOW,NO,JM1
MEDIUM,MEDIUM,LOW,MEDIUM,MEDIUM,MEDIUM,MEDIUM,MEDIUM,NO,JM1
LOW,LOW,LOW,LOW,LOW,LOW,LOW,LOW,NO,JM1
MEDIUM,LOW,LOW,LOW,MEDIUM,LOW,LOW,LOW,NO,JM1
MEDIUM,LOW,LOW,MEDIUM,MEDIUM,MEDIUM,MEDIUM,LOW,NO,JM1
LOW,LOW,LOW,LOW,LOW,LOW,LOW,LOW,NO,JM1
LOW,LOW,LOW,LOW,LOW,LOW,LOW,LOW,NO,JM1
LOW,LOW,LOW,LOW,LOW,LOW,LOW,LOW,NO,JM1
LOW,LOW,LOW,LOW,LOW,LOW,LOW,LOW,NO,JM1
LOW,LOW,LOW,LOW,LOW,LOW,LOW,LOW,NO,JM1
LOW,LOW,LOW,LOW,LOW,LOW,LOW,LOW,NO,JM1
MEDIUM,LOW,LOW,LOW,MEDIUM,LOW,MEDIUM,LOW,NO,JM1
MEDIUM,MEDIUM,LOW,LOW,HIGH,HIGH,HIGH,MEDIUM,NO,JM1
MEDIUM,MEDIUM,LOW,MEDIUM,MEDIUM,HIGH,MEDIUM,MEDIUM,NO,JM1
HIGH,HIGH,MEDIUM,HIGH,MEDIUM,HIGH,MEDIUM,HIGH,NO,JM1
MEDIUM,MEDIUM,HIGH,LOW,MEDIUM,MEDIUM,MEDIUM,MEDIUM,NO,JM1
LOW,LOW,LOW,LOW,LOW,LOW,LOW,LOW,NO,JM1
MEDIUM,MEDIUM,LOW,MEDIUM,MEDIUM,MEDIUM,MEDIUM,MEDIUM,NO,JM1
LOW,LOW,LOW,LOW,LOW,MEDIUM,LOW,LOW,NO,JM1
MEDIUM,MEDIUM,LOW,MEDIUM,HIGH,HIGH,HIGH,MEDIUM,NO,JM1
LOW,LOW,LOW,LOW,LOW,LOW,LOW,LOW,NO,JM1
LOW,LOW,LOW,LOW,LOW,LOW,LOW,LOW,NO,JM1
LOW,LOW,MEDIUM,LOW,LOW,LOW,LOW,LOW,NO,JM1
LOW,LOW,MEDIUM,LOW,LOW,LOW,LOW,LOW,NO,JM1
LOW,LOW,MEDIUM,LOW,LOW,LOW,LOW,LOW,NO,JM1
MEDIUM,HIGH,HIGH,HIGH,HIGH,MEDIUM,HIGH,HIGH,NO,JM1
LOW,LOW,MEDIUM,LOW,LOW,LOW,LOW,LOW,NO,JM1
MEDIUM,LOW,LOW,MEDIUM,MEDIUM,LOW,MEDIUM,LOW,NO,JM1
MEDIUM,LOW,LOW,MEDIUM,MEDIUM,MEDIUM,MEDIUM,LOW,NO,JM1
MEDIUM,MEDIUM,LOW,MEDIUM,MEDIUM,MEDIUM,MEDIUM,MEDIUM,NO,JM1
LOW,LOW,LOW,LOW,LOW,LOW,LOW,LOW,NO,JM1
LOW,LOW,LOW,LOW,LOW,LOW,LOW,LOW,NO,JM1
MEDIUM,MEDIUM,LOW,MEDIUM,MEDIUM,MEDIUM,MEDIUM,MEDIUM,NO,JM1
LOW,LOW,LOW,MEDIUM,MEDIUM,MEDIUM,MEDIUM,LOW,NO,JM1
MEDIUM,MEDIUM,HIGH,MEDIUM,MEDIUM,MEDIUM,MEDIUM,MEDIUM,NO,JM1
LOW,LOW,MEDIUM,LOW,LOW,LOW,LOW,LOW,NO,JM1
LOW,LOW,MEDIUM,LOW,LOW,LOW,LOW,LOW,NO,JM1
LOW,LOW,MEDIUM,LOW,LOW,LOW,LOW,LOW,NO,JM1
MEDIUM,HIGH,HIGH,MEDIUM,MEDIUM,MEDIUM,MEDIUM,HIGH,NO,JM1
LOW,LOW,MEDIUM,LOW,LOW,LOW,LOW,LOW,NO,JM1
LOW,LOW,MEDIUM,LOW,LOW,LOW,LOW,LOW,NO,JM1
LOW,LOW,MEDIUM,LOW,LOW,LOW,LOW,LOW,NO,JM1
LOW,LOW,MEDIUM,LOW,LOW,LOW,LOW,LOW,NO,JM1
MEDIUM,HIGH,HIGH,HIGH,HIGH,MEDIUM,HIGH,HIGH,NO,JM1
HIGH,MEDIUM,LOW,MEDIUM,HIGH,HIGH,HIGH,MEDIUM,NO,JM1
LOW,LOW,LOW,LOW,LOW,LOW,LOW,LOW,NO,JM1
HIGH,HIGH,HIGH,HIGH,HIGH,HIGH,HIGH,HIGH,NO,JM1
HIGH,HIGH,LOW,HIGH,HIGH,HIGH,HIGH,HIGH,NO,JM1
LOW,MEDIUM,LOW,MEDIUM,MEDIUM,MEDIUM,MEDIUM,MEDIUM,NO,JM1
MEDIUM,LOW,LOW,LOW,MEDIUM,MEDIUM,MEDIUM,LOW,NO,JM1
MEDIUM,MEDIUM,LOW,HIGH,MEDIUM,MEDIUM,MEDIUM,MEDIUM,NO,JM1
HIGH,HIGH,HIGH,HIGH,HIGH,HIGH,HIGH,HIGH,NO,JM1
MEDIUM,MEDIUM,LOW,HIGH,HIGH,HIGH,HIGH,MEDIUM,NO,JM1
MEDIUM,MEDIUM,LOW,MEDIUM,HIGH,HIGH,HIGH,MEDIUM,NO,JM1
LOW,LOW,LOW,LOW,LOW,LOW,LOW,LOW,NO,JM1
LOW,LOW,LOW,LOW,LOW,LOW,LOW,LOW,NO,JM1
HIGH,HIGH,HIGH,HIGH,HIGH,HIGH,HIGH,HIGH,NO,JM1
LOW,LOW,LOW,MEDIUM,LOW,LOW,LOW,LOW,NO,JM1
MEDIUM,MEDIUM,LOW,HIGH,HIGH,HIGH,HIGH,MEDIUM,NO,JM1
MEDIUM,MEDIUM,LOW,HIGH,MEDIUM,HIGH,HIGH,MEDIUM,NO,JM1
LOW,LOW,LOW,LOW,LOW,LOW,LOW,LOW,NO,JM1
LOW,LOW,LOW,MEDIUM,LOW,MEDIUM,LOW,LOW,NO,JM1
HIGH,HIGH,HIGH,HIGH,HIGH,HIGH,HIGH,HIGH,NO,JM1
HIGH,HIGH,HIGH,MEDIUM,HIGH,HIGH,HIGH,HIGH,NO,JM1
HIGH,LOW,LOW,LOW,LOW,LOW,LOW,LOW,NO,JM1
HIGH,MEDIUM,LOW,HIGH,HIGH,HIGH,HIGH,MEDIUM,NO,JM1
HIGH,LOW,LOW,LOW,HIGH,MEDIUM,HIGH,LOW,NO,JM1
HIGH,LOW,LOW,LOW,HIGH,MEDIUM,HIGH,LOW,NO,JM1
HIGH,HIGH,LOW,LOW,HIGH,HIGH,HIGH,HIGH,NO,JM1
HIGH,LOW,LOW,LOW,HIGH,HIGH,HIGH,LOW,NO,JM1
HIGH,HIGH,LOW,LOW,HIGH,HIGH,HIGH,HIGH,NO,JM1
MEDIUM,LOW,LOW,LOW,LOW,LOW,LOW,LOW,NO,JM1
HIGH,LOW,LOW,LOW,HIGH,HIGH,HIGH,LOW,NO,JM1
LOW,LOW,LOW,LOW,LOW,LOW,LOW,LOW,NO,JM1
HIGH,HIGH,LOW,HIGH,HIGH,HIGH,HIGH,HIGH,NO,JM1
MEDIUM,LOW,LOW,LOW,HIGH,MEDIUM,MEDIUM,LOW,NO,JM1
HIGH,LOW,LOW,LOW,HIGH,MEDIUM,HIGH,LOW,NO,JM1
HIGH,HIGH,LOW,LOW,HIGH,MEDIUM,MEDIUM,MEDIUM,NO,JM1
HIGH,HIGH,HIGH,MEDIUM,HIGH,HIGH,HIGH,HIGH,NO,JM1
HIGH,MEDIUM,MEDIUM,MEDIUM,HIGH,HIGH,HIGH,MEDIUM,NO,JM1
HIGH,HIGH,HIGH,HIGH,HIGH,HIGH,HIGH,HIGH,NO,JM1
HIGH,HIGH,HIGH,HIGH,HIGH,HIGH,HIGH,HIGH,NO,JM1
HIGH,MEDIUM,LOW,LOW,LOW,MEDIUM,MEDIUM,MEDIUM,NO,JM1
MEDIUM,LOW,LOW,LOW,LOW,LOW,LOW,LOW,NO,JM1
HIGH,MEDIUM,LOW,LOW,MEDIUM,MEDIUM,MEDIUM,MEDIUM,NO,JM1
MEDIUM,LOW,LOW,LOW,LOW,LOW,LOW,LOW,NO,JM1
MEDIUM,LOW,LOW,LOW,LOW,LOW,LOW,LOW,NO,JM1
HIGH,HIGH,HIGH,HIGH,HIGH,HIGH,HIGH,HIGH,NO,JM1
MEDIUM,HIGH,HIGH,MEDIUM,MEDIUM,MEDIUM,MEDIUM,HIGH,NO,JM1
MEDIUM,LOW,LOW,LOW,MEDIUM,MEDIUM,MEDIUM,LOW,NO,JM1
LOW,LOW,LOW,LOW,LOW,LOW,LOW,LOW,NO,JM1
HIGH,HIGH,LOW,LOW,HIGH,MEDIUM,HIGH,MEDIUM,NO,JM1
HIGH,HIGH,LOW,LOW,HIGH,MEDIUM,HIGH,MEDIUM,NO,JM1
HIGH,HIGH,LOW,LOW,HIGH,MEDIUM,MEDIUM,HIGH,NO,JM1
HIGH,MEDIUM,LOW,HIGH,HIGH,HIGH,HIGH,MEDIUM,NO,JM1
HIGH,LOW,LOW,LOW,LOW,MEDIUM,LOW,LOW,NO,JM1
MEDIUM,HIGH,HIGH,MEDIUM,MEDIUM,HIGH,MEDIUM,HIGH,NO,JM1
MEDIUM,LOW,LOW,LOW,MEDIUM,MEDIUM,MEDIUM,LOW,NO,JM1
HIGH,HIGH,LOW,HIGH,HIGH,MEDIUM,MEDIUM,HIGH,NO,JM1
MEDIUM,LOW,LOW,LOW,HIGH,HIGH,HIGH,LOW,NO,JM1
LOW,LOW,LOW,LOW,LOW,LOW,LOW,LOW,NO,JM1
HIGH,MEDIUM,LOW,HIGH,HIGH,HIGH,HIGH,MEDIUM,NO,JM1
HIGH,HIGH,LOW,HIGH,HIGH,HIGH,HIGH,HIGH,NO,JM1
HIGH,LOW,LOW,LOW,HIGH,HIGH,HIGH,LOW,NO,JM1
HIGH,LOW,LOW,LOW,HIGH,HIGH,HIGH,LOW,NO,JM1
HIGH,HIGH,LOW,LOW,HIGH,HIGH,HIGH,HIGH,NO,JM1
MEDIUM,MEDIUM,LOW,MEDIUM,MEDIUM,MEDIUM,MEDIUM,MEDIUM,NO,JM1
HIGH,MEDIUM,LOW,LOW,MEDIUM,MEDIUM,MEDIUM,MEDIUM,NO,JM1
MEDIUM,HIGH,LOW,MEDIUM,LOW,LOW,LOW,HIGH,NO,JM1
LOW,LOW,LOW,LOW,LOW,LOW,LOW,LOW,NO,JM1
LOW,LOW,LOW,LOW,LOW,LOW,LOW,LOW,NO,JM1
LOW,LOW,LOW,LOW,LOW,LOW,LOW,LOW,NO,JM1
HIGH,HIGH,LOW,HIGH,HIGH,HIGH,HIGH,HIGH,NO,JM1
LOW,LOW,LOW,LOW,LOW,LOW,LOW,LOW,NO,JM1
MEDIUM,LOW,LOW,MEDIUM,MEDIUM,MEDIUM,MEDIUM,LOW,NO,JM1
LOW,LOW,LOW,LOW,LOW,LOW,LOW,LOW,NO,JM1
MEDIUM,MEDIUM,LOW,LOW,MEDIUM,MEDIUM,MEDIUM,LOW,NO,JM1
HIGH,MEDIUM,LOW,LOW,MEDIUM,MEDIUM,MEDIUM,MEDIUM,NO,JM1
LOW,LOW,LOW,LOW,MEDIUM,LOW,LOW,LOW,NO,JM1
HIGH,LOW,MEDIUM,MEDIUM,HIGH,LOW,MEDIUM,LOW,NO,JM1
LOW,LOW,LOW,LOW,LOW,LOW,LOW,LOW,NO,JM1
LOW,LOW,LOW,LOW,LOW,LOW,LOW,LOW,NO,JM1
LOW,LOW,LOW,LOW,LOW,LOW,LOW,LOW,NO,JM1
MEDIUM,LOW,LOW,LOW,MEDIUM,LOW,MEDIUM,LOW,NO,JM1
HIGH,HIGH,HIGH,HIGH,HIGH,HIGH,HIGH,HIGH,NO,JM1
MEDIUM,LOW,LOW,MEDIUM,HIGH,MEDIUM,MEDIUM,LOW,NO,JM1
MEDIUM,LOW,LOW,LOW,MEDIUM,LOW,MEDIUM,LOW,NO,JM1
MEDIUM,MEDIUM,LOW,LOW,MEDIUM,HIGH,HIGH,MEDIUM,NO,JM1
HIGH,MEDIUM,LOW,HIGH,HIGH,HIGH,HIGH,MEDIUM,NO,JM1
MEDIUM,HIGH,LOW,LOW,MEDIUM,LOW,MEDIUM,MEDIUM,NO,JM1
LOW,LOW,LOW,LOW,LOW,LOW,LOW,LOW,NO,JM1
LOW,LOW,LOW,LOW,LOW,LOW,LOW,LOW,NO,JM1
MEDIUM,LOW,LOW,LOW,LOW,LOW,LOW,LOW,NO,JM1
LOW,LOW,LOW,LOW,LOW,LOW,LOW,LOW,NO,JM1
LOW,LOW,LOW,LOW,LOW,LOW,LOW,LOW,NO,JM1
HIGH,HIGH,HIGH,HIGH,HIGH,HIGH,HIGH,HIGH,NO,JM1
MEDIUM,HIGH,HIGH,HIGH,MEDIUM,MEDIUM,MEDIUM,HIGH,NO,JM1
LOW,LOW,LOW,LOW,LOW,LOW,LOW,LOW,NO,JM1
LOW,LOW,LOW,LOW,MEDIUM,LOW,LOW,LOW,NO,JM1
HIGH,MEDIUM,LOW,HIGH,HIGH,HIGH,HIGH,MEDIUM,NO,JM1
LOW,LOW,LOW,LOW,LOW,LOW,LOW,LOW,NO,JM1
LOW,LOW,LOW,LOW,LOW,LOW,LOW,LOW,NO,JM1
MEDIUM,MEDIUM,LOW,MEDIUM,HIGH,MEDIUM,MEDIUM,MEDIUM,NO,JM1
HIGH,MEDIUM,LOW,MEDIUM,HIGH,MEDIUM,HIGH,MEDIUM,NO,JM1
HIGH,HIGH,MEDIUM,HIGH,HIGH,HIGH,HIGH,HIGH,NO,JM1
MEDIUM,LOW,LOW,MEDIUM,MEDIUM,MEDIUM,MEDIUM,LOW,NO,JM1
MEDIUM,LOW,LOW,MEDIUM,MEDIUM,MEDIUM,MEDIUM,LOW,NO,JM1
MEDIUM,LOW,LOW,MEDIUM,MEDIUM,MEDIUM,MEDIUM,LOW,NO,JM1
MEDIUM,LOW,LOW,MEDIUM,HIGH,MEDIUM,HIGH,LOW,NO,JM1
MEDIUM,MEDIUM,LOW,MEDIUM,HIGH,MEDIUM,MEDIUM,MEDIUM,NO,JM1
LOW,LOW,LOW,LOW,LOW,LOW,LOW,LOW,NO,JM1
MEDIUM,LOW,LOW,MEDIUM,LOW,LOW,LOW,LOW,NO,JM1
LOW,LOW,LOW,LOW,LOW,LOW,LOW,LOW,NO,JM1
HIGH,MEDIUM,LOW,HIGH,HIGH,MEDIUM,HIGH,MEDIUM,NO,JM1
HIGH,LOW,LOW,LOW,HIGH,HIGH,HIGH,LOW,NO,JM1
LOW,LOW,LOW,LOW,LOW,LOW,LOW,LOW,NO,JM1
LOW,LOW,LOW,LOW,LOW,LOW,LOW,LOW,NO,JM1
LOW,LOW,LOW,LOW,LOW,LOW,LOW,LOW,NO,JM1
HIGH,HIGH,HIGH,HIGH,HIGH,HIGH,HIGH,HIGH,NO,JM1
MEDIUM,LOW,LOW,LOW,HIGH,MEDIUM,MEDIUM,LOW,NO,JM1
HIGH,HIGH,HIGH,HIGH,HIGH,HIGH,HIGH,HIGH,NO,JM1
HIGH,MEDIUM,LOW,HIGH,HIGH,HIGH,HIGH,MEDIUM,NO,JM1
HIGH,MEDIUM,LOW,MEDIUM,HIGH,HIGH,HIGH,MEDIUM,NO,JM1
HIGH,HIGH,HIGH,HIGH,HIGH,MEDIUM,HIGH,HIGH,NO,JM1
HIGH,MEDIUM,LOW,LOW,HIGH,MEDIUM,MEDIUM,MEDIUM,NO,JM1
LOW,LOW,LOW,LOW,LOW,LOW,LOW,LOW,NO,JM1
LOW,LOW,LOW,LOW,LOW,LOW,LOW,LOW,NO,JM1
MEDIUM,LOW,LOW,LOW,MEDIUM,MEDIUM,MEDIUM,LOW,NO,JM1
LOW,LOW,LOW,LOW,LOW,LOW,LOW,LOW,NO,JM1
MEDIUM,LOW,LOW,LOW,LOW,LOW,LOW,LOW,NO,JM1
LOW,LOW,LOW,LOW,LOW,LOW,LOW,LOW,NO,JM1
LOW,LOW,LOW,LOW,LOW,LOW,LOW,LOW,NO,JM1
LOW,LOW,LOW,LOW,LOW,LOW,LOW,LOW,NO,JM1
HIGH,HIGH,LOW,HIGH,HIGH,HIGH,HIGH,HIGH,NO,JM1
LOW,LOW,LOW,LOW,MEDIUM,MEDIUM,MEDIUM,LOW,NO,JM1
MEDIUM,MEDIUM,LOW,MEDIUM,HIGH,HIGH,HIGH,MEDIUM,NO,JM1
HIGH,HIGH,HIGH,HIGH,HIGH,HIGH,HIGH,HIGH,NO,JM1
HIGH,HIGH,HIGH,MEDIUM,HIGH,HIGH,HIGH,HIGH,NO,JM1
HIGH,HIGH,HIGH,HIGH,HIGH,MEDIUM,MEDIUM,HIGH,NO,JM1
MEDIUM,HIGH,HIGH,HIGH,MEDIUM,MEDIUM,MEDIUM,HIGH,NO,JM1
HIGH,MEDIUM,HIGH,HIGH,HIGH,HIGH,HIGH,MEDIUM,NO,JM1
HIGH,HIGH,HIGH,HIGH,HIGH,HIGH,HIGH,HIGH,NO,JM1
HIGH,HIGH,HIGH,HIGH,HIGH,HIGH,HIGH,HIGH,NO,JM1
MEDIUM,LOW,LOW,LOW,HIGH,LOW,MEDIUM,LOW,NO,JM1
HIGH,MEDIUM,LOW,MEDIUM,HIGH,HIGH,HIGH,MEDIUM,NO,JM1
LOW,LOW,LOW,LOW,LOW,LOW,LOW,LOW,NO,JM1
HIGH,MEDIUM,LOW,HIGH,HIGH,HIGH,HIGH,MEDIUM,NO,JM1
MEDIUM,HIGH,HIGH,HIGH,MEDIUM,MEDIUM,MEDIUM,HIGH,NO,JM1
MEDIUM,HIGH,LOW,MEDIUM,HIGH,MEDIUM,HIGH,HIGH,NO,JM1
MEDIUM,MEDIUM,LOW,MEDIUM,HIGH,MEDIUM,MEDIUM,MEDIUM,NO,JM1
LOW,LOW,LOW,LOW,MEDIUM,LOW,MEDIUM,LOW,NO,JM1
LOW,LOW,LOW,LOW,LOW,LOW,LOW,LOW,NO,JM1
HIGH,MEDIUM,LOW,HIGH,HIGH,MEDIUM,HIGH,MEDIUM,NO,JM1
HIGH,MEDIUM,LOW,HIGH,HIGH,HIGH,HIGH,MEDIUM,NO,JM1
LOW,LOW,LOW,LOW,LOW,LOW,LOW,LOW,NO,JM1
HIGH,HIGH,HIGH,HIGH,HIGH,HIGH,HIGH,HIGH,NO,JM1
LOW,LOW,LOW,LOW,MEDIUM,MEDIUM,MEDIUM,LOW,NO,JM1
MEDIUM,MEDIUM,LOW,MEDIUM,MEDIUM,MEDIUM,MEDIUM,MEDIUM,NO,JM1
LOW,LOW,LOW,LOW,LOW,LOW,LOW,LOW,NO,JM1
MEDIUM,LOW,LOW,LOW,HIGH,HIGH,HIGH,LOW,NO,JM1
LOW,LOW,LOW,LOW,LOW,LOW,LOW,LOW,NO,JM1
LOW,LOW,LOW,MEDIUM,LOW,LOW,LOW,LOW,NO,JM1
LOW,LOW,LOW,LOW,LOW,LOW,LOW,LOW,NO,JM1
MEDIUM,MEDIUM,LOW,MEDIUM,MEDIUM,MEDIUM,MEDIUM,MEDIUM,NO,JM1
MEDIUM,MEDIUM,LOW,MEDIUM,MEDIUM,MEDIUM,MEDIUM,MEDIUM,NO,JM1
MEDIUM,MEDIUM,LOW,MEDIUM,MEDIUM,MEDIUM,MEDIUM,MEDIUM,NO,JM1
MEDIUM,MEDIUM,LOW,MEDIUM,MEDIUM,MEDIUM,MEDIUM,MEDIUM,NO,JM1
HIGH,MEDIUM,LOW,MEDIUM,MEDIUM,HIGH,HIGH,MEDIUM,NO,JM1
HIGH,HIGH,MEDIUM,HIGH,HIGH,HIGH,HIGH,HIGH,NO,JM1
HIGH,HIGH,HIGH,HIGH,HIGH,HIGH,HIGH,HIGH,NO,JM1
MEDIUM,MEDIUM,LOW,MEDIUM,HIGH,HIGH,HIGH,MEDIUM,NO,JM1
HIGH,HIGH,HIGH,MEDIUM,HIGH,HIGH,HIGH,HIGH,NO,JM1
HIGH,MEDIUM,HIGH,HIGH,MEDIUM,MEDIUM,MEDIUM,MEDIUM,NO,JM1
MEDIUM,LOW,LOW,LOW,LOW,LOW,LOW,LOW,NO,JM1
MEDIUM,MEDIUM,HIGH,MEDIUM,MEDIUM,MEDIUM,MEDIUM,MEDIUM,NO,JM1
MEDIUM,HIGH,HIGH,MEDIUM,HIGH,HIGH,HIGH,HIGH,NO,JM1
MEDIUM,HIGH,HIGH,MEDIUM,MEDIUM,HIGH,HIGH,HIGH,NO,JM1
MEDIUM,MEDIUM,HIGH,MEDIUM,MEDIUM,MEDIUM,MEDIUM,MEDIUM,NO,JM1
LOW,LOW,LOW,LOW,LOW,LOW,LOW,LOW,NO,JM1
HIGH,HIGH,HIGH,HIGH,HIGH,HIGH,HIGH,HIGH,NO,JM1
HIGH,HIGH,HIGH,HIGH,HIGH,HIGH,HIGH,HIGH,NO,JM1
LOW,MEDIUM,HIGH,HIGH,LOW,MEDIUM,MEDIUM,MEDIUM,NO,JM1
LOW,LOW,LOW,LOW,LOW,LOW,LOW,LOW,NO,JM1
LOW,LOW,LOW,MEDIUM,MEDIUM,LOW,MEDIUM,LOW,NO,JM1
MEDIUM,MEDIUM,LOW,MEDIUM,MEDIUM,MEDIUM,MEDIUM,MEDIUM,NO,JM1
LOW,LOW,LOW,MEDIUM,MEDIUM,LOW,MEDIUM,LOW,NO,JM1
MEDIUM,MEDIUM,LOW,MEDIUM,MEDIUM,MEDIUM,MEDIUM,MEDIUM,NO,JM1
LOW,LOW,LOW,LOW,LOW,LOW,LOW,LOW,NO,JM1
LOW,LOW,LOW,LOW,MEDIUM,LOW,MEDIUM,LOW,NO,JM1
HIGH,LOW,LOW,LOW,HIGH,HIGH,HIGH,LOW,NO,JM1
LOW,LOW,LOW,LOW,MEDIUM,HIGH,MEDIUM,LOW,NO,JM1
LOW,LOW,LOW,LOW,LOW,LOW,LOW,LOW,NO,JM1
MEDIUM,LOW,LOW,MEDIUM,MEDIUM,MEDIUM,MEDIUM,LOW,NO,JM1
LOW,LOW,LOW,LOW,LOW,LOW,LOW,LOW,NO,JM1
MEDIUM,LOW,LOW,MEDIUM,MEDIUM,MEDIUM,MEDIUM,LOW,NO,JM1
HIGH,HIGH,LOW,HIGH,HIGH,HIGH,HIGH,HIGH,NO,JM1
LOW,MEDIUM,LOW,LOW,LOW,MEDIUM,MEDIUM,MEDIUM,NO,JM1
LOW,LOW,LOW,LOW,LOW,LOW,LOW,LOW,NO,JM1
HIGH,HIGH,HIGH,HIGH,LOW,LOW,LOW,HIGH,NO,JM1
MEDIUM,LOW,LOW,LOW,MEDIUM,LOW,MEDIUM,LOW,NO,JM1
LOW,LOW,LOW,LOW,LOW,MEDIUM,MEDIUM,LOW,NO,JM1
LOW,LOW,LOW,LOW,LOW,LOW,LOW,LOW,NO,JM1
LOW,LOW,LOW,LOW,LOW,LOW,LOW,LOW,NO,JM1
LOW,LOW,LOW,LOW,LOW,LOW,LOW,LOW,NO,JM1
LOW,LOW,LOW,LOW,MEDIUM,LOW,LOW,LOW,NO,JM1
MEDIUM,MEDIUM,LOW,LOW,MEDIUM,HIGH,HIGH,MEDIUM,NO,JM1
HIGH,MEDIUM,HIGH,LOW,HIGH,HIGH,HIGH,MEDIUM,NO,JM1
LOW,LOW,LOW,LOW,MEDIUM,LOW,MEDIUM,LOW,NO,JM1
MEDIUM,MEDIUM,HIGH,MEDIUM,MEDIUM,MEDIUM,MEDIUM,MEDIUM,NO,JM1
HIGH,HIGH,HIGH,HIGH,HIGH,HIGH,HIGH,HIGH,NO,JM1
LOW,LOW,LOW,LOW,LOW,LOW,LOW,LOW,NO,JM1
LOW,MEDIUM,HIGH,MEDIUM,MEDIUM,MEDIUM,MEDIUM,MEDIUM,NO,JM1
MEDIUM,MEDIUM,LOW,HIGH,HIGH,MEDIUM,MEDIUM,MEDIUM,NO,JM1
MEDIUM,MEDIUM,HIGH,LOW,MEDIUM,MEDIUM,MEDIUM,MEDIUM,NO,JM1
LOW,LOW,LOW,LOW,LOW,LOW,LOW,LOW,NO,JM1
HIGH,HIGH,HIGH,HIGH,HIGH,HIGH,HIGH,HIGH,NO,JM1
LOW,LOW,LOW,LOW,LOW,LOW,LOW,LOW,NO,JM1
LOW,LOW,LOW,LOW,LOW,LOW,LOW,LOW,NO,JM1
LOW,LOW,LOW,LOW,LOW,LOW,LOW,LOW,NO,JM1
LOW,LOW,LOW,LOW,LOW,LOW,LOW,LOW,NO,JM1
LOW,LOW,LOW,LOW,LOW,LOW,LOW,LOW,NO,JM1
LOW,LOW,LOW,LOW,LOW,LOW,LOW,LOW,NO,JM1
LOW,LOW,LOW,LOW,LOW,LOW,LOW,LOW,NO,JM1
LOW,LOW,LOW,LOW,LOW,LOW,LOW,LOW,NO,JM1
LOW,LOW,LOW,LOW,LOW,LOW,LOW,LOW,NO,JM1
LOW,LOW,LOW,LOW,LOW,LOW,LOW,LOW,NO,JM1
LOW,LOW,LOW,LOW,LOW,LOW,LOW,LOW,NO,JM1
LOW,LOW,LOW,LOW,LOW,LOW,LOW,LOW,NO,JM1
LOW,LOW,LOW,LOW,LOW,LOW,LOW,LOW,NO,JM1
LOW,LOW,LOW,LOW,LOW,LOW,LOW,LOW,NO,JM1
LOW,LOW,LOW,LOW,LOW,LOW,LOW,LOW,NO,JM1
LOW,LOW,LOW,LOW,LOW,LOW,LOW,LOW,NO,JM1
MEDIUM,LOW,LOW,LOW,LOW,LOW,LOW,LOW,NO,JM1
LOW,LOW,LOW,LOW,LOW,LOW,LOW,LOW,NO,JM1
HIGH,LOW,LOW,LOW,HIGH,MEDIUM,HIGH,LOW,NO,JM1
LOW,LOW,LOW,MEDIUM,MEDIUM,MEDIUM,MEDIUM,LOW,NO,JM1
LOW,LOW,LOW,MEDIUM,MEDIUM,MEDIUM,MEDIUM,LOW,NO,JM1
LOW,LOW,LOW,LOW,LOW,MEDIUM,LOW,LOW,NO,JM1
LOW,LOW,LOW,MEDIUM,MEDIUM,MEDIUM,MEDIUM,LOW,NO,JM1
HIGH,MEDIUM,LOW,MEDIUM,MEDIUM,MEDIUM,MEDIUM,MEDIUM,NO,JM1
HIGH,HIGH,HIGH,MEDIUM,HIGH,HIGH,HIGH,HIGH,NO,JM1
HIGH,HIGH,MEDIUM,HIGH,HIGH,HIGH,HIGH,HIGH,NO,JM1
LOW,LOW,LOW,LOW,MEDIUM,LOW,MEDIUM,LOW,NO,JM1
HIGH,HIGH,HIGH,HIGH,HIGH,HIGH,HIGH,HIGH,NO,JM1
MEDIUM,LOW,LOW,LOW,MEDIUM,MEDIUM,MEDIUM,LOW,NO,JM1
LOW,LOW,LOW,LOW,MEDIUM,LOW,MEDIUM,LOW,NO,JM1
HIGH,HIGH,LOW,HIGH,MEDIUM,HIGH,HIGH,HIGH,NO,JM1
MEDIUM,LOW,LOW,LOW,LOW,MEDIUM,MEDIUM,LOW,NO,JM1
LOW,LOW,LOW,LOW,LOW,MEDIUM,LOW,LOW,NO,JM1
MEDIUM,LOW,LOW,LOW,LOW,MEDIUM,LOW,LOW,NO,JM1
LOW,LOW,LOW,LOW,LOW,LOW,LOW,LOW,NO,JM1
LOW,LOW,LOW,LOW,MEDIUM,LOW,LOW,LOW,NO,JM1
LOW,LOW,LOW,LOW,LOW,LOW,LOW,LOW,NO,JM1
LOW,LOW,LOW,LOW,MEDIUM,LOW,LOW,LOW,NO,JM1
LOW,LOW,LOW,LOW,LOW,LOW,LOW,LOW,NO,JM1
LOW,LOW,LOW,LOW,LOW,MEDIUM,MEDIUM,LOW,NO,JM1
LOW,LOW,LOW,LOW,LOW,LOW,LOW,LOW,NO,JM1
HIGH,LOW,LOW,LOW,HIGH,MEDIUM,HIGH,LOW,NO,JM1
HIGH,HIGH,HIGH,HIGH,LOW,LOW,LOW,HIGH,NO,JM1
LOW,LOW,LOW,LOW,MEDIUM,MEDIUM,MEDIUM,LOW,NO,JM1
HIGH,HIGH,LOW,MEDIUM,MEDIUM,HIGH,MEDIUM,HIGH,NO,JM1
MEDIUM,MEDIUM,LOW,MEDIUM,HIGH,HIGH,HIGH,MEDIUM,NO,JM1
LOW,LOW,LOW,LOW,LOW,MEDIUM,LOW,LOW,NO,JM1
MEDIUM,LOW,LOW,LOW,MEDIUM,HIGH,MEDIUM,LOW,NO,JM1
LOW,LOW,LOW,LOW,LOW,LOW,LOW,LOW,NO,JM1
MEDIUM,MEDIUM,LOW,MEDIUM,HIGH,HIGH,HIGH,MEDIUM,NO,JM1
LOW,LOW,LOW,LOW,LOW,MEDIUM,MEDIUM,LOW,NO,JM1
HIGH,HIGH,LOW,HIGH,LOW,LOW,LOW,HIGH,NO,JM1
LOW,LOW,LOW,LOW,LOW,MEDIUM,MEDIUM,LOW,NO,JM1
MEDIUM,MEDIUM,HIGH,LOW,MEDIUM,MEDIUM,MEDIUM,MEDIUM,NO,JM1
LOW,LOW,LOW,LOW,LOW,MEDIUM,MEDIUM,LOW,NO,JM1
LOW,LOW,LOW,LOW,LOW,MEDIUM,LOW,LOW,NO,JM1
LOW,MEDIUM,HIGH,LOW,MEDIUM,MEDIUM,MEDIUM,MEDIUM,NO,JM1
HIGH,HIGH,HIGH,LOW,HIGH,HIGH,HIGH,HIGH,NO,JM1
HIGH,MEDIUM,HIGH,MEDIUM,HIGH,HIGH,HIGH,MEDIUM,NO,JM1
LOW,LOW,LOW,LOW,LOW,LOW,LOW,LOW,NO,JM1
MEDIUM,MEDIUM,LOW,LOW,MEDIUM,MEDIUM,MEDIUM,MEDIUM,NO,JM1
MEDIUM,LOW,LOW,MEDIUM,MEDIUM,LOW,MEDIUM,LOW,NO,JM1
MEDIUM,MEDIUM,LOW,MEDIUM,HIGH,HIGH,HIGH,MEDIUM,NO,JM1
LOW,LOW,LOW,LOW,MEDIUM,LOW,MEDIUM,LOW,NO,JM1
LOW,LOW,LOW,LOW,LOW,LOW,LOW,LOW,NO,JM1
MEDIUM,HIGH,HIGH,LOW,HIGH,HIGH,HIGH,HIGH,NO,JM1
MEDIUM,MEDIUM,LOW,LOW,MEDIUM,MEDIUM,MEDIUM,MEDIUM,NO,JM1
HIGH,HIGH,MEDIUM,MEDIUM,HIGH,HIGH,HIGH,HIGH,NO,JM1
LOW,LOW,LOW,LOW,LOW,LOW,LOW,LOW,NO,JM1
MEDIUM,MEDIUM,LOW,LOW,HIGH,MEDIUM,HIGH,MEDIUM,NO,JM1
LOW,LOW,LOW,LOW,LOW,LOW,LOW,LOW,NO,JM1
MEDIUM,HIGH,LOW,MEDIUM,MEDIUM,HIGH,MEDIUM,HIGH,NO,JM1
LOW,LOW,LOW,LOW,LOW,LOW,LOW,LOW,NO,JM1
MEDIUM,LOW,LOW,LOW,MEDIUM,MEDIUM,MEDIUM,LOW,NO,JM1
MEDIUM,LOW,LOW,MEDIUM,MEDIUM,MEDIUM,MEDIUM,LOW,NO,JM1
MEDIUM,LOW,LOW,MEDIUM,MEDIUM,MEDIUM,MEDIUM,LOW,NO,JM1
MEDIUM,LOW,LOW,MEDIUM,MEDIUM,MEDIUM,MEDIUM,LOW,NO,JM1
LOW,LOW,LOW,LOW,LOW,LOW,LOW,LOW,NO,JM1
MEDIUM,MEDIUM,MEDIUM,HIGH,MEDIUM,MEDIUM,MEDIUM,MEDIUM,NO,JM1
MEDIUM,HIGH,HIGH,MEDIUM,HIGH,HIGH,HIGH,HIGH,NO,JM1
MEDIUM,HIGH,HIGH,MEDIUM,HIGH,HIGH,HIGH,HIGH,NO,JM1
MEDIUM,MEDIUM,MEDIUM,MEDIUM,MEDIUM,MEDIUM,MEDIUM,MEDIUM,NO,JM1
LOW,LOW,LOW,LOW,LOW,LOW,LOW,LOW,NO,JM1
LOW,MEDIUM,LOW,MEDIUM,MEDIUM,MEDIUM,MEDIUM,MEDIUM,NO,JM1
MEDIUM,MEDIUM,MEDIUM,LOW,MEDIUM,MEDIUM,MEDIUM,MEDIUM,NO,JM1
MEDIUM,LOW,LOW,MEDIUM,HIGH,HIGH,HIGH,LOW,NO,JM1
MEDIUM,LOW,LOW,LOW,MEDIUM,HIGH,HIGH,LOW,NO,JM1
MEDIUM,MEDIUM,LOW,MEDIUM,MEDIUM,MEDIUM,MEDIUM,MEDIUM,NO,JM1
LOW,LOW,LOW,LOW,LOW,LOW,LOW,LOW,NO,JM1
MEDIUM,LOW,LOW,MEDIUM,LOW,LOW,LOW,LOW,NO,JM1
MEDIUM,LOW,LOW,MEDIUM,MEDIUM,LOW,MEDIUM,LOW,NO,JM1
MEDIUM,MEDIUM,LOW,LOW,MEDIUM,HIGH,MEDIUM,MEDIUM,NO,JM1
HIGH,HIGH,HIGH,HIGH,HIGH,HIGH,HIGH,HIGH,NO,JM1
LOW,LOW,LOW,LOW,LOW,LOW,LOW,LOW,NO,JM1
MEDIUM,LOW,LOW,LOW,MEDIUM,LOW,MEDIUM,LOW,NO,JM1
HIGH,MEDIUM,MEDIUM,HIGH,HIGH,MEDIUM,HIGH,MEDIUM,NO,JM1
HIGH,HIGH,HIGH,HIGH,HIGH,MEDIUM,HIGH,HIGH,NO,JM1
HIGH,MEDIUM,MEDIUM,MEDIUM,HIGH,MEDIUM,MEDIUM,MEDIUM,NO,JM1
HIGH,MEDIUM,MEDIUM,HIGH,MEDIUM,LOW,MEDIUM,MEDIUM,NO,JM1
MEDIUM,LOW,LOW,LOW,LOW,LOW,LOW,LOW,NO,JM1
MEDIUM,LOW,LOW,LOW,MEDIUM,LOW,MEDIUM,LOW,NO,JM1
HIGH,HIGH,HIGH,HIGH,HIGH,HIGH,HIGH,HIGH,NO,JM1
HIGH,MEDIUM,LOW,MEDIUM,MEDIUM,LOW,MEDIUM,MEDIUM,NO,JM1
MEDIUM,LOW,LOW,LOW,LOW,LOW,LOW,LOW,NO,JM1
LOW,LOW,LOW,LOW,LOW,LOW,LOW,LOW,NO,JM1
MEDIUM,LOW,LOW,LOW,MEDIUM,LOW,LOW,LOW,NO,JM1
HIGH,LOW,LOW,MEDIUM,HIGH,MEDIUM,HIGH,LOW,NO,JM1
LOW,LOW,LOW,LOW,LOW,LOW,LOW,LOW,NO,JM1
LOW,LOW,LOW,LOW,LOW,LOW,LOW,LOW,NO,JM1
LOW,LOW,LOW,LOW,LOW,LOW,LOW,LOW,NO,JM1
LOW,LOW,LOW,LOW,LOW,LOW,LOW,LOW,NO,JM1
LOW,LOW,LOW,LOW,LOW,LOW,LOW,LOW,NO,JM1
LOW,LOW,LOW,LOW,LOW,LOW,LOW,LOW,NO,JM1
MEDIUM,MEDIUM,HIGH,MEDIUM,MEDIUM,HIGH,HIGH,MEDIUM,NO,JM1
MEDIUM,HIGH,LOW,MEDIUM,MEDIUM,HIGH,HIGH,HIGH,NO,JM1
LOW,LOW,LOW,LOW,MEDIUM,LOW,MEDIUM,LOW,NO,JM1
LOW,LOW,LOW,MEDIUM,LOW,LOW,LOW,LOW,NO,JM1
LOW,LOW,LOW,LOW,LOW,LOW,LOW,LOW,NO,JM1
LOW,LOW,LOW,LOW,LOW,LOW,LOW,LOW,NO,JM1
LOW,LOW,LOW,LOW,LOW,LOW,LOW,LOW,NO,JM1
LOW,LOW,LOW,LOW,LOW,LOW,LOW,LOW,NO,JM1
LOW,LOW,LOW,LOW,LOW,LOW,LOW,LOW,NO,JM1
LOW,LOW,LOW,LOW,LOW,LOW,LOW,LOW,NO,JM1
LOW,LOW,LOW,LOW,LOW,LOW,LOW,LOW,NO,JM1
LOW,LOW,LOW,LOW,LOW,LOW,LOW,LOW,NO,JM1
LOW,LOW,LOW,LOW,LOW,LOW,LOW,LOW,NO,JM1
LOW,LOW,LOW,LOW,LOW,LOW,LOW,LOW,NO,JM1
LOW,LOW,LOW,LOW,LOW,LOW,LOW,LOW,NO,JM1
LOW,LOW,LOW,LOW,LOW,LOW,LOW,LOW,NO,JM1
HIGH,HIGH,HIGH,HIGH,HIGH,HIGH,HIGH,HIGH,NO,JM1
HIGH,HIGH,HIGH,HIGH,HIGH,HIGH,HIGH,HIGH,NO,JM1
LOW,LOW,LOW,LOW,LOW,LOW,LOW,LOW,NO,JM1
HIGH,HIGH,HIGH,HIGH,HIGH,HIGH,HIGH,HIGH,NO,JM1
LOW,LOW,LOW,LOW,LOW,LOW,LOW,LOW,NO,JM1
LOW,LOW,LOW,LOW,LOW,LOW,LOW,LOW,NO,JM1
HIGH,MEDIUM,MEDIUM,MEDIUM,HIGH,MEDIUM,HIGH,MEDIUM,NO,JM1
HIGH,LOW,LOW,MEDIUM,HIGH,HIGH,HIGH,LOW,NO,JM1
LOW,LOW,LOW,LOW,LOW,LOW,LOW,LOW,NO,JM1
LOW,LOW,LOW,LOW,LOW,LOW,LOW,LOW,NO,JM1
LOW,LOW,LOW,LOW,LOW,LOW,LOW,LOW,NO,JM1
LOW,LOW,LOW,LOW,LOW,LOW,LOW,LOW,NO,JM1
LOW,LOW,LOW,LOW,LOW,LOW,LOW,LOW,NO,JM1
LOW,LOW,LOW,LOW,LOW,LOW,LOW,LOW,NO,JM1
LOW,LOW,LOW,LOW,LOW,LOW,LOW,LOW,NO,JM1
MEDIUM,MEDIUM,LOW,MEDIUM,MEDIUM,MEDIUM,MEDIUM,MEDIUM,NO,JM1
MEDIUM,MEDIUM,LOW,MEDIUM,MEDIUM,MEDIUM,HIGH,MEDIUM,NO,JM1
MEDIUM,HIGH,LOW,MEDIUM,HIGH,HIGH,HIGH,HIGH,NO,JM1
MEDIUM,LOW,LOW,LOW,MEDIUM,MEDIUM,MEDIUM,LOW,NO,JM1
LOW,LOW,LOW,LOW,MEDIUM,MEDIUM,MEDIUM,LOW,NO,JM1
LOW,MEDIUM,LOW,LOW,MEDIUM,HIGH,MEDIUM,MEDIUM,NO,JM1
MEDIUM,HIGH,LOW,LOW,MEDIUM,HIGH,MEDIUM,HIGH,NO,JM1
MEDIUM,HIGH,LOW,LOW,MEDIUM,HIGH,MEDIUM,HIGH,NO,JM1
MEDIUM,HIGH,LOW,LOW,MEDIUM,HIGH,MEDIUM,HIGH,NO,JM1
HIGH,HIGH,LOW,LOW,HIGH,HIGH,HIGH,HIGH,NO,JM1
LOW,LOW,LOW,LOW,LOW,MEDIUM,LOW,LOW,NO,JM1
LOW,LOW,LOW,MEDIUM,LOW,MEDIUM,MEDIUM,LOW,NO,JM1
MEDIUM,MEDIUM,LOW,MEDIUM,MEDIUM,MEDIUM,MEDIUM,MEDIUM,NO,JM1
LOW,LOW,LOW,MEDIUM,LOW,MEDIUM,MEDIUM,LOW,NO,JM1
LOW,LOW,LOW,LOW,LOW,LOW,LOW,LOW,NO,JM1
LOW,LOW,LOW,LOW,LOW,LOW,LOW,LOW,NO,JM1
LOW,LOW,LOW,LOW,LOW,MEDIUM,LOW,LOW,NO,JM1
LOW,LOW,LOW,LOW,LOW,MEDIUM,LOW,LOW,NO,JM1
HIGH,HIGH,LOW,HIGH,HIGH,HIGH,HIGH,HIGH,NO,JM1
HIGH,MEDIUM,LOW,MEDIUM,HIGH,HIGH,HIGH,MEDIUM,NO,JM1
HIGH,MEDIUM,LOW,MEDIUM,HIGH,HIGH,HIGH,MEDIUM,NO,JM1
HIGH,MEDIUM,LOW,MEDIUM,HIGH,HIGH,HIGH,MEDIUM,NO,JM1
HIGH,MEDIUM,LOW,MEDIUM,HIGH,HIGH,HIGH,MEDIUM,NO,JM1
HIGH,MEDIUM,LOW,MEDIUM,HIGH,MEDIUM,HIGH,MEDIUM,NO,JM1
HIGH,MEDIUM,LOW,MEDIUM,HIGH,MEDIUM,HIGH,MEDIUM,NO,JM1
LOW,LOW,LOW,LOW,LOW,LOW,LOW,LOW,NO,JM1
LOW,LOW,LOW,LOW,LOW,LOW,LOW,LOW,NO,JM1
LOW,LOW,LOW,LOW,LOW,LOW,LOW,LOW,NO,JM1
LOW,LOW,LOW,LOW,LOW,LOW,LOW,LOW,NO,JM1
LOW,LOW,LOW,LOW,LOW,LOW,LOW,LOW,NO,JM1
LOW,LOW,LOW,LOW,LOW,LOW,LOW,LOW,NO,JM1
LOW,LOW,LOW,LOW,MEDIUM,MEDIUM,MEDIUM,LOW,NO,JM1
LOW,LOW,LOW,LOW,LOW,LOW,LOW,LOW,NO,JM1
LOW,LOW,LOW,LOW,MEDIUM,MEDIUM,MEDIUM,LOW,NO,JM1
LOW,LOW,LOW,LOW,LOW,LOW,LOW,LOW,NO,JM1
LOW,LOW,LOW,LOW,MEDIUM,MEDIUM,MEDIUM,LOW,NO,JM1
LOW,LOW,LOW,LOW,LOW,LOW,LOW,LOW,NO,JM1
MEDIUM,MEDIUM,LOW,MEDIUM,MEDIUM,HIGH,MEDIUM,MEDIUM,NO,JM1
LOW,LOW,LOW,LOW,LOW,LOW,LOW,LOW,NO,JM1
HIGH,MEDIUM,LOW,HIGH,HIGH,HIGH,HIGH,MEDIUM,NO,JM1
LOW,LOW,LOW,LOW,LOW,LOW,LOW,LOW,NO,JM1
LOW,LOW,LOW,LOW,MEDIUM,MEDIUM,MEDIUM,LOW,NO,JM1
LOW,LOW,LOW,LOW,LOW,LOW,LOW,LOW,NO,JM1
LOW,LOW,LOW,LOW,LOW,LOW,LOW,LOW,NO,JM1
LOW,LOW,LOW,LOW,LOW,LOW,LOW,LOW,NO,JM1
LOW,LOW,LOW,LOW,LOW,LOW,LOW,LOW,NO,JM1
LOW,LOW,LOW,LOW,LOW,LOW,LOW,LOW,NO,JM1
LOW,HIGH,HIGH,MEDIUM,HIGH,HIGH,HIGH,HIGH,NO,JM1
LOW,HIGH,HIGH,MEDIUM,HIGH,HIGH,HIGH,HIGH,NO,JM1
MEDIUM,LOW,LOW,LOW,MEDIUM,HIGH,MEDIUM,LOW,NO,JM1
LOW,HIGH,HIGH,MEDIUM,HIGH,HIGH,HIGH,HIGH,NO,JM1
LOW,MEDIUM,HIGH,MEDIUM,HIGH,HIGH,HIGH,MEDIUM,NO,JM1
LOW,HIGH,HIGH,MEDIUM,HIGH,HIGH,HIGH,HIGH,NO,JM1
LOW,HIGH,HIGH,MEDIUM,HIGH,HIGH,HIGH,HIGH,NO,JM1
LOW,HIGH,HIGH,MEDIUM,HIGH,HIGH,HIGH,HIGH,NO,JM1
LOW,HIGH,HIGH,MEDIUM,HIGH,HIGH,HIGH,HIGH,NO,JM1
HIGH,HIGH,HIGH,HIGH,HIGH,HIGH,HIGH,HIGH,NO,JM1
MEDIUM,HIGH,HIGH,HIGH,HIGH,HIGH,HIGH,HIGH,NO,JM1
LOW,HIGH,HIGH,MEDIUM,HIGH,HIGH,HIGH,HIGH,NO,JM1
LOW,MEDIUM,HIGH,MEDIUM,HIGH,HIGH,HIGH,MEDIUM,NO,JM1
LOW,MEDIUM,LOW,LOW,LOW,MEDIUM,LOW,MEDIUM,NO,JM1
LOW,LOW,LOW,LOW,LOW,LOW,LOW,LOW,NO,JM1
MEDIUM,MEDIUM,HIGH,LOW,HIGH,HIGH,HIGH,MEDIUM,NO,JM1
HIGH,HIGH,HIGH,HIGH,HIGH,HIGH,HIGH,HIGH,NO,JM1
MEDIUM,MEDIUM,HIGH,MEDIUM,MEDIUM,MEDIUM,MEDIUM,MEDIUM,NO,JM1
MEDIUM,MEDIUM,HIGH,HIGH,MEDIUM,MEDIUM,MEDIUM,MEDIUM,NO,JM1
MEDIUM,LOW,LOW,LOW,LOW,LOW,LOW,LOW,NO,JM1
LOW,LOW,LOW,LOW,LOW,LOW,LOW,LOW,NO,JM1
LOW,LOW,LOW,LOW,LOW,LOW,LOW,LOW,NO,JM1
HIGH,HIGH,LOW,HIGH,HIGH,HIGH,HIGH,HIGH,NO,JM1
MEDIUM,HIGH,HIGH,HIGH,MEDIUM,MEDIUM,MEDIUM,HIGH,NO,JM1
HIGH,HIGH,HIGH,HIGH,HIGH,HIGH,HIGH,HIGH,NO,JM1
MEDIUM,LOW,LOW,LOW,MEDIUM,LOW,LOW,LOW,NO,JM1
MEDIUM,LOW,LOW,LOW,MEDIUM,LOW,LOW,LOW,NO,JM1
HIGH,LOW,LOW,LOW,MEDIUM,LOW,MEDIUM,LOW,NO,JM1
LOW,LOW,LOW,LOW,LOW,LOW,LOW,LOW,NO,JM1
HIGH,LOW,LOW,LOW,HIGH,MEDIUM,MEDIUM,LOW,NO,JM1
HIGH,LOW,LOW,LOW,HIGH,MEDIUM,HIGH,LOW,NO,JM1
MEDIUM,LOW,LOW,MEDIUM,MEDIUM,LOW,MEDIUM,LOW,NO,JM1
LOW,LOW,LOW,MEDIUM,LOW,MEDIUM,LOW,LOW,NO,JM1
HIGH,LOW,LOW,LOW,MEDIUM,LOW,MEDIUM,LOW,NO,JM1
MEDIUM,LOW,LOW,LOW,MEDIUM,LOW,LOW,LOW,NO,JM1
LOW,LOW,LOW,LOW,LOW,LOW,LOW,LOW,NO,JM1
MEDIUM,MEDIUM,LOW,MEDIUM,HIGH,MEDIUM,HIGH,MEDIUM,NO,JM1
MEDIUM,LOW,LOW,LOW,LOW,LOW,LOW,LOW,NO,JM1
MEDIUM,LOW,LOW,LOW,LOW,LOW,LOW,LOW,NO,JM1
LOW,LOW,LOW,LOW,LOW,LOW,LOW,LOW,NO,JM1
LOW,LOW,LOW,LOW,LOW,LOW,LOW,LOW,NO,JM1
MEDIUM,LOW,LOW,LOW,MEDIUM,LOW,LOW,LOW,NO,JM1
LOW,LOW,LOW,LOW,LOW,LOW,LOW,LOW,NO,JM1
MEDIUM,LOW,LOW,LOW,LOW,LOW,LOW,LOW,NO,JM1
MEDIUM,LOW,LOW,LOW,LOW,LOW,LOW,LOW,NO,JM1
MEDIUM,MEDIUM,LOW,MEDIUM,MEDIUM,MEDIUM,MEDIUM,MEDIUM,NO,JM1
MEDIUM,LOW,LOW,LOW,MEDIUM,LOW,LOW,LOW,NO,JM1
LOW,LOW,LOW,LOW,LOW,LOW,LOW,LOW,NO,JM1
LOW,LOW,LOW,LOW,LOW,LOW,LOW,LOW,NO,JM1
MEDIUM,MEDIUM,LOW,MEDIUM,MEDIUM,MEDIUM,MEDIUM,MEDIUM,NO,JM1
LOW,LOW,LOW,LOW,LOW,LOW,LOW,LOW,NO,JM1
LOW,LOW,LOW,LOW,LOW,LOW,LOW,LOW,NO,JM1
LOW,LOW,LOW,LOW,LOW,LOW,LOW,LOW,NO,JM1
LOW,LOW,LOW,LOW,LOW,LOW,LOW,LOW,NO,JM1
HIGH,HIGH,HIGH,HIGH,HIGH,HIGH,HIGH,HIGH,NO,JM1
LOW,LOW,LOW,LOW,LOW,LOW,LOW,LOW,NO,JM1
LOW,MEDIUM,HIGH,LOW,MEDIUM,MEDIUM,MEDIUM,MEDIUM,NO,JM1
LOW,LOW,LOW,LOW,LOW,LOW,LOW,LOW,NO,JM1
LOW,MEDIUM,HIGH,LOW,LOW,LOW,LOW,MEDIUM,NO,JM1
LOW,LOW,LOW,MEDIUM,LOW,LOW,LOW,LOW,NO,JM1
LOW,LOW,LOW,MEDIUM,LOW,LOW,LOW,LOW,NO,JM1
MEDIUM,MEDIUM,LOW,MEDIUM,MEDIUM,LOW,LOW,MEDIUM,NO,JM1
LOW,LOW,LOW,LOW,LOW,LOW,LOW,LOW,NO,JM1
LOW,LOW,LOW,LOW,MEDIUM,LOW,LOW,LOW,NO,JM1
LOW,LOW,LOW,LOW,LOW,LOW,LOW,LOW,NO,JM1
LOW,LOW,LOW,LOW,LOW,LOW,LOW,LOW,NO,JM1
LOW,LOW,LOW,LOW,MEDIUM,MEDIUM,MEDIUM,LOW,NO,JM1
LOW,LOW,LOW,LOW,LOW,LOW,LOW,LOW,NO,JM1
MEDIUM,MEDIUM,HIGH,MEDIUM,MEDIUM,MEDIUM,MEDIUM,MEDIUM,NO,JM1
HIGH,HIGH,LOW,HIGH,HIGH,HIGH,HIGH,HIGH,NO,JM1
LOW,LOW,LOW,LOW,LOW,LOW,LOW,LOW,NO,JM1
LOW,LOW,LOW,LOW,LOW,LOW,LOW,LOW,NO,JM1
LOW,LOW,LOW,LOW,LOW,LOW,LOW,LOW,NO,JM1
LOW,LOW,LOW,LOW,LOW,LOW,LOW,LOW,NO,JM1
LOW,MEDIUM,LOW,MEDIUM,LOW,MEDIUM,MEDIUM,MEDIUM,NO,JM1
LOW,LOW,LOW,MEDIUM,LOW,LOW,LOW,LOW,NO,JM1
LOW,LOW,LOW,LOW,LOW,LOW,LOW,LOW,NO,JM1
HIGH,HIGH,HIGH,HIGH,HIGH,HIGH,HIGH,HIGH,NO,JM1
MEDIUM,MEDIUM,LOW,LOW,MEDIUM,MEDIUM,MEDIUM,MEDIUM,NO,JM1
LOW,LOW,LOW,MEDIUM,LOW,LOW,LOW,LOW,NO,JM1
LOW,LOW,LOW,LOW,LOW,LOW,LOW,LOW,NO,JM1
LOW,LOW,LOW,LOW,LOW,LOW,LOW,LOW,NO,JM1
MEDIUM,LOW,LOW,LOW,MEDIUM,MEDIUM,MEDIUM,LOW,NO,JM1
LOW,LOW,LOW,LOW,LOW,LOW,LOW,LOW,NO,JM1
LOW,LOW,LOW,LOW,LOW,LOW,LOW,LOW,NO,JM1
LOW,LOW,LOW,LOW,LOW,LOW,LOW,LOW,NO,JM1
LOW,LOW,LOW,LOW,LOW,LOW,LOW,LOW,NO,JM1
LOW,LOW,LOW,LOW,LOW,LOW,LOW,LOW,NO,JM1
LOW,LOW,LOW,LOW,LOW,LOW,LOW,LOW,NO,JM1
LOW,LOW,LOW,LOW,LOW,LOW,LOW,LOW,NO,JM1
LOW,LOW,LOW,LOW,LOW,LOW,LOW,LOW,NO,JM1
LOW,LOW,LOW,LOW,LOW,LOW,LOW,LOW,NO,JM1
LOW,LOW,LOW,LOW,LOW,LOW,LOW,LOW,NO,JM1
MEDIUM,LOW,LOW,MEDIUM,MEDIUM,MEDIUM,MEDIUM,LOW,NO,JM1
HIGH,HIGH,MEDIUM,MEDIUM,MEDIUM,MEDIUM,MEDIUM,HIGH,NO,JM1
MEDIUM,MEDIUM,LOW,MEDIUM,MEDIUM,MEDIUM,MEDIUM,MEDIUM,NO,JM1
LOW,LOW,LOW,LOW,LOW,LOW,LOW,LOW,NO,JM1
LOW,LOW,LOW,LOW,LOW,LOW,LOW,LOW,NO,JM1
LOW,LOW,LOW,LOW,LOW,LOW,LOW,LOW,NO,JM1
LOW,LOW,LOW,LOW,LOW,LOW,LOW,LOW,NO,JM1
LOW,LOW,LOW,MEDIUM,LOW,LOW,LOW,LOW,NO,JM1
MEDIUM,LOW,LOW,LOW,LOW,LOW,LOW,LOW,NO,JM1
LOW,LOW,LOW,LOW,LOW,LOW,LOW,LOW,NO,JM1
LOW,LOW,LOW,LOW,LOW,LOW,LOW,LOW,NO,JM1
LOW,LOW,LOW,LOW,LOW,LOW,LOW,LOW,NO,JM1
MEDIUM,MEDIUM,LOW,LOW,MEDIUM,HIGH,MEDIUM,MEDIUM,NO,JM1
MEDIUM,MEDIUM,LOW,MEDIUM,MEDIUM,MEDIUM,MEDIUM,MEDIUM,NO,JM1
LOW,LOW,LOW,LOW,LOW,LOW,LOW,LOW,NO,JM1
MEDIUM,MEDIUM,HIGH,HIGH,MEDIUM,MEDIUM,MEDIUM,MEDIUM,NO,JM1
LOW,LOW,LOW,LOW,LOW,LOW,LOW,LOW,NO,JM1
LOW,LOW,LOW,LOW,LOW,LOW,LOW,LOW,NO,JM1
LOW,LOW,LOW,LOW,LOW,LOW,LOW,LOW,NO,JM1
LOW,LOW,LOW,LOW,LOW,LOW,LOW,LOW,NO,JM1
LOW,LOW,LOW,LOW,LOW,LOW,LOW,LOW,NO,JM1
LOW,LOW,LOW,LOW,LOW,LOW,LOW,LOW,NO,JM1
MEDIUM,MEDIUM,HIGH,HIGH,HIGH,HIGH,HIGH,MEDIUM,NO,JM1
LOW,LOW,LOW,LOW,LOW,LOW,LOW,LOW,NO,JM1
LOW,LOW,LOW,LOW,LOW,LOW,LOW,LOW,NO,JM1
MEDIUM,LOW,LOW,LOW,MEDIUM,MEDIUM,MEDIUM,LOW,NO,JM1
LOW,LOW,LOW,LOW,LOW,LOW,LOW,LOW,NO,JM1
LOW,LOW,LOW,LOW,LOW,LOW,LOW,LOW,NO,JM1
LOW,LOW,LOW,LOW,LOW,LOW,LOW,LOW,NO,JM1
LOW,LOW,LOW,LOW,LOW,LOW,LOW,LOW,NO,JM1
MEDIUM,MEDIUM,LOW,MEDIUM,MEDIUM,MEDIUM,MEDIUM,MEDIUM,NO,JM1
LOW,LOW,LOW,LOW,LOW,MEDIUM,LOW,LOW,NO,JM1
LOW,LOW,LOW,LOW,LOW,LOW,LOW,LOW,NO,JM1
LOW,LOW,LOW,LOW,LOW,MEDIUM,LOW,LOW,NO,JM1
LOW,LOW,LOW,LOW,LOW,LOW,LOW,LOW,NO,JM1
LOW,LOW,LOW,LOW,LOW,LOW,LOW,LOW,NO,JM1
LOW,LOW,LOW,LOW,LOW,LOW,LOW,LOW,NO,JM1
LOW,LOW,LOW,LOW,LOW,LOW,LOW,LOW,NO,JM1
LOW,LOW,LOW,LOW,LOW,LOW,LOW,LOW,NO,JM1
LOW,LOW,LOW,LOW,LOW,LOW,LOW,LOW,NO,JM1
HIGH,HIGH,LOW,HIGH,HIGH,HIGH,HIGH,HIGH,NO,JM1
MEDIUM,LOW,LOW,LOW,MEDIUM,MEDIUM,MEDIUM,LOW,NO,JM1
LOW,LOW,LOW,LOW,LOW,LOW,LOW,LOW,NO,JM1
LOW,LOW,LOW,LOW,LOW,LOW,LOW,LOW,NO,JM1
LOW,LOW,LOW,LOW,MEDIUM,LOW,LOW,LOW,NO,JM1
HIGH,HIGH,HIGH,MEDIUM,HIGH,MEDIUM,HIGH,HIGH,NO,JM1
LOW,LOW,LOW,LOW,LOW,LOW,LOW,LOW,NO,JM1
LOW,LOW,LOW,LOW,MEDIUM,MEDIUM,MEDIUM,LOW,NO,JM1
LOW,LOW,LOW,LOW,LOW,LOW,LOW,LOW,NO,JM1
LOW,LOW,LOW,LOW,MEDIUM,MEDIUM,MEDIUM,LOW,NO,JM1
LOW,LOW,LOW,LOW,LOW,LOW,LOW,LOW,NO,JM1
LOW,LOW,LOW,LOW,LOW,LOW,LOW,LOW,NO,JM1
LOW,LOW,LOW,LOW,LOW,LOW,LOW,LOW,NO,JM1
LOW,LOW,LOW,LOW,LOW,LOW,LOW,LOW,NO,JM1
MEDIUM,MEDIUM,LOW,MEDIUM,MEDIUM,MEDIUM,MEDIUM,MEDIUM,NO,JM1
LOW,LOW,LOW,LOW,LOW,LOW,LOW,LOW,NO,JM1
LOW,LOW,MEDIUM,LOW,LOW,LOW,LOW,LOW,NO,JM1
LOW,LOW,LOW,LOW,LOW,LOW,LOW,LOW,NO,JM1
LOW,LOW,LOW,LOW,LOW,LOW,LOW,LOW,NO,JM1
LOW,LOW,LOW,LOW,MEDIUM,MEDIUM,MEDIUM,LOW,NO,JM1
LOW,LOW,LOW,LOW,LOW,LOW,LOW,LOW,NO,JM1
LOW,LOW,LOW,MEDIUM,MEDIUM,MEDIUM,MEDIUM,LOW,NO,JM1
MEDIUM,LOW,LOW,LOW,LOW,LOW,LOW,LOW,NO,JM1
LOW,LOW,LOW,LOW,LOW,LOW,LOW,LOW,NO,JM1
LOW,LOW,LOW,LOW,LOW,LOW,LOW,LOW,NO,JM1
MEDIUM,MEDIUM,HIGH,LOW,MEDIUM,MEDIUM,MEDIUM,MEDIUM,NO,JM1
LOW,LOW,LOW,LOW,LOW,LOW,LOW,LOW,NO,JM1
LOW,LOW,LOW,LOW,LOW,LOW,LOW,LOW,NO,JM1
LOW,LOW,LOW,LOW,LOW,LOW,LOW,LOW,NO,JM1
LOW,LOW,LOW,LOW,LOW,LOW,LOW,LOW,NO,JM1
LOW,LOW,LOW,LOW,LOW,LOW,LOW,LOW,NO,JM1
HIGH,HIGH,HIGH,HIGH,HIGH,HIGH,HIGH,HIGH,NO,JM1
LOW,LOW,LOW,LOW,LOW,LOW,LOW,LOW,NO,JM1
HIGH,HIGH,LOW,LOW,HIGH,HIGH,HIGH,HIGH,NO,JM1
LOW,LOW,LOW,LOW,LOW,LOW,LOW,LOW,NO,JM1
LOW,LOW,LOW,LOW,LOW,LOW,LOW,LOW,NO,JM1
HIGH,HIGH,HIGH,HIGH,HIGH,HIGH,HIGH,HIGH,NO,JM1
LOW,LOW,LOW,LOW,LOW,LOW,LOW,LOW,NO,JM1
HIGH,HIGH,LOW,MEDIUM,HIGH,HIGH,HIGH,HIGH,NO,JM1
MEDIUM,LOW,LOW,MEDIUM,MEDIUM,MEDIUM,MEDIUM,LOW,NO,JM1
MEDIUM,MEDIUM,HIGH,MEDIUM,MEDIUM,MEDIUM,MEDIUM,MEDIUM,NO,JM1
HIGH,HIGH,HIGH,MEDIUM,HIGH,HIGH,HIGH,HIGH,NO,JM1
MEDIUM,LOW,LOW,MEDIUM,MEDIUM,MEDIUM,MEDIUM,LOW,NO,JM1
HIGH,HIGH,HIGH,MEDIUM,HIGH,HIGH,HIGH,HIGH,NO,JM1
MEDIUM,LOW,LOW,MEDIUM,MEDIUM,MEDIUM,MEDIUM,LOW,NO,JM1
HIGH,HIGH,LOW,MEDIUM,HIGH,HIGH,HIGH,HIGH,NO,JM1
MEDIUM,LOW,LOW,MEDIUM,MEDIUM,MEDIUM,MEDIUM,LOW,NO,JM1
LOW,LOW,LOW,LOW,LOW,MEDIUM,LOW,LOW,NO,JM1
LOW,LOW,LOW,LOW,MEDIUM,MEDIUM,MEDIUM,LOW,NO,JM1
LOW,LOW,LOW,LOW,LOW,LOW,LOW,LOW,NO,JM1
LOW,LOW,LOW,LOW,LOW,LOW,LOW,LOW,NO,JM1
MEDIUM,MEDIUM,LOW,HIGH,HIGH,MEDIUM,MEDIUM,MEDIUM,NO,JM1
LOW,LOW,LOW,LOW,LOW,LOW,LOW,LOW,NO,JM1
LOW,LOW,LOW,LOW,LOW,LOW,LOW,LOW,NO,JM1
LOW,LOW,LOW,LOW,MEDIUM,MEDIUM,MEDIUM,LOW,NO,JM1
LOW,LOW,LOW,LOW,LOW,LOW,LOW,LOW,NO,JM1
LOW,LOW,LOW,LOW,LOW,LOW,LOW,LOW,NO,JM1
LOW,LOW,LOW,LOW,MEDIUM,MEDIUM,MEDIUM,LOW,NO,JM1
MEDIUM,LOW,LOW,LOW,MEDIUM,MEDIUM,MEDIUM,LOW,NO,JM1
LOW,LOW,LOW,LOW,LOW,LOW,LOW,LOW,NO,JM1
LOW,LOW,LOW,LOW,LOW,MEDIUM,MEDIUM,LOW,NO,JM1
MEDIUM,LOW,LOW,LOW,MEDIUM,MEDIUM,MEDIUM,LOW,NO,JM1
MEDIUM,MEDIUM,MEDIUM,LOW,HIGH,HIGH,HIGH,MEDIUM,NO,JM1
LOW,LOW,LOW,LOW,LOW,LOW,LOW,LOW,NO,JM1
LOW,LOW,LOW,LOW,MEDIUM,MEDIUM,MEDIUM,LOW,NO,JM1
MEDIUM,LOW,LOW,LOW,MEDIUM,MEDIUM,MEDIUM,LOW,NO,JM1
LOW,LOW,LOW,LOW,MEDIUM,MEDIUM,MEDIUM,LOW,NO,JM1
LOW,LOW,LOW,LOW,MEDIUM,MEDIUM,MEDIUM,LOW,NO,JM1
MEDIUM,MEDIUM,HIGH,LOW,HIGH,HIGH,HIGH,MEDIUM,NO,JM1
LOW,LOW,LOW,LOW,LOW,LOW,LOW,LOW,NO,JM1
LOW,LOW,LOW,LOW,LOW,LOW,LOW,LOW,NO,JM1
HIGH,MEDIUM,LOW,MEDIUM,HIGH,HIGH,HIGH,MEDIUM,NO,JM1
HIGH,HIGH,HIGH,MEDIUM,HIGH,HIGH,HIGH,HIGH,NO,JM1
HIGH,HIGH,HIGH,HIGH,HIGH,HIGH,HIGH,HIGH,NO,JM1
LOW,LOW,LOW,LOW,LOW,LOW,LOW,LOW,NO,JM1
MEDIUM,HIGH,HIGH,LOW,HIGH,HIGH,HIGH,HIGH,NO,JM1
HIGH,HIGH,LOW,HIGH,LOW,LOW,LOW,HIGH,NO,JM1
MEDIUM,MEDIUM,LOW,HIGH,HIGH,MEDIUM,MEDIUM,MEDIUM,NO,JM1
LOW,MEDIUM,LOW,LOW,LOW,LOW,LOW,MEDIUM,NO,JM1
MEDIUM,LOW,LOW,LOW,MEDIUM,HIGH,MEDIUM,LOW,NO,JM1
HIGH,HIGH,LOW,HIGH,HIGH,HIGH,HIGH,HIGH,NO,JM1
MEDIUM,MEDIUM,LOW,MEDIUM,HIGH,HIGH,HIGH,MEDIUM,NO,JM1
LOW,LOW,LOW,LOW,MEDIUM,HIGH,MEDIUM,LOW,NO,JM1
MEDIUM,HIGH,MEDIUM,HIGH,HIGH,HIGH,HIGH,HIGH,NO,JM1
MEDIUM,HIGH,HIGH,HIGH,HIGH,HIGH,HIGH,HIGH,NO,JM1
HIGH,HIGH,HIGH,HIGH,HIGH,HIGH,HIGH,HIGH,NO,JM1
HIGH,HIGH,HIGH,HIGH,HIGH,HIGH,HIGH,HIGH,NO,JM1
MEDIUM,LOW,LOW,LOW,HIGH,MEDIUM,MEDIUM,LOW,NO,JM1
HIGH,HIGH,HIGH,HIGH,HIGH,HIGH,HIGH,HIGH,NO,JM1
LOW,MEDIUM,MEDIUM,MEDIUM,LOW,MEDIUM,LOW,MEDIUM,NO,JM1
LOW,MEDIUM,MEDIUM,LOW,LOW,LOW,LOW,MEDIUM,NO,JM1
LOW,LOW,LOW,LOW,LOW,LOW,LOW,LOW,NO,JM1
HIGH,HIGH,HIGH,HIGH,HIGH,HIGH,HIGH,HIGH,NO,JM1
MEDIUM,LOW,LOW,MEDIUM,MEDIUM,MEDIUM,MEDIUM,LOW,NO,JM1
MEDIUM,LOW,LOW,MEDIUM,MEDIUM,MEDIUM,MEDIUM,LOW,NO,JM1
LOW,LOW,LOW,LOW,LOW,LOW,LOW,LOW,NO,JM1
LOW,LOW,LOW,LOW,LOW,LOW,LOW,LOW,NO,JM1
LOW,LOW,LOW,LOW,LOW,LOW,LOW,LOW,NO,JM1
LOW,LOW,LOW,LOW,LOW,LOW,LOW,LOW,NO,JM1
LOW,LOW,LOW,LOW,MEDIUM,LOW,LOW,LOW,NO,JM1
LOW,LOW,LOW,LOW,LOW,LOW,LOW,LOW,NO,JM1
MEDIUM,MEDIUM,LOW,MEDIUM,MEDIUM,MEDIUM,MEDIUM,MEDIUM,NO,JM1
LOW,LOW,LOW,LOW,LOW,LOW,LOW,LOW,NO,JM1
LOW,LOW,LOW,LOW,LOW,LOW,LOW,LOW,NO,JM1
LOW,LOW,LOW,LOW,LOW,LOW,LOW,LOW,NO,JM1
LOW,LOW,LOW,LOW,LOW,LOW,LOW,LOW,NO,JM1
LOW,LOW,LOW,LOW,LOW,LOW,LOW,LOW,NO,JM1
LOW,LOW,LOW,MEDIUM,LOW,LOW,LOW,LOW,NO,JM1
LOW,LOW,LOW,LOW,LOW,LOW,LOW,LOW,NO,JM1
HIGH,HIGH,LOW,HIGH,HIGH,LOW,MEDIUM,HIGH,NO,JM1
HIGH,HIGH,HIGH,HIGH,HIGH,HIGH,HIGH,HIGH,NO,JM1
MEDIUM,MEDIUM,LOW,MEDIUM,MEDIUM,HIGH,MEDIUM,MEDIUM,NO,JM1
LOW,LOW,LOW,LOW,LOW,LOW,LOW,LOW,NO,JM1
LOW,LOW,LOW,LOW,LOW,LOW,LOW,LOW,NO,JM1
MEDIUM,MEDIUM,LOW,MEDIUM,MEDIUM,MEDIUM,MEDIUM,MEDIUM,NO,JM1
LOW,LOW,LOW,LOW,LOW,LOW,LOW,LOW,NO,JM1
MEDIUM,MEDIUM,HIGH,HIGH,MEDIUM,HIGH,MEDIUM,MEDIUM,NO,JM1
LOW,MEDIUM,LOW,MEDIUM,LOW,LOW,LOW,MEDIUM,NO,JM1
LOW,LOW,LOW,LOW,LOW,LOW,LOW,LOW,NO,JM1
LOW,LOW,LOW,LOW,LOW,LOW,LOW,LOW,NO,JM1
LOW,LOW,LOW,LOW,LOW,LOW,LOW,LOW,NO,JM1
LOW,LOW,LOW,MEDIUM,LOW,MEDIUM,LOW,LOW,NO,JM1
HIGH,HIGH,HIGH,HIGH,HIGH,LOW,MEDIUM,HIGH,NO,JM1
MEDIUM,MEDIUM,HIGH,HIGH,MEDIUM,MEDIUM,MEDIUM,MEDIUM,NO,JM1
LOW,LOW,LOW,LOW,LOW,LOW,LOW,LOW,NO,JM1
LOW,LOW,LOW,LOW,LOW,LOW,LOW,LOW,NO,JM1
LOW,LOW,LOW,LOW,LOW,LOW,LOW,LOW,NO,JM1
HIGH,MEDIUM,LOW,MEDIUM,HIGH,HIGH,HIGH,MEDIUM,NO,JM1
LOW,LOW,LOW,MEDIUM,LOW,LOW,LOW,LOW,NO,JM1
MEDIUM,LOW,LOW,MEDIUM,MEDIUM,LOW,LOW,LOW,NO,JM1
LOW,LOW,LOW,LOW,LOW,LOW,LOW,LOW,NO,JM1
MEDIUM,MEDIUM,LOW,MEDIUM,MEDIUM,MEDIUM,MEDIUM,MEDIUM,NO,JM1
LOW,LOW,MEDIUM,LOW,LOW,LOW,LOW,LOW,NO,JM1
LOW,LOW,LOW,LOW,LOW,LOW,LOW,LOW,NO,JM1
LOW,LOW,LOW,LOW,LOW,LOW,LOW,LOW,NO,JM1
HIGH,HIGH,HIGH,LOW,HIGH,HIGH,HIGH,HIGH,NO,JM1
LOW,LOW,LOW,LOW,LOW,LOW,LOW,LOW,NO,JM1
LOW,MEDIUM,MEDIUM,MEDIUM,LOW,LOW,LOW,MEDIUM,NO,JM1
LOW,LOW,LOW,LOW,LOW,LOW,LOW,LOW,NO,JM1
LOW,LOW,LOW,LOW,LOW,LOW,LOW,LOW,NO,JM1
MEDIUM,LOW,LOW,LOW,LOW,LOW,LOW,LOW,NO,JM1
LOW,LOW,MEDIUM,LOW,LOW,MEDIUM,LOW,LOW,NO,JM1
LOW,LOW,MEDIUM,LOW,LOW,MEDIUM,LOW,LOW,NO,JM1
MEDIUM,MEDIUM,LOW,MEDIUM,MEDIUM,HIGH,MEDIUM,MEDIUM,NO,JM1
LOW,LOW,LOW,LOW,LOW,HIGH,MEDIUM,LOW,NO,JM1
LOW,LOW,LOW,LOW,LOW,LOW,LOW,LOW,NO,JM1
LOW,LOW,LOW,LOW,LOW,LOW,LOW,LOW,NO,JM1
HIGH,LOW,LOW,LOW,HIGH,HIGH,HIGH,LOW,NO,JM1
HIGH,HIGH,LOW,HIGH,HIGH,HIGH,HIGH,HIGH,NO,JM1
MEDIUM,LOW,LOW,LOW,MEDIUM,HIGH,MEDIUM,LOW,NO,JM1
LOW,LOW,LOW,LOW,LOW,LOW,LOW,LOW,NO,JM1
LOW,LOW,LOW,LOW,LOW,MEDIUM,LOW,LOW,NO,JM1
MEDIUM,LOW,LOW,LOW,MEDIUM,MEDIUM,MEDIUM,LOW,NO,JM1
LOW,LOW,LOW,LOW,MEDIUM,MEDIUM,MEDIUM,LOW,NO,JM1
HIGH,LOW,LOW,LOW,HIGH,HIGH,HIGH,LOW,NO,JM1
HIGH,LOW,LOW,LOW,HIGH,HIGH,HIGH,LOW,NO,JM1
HIGH,LOW,LOW,LOW,HIGH,HIGH,HIGH,LOW,NO,JM1
HIGH,LOW,LOW,LOW,HIGH,HIGH,HIGH,LOW,NO,JM1
HIGH,LOW,LOW,LOW,HIGH,HIGH,HIGH,LOW,NO,JM1
HIGH,HIGH,LOW,LOW,HIGH,HIGH,HIGH,HIGH,NO,JM1
HIGH,HIGH,LOW,LOW,HIGH,HIGH,HIGH,HIGH,NO,JM1
HIGH,HIGH,HIGH,HIGH,HIGH,HIGH,HIGH,HIGH,NO,JM1
LOW,LOW,LOW,LOW,LOW,LOW,LOW,LOW,NO,JM1
HIGH,MEDIUM,LOW,HIGH,HIGH,HIGH,HIGH,MEDIUM,NO,JM1
MEDIUM,LOW,LOW,MEDIUM,MEDIUM,MEDIUM,MEDIUM,LOW,NO,JM1
LOW,LOW,LOW,LOW,LOW,LOW,LOW,LOW,NO,JM1
LOW,MEDIUM,LOW,LOW,MEDIUM,HIGH,MEDIUM,MEDIUM,NO,JM1
LOW,LOW,LOW,LOW,LOW,LOW,LOW,LOW,NO,JM1
LOW,MEDIUM,LOW,LOW,MEDIUM,HIGH,MEDIUM,MEDIUM,NO,JM1
HIGH,MEDIUM,LOW,LOW,MEDIUM,HIGH,MEDIUM,MEDIUM,NO,JM1
LOW,MEDIUM,LOW,LOW,LOW,HIGH,MEDIUM,MEDIUM,NO,JM1
LOW,MEDIUM,LOW,LOW,MEDIUM,HIGH,MEDIUM,MEDIUM,NO,JM1
LOW,LOW,LOW,LOW,LOW,LOW,LOW,LOW,NO,JM1
LOW,LOW,LOW,LOW,LOW,LOW,LOW,LOW,NO,JM1
MEDIUM,LOW,LOW,MEDIUM,MEDIUM,MEDIUM,MEDIUM,LOW,NO,JM1
MEDIUM,LOW,LOW,MEDIUM,MEDIUM,MEDIUM,MEDIUM,LOW,NO,JM1
LOW,LOW,LOW,LOW,LOW,LOW,LOW,LOW,NO,JM1
MEDIUM,LOW,LOW,MEDIUM,MEDIUM,MEDIUM,MEDIUM,LOW,NO,JM1
MEDIUM,LOW,LOW,MEDIUM,MEDIUM,MEDIUM,MEDIUM,LOW,NO,JM1
LOW,LOW,LOW,LOW,MEDIUM,LOW,MEDIUM,LOW,NO,JM1
LOW,LOW,LOW,LOW,LOW,LOW,LOW,LOW,NO,JM1
LOW,LOW,MEDIUM,LOW,LOW,MEDIUM,LOW,LOW,NO,JM1
LOW,MEDIUM,MEDIUM,LOW,LOW,MEDIUM,LOW,MEDIUM,NO,JM1
LOW,LOW,LOW,LOW,LOW,LOW,LOW,LOW,NO,JM1
LOW,LOW,LOW,LOW,LOW,LOW,LOW,LOW,NO,JM1
MEDIUM,LOW,LOW,LOW,MEDIUM,MEDIUM,MEDIUM,LOW,NO,JM1
HIGH,HIGH,LOW,HIGH,HIGH,MEDIUM,HIGH,HIGH,NO,JM1
MEDIUM,MEDIUM,LOW,MEDIUM,HIGH,HIGH,HIGH,MEDIUM,NO,JM1
HIGH,HIGH,HIGH,HIGH,HIGH,HIGH,HIGH,HIGH,NO,JM1
LOW,LOW,LOW,LOW,MEDIUM,LOW,LOW,LOW,NO,JM1
LOW,LOW,LOW,LOW,LOW,LOW,LOW,LOW,NO,JM1
HIGH,LOW,LOW,LOW,MEDIUM,MEDIUM,MEDIUM,LOW,NO,JM1
MEDIUM,MEDIUM,LOW,MEDIUM,HIGH,HIGH,HIGH,MEDIUM,NO,JM1
HIGH,HIGH,HIGH,HIGH,HIGH,HIGH,HIGH,HIGH,NO,JM1
LOW,LOW,LOW,MEDIUM,MEDIUM,MEDIUM,MEDIUM,LOW,NO,JM1
LOW,LOW,LOW,LOW,LOW,HIGH,MEDIUM,LOW,NO,JM1
HIGH,HIGH,HIGH,HIGH,HIGH,HIGH,HIGH,HIGH,NO,JM1
HIGH,LOW,LOW,LOW,MEDIUM,MEDIUM,MEDIUM,LOW,NO,JM1
LOW,LOW,LOW,MEDIUM,MEDIUM,LOW,LOW,LOW,NO,JM1
LOW,LOW,LOW,MEDIUM,MEDIUM,LOW,LOW,LOW,NO,JM1
LOW,LOW,LOW,LOW,LOW,LOW,LOW,LOW,NO,JM1
MEDIUM,HIGH,LOW,MEDIUM,HIGH,MEDIUM,MEDIUM,HIGH,NO,JM1
HIGH,HIGH,LOW,HIGH,HIGH,HIGH,HIGH,HIGH,NO,JM1
LOW,MEDIUM,MEDIUM,LOW,MEDIUM,MEDIUM,MEDIUM,MEDIUM,NO,JM1
LOW,LOW,LOW,LOW,MEDIUM,LOW,LOW,LOW,NO,JM1
MEDIUM,LOW,LOW,LOW,LOW,MEDIUM,LOW,LOW,NO,JM1
HIGH,HIGH,LOW,HIGH,HIGH,MEDIUM,HIGH,HIGH,NO,JM1
LOW,LOW,LOW,LOW,MEDIUM,LOW,LOW,LOW,NO,JM1
MEDIUM,MEDIUM,HIGH,LOW,LOW,LOW,LOW,MEDIUM,NO,JM1
MEDIUM,MEDIUM,HIGH,LOW,HIGH,HIGH,HIGH,MEDIUM,NO,JM1
MEDIUM,HIGH,HIGH,HIGH,LOW,LOW,LOW,HIGH,NO,JM1
LOW,LOW,LOW,LOW,MEDIUM,MEDIUM,MEDIUM,LOW,NO,JM1
MEDIUM,LOW,LOW,LOW,MEDIUM,LOW,MEDIUM,LOW,NO,JM1
HIGH,HIGH,HIGH,LOW,HIGH,HIGH,HIGH,HIGH,NO,JM1
MEDIUM,MEDIUM,LOW,MEDIUM,MEDIUM,MEDIUM,MEDIUM,MEDIUM,NO,JM1
LOW,LOW,MEDIUM,LOW,LOW,MEDIUM,LOW,LOW,NO,JM1
MEDIUM,MEDIUM,LOW,LOW,MEDIUM,HIGH,HIGH,MEDIUM,NO,JM1
MEDIUM,HIGH,LOW,MEDIUM,LOW,LOW,LOW,HIGH,NO,JM1
LOW,LOW,LOW,LOW,LOW,LOW,LOW,LOW,NO,JM1
HIGH,LOW,LOW,LOW,HIGH,HIGH,HIGH,LOW,NO,JM1
MEDIUM,MEDIUM,LOW,MEDIUM,MEDIUM,MEDIUM,MEDIUM,MEDIUM,NO,JM1
HIGH,HIGH,LOW,HIGH,HIGH,HIGH,HIGH,HIGH,NO,JM1
LOW,LOW,LOW,LOW,LOW,LOW,LOW,LOW,NO,JM1
MEDIUM,LOW,LOW,LOW,MEDIUM,LOW,MEDIUM,LOW,NO,JM1
LOW,LOW,LOW,LOW,LOW,LOW,LOW,LOW,NO,JM1
LOW,LOW,LOW,LOW,LOW,LOW,LOW,LOW,NO,JM1
LOW,LOW,LOW,LOW,LOW,LOW,LOW,LOW,NO,JM1
HIGH,MEDIUM,MEDIUM,MEDIUM,HIGH,HIGH,HIGH,MEDIUM,NO,JM1
HIGH,MEDIUM,HIGH,MEDIUM,HIGH,HIGH,HIGH,MEDIUM,NO,JM1
HIGH,MEDIUM,LOW,MEDIUM,HIGH,HIGH,HIGH,MEDIUM,NO,JM1
MEDIUM,LOW,LOW,LOW,MEDIUM,MEDIUM,MEDIUM,LOW,NO,JM1
MEDIUM,LOW,LOW,LOW,MEDIUM,MEDIUM,MEDIUM,LOW,NO,JM1
HIGH,HIGH,LOW,HIGH,HIGH,HIGH,HIGH,HIGH,NO,JM1
LOW,LOW,LOW,LOW,LOW,LOW,LOW,LOW,NO,JM1
MEDIUM,MEDIUM,LOW,MEDIUM,MEDIUM,MEDIUM,MEDIUM,MEDIUM,NO,JM1
MEDIUM,MEDIUM,LOW,MEDIUM,MEDIUM,MEDIUM,MEDIUM,MEDIUM,NO,JM1
HIGH,HIGH,HIGH,HIGH,HIGH,HIGH,HIGH,HIGH,NO,JM1
HIGH,HIGH,HIGH,HIGH,HIGH,HIGH,HIGH,HIGH,NO,JM1
HIGH,MEDIUM,LOW,HIGH,MEDIUM,MEDIUM,MEDIUM,MEDIUM,NO,JM1
LOW,LOW,LOW,LOW,MEDIUM,LOW,LOW,LOW,NO,JM1
HIGH,HIGH,HIGH,HIGH,HIGH,HIGH,HIGH,HIGH,NO,JM1
LOW,LOW,LOW,LOW,LOW,LOW,LOW,LOW,NO,JM1
HIGH,HIGH,HIGH,HIGH,HIGH,HIGH,HIGH,HIGH,NO,JM1
MEDIUM,LOW,LOW,LOW,MEDIUM,LOW,MEDIUM,LOW,NO,JM1
HIGH,MEDIUM,LOW,HIGH,HIGH,MEDIUM,HIGH,MEDIUM,NO,JM1
MEDIUM,LOW,LOW,LOW,MEDIUM,LOW,MEDIUM,LOW,NO,JM1
MEDIUM,MEDIUM,LOW,HIGH,MEDIUM,MEDIUM,MEDIUM,MEDIUM,NO,JM1
MEDIUM,LOW,LOW,LOW,MEDIUM,MEDIUM,MEDIUM,LOW,NO,JM1
MEDIUM,LOW,LOW,LOW,MEDIUM,MEDIUM,MEDIUM,LOW,NO,JM1
MEDIUM,LOW,LOW,LOW,MEDIUM,MEDIUM,MEDIUM,LOW,NO,JM1
LOW,LOW,LOW,LOW,MEDIUM,LOW,LOW,LOW,NO,JM1
LOW,LOW,LOW,LOW,MEDIUM,MEDIUM,MEDIUM,LOW,NO,JM1
HIGH,HIGH,LOW,HIGH,HIGH,HIGH,HIGH,HIGH,NO,JM1
HIGH,HIGH,HIGH,HIGH,HIGH,HIGH,HIGH,HIGH,NO,JM1
LOW,LOW,LOW,MEDIUM,LOW,LOW,LOW,LOW,NO,JM1
LOW,LOW,LOW,LOW,LOW,LOW,LOW,LOW,NO,JM1
LOW,LOW,LOW,LOW,LOW,LOW,LOW,LOW,NO,JM1
HIGH,HIGH,LOW,HIGH,HIGH,MEDIUM,HIGH,HIGH,NO,JM1
LOW,LOW,LOW,LOW,LOW,LOW,LOW,LOW,NO,JM1
LOW,MEDIUM,MEDIUM,MEDIUM,MEDIUM,MEDIUM,MEDIUM,MEDIUM,NO,JM1
LOW,LOW,LOW,LOW,LOW,LOW,LOW,LOW,NO,JM1
LOW,MEDIUM,LOW,LOW,MEDIUM,MEDIUM,MEDIUM,MEDIUM,NO,JM1
LOW,LOW,LOW,LOW,MEDIUM,LOW,LOW,LOW,NO,JM1
HIGH,HIGH,HIGH,HIGH,HIGH,HIGH,HIGH,HIGH,NO,JM1
MEDIUM,HIGH,HIGH,MEDIUM,HIGH,HIGH,HIGH,HIGH,NO,JM1
MEDIUM,MEDIUM,LOW,MEDIUM,HIGH,HIGH,HIGH,MEDIUM,NO,JM1
HIGH,MEDIUM,LOW,MEDIUM,HIGH,HIGH,HIGH,MEDIUM,NO,JM1
MEDIUM,HIGH,HIGH,LOW,MEDIUM,HIGH,MEDIUM,HIGH,NO,JM1
HIGH,HIGH,HIGH,HIGH,HIGH,HIGH,HIGH,HIGH,NO,JM1
HIGH,HIGH,HIGH,HIGH,HIGH,HIGH,HIGH,HIGH,NO,JM1
MEDIUM,MEDIUM,LOW,MEDIUM,MEDIUM,LOW,MEDIUM,MEDIUM,NO,JM1
HIGH,HIGH,LOW,LOW,HIGH,HIGH,HIGH,HIGH,NO,JM1
HIGH,HIGH,HIGH,MEDIUM,HIGH,HIGH,HIGH,HIGH,NO,JM1
HIGH,MEDIUM,LOW,MEDIUM,HIGH,HIGH,HIGH,MEDIUM,NO,JM1
LOW,MEDIUM,HIGH,LOW,MEDIUM,HIGH,MEDIUM,MEDIUM,NO,JM1
LOW,LOW,MEDIUM,LOW,LOW,LOW,LOW,LOW,NO,JM1
LOW,LOW,LOW,MEDIUM,MEDIUM,MEDIUM,MEDIUM,LOW,NO,JM1
MEDIUM,MEDIUM,LOW,LOW,MEDIUM,HIGH,MEDIUM,MEDIUM,NO,JM1
HIGH,HIGH,LOW,LOW,HIGH,HIGH,HIGH,HIGH,NO,JM1
HIGH,HIGH,HIGH,HIGH,HIGH,HIGH,HIGH,HIGH,NO,JM1
MEDIUM,MEDIUM,MEDIUM,LOW,MEDIUM,MEDIUM,MEDIUM,MEDIUM,NO,JM1
LOW,LOW,MEDIUM,LOW,MEDIUM,MEDIUM,MEDIUM,LOW,NO,JM1
LOW,LOW,LOW,LOW,LOW,LOW,LOW,LOW,NO,JM1
LOW,LOW,LOW,LOW,LOW,LOW,LOW,LOW,NO,JM1
HIGH,HIGH,HIGH,HIGH,HIGH,HIGH,HIGH,HIGH,NO,JM1
LOW,MEDIUM,LOW,MEDIUM,LOW,LOW,LOW,MEDIUM,NO,JM1
MEDIUM,MEDIUM,HIGH,MEDIUM,MEDIUM,MEDIUM,MEDIUM,MEDIUM,NO,JM1
LOW,LOW,LOW,LOW,LOW,LOW,LOW,LOW,NO,JM1
LOW,LOW,LOW,LOW,LOW,LOW,LOW,LOW,NO,JM1
HIGH,HIGH,LOW,HIGH,HIGH,HIGH,HIGH,HIGH,NO,JM1
HIGH,HIGH,HIGH,HIGH,HIGH,HIGH,HIGH,HIGH,NO,JM1
HIGH,MEDIUM,HIGH,MEDIUM,HIGH,HIGH,HIGH,MEDIUM,NO,JM1
LOW,LOW,LOW,LOW,LOW,LOW,LOW,LOW,NO,JM1
LOW,LOW,LOW,LOW,MEDIUM,MEDIUM,MEDIUM,LOW,NO,JM1
HIGH,HIGH,HIGH,HIGH,HIGH,HIGH,HIGH,HIGH,NO,JM1
HIGH,HIGH,LOW,LOW,HIGH,HIGH,HIGH,HIGH,NO,JM1
HIGH,HIGH,LOW,HIGH,HIGH,HIGH,HIGH,HIGH,NO,JM1
MEDIUM,MEDIUM,LOW,MEDIUM,MEDIUM,LOW,MEDIUM,MEDIUM,NO,JM1
MEDIUM,LOW,LOW,LOW,LOW,LOW,LOW,LOW,NO,JM1
LOW,LOW,MEDIUM,LOW,LOW,LOW,LOW,LOW,NO,JM1
LOW,LOW,LOW,LOW,LOW,MEDIUM,LOW,LOW,NO,JM1
LOW,LOW,LOW,LOW,LOW,LOW,LOW,LOW,NO,JM1
LOW,LOW,LOW,LOW,MEDIUM,LOW,MEDIUM,LOW,NO,JM1
MEDIUM,MEDIUM,MEDIUM,MEDIUM,HIGH,HIGH,HIGH,MEDIUM,NO,JM1
HIGH,MEDIUM,MEDIUM,MEDIUM,HIGH,MEDIUM,MEDIUM,MEDIUM,NO,JM1
HIGH,HIGH,HIGH,HIGH,HIGH,HIGH,HIGH,HIGH,NO,JM1
HIGH,HIGH,HIGH,HIGH,HIGH,HIGH,HIGH,HIGH,NO,JM1
HIGH,HIGH,HIGH,MEDIUM,HIGH,HIGH,HIGH,HIGH,NO,JM1
LOW,LOW,LOW,LOW,LOW,LOW,LOW,LOW,NO,JM1
HIGH,HIGH,HIGH,HIGH,HIGH,HIGH,HIGH,HIGH,NO,JM1
MEDIUM,MEDIUM,MEDIUM,MEDIUM,HIGH,MEDIUM,HIGH,MEDIUM,NO,JM1
HIGH,MEDIUM,MEDIUM,MEDIUM,MEDIUM,MEDIUM,MEDIUM,MEDIUM,NO,JM1
MEDIUM,MEDIUM,LOW,MEDIUM,MEDIUM,MEDIUM,MEDIUM,MEDIUM,NO,JM1
MEDIUM,HIGH,HIGH,LOW,MEDIUM,HIGH,HIGH,HIGH,NO,JM1
MEDIUM,HIGH,HIGH,HIGH,MEDIUM,HIGH,HIGH,HIGH,NO,JM1
HIGH,LOW,LOW,LOW,HIGH,MEDIUM,HIGH,LOW,NO,JM1
MEDIUM,LOW,LOW,LOW,MEDIUM,HIGH,HIGH,LOW,NO,JM1
HIGH,HIGH,HIGH,HIGH,HIGH,HIGH,HIGH,HIGH,NO,JM1
HIGH,HIGH,HIGH,LOW,HIGH,HIGH,HIGH,HIGH,NO,JM1
HIGH,HIGH,MEDIUM,HIGH,HIGH,HIGH,HIGH,HIGH,NO,JM1
HIGH,HIGH,HIGH,HIGH,HIGH,HIGH,HIGH,HIGH,NO,JM1
LOW,MEDIUM,MEDIUM,LOW,MEDIUM,MEDIUM,MEDIUM,MEDIUM,NO,JM1
LOW,LOW,LOW,LOW,LOW,LOW,LOW,LOW,NO,JM1
MEDIUM,LOW,LOW,MEDIUM,MEDIUM,LOW,MEDIUM,LOW,NO,JM1
LOW,LOW,LOW,LOW,LOW,LOW,LOW,LOW,NO,JM1
HIGH,HIGH,LOW,HIGH,HIGH,HIGH,HIGH,HIGH,NO,JM1
LOW,LOW,LOW,LOW,LOW,LOW,LOW,LOW,NO,JM1
HIGH,HIGH,HIGH,HIGH,HIGH,HIGH,HIGH,HIGH,NO,JM1
HIGH,MEDIUM,HIGH,MEDIUM,MEDIUM,HIGH,HIGH,MEDIUM,NO,JM1
LOW,LOW,LOW,LOW,LOW,LOW,LOW,LOW,NO,JM1
MEDIUM,MEDIUM,LOW,MEDIUM,MEDIUM,HIGH,HIGH,MEDIUM,NO,JM1
HIGH,HIGH,HIGH,HIGH,HIGH,HIGH,HIGH,HIGH,NO,JM1
HIGH,HIGH,HIGH,HIGH,HIGH,HIGH,HIGH,HIGH,NO,JM1
HIGH,MEDIUM,HIGH,MEDIUM,HIGH,HIGH,HIGH,MEDIUM,NO,JM1
HIGH,MEDIUM,MEDIUM,LOW,HIGH,MEDIUM,HIGH,MEDIUM,NO,JM1
HIGH,HIGH,LOW,HIGH,HIGH,HIGH,HIGH,HIGH,NO,JM1
HIGH,MEDIUM,LOW,MEDIUM,HIGH,HIGH,HIGH,MEDIUM,NO,JM1
HIGH,MEDIUM,LOW,HIGH,HIGH,HIGH,HIGH,MEDIUM,NO,JM1
HIGH,HIGH,LOW,HIGH,HIGH,HIGH,HIGH,HIGH,NO,JM1
MEDIUM,LOW,LOW,LOW,MEDIUM,MEDIUM,MEDIUM,LOW,NO,JM1
LOW,LOW,LOW,MEDIUM,LOW,LOW,LOW,LOW,NO,JM1
HIGH,MEDIUM,MEDIUM,MEDIUM,HIGH,HIGH,HIGH,MEDIUM,NO,JM1
LOW,LOW,LOW,LOW,LOW,LOW,LOW,LOW,NO,JM1
LOW,LOW,LOW,LOW,LOW,LOW,LOW,LOW,NO,JM1
HIGH,MEDIUM,MEDIUM,LOW,HIGH,HIGH,HIGH,MEDIUM,NO,JM1
HIGH,MEDIUM,LOW,MEDIUM,HIGH,HIGH,HIGH,MEDIUM,NO,JM1
HIGH,HIGH,LOW,HIGH,HIGH,HIGH,HIGH,HIGH,NO,JM1
MEDIUM,LOW,LOW,MEDIUM,MEDIUM,LOW,MEDIUM,LOW,NO,JM1
LOW,LOW,LOW,LOW,LOW,LOW,LOW,LOW,NO,JM1
HIGH,HIGH,MEDIUM,HIGH,HIGH,MEDIUM,MEDIUM,HIGH,NO,JM1
LOW,LOW,LOW,LOW,LOW,LOW,LOW,LOW,NO,JM1
HIGH,HIGH,LOW,LOW,HIGH,HIGH,HIGH,HIGH,NO,JM1
MEDIUM,LOW,LOW,MEDIUM,HIGH,HIGH,HIGH,LOW,NO,JM1
LOW,LOW,LOW,LOW,LOW,LOW,LOW,LOW,NO,JM1
HIGH,HIGH,LOW,HIGH,HIGH,MEDIUM,HIGH,HIGH,NO,JM1
MEDIUM,MEDIUM,LOW,MEDIUM,HIGH,HIGH,HIGH,MEDIUM,NO,JM1
LOW,LOW,LOW,LOW,LOW,LOW,LOW,LOW,NO,JM1
MEDIUM,HIGH,MEDIUM,HIGH,MEDIUM,MEDIUM,MEDIUM,HIGH,NO,JM1
MEDIUM,MEDIUM,LOW,LOW,LOW,LOW,LOW,MEDIUM,NO,JM1
MEDIUM,MEDIUM,LOW,LOW,LOW,LOW,LOW,MEDIUM,NO,JM1
LOW,LOW,LOW,LOW,LOW,LOW,LOW,LOW,NO,JM1
HIGH,HIGH,HIGH,HIGH,HIGH,HIGH,HIGH,HIGH,NO,JM1
LOW,LOW,LOW,LOW,LOW,LOW,LOW,LOW,NO,JM1
HIGH,HIGH,HIGH,HIGH,HIGH,HIGH,HIGH,HIGH,NO,JM1
LOW,LOW,LOW,LOW,LOW,LOW,LOW,LOW,NO,JM1
LOW,LOW,LOW,LOW,MEDIUM,LOW,LOW,LOW,NO,JM1
LOW,LOW,LOW,LOW,LOW,LOW,LOW,LOW,NO,JM1
MEDIUM,MEDIUM,HIGH,HIGH,MEDIUM,MEDIUM,MEDIUM,MEDIUM,NO,JM1
MEDIUM,LOW,LOW,MEDIUM,MEDIUM,HIGH,HIGH,LOW,NO,JM1
LOW,LOW,LOW,LOW,LOW,LOW,LOW,LOW,NO,JM1
LOW,MEDIUM,LOW,LOW,LOW,MEDIUM,MEDIUM,MEDIUM,NO,JM1
LOW,LOW,LOW,LOW,LOW,LOW,LOW,LOW,NO,JM1
LOW,LOW,LOW,LOW,LOW,LOW,LOW,LOW,NO,JM1
LOW,MEDIUM,LOW,LOW,LOW,MEDIUM,LOW,MEDIUM,NO,JM1
LOW,LOW,LOW,LOW,LOW,LOW,LOW,LOW,NO,JM1
HIGH,HIGH,HIGH,HIGH,HIGH,HIGH,HIGH,HIGH,NO,JM1
LOW,LOW,LOW,LOW,LOW,LOW,LOW,LOW,NO,JM1
MEDIUM,LOW,LOW,LOW,MEDIUM,LOW,LOW,LOW,NO,JM1
LOW,LOW,LOW,LOW,LOW,LOW,LOW,LOW,NO,JM1
LOW,LOW,LOW,LOW,LOW,LOW,LOW,LOW,NO,JM1
LOW,LOW,LOW,LOW,MEDIUM,MEDIUM,MEDIUM,LOW,NO,JM1
LOW,LOW,LOW,LOW,LOW,LOW,LOW,LOW,NO,JM1
MEDIUM,MEDIUM,HIGH,LOW,MEDIUM,HIGH,MEDIUM,MEDIUM,NO,JM1
LOW,LOW,LOW,LOW,LOW,LOW,LOW,LOW,NO,JM1
LOW,LOW,LOW,LOW,LOW,LOW,LOW,LOW,NO,JM1
LOW,MEDIUM,HIGH,LOW,LOW,LOW,LOW,MEDIUM,NO,JM1
MEDIUM,LOW,LOW,LOW,MEDIUM,MEDIUM,MEDIUM,LOW,NO,JM1
MEDIUM,MEDIUM,HIGH,LOW,MEDIUM,MEDIUM,MEDIUM,MEDIUM,NO,JM1
LOW,LOW,LOW,LOW,LOW,LOW,LOW,LOW,NO,JM1
HIGH,HIGH,HIGH,HIGH,HIGH,HIGH,HIGH,HIGH,NO,JM1
MEDIUM,MEDIUM,HIGH,HIGH,MEDIUM,MEDIUM,MEDIUM,MEDIUM,NO,JM1
HIGH,HIGH,HIGH,HIGH,HIGH,HIGH,HIGH,HIGH,NO,JM1
MEDIUM,LOW,LOW,LOW,MEDIUM,MEDIUM,MEDIUM,LOW,NO,JM1
HIGH,HIGH,HIGH,HIGH,HIGH,HIGH,HIGH,HIGH,NO,JM1
LOW,LOW,LOW,LOW,LOW,LOW,LOW,LOW,NO,JM1
HIGH,MEDIUM,LOW,MEDIUM,HIGH,HIGH,HIGH,MEDIUM,NO,JM1
LOW,LOW,LOW,LOW,LOW,LOW,LOW,LOW,NO,JM1
MEDIUM,LOW,LOW,LOW,LOW,MEDIUM,MEDIUM,LOW,NO,JM1
HIGH,HIGH,HIGH,HIGH,HIGH,HIGH,HIGH,HIGH,NO,JM1
MEDIUM,MEDIUM,HIGH,MEDIUM,MEDIUM,MEDIUM,MEDIUM,MEDIUM,NO,JM1
LOW,HIGH,HIGH,HIGH,LOW,LOW,LOW,HIGH,NO,JM1
LOW,LOW,LOW,LOW,LOW,LOW,LOW,LOW,NO,JM1
LOW,HIGH,LOW,HIGH,HIGH,HIGH,HIGH,HIGH,NO,JM1
LOW,LOW,LOW,LOW,LOW,LOW,LOW,LOW,NO,JM1
LOW,HIGH,LOW,HIGH,HIGH,HIGH,HIGH,HIGH,NO,JM1
MEDIUM,MEDIUM,MEDIUM,HIGH,MEDIUM,HIGH,HIGH,MEDIUM,NO,JM1
LOW,MEDIUM,HIGH,MEDIUM,HIGH,HIGH,HIGH,MEDIUM,NO,JM1
MEDIUM,MEDIUM,LOW,HIGH,HIGH,HIGH,HIGH,MEDIUM,NO,JM1
LOW,MEDIUM,HIGH,MEDIUM,HIGH,HIGH,HIGH,MEDIUM,NO,JM1
MEDIUM,HIGH,MEDIUM,HIGH,HIGH,HIGH,HIGH,HIGH,NO,JM1
MEDIUM,HIGH,HIGH,HIGH,HIGH,HIGH,HIGH,HIGH,NO,JM1
LOW,MEDIUM,HIGH,MEDIUM,MEDIUM,MEDIUM,MEDIUM,MEDIUM,NO,JM1
MEDIUM,MEDIUM,LOW,MEDIUM,MEDIUM,HIGH,MEDIUM,MEDIUM,NO,JM1
MEDIUM,MEDIUM,LOW,MEDIUM,MEDIUM,HIGH,MEDIUM,MEDIUM,NO,JM1
MEDIUM,HIGH,MEDIUM,HIGH,HIGH,HIGH,HIGH,HIGH,NO,JM1
LOW,HIGH,HIGH,MEDIUM,MEDIUM,HIGH,HIGH,HIGH,NO,JM1
LOW,LOW,LOW,LOW,LOW,MEDIUM,MEDIUM,LOW,NO,JM1
MEDIUM,HIGH,HIGH,HIGH,LOW,LOW,LOW,HIGH,NO,JM1
LOW,LOW,LOW,LOW,LOW,LOW,LOW,LOW,NO,JM1
MEDIUM,HIGH,LOW,HIGH,HIGH,HIGH,HIGH,HIGH,NO,JM1
LOW,MEDIUM,HIGH,MEDIUM,HIGH,HIGH,HIGH,MEDIUM,NO,JM1
MEDIUM,MEDIUM,LOW,MEDIUM,HIGH,HIGH,HIGH,MEDIUM,NO,JM1
MEDIUM,MEDIUM,MEDIUM,MEDIUM,MEDIUM,HIGH,MEDIUM,MEDIUM,NO,JM1
HIGH,HIGH,LOW,MEDIUM,HIGH,HIGH,HIGH,HIGH,NO,JM1
LOW,MEDIUM,MEDIUM,MEDIUM,MEDIUM,HIGH,MEDIUM,MEDIUM,NO,JM1
MEDIUM,MEDIUM,HIGH,MEDIUM,MEDIUM,MEDIUM,MEDIUM,MEDIUM,NO,JM1
LOW,LOW,LOW,LOW,LOW,MEDIUM,MEDIUM,LOW,NO,JM1
LOW,LOW,LOW,LOW,LOW,LOW,LOW,LOW,NO,JM1
LOW,LOW,MEDIUM,LOW,LOW,LOW,LOW,LOW,NO,JM1
HIGH,HIGH,HIGH,LOW,HIGH,HIGH,HIGH,HIGH,NO,JM1
MEDIUM,MEDIUM,HIGH,LOW,MEDIUM,MEDIUM,MEDIUM,MEDIUM,NO,JM1
LOW,LOW,MEDIUM,LOW,LOW,LOW,LOW,LOW,NO,JM1
MEDIUM,MEDIUM,HIGH,MEDIUM,MEDIUM,LOW,LOW,MEDIUM,NO,JM1
LOW,LOW,MEDIUM,LOW,LOW,LOW,LOW,LOW,NO,JM1
HIGH,HIGH,HIGH,HIGH,HIGH,HIGH,HIGH,HIGH,NO,JM1
HIGH,HIGH,HIGH,HIGH,HIGH,HIGH,HIGH,HIGH,NO,JM1
HIGH,HIGH,HIGH,HIGH,HIGH,HIGH,HIGH,HIGH,NO,JM1
LOW,LOW,MEDIUM,LOW,LOW,LOW,LOW,LOW,NO,JM1
LOW,LOW,MEDIUM,LOW,LOW,LOW,LOW,LOW,NO,JM1
HIGH,HIGH,LOW,LOW,MEDIUM,MEDIUM,MEDIUM,HIGH,NO,JM1
MEDIUM,HIGH,HIGH,LOW,MEDIUM,HIGH,MEDIUM,HIGH,NO,JM1
HIGH,HIGH,HIGH,MEDIUM,HIGH,HIGH,HIGH,HIGH,NO,JM1
MEDIUM,MEDIUM,HIGH,LOW,MEDIUM,MEDIUM,MEDIUM,MEDIUM,NO,JM1
MEDIUM,MEDIUM,HIGH,LOW,MEDIUM,MEDIUM,MEDIUM,MEDIUM,NO,JM1
LOW,MEDIUM,HIGH,LOW,MEDIUM,MEDIUM,MEDIUM,MEDIUM,NO,JM1
LOW,LOW,MEDIUM,LOW,LOW,LOW,LOW,LOW,NO,JM1
LOW,MEDIUM,HIGH,LOW,LOW,LOW,LOW,MEDIUM,NO,JM1
MEDIUM,HIGH,LOW,MEDIUM,MEDIUM,MEDIUM,MEDIUM,HIGH,NO,JM1
HIGH,HIGH,HIGH,MEDIUM,HIGH,HIGH,HIGH,HIGH,NO,JM1
LOW,LOW,LOW,LOW,LOW,LOW,LOW,LOW,NO,JM1
MEDIUM,MEDIUM,LOW,MEDIUM,HIGH,MEDIUM,HIGH,MEDIUM,NO,JM1
LOW,LOW,LOW,LOW,LOW,LOW,LOW,LOW,NO,JM1
MEDIUM,MEDIUM,LOW,HIGH,MEDIUM,MEDIUM,MEDIUM,MEDIUM,NO,JM1
LOW,LOW,LOW,MEDIUM,MEDIUM,LOW,MEDIUM,LOW,NO,JM1
MEDIUM,MEDIUM,LOW,LOW,LOW,MEDIUM,LOW,MEDIUM,NO,JM1
MEDIUM,MEDIUM,LOW,HIGH,MEDIUM,MEDIUM,MEDIUM,MEDIUM,NO,JM1
HIGH,HIGH,HIGH,HIGH,HIGH,HIGH,HIGH,HIGH,NO,JM1
LOW,LOW,LOW,LOW,LOW,LOW,LOW,LOW,NO,JM1
HIGH,HIGH,HIGH,LOW,HIGH,HIGH,HIGH,HIGH,NO,JM1
LOW,MEDIUM,MEDIUM,MEDIUM,LOW,LOW,LOW,MEDIUM,NO,JM1
LOW,MEDIUM,MEDIUM,MEDIUM,LOW,MEDIUM,LOW,MEDIUM,NO,JM1
LOW,MEDIUM,LOW,MEDIUM,MEDIUM,MEDIUM,MEDIUM,MEDIUM,NO,JM1
LOW,LOW,LOW,MEDIUM,LOW,MEDIUM,LOW,LOW,NO,JM1
LOW,HIGH,HIGH,HIGH,HIGH,HIGH,HIGH,HIGH,NO,JM1
LOW,LOW,LOW,LOW,LOW,LOW,LOW,LOW,NO,JM1
LOW,LOW,LOW,LOW,LOW,MEDIUM,LOW,LOW,NO,JM1
LOW,LOW,LOW,LOW,LOW,LOW,LOW,LOW,NO,JM1
LOW,LOW,LOW,LOW,LOW,LOW,LOW,LOW,NO,JM1
LOW,LOW,LOW,LOW,LOW,LOW,LOW,LOW,NO,JM1
LOW,LOW,LOW,LOW,LOW,MEDIUM,LOW,LOW,NO,JM1
LOW,LOW,LOW,LOW,LOW,LOW,LOW,LOW,NO,JM1
HIGH,HIGH,HIGH,HIGH,HIGH,HIGH,HIGH,HIGH,NO,JM1
LOW,LOW,LOW,LOW,LOW,LOW,LOW,LOW,NO,JM1
LOW,LOW,LOW,LOW,LOW,LOW,LOW,LOW,NO,JM1
LOW,LOW,LOW,LOW,LOW,LOW,LOW,LOW,NO,JM1
LOW,LOW,LOW,LOW,LOW,LOW,LOW,LOW,NO,JM1
LOW,LOW,LOW,LOW,LOW,LOW,LOW,LOW,NO,JM1
LOW,LOW,LOW,LOW,LOW,MEDIUM,LOW,LOW,NO,JM1
LOW,LOW,LOW,LOW,LOW,MEDIUM,LOW,LOW,NO,JM1
LOW,LOW,LOW,LOW,LOW,MEDIUM,LOW,LOW,NO,JM1
LOW,LOW,LOW,LOW,LOW,LOW,LOW,LOW,NO,JM1
MEDIUM,MEDIUM,MEDIUM,MEDIUM,MEDIUM,MEDIUM,MEDIUM,MEDIUM,NO,JM1
MEDIUM,HIGH,HIGH,LOW,MEDIUM,HIGH,MEDIUM,HIGH,NO,JM1
LOW,LOW,LOW,LOW,LOW,LOW,LOW,LOW,NO,JM1
LOW,LOW,LOW,LOW,LOW,LOW,LOW,LOW,NO,JM1
HIGH,HIGH,HIGH,HIGH,HIGH,HIGH,HIGH,HIGH,NO,JM1
HIGH,MEDIUM,LOW,MEDIUM,HIGH,MEDIUM,HIGH,MEDIUM,NO,JM1
HIGH,MEDIUM,LOW,MEDIUM,HIGH,MEDIUM,HIGH,MEDIUM,NO,JM1
HIGH,HIGH,LOW,LOW,HIGH,MEDIUM,MEDIUM,HIGH,NO,JM1
MEDIUM,MEDIUM,HIGH,LOW,MEDIUM,HIGH,MEDIUM,MEDIUM,NO,JM1
HIGH,HIGH,HIGH,HIGH,HIGH,HIGH,HIGH,HIGH,NO,JM1
MEDIUM,LOW,LOW,LOW,MEDIUM,LOW,MEDIUM,LOW,NO,JM1
HIGH,HIGH,HIGH,HIGH,HIGH,HIGH,HIGH,HIGH,NO,JM1
HIGH,HIGH,HIGH,HIGH,HIGH,HIGH,HIGH,HIGH,NO,JM1
HIGH,HIGH,HIGH,HIGH,HIGH,HIGH,HIGH,HIGH,NO,JM1
LOW,LOW,LOW,LOW,LOW,LOW,LOW,LOW,NO,JM1
HIGH,HIGH,LOW,HIGH,HIGH,HIGH,HIGH,HIGH,NO,JM1
LOW,LOW,MEDIUM,LOW,MEDIUM,MEDIUM,MEDIUM,LOW,NO,JM1
LOW,LOW,LOW,LOW,LOW,LOW,LOW,LOW,NO,JM1
LOW,LOW,LOW,LOW,LOW,LOW,LOW,LOW,NO,JM1
MEDIUM,HIGH,HIGH,LOW,LOW,LOW,LOW,HIGH,NO,JM1
MEDIUM,HIGH,HIGH,HIGH,HIGH,HIGH,HIGH,HIGH,NO,JM1
MEDIUM,HIGH,HIGH,HIGH,HIGH,HIGH,HIGH,HIGH,NO,JM1
MEDIUM,HIGH,HIGH,HIGH,HIGH,HIGH,HIGH,HIGH,NO,JM1
HIGH,HIGH,HIGH,LOW,HIGH,HIGH,HIGH,HIGH,NO,JM1
MEDIUM,HIGH,HIGH,HIGH,HIGH,HIGH,HIGH,HIGH,NO,JM1
MEDIUM,HIGH,HIGH,LOW,MEDIUM,HIGH,HIGH,HIGH,NO,JM1
LOW,LOW,MEDIUM,LOW,LOW,MEDIUM,LOW,LOW,NO,JM1
LOW,MEDIUM,HIGH,LOW,LOW,MEDIUM,MEDIUM,MEDIUM,NO,JM1
LOW,LOW,LOW,LOW,LOW,LOW,LOW,LOW,NO,JM1
LOW,MEDIUM,HIGH,LOW,LOW,MEDIUM,MEDIUM,MEDIUM,NO,JM1
LOW,LOW,LOW,MEDIUM,LOW,LOW,LOW,LOW,NO,JM1
LOW,LOW,LOW,LOW,LOW,LOW,LOW,LOW,NO,JM1
LOW,LOW,LOW,LOW,LOW,LOW,LOW,LOW,NO,JM1
LOW,LOW,LOW,LOW,LOW,LOW,LOW,LOW,NO,JM1
LOW,LOW,LOW,LOW,LOW,LOW,LOW,LOW,NO,JM1
LOW,LOW,LOW,LOW,LOW,LOW,LOW,LOW,NO,JM1
LOW,LOW,LOW,LOW,LOW,LOW,LOW,LOW,NO,JM1
LOW,MEDIUM,HIGH,LOW,LOW,MEDIUM,MEDIUM,MEDIUM,NO,JM1
MEDIUM,MEDIUM,LOW,LOW,LOW,LOW,LOW,MEDIUM,NO,JM1
HIGH,HIGH,LOW,HIGH,HIGH,HIGH,HIGH,HIGH,NO,JM1
HIGH,HIGH,HIGH,HIGH,HIGH,HIGH,HIGH,HIGH,NO,JM1
LOW,LOW,LOW,MEDIUM,LOW,LOW,LOW,LOW,NO,JM1
LOW,LOW,LOW,MEDIUM,LOW,MEDIUM,MEDIUM,LOW,NO,JM1
LOW,MEDIUM,LOW,LOW,LOW,LOW,LOW,LOW,NO,JM1
LOW,LOW,MEDIUM,LOW,LOW,LOW,LOW,LOW,NO,JM1
MEDIUM,LOW,MEDIUM,LOW,LOW,LOW,LOW,LOW,NO,JM1
LOW,LOW,MEDIUM,LOW,LOW,LOW,LOW,LOW,NO,JM1
HIGH,HIGH,HIGH,LOW,HIGH,HIGH,HIGH,HIGH,NO,JM1
HIGH,HIGH,LOW,HIGH,HIGH,HIGH,HIGH,HIGH,NO,JM1
MEDIUM,LOW,LOW,LOW,LOW,LOW,LOW,LOW,NO,JM1
HIGH,MEDIUM,LOW,MEDIUM,LOW,LOW,LOW,MEDIUM,NO,JM1
LOW,LOW,LOW,LOW,LOW,LOW,LOW,LOW,NO,JM1
MEDIUM,MEDIUM,LOW,MEDIUM,MEDIUM,HIGH,HIGH,MEDIUM,NO,JM1
LOW,LOW,LOW,LOW,LOW,LOW,LOW,LOW,NO,JM1
LOW,LOW,LOW,LOW,LOW,LOW,LOW,LOW,NO,JM1
LOW,LOW,LOW,LOW,LOW,LOW,LOW,LOW,NO,JM1
MEDIUM,LOW,LOW,MEDIUM,LOW,LOW,LOW,LOW,NO,JM1
MEDIUM,MEDIUM,HIGH,LOW,HIGH,HIGH,HIGH,MEDIUM,NO,JM1
LOW,LOW,LOW,LOW,LOW,LOW,LOW,LOW,NO,JM1
LOW,LOW,LOW,LOW,LOW,LOW,LOW,LOW,NO,JM1
LOW,LOW,LOW,LOW,LOW,LOW,LOW,LOW,NO,JM1
MEDIUM,MEDIUM,MEDIUM,HIGH,MEDIUM,MEDIUM,MEDIUM,MEDIUM,NO,JM1
LOW,LOW,LOW,LOW,LOW,LOW,LOW,LOW,NO,JM1
LOW,LOW,LOW,LOW,LOW,LOW,LOW,LOW,NO,JM1
HIGH,HIGH,HIGH,HIGH,HIGH,HIGH,HIGH,HIGH,NO,JM1
LOW,LOW,LOW,LOW,LOW,LOW,LOW,LOW,NO,JM1
LOW,LOW,LOW,LOW,LOW,LOW,LOW,LOW,NO,JM1
LOW,LOW,LOW,LOW,LOW,LOW,LOW,LOW,NO,JM1
MEDIUM,MEDIUM,HIGH,MEDIUM,MEDIUM,MEDIUM,MEDIUM,MEDIUM,NO,JM1
LOW,LOW,LOW,LOW,LOW,LOW,LOW,LOW,NO,JM1
LOW,LOW,LOW,LOW,LOW,LOW,LOW,LOW,NO,JM1
LOW,LOW,LOW,LOW,LOW,LOW,LOW,LOW,NO,JM1
LOW,LOW,LOW,LOW,LOW,LOW,LOW,LOW,NO,JM1
LOW,LOW,LOW,LOW,LOW,LOW,LOW,LOW,NO,JM1
LOW,LOW,LOW,LOW,LOW,LOW,LOW,LOW,NO,JM1
MEDIUM,MEDIUM,LOW,MEDIUM,MEDIUM,HIGH,HIGH,MEDIUM,NO,JM1
LOW,LOW,LOW,LOW,LOW,LOW,LOW,LOW,NO,JM1
LOW,LOW,LOW,LOW,LOW,LOW,LOW,LOW,NO,JM1
MEDIUM,LOW,LOW,LOW,MEDIUM,LOW,MEDIUM,LOW,NO,JM1
LOW,LOW,LOW,LOW,LOW,LOW,LOW,LOW,NO,JM1
HIGH,HIGH,HIGH,HIGH,HIGH,HIGH,HIGH,HIGH,NO,JM1
HIGH,HIGH,LOW,HIGH,HIGH,HIGH,HIGH,HIGH,NO,JM1
MEDIUM,LOW,LOW,LOW,MEDIUM,MEDIUM,MEDIUM,LOW,NO,JM1
LOW,LOW,LOW,LOW,LOW,LOW,LOW,LOW,NO,JM1
LOW,LOW,LOW,LOW,LOW,LOW,LOW,LOW,NO,JM1
LOW,LOW,LOW,LOW,LOW,LOW,LOW,LOW,NO,JM1
LOW,LOW,LOW,LOW,LOW,LOW,LOW,LOW,NO,JM1
LOW,LOW,LOW,LOW,LOW,LOW,LOW,LOW,NO,JM1
HIGH,HIGH,HIGH,HIGH,HIGH,HIGH,HIGH,HIGH,NO,JM1
LOW,LOW,LOW,LOW,LOW,LOW,LOW,LOW,NO,JM1
MEDIUM,LOW,LOW,LOW,LOW,LOW,LOW,LOW,NO,JM1
MEDIUM,LOW,LOW,LOW,MEDIUM,MEDIUM,MEDIUM,LOW,NO,JM1
MEDIUM,MEDIUM,HIGH,MEDIUM,MEDIUM,MEDIUM,MEDIUM,MEDIUM,NO,JM1
LOW,LOW,LOW,LOW,LOW,LOW,LOW,LOW,NO,JM1
LOW,LOW,LOW,LOW,LOW,LOW,LOW,LOW,NO,JM1
LOW,LOW,LOW,LOW,LOW,LOW,LOW,LOW,NO,JM1
LOW,LOW,LOW,LOW,LOW,LOW,LOW,LOW,NO,JM1
LOW,LOW,LOW,LOW,LOW,LOW,LOW,LOW,NO,JM1
LOW,LOW,LOW,LOW,LOW,LOW,LOW,LOW,NO,JM1
LOW,LOW,LOW,LOW,LOW,LOW,LOW,LOW,NO,JM1
MEDIUM,LOW,LOW,MEDIUM,MEDIUM,HIGH,MEDIUM,LOW,NO,JM1
MEDIUM,MEDIUM,LOW,MEDIUM,MEDIUM,HIGH,HIGH,MEDIUM,NO,JM1
LOW,LOW,LOW,LOW,LOW,LOW,LOW,LOW,NO,JM1
LOW,LOW,LOW,LOW,LOW,LOW,LOW,LOW,NO,JM1
LOW,LOW,LOW,LOW,LOW,LOW,LOW,LOW,NO,JM1
LOW,LOW,LOW,LOW,LOW,LOW,LOW,LOW,NO,JM1
LOW,LOW,LOW,LOW,LOW,LOW,LOW,LOW,NO,JM1
MEDIUM,LOW,LOW,LOW,MEDIUM,MEDIUM,MEDIUM,LOW,NO,JM1
LOW,LOW,LOW,LOW,LOW,LOW,LOW,LOW,NO,JM1
LOW,LOW,LOW,LOW,LOW,LOW,LOW,LOW,NO,JM1
LOW,LOW,LOW,LOW,LOW,LOW,LOW,LOW,NO,JM1
LOW,LOW,LOW,LOW,LOW,LOW,LOW,LOW,NO,JM1
LOW,LOW,LOW,LOW,LOW,LOW,LOW,LOW,NO,JM1
LOW,LOW,LOW,LOW,LOW,LOW,LOW,LOW,NO,JM1
LOW,LOW,LOW,LOW,LOW,LOW,LOW,LOW,NO,JM1
LOW,MEDIUM,LOW,MEDIUM,MEDIUM,MEDIUM,MEDIUM,MEDIUM,NO,JM1
LOW,LOW,LOW,LOW,LOW,LOW,LOW,LOW,NO,JM1
HIGH,HIGH,HIGH,HIGH,HIGH,HIGH,HIGH,HIGH,NO,JM1
LOW,LOW,LOW,LOW,LOW,LOW,LOW,LOW,NO,JM1
HIGH,MEDIUM,LOW,MEDIUM,HIGH,HIGH,HIGH,MEDIUM,NO,JM1
LOW,LOW,LOW,LOW,LOW,LOW,LOW,LOW,NO,JM1
LOW,LOW,LOW,LOW,LOW,LOW,LOW,LOW,NO,JM1
LOW,LOW,LOW,LOW,LOW,LOW,LOW,LOW,NO,JM1
LOW,LOW,LOW,LOW,LOW,LOW,LOW,LOW,NO,JM1
MEDIUM,MEDIUM,LOW,MEDIUM,MEDIUM,MEDIUM,MEDIUM,MEDIUM,NO,JM1
MEDIUM,MEDIUM,LOW,MEDIUM,MEDIUM,MEDIUM,MEDIUM,MEDIUM,NO,JM1
MEDIUM,MEDIUM,LOW,MEDIUM,MEDIUM,HIGH,MEDIUM,MEDIUM,NO,JM1
MEDIUM,MEDIUM,LOW,MEDIUM,MEDIUM,MEDIUM,MEDIUM,MEDIUM,NO,JM1
HIGH,MEDIUM,LOW,MEDIUM,HIGH,HIGH,HIGH,MEDIUM,NO,JM1
MEDIUM,LOW,LOW,LOW,MEDIUM,MEDIUM,MEDIUM,LOW,NO,JM1
LOW,LOW,LOW,LOW,LOW,LOW,LOW,LOW,NO,JM1
HIGH,HIGH,MEDIUM,HIGH,HIGH,HIGH,HIGH,HIGH,NO,JM1
LOW,LOW,LOW,LOW,LOW,LOW,LOW,LOW,NO,JM1
LOW,LOW,LOW,LOW,LOW,LOW,LOW,LOW,NO,JM1
LOW,LOW,LOW,LOW,LOW,LOW,LOW,LOW,NO,JM1
LOW,LOW,LOW,LOW,LOW,LOW,LOW,LOW,NO,JM1
LOW,LOW,LOW,LOW,LOW,LOW,LOW,LOW,NO,JM1
LOW,LOW,LOW,LOW,LOW,LOW,LOW,LOW,NO,JM1
LOW,LOW,LOW,MEDIUM,LOW,MEDIUM,LOW,LOW,NO,JM1
MEDIUM,MEDIUM,HIGH,MEDIUM,MEDIUM,MEDIUM,MEDIUM,MEDIUM,NO,JM1
LOW,LOW,LOW,LOW,LOW,LOW,LOW,LOW,NO,JM1
LOW,LOW,LOW,LOW,LOW,LOW,LOW,LOW,NO,JM1
LOW,MEDIUM,LOW,MEDIUM,MEDIUM,MEDIUM,MEDIUM,MEDIUM,NO,JM1
LOW,LOW,LOW,LOW,LOW,LOW,LOW,LOW,NO,JM1
LOW,LOW,LOW,LOW,LOW,LOW,LOW,LOW,NO,JM1
LOW,LOW,LOW,LOW,LOW,LOW,LOW,LOW,NO,JM1
LOW,LOW,LOW,LOW,LOW,LOW,LOW,LOW,NO,JM1
HIGH,MEDIUM,LOW,HIGH,HIGH,HIGH,HIGH,MEDIUM,NO,JM1
LOW,LOW,LOW,LOW,LOW,LOW,LOW,LOW,NO,JM1
LOW,LOW,LOW,LOW,LOW,LOW,LOW,LOW,NO,JM1
HIGH,HIGH,LOW,HIGH,HIGH,HIGH,HIGH,HIGH,NO,JM1
HIGH,HIGH,LOW,LOW,HIGH,HIGH,HIGH,HIGH,NO,JM1
LOW,LOW,LOW,LOW,LOW,LOW,LOW,LOW,NO,JM1
HIGH,MEDIUM,HIGH,MEDIUM,MEDIUM,HIGH,MEDIUM,MEDIUM,NO,JM1
LOW,LOW,LOW,LOW,LOW,LOW,LOW,LOW,NO,JM1
LOW,LOW,LOW,LOW,LOW,LOW,LOW,LOW,NO,JM1
LOW,LOW,LOW,LOW,LOW,LOW,LOW,LOW,NO,JM1
LOW,LOW,LOW,LOW,LOW,LOW,LOW,LOW,NO,JM1
LOW,LOW,LOW,LOW,LOW,LOW,LOW,LOW,NO,JM1
LOW,LOW,LOW,LOW,LOW,LOW,LOW,LOW,NO,JM1
LOW,LOW,LOW,LOW,LOW,LOW,LOW,LOW,NO,JM1
LOW,LOW,LOW,LOW,LOW,LOW,LOW,LOW,NO,JM1
LOW,LOW,LOW,LOW,LOW,LOW,LOW,LOW,NO,JM1
LOW,LOW,LOW,LOW,LOW,LOW,LOW,LOW,NO,JM1
LOW,LOW,LOW,LOW,LOW,LOW,LOW,LOW,NO,JM1
LOW,LOW,LOW,LOW,LOW,LOW,LOW,LOW,NO,JM1
LOW,LOW,LOW,LOW,LOW,LOW,LOW,LOW,NO,JM1
LOW,LOW,LOW,LOW,LOW,LOW,LOW,LOW,NO,JM1
LOW,LOW,LOW,LOW,LOW,LOW,LOW,LOW,NO,JM1
LOW,LOW,LOW,LOW,LOW,LOW,LOW,LOW,NO,JM1
LOW,LOW,LOW,LOW,LOW,LOW,LOW,LOW,NO,JM1
LOW,LOW,LOW,LOW,LOW,LOW,LOW,LOW,NO,JM1
LOW,LOW,LOW,LOW,LOW,LOW,LOW,LOW,NO,JM1
LOW,LOW,LOW,LOW,LOW,LOW,LOW,LOW,NO,JM1
LOW,LOW,LOW,LOW,LOW,LOW,LOW,LOW,NO,JM1
LOW,MEDIUM,LOW,MEDIUM,MEDIUM,MEDIUM,MEDIUM,MEDIUM,NO,JM1
MEDIUM,LOW,LOW,LOW,MEDIUM,MEDIUM,MEDIUM,LOW,NO,JM1
LOW,LOW,LOW,LOW,LOW,LOW,LOW,LOW,NO,JM1
LOW,LOW,LOW,LOW,LOW,LOW,LOW,LOW,NO,JM1
LOW,LOW,LOW,LOW,LOW,LOW,LOW,LOW,NO,JM1
LOW,LOW,LOW,LOW,LOW,LOW,LOW,LOW,NO,JM1
HIGH,MEDIUM,LOW,MEDIUM,MEDIUM,HIGH,HIGH,MEDIUM,NO,JM1
LOW,LOW,LOW,LOW,LOW,MEDIUM,LOW,LOW,NO,JM1
LOW,MEDIUM,LOW,MEDIUM,LOW,MEDIUM,MEDIUM,MEDIUM,NO,JM1
LOW,MEDIUM,LOW,LOW,MEDIUM,MEDIUM,MEDIUM,MEDIUM,NO,JM1
LOW,LOW,LOW,MEDIUM,LOW,MEDIUM,LOW,LOW,NO,JM1
LOW,MEDIUM,LOW,MEDIUM,MEDIUM,MEDIUM,MEDIUM,MEDIUM,NO,JM1
LOW,LOW,LOW,LOW,LOW,LOW,LOW,LOW,NO,JM1
LOW,LOW,LOW,LOW,LOW,LOW,LOW,LOW,NO,JM1
LOW,LOW,LOW,LOW,LOW,LOW,LOW,LOW,NO,JM1
LOW,LOW,LOW,LOW,LOW,LOW,LOW,LOW,NO,JM1
LOW,LOW,LOW,LOW,LOW,LOW,LOW,LOW,NO,JM1
LOW,LOW,LOW,LOW,LOW,LOW,LOW,LOW,NO,JM1
LOW,LOW,LOW,LOW,LOW,LOW,LOW,LOW,NO,JM1
MEDIUM,MEDIUM,LOW,MEDIUM,MEDIUM,HIGH,HIGH,MEDIUM,NO,JM1
LOW,LOW,LOW,LOW,LOW,LOW,LOW,LOW,NO,JM1
LOW,LOW,LOW,LOW,LOW,LOW,LOW,LOW,NO,JM1
LOW,LOW,LOW,LOW,LOW,LOW,LOW,LOW,NO,JM1
LOW,MEDIUM,LOW,HIGH,MEDIUM,MEDIUM,MEDIUM,MEDIUM,NO,JM1
MEDIUM,HIGH,LOW,HIGH,HIGH,HIGH,HIGH,HIGH,NO,JM1
LOW,LOW,LOW,LOW,LOW,LOW,LOW,LOW,NO,JM1
LOW,LOW,LOW,LOW,LOW,LOW,LOW,LOW,NO,JM1
LOW,LOW,LOW,LOW,LOW,LOW,LOW,LOW,NO,JM1
MEDIUM,LOW,LOW,MEDIUM,LOW,LOW,LOW,LOW,NO,JM1
LOW,LOW,LOW,LOW,LOW,LOW,LOW,LOW,NO,JM1
LOW,LOW,LOW,LOW,LOW,LOW,LOW,LOW,NO,JM1
MEDIUM,HIGH,HIGH,HIGH,MEDIUM,HIGH,MEDIUM,HIGH,NO,JM1
HIGH,MEDIUM,LOW,MEDIUM,HIGH,HIGH,HIGH,MEDIUM,NO,JM1
LOW,MEDIUM,LOW,MEDIUM,MEDIUM,MEDIUM,MEDIUM,MEDIUM,NO,JM1
LOW,LOW,LOW,LOW,LOW,LOW,LOW,LOW,NO,JM1
LOW,LOW,LOW,LOW,LOW,LOW,LOW,LOW,NO,JM1
LOW,LOW,LOW,LOW,LOW,LOW,LOW,LOW,NO,JM1
LOW,LOW,LOW,LOW,LOW,LOW,LOW,LOW,NO,JM1
LOW,LOW,LOW,LOW,LOW,LOW,LOW,LOW,NO,JM1
LOW,LOW,LOW,LOW,LOW,LOW,LOW,LOW,NO,JM1
LOW,LOW,LOW,LOW,LOW,LOW,LOW,LOW,NO,JM1
LOW,LOW,LOW,LOW,LOW,LOW,LOW,LOW,NO,JM1
LOW,LOW,LOW,LOW,LOW,LOW,LOW,LOW,NO,JM1
LOW,LOW,LOW,LOW,LOW,LOW,LOW,LOW,NO,JM1
LOW,LOW,LOW,LOW,LOW,LOW,LOW,LOW,NO,JM1
LOW,LOW,LOW,LOW,LOW,LOW,LOW,LOW,NO,JM1
LOW,LOW,LOW,LOW,LOW,LOW,LOW,LOW,NO,JM1
HIGH,MEDIUM,LOW,MEDIUM,HIGH,MEDIUM,MEDIUM,MEDIUM,NO,JM1
HIGH,HIGH,HIGH,HIGH,HIGH,MEDIUM,HIGH,HIGH,NO,JM1
HIGH,MEDIUM,LOW,MEDIUM,HIGH,HIGH,HIGH,MEDIUM,NO,JM1
HIGH,HIGH,HIGH,HIGH,HIGH,HIGH,HIGH,HIGH,NO,JM1
LOW,LOW,LOW,LOW,LOW,LOW,LOW,LOW,NO,JM1
LOW,LOW,LOW,LOW,LOW,LOW,LOW,LOW,NO,JM1
LOW,LOW,LOW,LOW,LOW,LOW,LOW,LOW,NO,JM1
LOW,LOW,LOW,LOW,LOW,LOW,LOW,LOW,NO,JM1
LOW,LOW,LOW,LOW,LOW,LOW,LOW,LOW,NO,JM1
LOW,MEDIUM,LOW,HIGH,MEDIUM,MEDIUM,MEDIUM,MEDIUM,NO,JM1
LOW,LOW,LOW,LOW,LOW,LOW,LOW,LOW,NO,JM1
MEDIUM,MEDIUM,HIGH,MEDIUM,MEDIUM,MEDIUM,MEDIUM,MEDIUM,NO,JM1
LOW,LOW,LOW,LOW,LOW,LOW,LOW,LOW,NO,JM1
LOW,LOW,LOW,LOW,LOW,LOW,LOW,LOW,NO,JM1
LOW,LOW,LOW,LOW,LOW,LOW,LOW,LOW,NO,JM1
LOW,LOW,LOW,LOW,LOW,LOW,LOW,LOW,NO,JM1
LOW,LOW,LOW,LOW,LOW,LOW,LOW,LOW,NO,JM1
LOW,LOW,LOW,LOW,LOW,LOW,LOW,LOW,NO,JM1
LOW,LOW,LOW,LOW,LOW,LOW,LOW,LOW,NO,JM1
LOW,LOW,LOW,LOW,LOW,LOW,LOW,LOW,NO,JM1
MEDIUM,LOW,LOW,LOW,LOW,LOW,LOW,LOW,NO,JM1
MEDIUM,HIGH,HIGH,HIGH,HIGH,HIGH,HIGH,HIGH,NO,JM1
LOW,LOW,LOW,LOW,LOW,LOW,LOW,LOW,NO,JM1
LOW,LOW,LOW,LOW,LOW,LOW,LOW,LOW,NO,JM1
LOW,LOW,LOW,LOW,LOW,LOW,LOW,LOW,NO,JM1
LOW,LOW,LOW,LOW,LOW,LOW,LOW,LOW,NO,JM1
LOW,LOW,LOW,LOW,LOW,LOW,LOW,LOW,NO,JM1
LOW,LOW,LOW,LOW,LOW,LOW,LOW,LOW,NO,JM1
LOW,MEDIUM,LOW,MEDIUM,MEDIUM,MEDIUM,MEDIUM,MEDIUM,NO,JM1
LOW,MEDIUM,LOW,MEDIUM,MEDIUM,MEDIUM,MEDIUM,MEDIUM,NO,JM1
LOW,LOW,LOW,LOW,LOW,LOW,LOW,LOW,NO,JM1
LOW,MEDIUM,LOW,MEDIUM,MEDIUM,MEDIUM,MEDIUM,MEDIUM,NO,JM1
LOW,LOW,LOW,MEDIUM,MEDIUM,MEDIUM,MEDIUM,LOW,NO,JM1
LOW,MEDIUM,LOW,MEDIUM,MEDIUM,MEDIUM,MEDIUM,MEDIUM,NO,JM1
LOW,MEDIUM,LOW,MEDIUM,MEDIUM,MEDIUM,MEDIUM,MEDIUM,NO,JM1
LOW,MEDIUM,LOW,MEDIUM,MEDIUM,MEDIUM,MEDIUM,MEDIUM,NO,JM1
LOW,LOW,LOW,MEDIUM,MEDIUM,MEDIUM,MEDIUM,LOW,NO,JM1
LOW,LOW,LOW,MEDIUM,LOW,MEDIUM,MEDIUM,LOW,NO,JM1
LOW,MEDIUM,LOW,HIGH,MEDIUM,MEDIUM,MEDIUM,MEDIUM,NO,JM1
MEDIUM,MEDIUM,LOW,HIGH,MEDIUM,MEDIUM,MEDIUM,MEDIUM,NO,JM1
LOW,LOW,LOW,LOW,LOW,LOW,LOW,LOW,NO,JM1
LOW,MEDIUM,LOW,MEDIUM,MEDIUM,MEDIUM,MEDIUM,MEDIUM,NO,JM1
LOW,LOW,LOW,LOW,LOW,LOW,LOW,LOW,NO,JM1
MEDIUM,MEDIUM,LOW,HIGH,MEDIUM,MEDIUM,MEDIUM,MEDIUM,NO,JM1
LOW,LOW,LOW,LOW,LOW,LOW,LOW,LOW,NO,JM1
LOW,MEDIUM,LOW,MEDIUM,MEDIUM,MEDIUM,MEDIUM,MEDIUM,NO,JM1
LOW,MEDIUM,LOW,MEDIUM,MEDIUM,MEDIUM,MEDIUM,MEDIUM,NO,JM1
LOW,MEDIUM,LOW,MEDIUM,MEDIUM,MEDIUM,MEDIUM,MEDIUM,NO,JM1
LOW,LOW,LOW,LOW,LOW,LOW,LOW,LOW,NO,JM1
MEDIUM,LOW,LOW,LOW,HIGH,MEDIUM,HIGH,LOW,NO,JM1
MEDIUM,LOW,LOW,LOW,MEDIUM,MEDIUM,MEDIUM,LOW,NO,JM1
MEDIUM,MEDIUM,HIGH,MEDIUM,MEDIUM,MEDIUM,MEDIUM,MEDIUM,NO,JM1
HIGH,MEDIUM,LOW,HIGH,HIGH,HIGH,HIGH,MEDIUM,NO,JM1
LOW,LOW,LOW,LOW,LOW,LOW,LOW,LOW,NO,JM1
LOW,LOW,LOW,LOW,LOW,LOW,LOW,LOW,NO,JM1
LOW,LOW,LOW,LOW,LOW,LOW,LOW,LOW,NO,JM1
LOW,LOW,LOW,LOW,LOW,LOW,LOW,LOW,NO,JM1
LOW,LOW,LOW,LOW,LOW,LOW,LOW,LOW,NO,JM1
LOW,LOW,LOW,LOW,LOW,LOW,LOW,LOW,NO,JM1
LOW,LOW,LOW,LOW,LOW,LOW,LOW,LOW,NO,JM1
LOW,LOW,LOW,LOW,LOW,LOW,LOW,LOW,NO,JM1
LOW,LOW,LOW,LOW,LOW,LOW,LOW,LOW,NO,JM1
LOW,LOW,LOW,LOW,LOW,LOW,LOW,LOW,NO,JM1
LOW,LOW,LOW,LOW,LOW,LOW,LOW,LOW,NO,JM1
LOW,LOW,LOW,LOW,LOW,LOW,LOW,LOW,NO,JM1
LOW,LOW,LOW,LOW,LOW,LOW,LOW,LOW,NO,JM1
LOW,LOW,LOW,LOW,LOW,LOW,LOW,LOW,NO,JM1
MEDIUM,LOW,LOW,LOW,MEDIUM,MEDIUM,MEDIUM,LOW,NO,JM1
LOW,MEDIUM,LOW,HIGH,MEDIUM,MEDIUM,MEDIUM,MEDIUM,NO,JM1
MEDIUM,HIGH,LOW,HIGH,HIGH,HIGH,HIGH,HIGH,NO,JM1
LOW,LOW,LOW,LOW,LOW,LOW,LOW,LOW,NO,JM1
LOW,LOW,LOW,LOW,LOW,LOW,LOW,LOW,NO,JM1
HIGH,MEDIUM,LOW,HIGH,HIGH,HIGH,HIGH,MEDIUM,NO,JM1
LOW,LOW,LOW,LOW,LOW,LOW,LOW,LOW,NO,JM1
LOW,LOW,LOW,LOW,LOW,LOW,LOW,LOW,NO,JM1
LOW,LOW,LOW,LOW,MEDIUM,MEDIUM,MEDIUM,LOW,NO,JM1
LOW,LOW,LOW,LOW,LOW,LOW,LOW,LOW,NO,JM1
LOW,LOW,LOW,LOW,LOW,LOW,LOW,LOW,NO,JM1
LOW,LOW,LOW,LOW,LOW,LOW,LOW,LOW,NO,JM1
LOW,LOW,LOW,MEDIUM,LOW,LOW,LOW,LOW,NO,JM1
MEDIUM,LOW,LOW,LOW,MEDIUM,LOW,LOW,LOW,NO,JM1
LOW,LOW,LOW,LOW,LOW,LOW,LOW,LOW,NO,JM1
LOW,LOW,LOW,LOW,LOW,LOW,LOW,LOW,NO,JM1
LOW,LOW,LOW,LOW,LOW,LOW,LOW,LOW,NO,JM1
LOW,LOW,LOW,LOW,LOW,LOW,LOW,LOW,NO,JM1
LOW,LOW,LOW,LOW,LOW,LOW,LOW,LOW,NO,JM1
MEDIUM,LOW,LOW,LOW,MEDIUM,MEDIUM,MEDIUM,LOW,NO,JM1
LOW,LOW,LOW,LOW,LOW,LOW,LOW,LOW,NO,JM1
LOW,LOW,LOW,LOW,LOW,LOW,LOW,LOW,NO,JM1
LOW,LOW,LOW,LOW,LOW,LOW,LOW,LOW,NO,JM1
LOW,LOW,LOW,LOW,LOW,LOW,LOW,LOW,NO,JM1
LOW,LOW,LOW,LOW,LOW,LOW,LOW,LOW,NO,JM1
LOW,LOW,LOW,LOW,LOW,LOW,LOW,LOW,NO,JM1
LOW,LOW,LOW,LOW,LOW,MEDIUM,LOW,LOW,NO,JM1
MEDIUM,LOW,LOW,LOW,MEDIUM,HIGH,MEDIUM,LOW,NO,JM1
LOW,LOW,LOW,LOW,LOW,LOW,LOW,LOW,NO,JM1
LOW,LOW,LOW,LOW,LOW,LOW,LOW,LOW,NO,JM1
LOW,LOW,LOW,LOW,LOW,LOW,LOW,LOW,NO,JM1
LOW,LOW,LOW,LOW,LOW,LOW,LOW,LOW,NO,JM1
LOW,LOW,LOW,LOW,LOW,LOW,LOW,LOW,NO,JM1
LOW,LOW,LOW,LOW,LOW,LOW,LOW,LOW,NO,JM1
LOW,LOW,LOW,LOW,LOW,LOW,LOW,LOW,NO,JM1
LOW,LOW,LOW,LOW,LOW,LOW,LOW,LOW,NO,JM1
LOW,MEDIUM,LOW,MEDIUM,MEDIUM,MEDIUM,MEDIUM,MEDIUM,NO,JM1
LOW,LOW,LOW,LOW,MEDIUM,MEDIUM,MEDIUM,LOW,NO,JM1
MEDIUM,MEDIUM,LOW,MEDIUM,MEDIUM,MEDIUM,MEDIUM,MEDIUM,NO,JM1
LOW,LOW,LOW,MEDIUM,LOW,MEDIUM,LOW,LOW,NO,JM1
LOW,LOW,LOW,LOW,LOW,LOW,LOW,LOW,NO,JM1
LOW,LOW,LOW,LOW,LOW,LOW,LOW,LOW,NO,JM1
LOW,LOW,LOW,LOW,LOW,LOW,LOW,LOW,NO,JM1
LOW,LOW,LOW,LOW,LOW,LOW,LOW,LOW,NO,JM1
LOW,LOW,LOW,LOW,LOW,LOW,LOW,LOW,NO,JM1
LOW,LOW,LOW,LOW,LOW,LOW,LOW,LOW,NO,JM1
LOW,LOW,LOW,LOW,LOW,LOW,LOW,LOW,NO,JM1
LOW,LOW,LOW,LOW,LOW,LOW,LOW,LOW,NO,JM1
LOW,LOW,LOW,LOW,LOW,LOW,LOW,LOW,NO,JM1
LOW,LOW,LOW,LOW,LOW,LOW,LOW,LOW,NO,JM1
LOW,LOW,LOW,MEDIUM,LOW,LOW,LOW,LOW,NO,JM1
LOW,LOW,LOW,LOW,LOW,LOW,LOW,LOW,NO,JM1
LOW,LOW,LOW,LOW,LOW,LOW,LOW,LOW,NO,JM1
LOW,LOW,LOW,LOW,LOW,LOW,LOW,LOW,NO,JM1
LOW,LOW,LOW,LOW,LOW,LOW,LOW,LOW,NO,JM1
HIGH,HIGH,HIGH,HIGH,HIGH,HIGH,HIGH,HIGH,NO,JM1
LOW,LOW,LOW,LOW,LOW,LOW,LOW,LOW,NO,JM1
LOW,LOW,LOW,LOW,LOW,LOW,LOW,LOW,NO,JM1
LOW,LOW,LOW,LOW,LOW,LOW,LOW,LOW,NO,JM1
LOW,LOW,LOW,LOW,LOW,LOW,LOW,LOW,NO,JM1
LOW,LOW,LOW,LOW,LOW,LOW,LOW,LOW,NO,JM1
LOW,LOW,LOW,LOW,LOW,LOW,LOW,LOW,NO,JM1
LOW,LOW,LOW,LOW,LOW,LOW,LOW,LOW,NO,JM1
LOW,LOW,LOW,LOW,LOW,LOW,LOW,LOW,NO,JM1
HIGH,HIGH,LOW,HIGH,HIGH,HIGH,HIGH,HIGH,NO,JM1
HIGH,MEDIUM,LOW,HIGH,HIGH,HIGH,HIGH,MEDIUM,NO,JM1
MEDIUM,LOW,LOW,LOW,MEDIUM,MEDIUM,MEDIUM,LOW,NO,JM1
LOW,LOW,LOW,LOW,LOW,LOW,LOW,LOW,NO,JM1
LOW,LOW,LOW,LOW,LOW,LOW,LOW,LOW,NO,JM1
LOW,LOW,LOW,LOW,LOW,LOW,LOW,LOW,NO,JM1
LOW,LOW,LOW,LOW,LOW,LOW,LOW,LOW,NO,JM1
LOW,LOW,LOW,LOW,LOW,LOW,LOW,LOW,NO,JM1
LOW,LOW,LOW,LOW,LOW,LOW,LOW,LOW,NO,JM1
LOW,LOW,LOW,LOW,LOW,LOW,LOW,LOW,NO,JM1
LOW,LOW,LOW,LOW,LOW,LOW,LOW,LOW,NO,JM1
LOW,LOW,LOW,LOW,LOW,LOW,LOW,LOW,NO,JM1
LOW,LOW,LOW,LOW,LOW,LOW,LOW,LOW,NO,JM1
LOW,LOW,LOW,LOW,LOW,MEDIUM,LOW,LOW,NO,JM1
MEDIUM,LOW,LOW,LOW,MEDIUM,MEDIUM,MEDIUM,LOW,NO,JM1
MEDIUM,LOW,LOW,LOW,MEDIUM,MEDIUM,MEDIUM,LOW,NO,JM1
LOW,LOW,LOW,LOW,LOW,LOW,LOW,LOW,NO,JM1
LOW,LOW,LOW,LOW,LOW,LOW,LOW,LOW,NO,JM1
LOW,LOW,LOW,LOW,LOW,LOW,LOW,LOW,NO,JM1
MEDIUM,MEDIUM,LOW,HIGH,MEDIUM,MEDIUM,MEDIUM,MEDIUM,NO,JM1
LOW,LOW,LOW,LOW,LOW,LOW,LOW,LOW,NO,JM1
LOW,LOW,LOW,LOW,LOW,LOW,LOW,LOW,NO,JM1
MEDIUM,MEDIUM,HIGH,MEDIUM,MEDIUM,MEDIUM,MEDIUM,MEDIUM,NO,JM1
LOW,LOW,LOW,LOW,LOW,LOW,LOW,LOW,NO,JM1
MEDIUM,MEDIUM,LOW,HIGH,MEDIUM,MEDIUM,MEDIUM,MEDIUM,NO,JM1
LOW,LOW,LOW,LOW,LOW,LOW,LOW,LOW,NO,JM1
HIGH,LOW,LOW,MEDIUM,HIGH,HIGH,HIGH,LOW,NO,JM1
MEDIUM,LOW,LOW,LOW,MEDIUM,MEDIUM,MEDIUM,LOW,NO,JM1
MEDIUM,LOW,LOW,LOW,MEDIUM,MEDIUM,MEDIUM,LOW,NO,JM1
MEDIUM,LOW,LOW,LOW,MEDIUM,MEDIUM,MEDIUM,LOW,NO,JM1
MEDIUM,LOW,LOW,LOW,MEDIUM,MEDIUM,MEDIUM,LOW,NO,JM1
MEDIUM,LOW,LOW,LOW,MEDIUM,MEDIUM,MEDIUM,LOW,NO,JM1
LOW,LOW,LOW,LOW,LOW,LOW,LOW,LOW,NO,JM1
MEDIUM,LOW,LOW,LOW,MEDIUM,MEDIUM,MEDIUM,LOW,NO,JM1
MEDIUM,LOW,LOW,LOW,MEDIUM,MEDIUM,MEDIUM,LOW,NO,JM1
MEDIUM,LOW,LOW,LOW,MEDIUM,MEDIUM,MEDIUM,LOW,NO,JM1
MEDIUM,LOW,LOW,LOW,MEDIUM,MEDIUM,MEDIUM,LOW,NO,JM1
MEDIUM,LOW,LOW,LOW,MEDIUM,MEDIUM,MEDIUM,LOW,NO,JM1
LOW,LOW,LOW,LOW,LOW,LOW,LOW,LOW,NO,JM1
MEDIUM,HIGH,LOW,HIGH,HIGH,MEDIUM,MEDIUM,MEDIUM,NO,JM1
HIGH,MEDIUM,LOW,MEDIUM,HIGH,HIGH,HIGH,MEDIUM,NO,JM1
LOW,LOW,LOW,LOW,LOW,LOW,LOW,LOW,NO,JM1
LOW,MEDIUM,MEDIUM,MEDIUM,MEDIUM,MEDIUM,MEDIUM,MEDIUM,NO,JM1
HIGH,HIGH,HIGH,HIGH,HIGH,HIGH,HIGH,HIGH,NO,JM1
LOW,LOW,LOW,LOW,LOW,LOW,LOW,LOW,NO,JM1
LOW,LOW,LOW,LOW,LOW,LOW,LOW,LOW,NO,JM1
LOW,LOW,LOW,LOW,LOW,LOW,LOW,LOW,NO,JM1
LOW,LOW,LOW,LOW,LOW,LOW,LOW,LOW,NO,JM1
MEDIUM,MEDIUM,LOW,MEDIUM,MEDIUM,MEDIUM,MEDIUM,MEDIUM,NO,JM1
HIGH,MEDIUM,LOW,HIGH,MEDIUM,HIGH,MEDIUM,MEDIUM,NO,JM1
MEDIUM,LOW,LOW,LOW,MEDIUM,MEDIUM,MEDIUM,LOW,NO,JM1
LOW,LOW,LOW,LOW,LOW,LOW,LOW,LOW,NO,JM1
LOW,LOW,LOW,LOW,LOW,LOW,LOW,LOW,NO,JM1
LOW,LOW,LOW,MEDIUM,LOW,MEDIUM,LOW,LOW,NO,JM1
LOW,LOW,LOW,LOW,LOW,LOW,LOW,LOW,NO,JM1
LOW,LOW,LOW,LOW,LOW,LOW,LOW,LOW,NO,JM1
LOW,LOW,LOW,LOW,LOW,LOW,LOW,LOW,NO,JM1
LOW,LOW,LOW,LOW,LOW,LOW,LOW,LOW,NO,JM1
LOW,LOW,LOW,LOW,LOW,LOW,LOW,LOW,NO,JM1
LOW,LOW,LOW,LOW,LOW,LOW,LOW,LOW,NO,JM1
LOW,LOW,LOW,LOW,LOW,LOW,LOW,LOW,NO,JM1
LOW,LOW,LOW,LOW,LOW,LOW,LOW,LOW,NO,JM1
MEDIUM,LOW,LOW,MEDIUM,LOW,MEDIUM,LOW,LOW,NO,JM1
LOW,LOW,LOW,LOW,LOW,LOW,LOW,LOW,NO,JM1
LOW,LOW,LOW,LOW,LOW,LOW,LOW,LOW,NO,JM1
LOW,LOW,LOW,LOW,LOW,MEDIUM,LOW,LOW,NO,JM1
LOW,LOW,LOW,LOW,LOW,LOW,LOW,LOW,NO,JM1
LOW,LOW,LOW,LOW,LOW,LOW,LOW,LOW,NO,JM1
LOW,LOW,LOW,LOW,LOW,LOW,LOW,LOW,NO,JM1
MEDIUM,MEDIUM,LOW,MEDIUM,MEDIUM,HIGH,HIGH,MEDIUM,NO,JM1
MEDIUM,MEDIUM,HIGH,LOW,MEDIUM,HIGH,MEDIUM,MEDIUM,NO,JM1
LOW,MEDIUM,HIGH,LOW,MEDIUM,HIGH,MEDIUM,MEDIUM,NO,JM1
LOW,LOW,MEDIUM,LOW,LOW,MEDIUM,LOW,LOW,NO,JM1
LOW,LOW,MEDIUM,LOW,LOW,HIGH,MEDIUM,LOW,NO,JM1
LOW,LOW,LOW,LOW,LOW,LOW,LOW,LOW,NO,JM1
LOW,LOW,LOW,LOW,LOW,LOW,LOW,LOW,NO,JM1
LOW,LOW,MEDIUM,LOW,LOW,MEDIUM,LOW,LOW,NO,JM1
HIGH,MEDIUM,LOW,MEDIUM,HIGH,HIGH,HIGH,MEDIUM,NO,JM1
HIGH,HIGH,LOW,HIGH,HIGH,HIGH,HIGH,HIGH,NO,JM1
HIGH,HIGH,HIGH,HIGH,HIGH,HIGH,HIGH,HIGH,NO,JM1
HIGH,HIGH,HIGH,HIGH,HIGH,HIGH,HIGH,HIGH,NO,JM1
HIGH,HIGH,HIGH,HIGH,HIGH,HIGH,HIGH,HIGH,NO,JM1
HIGH,HIGH,HIGH,HIGH,HIGH,HIGH,HIGH,HIGH,NO,JM1
HIGH,HIGH,HIGH,HIGH,HIGH,HIGH,HIGH,HIGH,NO,JM1
MEDIUM,MEDIUM,LOW,MEDIUM,MEDIUM,MEDIUM,MEDIUM,MEDIUM,NO,JM1
MEDIUM,LOW,LOW,MEDIUM,MEDIUM,MEDIUM,MEDIUM,LOW,NO,JM1
MEDIUM,LOW,LOW,MEDIUM,MEDIUM,MEDIUM,MEDIUM,LOW,NO,JM1
HIGH,MEDIUM,LOW,MEDIUM,HIGH,MEDIUM,MEDIUM,MEDIUM,NO,JM1
LOW,LOW,LOW,LOW,LOW,LOW,LOW,LOW,NO,JM1
HIGH,MEDIUM,MEDIUM,HIGH,HIGH,MEDIUM,HIGH,MEDIUM,NO,JM1
LOW,MEDIUM,LOW,MEDIUM,LOW,LOW,LOW,MEDIUM,NO,JM1
LOW,LOW,LOW,LOW,LOW,LOW,LOW,LOW,NO,JM1
MEDIUM,MEDIUM,HIGH,MEDIUM,HIGH,HIGH,HIGH,MEDIUM,NO,JM1
LOW,LOW,LOW,LOW,LOW,LOW,LOW,LOW,NO,JM1
LOW,LOW,LOW,LOW,LOW,LOW,LOW,LOW,NO,JM1
HIGH,HIGH,HIGH,LOW,HIGH,HIGH,HIGH,HIGH,NO,JM1
HIGH,HIGH,HIGH,LOW,HIGH,HIGH,HIGH,HIGH,NO,JM1
HIGH,HIGH,HIGH,LOW,MEDIUM,HIGH,HIGH,HIGH,NO,JM1
HIGH,HIGH,HIGH,MEDIUM,HIGH,HIGH,HIGH,HIGH,NO,JM1
HIGH,HIGH,HIGH,HIGH,HIGH,HIGH,HIGH,HIGH,NO,JM1
HIGH,HIGH,LOW,HIGH,HIGH,HIGH,HIGH,HIGH,NO,JM1
HIGH,MEDIUM,LOW,LOW,HIGH,HIGH,HIGH,MEDIUM,NO,JM1
HIGH,HIGH,HIGH,LOW,HIGH,HIGH,HIGH,HIGH,NO,JM1
HIGH,MEDIUM,LOW,MEDIUM,HIGH,HIGH,HIGH,MEDIUM,NO,JM1
LOW,LOW,LOW,LOW,LOW,LOW,LOW,LOW,NO,JM1
HIGH,HIGH,LOW,HIGH,HIGH,MEDIUM,HIGH,HIGH,NO,JM1
LOW,LOW,LOW,LOW,LOW,MEDIUM,LOW,LOW,NO,JM1
LOW,LOW,LOW,LOW,LOW,LOW,LOW,LOW,NO,JM1
LOW,LOW,LOW,LOW,LOW,LOW,LOW,LOW,NO,JM1
LOW,LOW,LOW,LOW,LOW,LOW,LOW,LOW,NO,JM1
MEDIUM,MEDIUM,LOW,MEDIUM,MEDIUM,HIGH,MEDIUM,MEDIUM,NO,JM1
LOW,LOW,MEDIUM,LOW,LOW,MEDIUM,LOW,LOW,NO,JM1
MEDIUM,LOW,LOW,LOW,LOW,LOW,LOW,LOW,NO,JM1
MEDIUM,MEDIUM,LOW,MEDIUM,MEDIUM,HIGH,HIGH,MEDIUM,NO,JM1
MEDIUM,LOW,LOW,LOW,LOW,LOW,LOW,LOW,NO,JM1
MEDIUM,MEDIUM,LOW,MEDIUM,MEDIUM,HIGH,HIGH,MEDIUM,NO,JM1
LOW,LOW,LOW,LOW,LOW,LOW,LOW,LOW,NO,JM1
LOW,LOW,LOW,LOW,LOW,LOW,LOW,LOW,NO,JM1
LOW,LOW,LOW,LOW,LOW,LOW,LOW,LOW,NO,JM1
MEDIUM,LOW,LOW,LOW,MEDIUM,MEDIUM,MEDIUM,LOW,NO,JM1
LOW,MEDIUM,LOW,MEDIUM,MEDIUM,LOW,MEDIUM,MEDIUM,NO,JM1
LOW,LOW,LOW,LOW,LOW,LOW,LOW,LOW,NO,JM1
HIGH,MEDIUM,LOW,LOW,MEDIUM,HIGH,HIGH,MEDIUM,NO,JM1
LOW,LOW,LOW,LOW,LOW,MEDIUM,LOW,LOW,NO,JM1
LOW,LOW,LOW,LOW,MEDIUM,MEDIUM,MEDIUM,LOW,NO,JM1
LOW,LOW,MEDIUM,LOW,LOW,LOW,LOW,LOW,NO,KC1
LOW,LOW,LOW,LOW,LOW,LOW,LOW,LOW,YES,KC1
HIGH,HIGH,LOW,HIGH,HIGH,HIGH,HIGH,HIGH,YES,KC1
HIGH,HIGH,HIGH,HIGH,HIGH,MEDIUM,HIGH,HIGH,YES,KC1
MEDIUM,LOW,LOW,MEDIUM,MEDIUM,MEDIUM,MEDIUM,LOW,YES,KC1
HIGH,LOW,LOW,MEDIUM,HIGH,MEDIUM,MEDIUM,LOW,YES,KC1
HIGH,MEDIUM,LOW,HIGH,HIGH,MEDIUM,HIGH,MEDIUM,YES,KC1
HIGH,HIGH,LOW,HIGH,HIGH,HIGH,HIGH,HIGH,YES,KC1
HIGH,MEDIUM,LOW,HIGH,HIGH,MEDIUM,HIGH,MEDIUM,YES,KC1
HIGH,HIGH,LOW,HIGH,HIGH,HIGH,HIGH,HIGH,YES,KC1
HIGH,HIGH,LOW,HIGH,HIGH,HIGH,HIGH,HIGH,YES,KC1
HIGH,MEDIUM,LOW,HIGH,HIGH,HIGH,HIGH,MEDIUM,YES,KC1
HIGH,HIGH,HIGH,HIGH,HIGH,HIGH,HIGH,HIGH,YES,KC1
MEDIUM,MEDIUM,LOW,MEDIUM,MEDIUM,MEDIUM,MEDIUM,MEDIUM,YES,KC1
HIGH,HIGH,HIGH,HIGH,HIGH,HIGH,HIGH,HIGH,YES,KC1
LOW,LOW,LOW,LOW,LOW,LOW,LOW,LOW,YES,KC1
LOW,LOW,LOW,LOW,MEDIUM,LOW,LOW,LOW,YES,KC1
HIGH,HIGH,MEDIUM,HIGH,HIGH,HIGH,HIGH,HIGH,YES,KC1
MEDIUM,LOW,LOW,LOW,MEDIUM,LOW,LOW,LOW,YES,KC1
MEDIUM,LOW,LOW,LOW,LOW,LOW,LOW,LOW,YES,KC1
MEDIUM,LOW,LOW,LOW,LOW,HIGH,MEDIUM,LOW,YES,KC1
MEDIUM,LOW,LOW,MEDIUM,MEDIUM,MEDIUM,MEDIUM,LOW,YES,KC1
MEDIUM,MEDIUM,LOW,MEDIUM,MEDIUM,MEDIUM,MEDIUM,MEDIUM,YES,KC1
MEDIUM,HIGH,HIGH,MEDIUM,MEDIUM,MEDIUM,MEDIUM,HIGH,YES,KC1
HIGH,HIGH,LOW,HIGH,HIGH,HIGH,HIGH,HIGH,YES,KC1
MEDIUM,MEDIUM,LOW,MEDIUM,MEDIUM,MEDIUM,MEDIUM,MEDIUM,YES,KC1
MEDIUM,MEDIUM,LOW,MEDIUM,MEDIUM,MEDIUM,MEDIUM,MEDIUM,YES,KC1
LOW,LOW,LOW,LOW,LOW,LOW,LOW,LOW,YES,KC1
HIGH,LOW,LOW,MEDIUM,HIGH,MEDIUM,HIGH,LOW,YES,KC1
HIGH,HIGH,HIGH,HIGH,HIGH,HIGH,HIGH,HIGH,YES,KC1
HIGH,LOW,LOW,MEDIUM,HIGH,MEDIUM,HIGH,LOW,YES,KC1
HIGH,LOW,LOW,MEDIUM,HIGH,HIGH,HIGH,LOW,YES,KC1
HIGH,HIGH,LOW,HIGH,HIGH,HIGH,HIGH,HIGH,YES,KC1
HIGH,HIGH,MEDIUM,HIGH,HIGH,HIGH,HIGH,HIGH,YES,KC1
LOW,LOW,LOW,LOW,LOW,LOW,LOW,LOW,YES,KC1
LOW,LOW,LOW,LOW,LOW,LOW,LOW,LOW,YES,KC1
HIGH,HIGH,LOW,HIGH,HIGH,HIGH,HIGH,HIGH,YES,KC1
MEDIUM,MEDIUM,MEDIUM,HIGH,MEDIUM,MEDIUM,MEDIUM,MEDIUM,YES,KC1
HIGH,MEDIUM,LOW,HIGH,HIGH,MEDIUM,MEDIUM,MEDIUM,YES,KC1
HIGH,MEDIUM,LOW,HIGH,MEDIUM,MEDIUM,MEDIUM,MEDIUM,YES,KC1
MEDIUM,LOW,LOW,LOW,MEDIUM,MEDIUM,MEDIUM,LOW,YES,KC1
MEDIUM,LOW,LOW,MEDIUM,MEDIUM,LOW,MEDIUM,LOW,YES,KC1
HIGH,HIGH,LOW,HIGH,MEDIUM,MEDIUM,MEDIUM,HIGH,YES,KC1
HIGH,HIGH,LOW,HIGH,MEDIUM,MEDIUM,MEDIUM,HIGH,YES,KC1
LOW,LOW,LOW,LOW,LOW,LOW,LOW,LOW,YES,KC1
HIGH,HIGH,HIGH,HIGH,HIGH,HIGH,HIGH,HIGH,YES,KC1
LOW,LOW,LOW,LOW,LOW,LOW,LOW,LOW,YES,KC1
MEDIUM,LOW,LOW,MEDIUM,MEDIUM,MEDIUM,MEDIUM,LOW,YES,KC1
LOW,LOW,LOW,LOW,LOW,LOW,LOW,LOW,YES,KC1
LOW,LOW,LOW,LOW,LOW,LOW,LOW,LOW,YES,KC1
MEDIUM,HIGH,LOW,HIGH,HIGH,MEDIUM,MEDIUM,HIGH,YES,KC1
HIGH,HIGH,HIGH,HIGH,HIGH,HIGH,HIGH,HIGH,YES,KC1
MEDIUM,MEDIUM,LOW,MEDIUM,MEDIUM,MEDIUM,MEDIUM,MEDIUM,YES,KC1
HIGH,MEDIUM,LOW,MEDIUM,HIGH,MEDIUM,HIGH,MEDIUM,YES,KC1
MEDIUM,LOW,LOW,LOW,MEDIUM,LOW,MEDIUM,LOW,YES,KC1
HIGH,MEDIUM,HIGH,HIGH,MEDIUM,HIGH,HIGH,MEDIUM,YES,KC1
LOW,MEDIUM,LOW,LOW,MEDIUM,MEDIUM,MEDIUM,MEDIUM,YES,KC1
LOW,LOW,LOW,LOW,LOW,LOW,LOW,LOW,YES,KC1
MEDIUM,LOW,LOW,LOW,MEDIUM,LOW,MEDIUM,LOW,YES,KC1
HIGH,HIGH,LOW,HIGH,HIGH,HIGH,HIGH,HIGH,YES,KC1
HIGH,HIGH,LOW,HIGH,HIGH,HIGH,HIGH,HIGH,YES,KC1
LOW,LOW,LOW,LOW,LOW,MEDIUM,LOW,LOW,YES,KC1
LOW,LOW,LOW,LOW,LOW,LOW,LOW,LOW,YES,KC1
MEDIUM,MEDIUM,LOW,MEDIUM,MEDIUM,HIGH,MEDIUM,MEDIUM,YES,KC1
LOW,LOW,LOW,LOW,LOW,LOW,LOW,LOW,YES,KC1
LOW,LOW,LOW,LOW,LOW,MEDIUM,MEDIUM,LOW,YES,KC1
LOW,LOW,LOW,LOW,LOW,LOW,LOW,LOW,YES,KC1
LOW,LOW,LOW,LOW,LOW,LOW,LOW,LOW,YES,KC1
LOW,LOW,LOW,LOW,LOW,LOW,LOW,LOW,YES,KC1
LOW,LOW,LOW,LOW,LOW,LOW,LOW,LOW,YES,KC1
LOW,LOW,LOW,LOW,LOW,LOW,LOW,LOW,YES,KC1
LOW,LOW,LOW,LOW,LOW,LOW,LOW,LOW,YES,KC1
LOW,LOW,LOW,LOW,LOW,LOW,LOW,LOW,YES,KC1
HIGH,LOW,LOW,LOW,MEDIUM,LOW,MEDIUM,LOW,YES,KC1
MEDIUM,LOW,LOW,LOW,MEDIUM,MEDIUM,MEDIUM,LOW,YES,KC1
HIGH,HIGH,LOW,HIGH,HIGH,HIGH,HIGH,HIGH,YES,KC1
HIGH,MEDIUM,MEDIUM,HIGH,HIGH,HIGH,HIGH,MEDIUM,YES,KC1
LOW,LOW,LOW,LOW,LOW,LOW,LOW,LOW,YES,KC1
LOW,LOW,LOW,LOW,LOW,LOW,LOW,LOW,YES,KC1
LOW,LOW,LOW,LOW,LOW,LOW,LOW,LOW,YES,KC1
LOW,LOW,LOW,LOW,LOW,LOW,LOW,LOW,YES,KC1
MEDIUM,LOW,LOW,LOW,MEDIUM,LOW,MEDIUM,LOW,YES,KC1
HIGH,LOW,LOW,LOW,LOW,LOW,LOW,LOW,YES,KC1
LOW,LOW,LOW,LOW,LOW,LOW,LOW,LOW,YES,KC1
MEDIUM,LOW,LOW,LOW,MEDIUM,MEDIUM,MEDIUM,LOW,YES,KC1
LOW,LOW,LOW,LOW,LOW,LOW,LOW,LOW,YES,KC1
LOW,LOW,LOW,LOW,LOW,MEDIUM,LOW,LOW,YES,KC1
MEDIUM,MEDIUM,LOW,MEDIUM,MEDIUM,MEDIUM,MEDIUM,MEDIUM,YES,KC1
MEDIUM,LOW,LOW,LOW,MEDIUM,MEDIUM,MEDIUM,LOW,YES,KC1
HIGH,MEDIUM,LOW,HIGH,HIGH,MEDIUM,HIGH,MEDIUM,YES,KC1
LOW,LOW,LOW,LOW,LOW,LOW,LOW,LOW,YES,KC1
MEDIUM,MEDIUM,HIGH,LOW,MEDIUM,HIGH,MEDIUM,MEDIUM,YES,KC1
LOW,LOW,LOW,LOW,LOW,LOW,LOW,LOW,YES,KC1
MEDIUM,HIGH,HIGH,HIGH,HIGH,HIGH,HIGH,HIGH,YES,KC1
HIGH,HIGH,HIGH,HIGH,HIGH,HIGH,HIGH,HIGH,YES,KC1
LOW,LOW,LOW,LOW,LOW,LOW,LOW,LOW,YES,KC1
MEDIUM,MEDIUM,MEDIUM,HIGH,HIGH,HIGH,HIGH,MEDIUM,YES,KC1
HIGH,HIGH,HIGH,HIGH,HIGH,HIGH,HIGH,HIGH,YES,KC1
LOW,LOW,LOW,LOW,LOW,LOW,LOW,LOW,YES,KC1
LOW,LOW,LOW,LOW,LOW,LOW,LOW,LOW,YES,KC1
LOW,LOW,LOW,LOW,MEDIUM,MEDIUM,MEDIUM,LOW,YES,KC1
MEDIUM,MEDIUM,LOW,HIGH,MEDIUM,MEDIUM,MEDIUM,MEDIUM,YES,KC1
HIGH,HIGH,LOW,HIGH,HIGH,HIGH,HIGH,HIGH,YES,KC1
HIGH,HIGH,HIGH,MEDIUM,HIGH,HIGH,HIGH,HIGH,YES,KC1
MEDIUM,MEDIUM,MEDIUM,MEDIUM,HIGH,HIGH,HIGH,MEDIUM,YES,KC1
MEDIUM,HIGH,HIGH,HIGH,HIGH,HIGH,HIGH,HIGH,YES,KC1
LOW,LOW,LOW,LOW,LOW,LOW,LOW,LOW,YES,KC1
LOW,LOW,LOW,LOW,MEDIUM,LOW,LOW,LOW,YES,KC1
MEDIUM,HIGH,HIGH,HIGH,MEDIUM,MEDIUM,MEDIUM,HIGH,YES,KC1
LOW,MEDIUM,HIGH,MEDIUM,LOW,MEDIUM,LOW,MEDIUM,YES,KC1
LOW,LOW,LOW,LOW,LOW,LOW,LOW,LOW,YES,KC1
LOW,LOW,MEDIUM,LOW,MEDIUM,LOW,LOW,LOW,YES,KC1
HIGH,HIGH,LOW,HIGH,HIGH,HIGH,HIGH,HIGH,YES,KC1
HIGH,HIGH,HIGH,HIGH,HIGH,HIGH,HIGH,HIGH,YES,KC1
MEDIUM,MEDIUM,HIGH,LOW,MEDIUM,HIGH,MEDIUM,MEDIUM,YES,KC1
LOW,MEDIUM,LOW,MEDIUM,MEDIUM,MEDIUM,MEDIUM,MEDIUM,YES,KC1
MEDIUM,MEDIUM,MEDIUM,MEDIUM,HIGH,HIGH,HIGH,MEDIUM,YES,KC1
MEDIUM,MEDIUM,MEDIUM,MEDIUM,HIGH,HIGH,HIGH,MEDIUM,YES,KC1
MEDIUM,MEDIUM,LOW,HIGH,HIGH,HIGH,HIGH,MEDIUM,YES,KC1
MEDIUM,MEDIUM,LOW,MEDIUM,MEDIUM,HIGH,MEDIUM,MEDIUM,YES,KC1
MEDIUM,HIGH,HIGH,HIGH,HIGH,HIGH,HIGH,HIGH,YES,KC1
LOW,LOW,LOW,MEDIUM,MEDIUM,LOW,MEDIUM,LOW,YES,KC1
LOW,MEDIUM,LOW,MEDIUM,MEDIUM,MEDIUM,MEDIUM,MEDIUM,YES,KC1
HIGH,HIGH,HIGH,HIGH,HIGH,HIGH,HIGH,HIGH,YES,KC1
LOW,LOW,LOW,LOW,LOW,LOW,LOW,LOW,YES,KC1
LOW,MEDIUM,HIGH,MEDIUM,MEDIUM,MEDIUM,MEDIUM,MEDIUM,YES,KC1
LOW,LOW,MEDIUM,LOW,MEDIUM,MEDIUM,MEDIUM,LOW,YES,KC1
MEDIUM,MEDIUM,MEDIUM,MEDIUM,MEDIUM,MEDIUM,MEDIUM,MEDIUM,YES,KC1
HIGH,HIGH,HIGH,HIGH,HIGH,HIGH,HIGH,HIGH,YES,KC1
MEDIUM,LOW,LOW,MEDIUM,MEDIUM,MEDIUM,MEDIUM,LOW,YES,KC1
HIGH,HIGH,LOW,HIGH,HIGH,HIGH,HIGH,HIGH,YES,KC1
HIGH,MEDIUM,LOW,MEDIUM,MEDIUM,MEDIUM,MEDIUM,MEDIUM,YES,KC1
HIGH,HIGH,HIGH,HIGH,HIGH,HIGH,HIGH,HIGH,YES,KC1
HIGH,HIGH,HIGH,HIGH,HIGH,HIGH,HIGH,HIGH,YES,KC1
HIGH,MEDIUM,MEDIUM,MEDIUM,HIGH,MEDIUM,HIGH,MEDIUM,YES,KC1
MEDIUM,MEDIUM,LOW,MEDIUM,MEDIUM,MEDIUM,MEDIUM,MEDIUM,YES,KC1
HIGH,HIGH,LOW,HIGH,HIGH,MEDIUM,HIGH,HIGH,YES,KC1
HIGH,HIGH,HIGH,HIGH,HIGH,HIGH,HIGH,HIGH,YES,KC1
HIGH,MEDIUM,MEDIUM,MEDIUM,HIGH,MEDIUM,HIGH,MEDIUM,YES,KC1
MEDIUM,LOW,LOW,LOW,MEDIUM,MEDIUM,MEDIUM,LOW,YES,KC1
MEDIUM,LOW,LOW,LOW,MEDIUM,MEDIUM,MEDIUM,LOW,YES,KC1
LOW,LOW,LOW,MEDIUM,LOW,LOW,LOW,LOW,YES,KC1
HIGH,HIGH,HIGH,HIGH,HIGH,HIGH,HIGH,HIGH,YES,KC1
LOW,LOW,LOW,LOW,LOW,LOW,LOW,LOW,YES,KC1
LOW,LOW,LOW,LOW,LOW,LOW,LOW,LOW,YES,KC1
HIGH,HIGH,HIGH,HIGH,HIGH,HIGH,HIGH,HIGH,YES,KC1
LOW,LOW,LOW,LOW,LOW,LOW,LOW,LOW,YES,KC1
LOW,LOW,LOW,LOW,LOW,LOW,LOW,LOW,YES,KC1
MEDIUM,LOW,LOW,LOW,LOW,LOW,LOW,LOW,YES,KC1
HIGH,LOW,LOW,LOW,HIGH,LOW,MEDIUM,LOW,YES,KC1
LOW,LOW,LOW,LOW,LOW,LOW,LOW,LOW,YES,KC1
LOW,LOW,LOW,LOW,LOW,LOW,LOW,LOW,YES,KC1
LOW,LOW,LOW,LOW,LOW,LOW,LOW,LOW,YES,KC1
LOW,LOW,LOW,LOW,LOW,LOW,LOW,LOW,YES,KC1
LOW,LOW,LOW,LOW,LOW,LOW,LOW,LOW,YES,KC1
LOW,LOW,LOW,LOW,LOW,LOW,LOW,LOW,YES,KC1
HIGH,HIGH,LOW,HIGH,HIGH,HIGH,HIGH,HIGH,YES,KC1
MEDIUM,MEDIUM,LOW,MEDIUM,MEDIUM,MEDIUM,MEDIUM,MEDIUM,YES,KC1
HIGH,HIGH,HIGH,HIGH,HIGH,HIGH,HIGH,HIGH,YES,KC1
HIGH,LOW,LOW,MEDIUM,MEDIUM,MEDIUM,MEDIUM,LOW,YES,KC1
LOW,LOW,LOW,LOW,LOW,LOW,LOW,LOW,YES,KC1
MEDIUM,LOW,LOW,LOW,MEDIUM,LOW,MEDIUM,LOW,YES,KC1
MEDIUM,LOW,LOW,LOW,MEDIUM,LOW,MEDIUM,LOW,YES,KC1
LOW,LOW,LOW,LOW,LOW,LOW,LOW,LOW,YES,KC1
HIGH,HIGH,LOW,HIGH,HIGH,MEDIUM,MEDIUM,HIGH,YES,KC1
LOW,MEDIUM,MEDIUM,MEDIUM,LOW,LOW,LOW,MEDIUM,YES,KC1
MEDIUM,MEDIUM,MEDIUM,MEDIUM,MEDIUM,MEDIUM,MEDIUM,MEDIUM,YES,KC1
HIGH,HIGH,HIGH,HIGH,HIGH,HIGH,HIGH,HIGH,YES,KC1
HIGH,HIGH,MEDIUM,HIGH,HIGH,MEDIUM,HIGH,HIGH,YES,KC1
LOW,LOW,LOW,LOW,LOW,LOW,LOW,LOW,YES,KC1
HIGH,HIGH,MEDIUM,HIGH,HIGH,MEDIUM,HIGH,HIGH,YES,KC1
HIGH,MEDIUM,LOW,MEDIUM,HIGH,MEDIUM,MEDIUM,MEDIUM,YES,KC1
HIGH,HIGH,HIGH,HIGH,HIGH,HIGH,HIGH,HIGH,YES,KC1
LOW,MEDIUM,MEDIUM,MEDIUM,LOW,LOW,LOW,MEDIUM,YES,KC1
MEDIUM,MEDIUM,MEDIUM,MEDIUM,MEDIUM,MEDIUM,MEDIUM,MEDIUM,YES,KC1
LOW,LOW,LOW,LOW,LOW,LOW,LOW,LOW,YES,KC1
HIGH,MEDIUM,LOW,MEDIUM,MEDIUM,MEDIUM,MEDIUM,MEDIUM,YES,KC1
LOW,LOW,LOW,LOW,LOW,LOW,LOW,LOW,YES,KC1
MEDIUM,MEDIUM,MEDIUM,MEDIUM,LOW,LOW,LOW,MEDIUM,YES,KC1
HIGH,MEDIUM,HIGH,MEDIUM,HIGH,MEDIUM,HIGH,MEDIUM,YES,KC1
LOW,LOW,LOW,LOW,MEDIUM,LOW,LOW,LOW,YES,KC1
HIGH,MEDIUM,HIGH,HIGH,MEDIUM,HIGH,HIGH,MEDIUM,YES,KC1
MEDIUM,MEDIUM,LOW,LOW,MEDIUM,MEDIUM,MEDIUM,MEDIUM,YES,KC1
HIGH,HIGH,HIGH,HIGH,HIGH,HIGH,HIGH,HIGH,YES,KC1
HIGH,MEDIUM,MEDIUM,MEDIUM,HIGH,MEDIUM,MEDIUM,MEDIUM,YES,KC1
LOW,MEDIUM,MEDIUM,MEDIUM,LOW,LOW,LOW,MEDIUM,YES,KC1
LOW,LOW,MEDIUM,MEDIUM,LOW,MEDIUM,LOW,LOW,YES,KC1
LOW,LOW,LOW,LOW,LOW,LOW,LOW,LOW,YES,KC1
LOW,LOW,LOW,LOW,LOW,LOW,LOW,LOW,YES,KC1
LOW,LOW,LOW,LOW,LOW,LOW,LOW,LOW,YES,KC1
MEDIUM,LOW,LOW,MEDIUM,MEDIUM,MEDIUM,MEDIUM,LOW,YES,KC1
LOW,LOW,LOW,LOW,LOW,LOW,LOW,LOW,YES,KC1
MEDIUM,MEDIUM,LOW,HIGH,MEDIUM,HIGH,MEDIUM,MEDIUM,YES,KC1
MEDIUM,MEDIUM,LOW,MEDIUM,MEDIUM,HIGH,MEDIUM,MEDIUM,YES,KC1
MEDIUM,MEDIUM,LOW,MEDIUM,MEDIUM,MEDIUM,MEDIUM,MEDIUM,YES,KC1
HIGH,MEDIUM,LOW,MEDIUM,HIGH,HIGH,HIGH,MEDIUM,YES,KC1
HIGH,HIGH,LOW,HIGH,HIGH,MEDIUM,HIGH,HIGH,YES,KC1
MEDIUM,LOW,LOW,LOW,LOW,LOW,LOW,LOW,YES,KC1
LOW,LOW,LOW,LOW,LOW,LOW,LOW,LOW,YES,KC1
MEDIUM,MEDIUM,LOW,HIGH,MEDIUM,MEDIUM,MEDIUM,MEDIUM,YES,KC1
LOW,LOW,LOW,LOW,LOW,LOW,LOW,LOW,YES,KC1
LOW,LOW,LOW,LOW,LOW,LOW,LOW,LOW,YES,KC1
LOW,LOW,LOW,LOW,LOW,LOW,LOW,LOW,YES,KC1
LOW,LOW,LOW,LOW,LOW,LOW,LOW,LOW,YES,KC1
HIGH,MEDIUM,HIGH,HIGH,HIGH,HIGH,HIGH,MEDIUM,YES,KC1
LOW,LOW,LOW,LOW,LOW,LOW,LOW,LOW,YES,KC1
MEDIUM,LOW,LOW,LOW,MEDIUM,LOW,MEDIUM,LOW,YES,KC1
LOW,LOW,LOW,LOW,LOW,LOW,LOW,LOW,YES,KC1
MEDIUM,MEDIUM,LOW,HIGH,MEDIUM,LOW,LOW,MEDIUM,YES,KC1
MEDIUM,HIGH,MEDIUM,HIGH,MEDIUM,MEDIUM,MEDIUM,HIGH,YES,KC1
MEDIUM,LOW,LOW,LOW,MEDIUM,LOW,MEDIUM,LOW,YES,KC1
LOW,LOW,LOW,MEDIUM,LOW,LOW,LOW,LOW,YES,KC1
LOW,LOW,LOW,MEDIUM,LOW,LOW,LOW,LOW,YES,KC1
LOW,LOW,LOW,MEDIUM,LOW,LOW,LOW,LOW,YES,KC1
HIGH,MEDIUM,MEDIUM,HIGH,HIGH,MEDIUM,HIGH,MEDIUM,YES,KC1
HIGH,HIGH,MEDIUM,HIGH,HIGH,MEDIUM,HIGH,HIGH,YES,KC1
HIGH,HIGH,HIGH,HIGH,HIGH,HIGH,HIGH,HIGH,YES,KC1
MEDIUM,LOW,LOW,MEDIUM,MEDIUM,LOW,LOW,LOW,YES,KC1
HIGH,HIGH,LOW,HIGH,HIGH,HIGH,HIGH,HIGH,YES,KC1
HIGH,HIGH,HIGH,HIGH,HIGH,HIGH,HIGH,HIGH,YES,KC1
HIGH,HIGH,HIGH,HIGH,HIGH,HIGH,HIGH,HIGH,YES,KC1
HIGH,MEDIUM,LOW,MEDIUM,HIGH,HIGH,HIGH,MEDIUM,YES,KC1
LOW,LOW,LOW,LOW,LOW,LOW,LOW,LOW,YES,KC1
HIGH,MEDIUM,LOW,HIGH,HIGH,MEDIUM,MEDIUM,MEDIUM,YES,KC1
HIGH,MEDIUM,LOW,MEDIUM,HIGH,HIGH,HIGH,MEDIUM,YES,KC1
HIGH,HIGH,HIGH,HIGH,HIGH,HIGH,HIGH,HIGH,YES,KC1
HIGH,HIGH,LOW,HIGH,HIGH,HIGH,HIGH,HIGH,YES,KC1
MEDIUM,LOW,LOW,LOW,MEDIUM,LOW,MEDIUM,LOW,YES,KC1
HIGH,HIGH,HIGH,HIGH,HIGH,HIGH,HIGH,HIGH,YES,KC1
HIGH,HIGH,HIGH,HIGH,HIGH,HIGH,HIGH,HIGH,YES,KC1
MEDIUM,MEDIUM,LOW,MEDIUM,MEDIUM,MEDIUM,MEDIUM,MEDIUM,YES,KC1
HIGH,HIGH,LOW,HIGH,HIGH,HIGH,HIGH,HIGH,YES,KC1
MEDIUM,MEDIUM,MEDIUM,MEDIUM,MEDIUM,MEDIUM,MEDIUM,MEDIUM,YES,KC1
LOW,LOW,LOW,MEDIUM,LOW,LOW,LOW,LOW,YES,KC1
LOW,LOW,LOW,LOW,LOW,MEDIUM,LOW,LOW,YES,KC1
LOW,LOW,LOW,MEDIUM,LOW,LOW,LOW,LOW,YES,KC1
LOW,LOW,LOW,LOW,LOW,LOW,LOW,LOW,YES,KC1
HIGH,HIGH,HIGH,HIGH,HIGH,HIGH,HIGH,HIGH,YES,KC1
HIGH,HIGH,HIGH,HIGH,HIGH,HIGH,HIGH,HIGH,YES,KC1
MEDIUM,LOW,LOW,MEDIUM,MEDIUM,MEDIUM,MEDIUM,LOW,YES,KC1
LOW,LOW,LOW,LOW,LOW,MEDIUM,LOW,LOW,YES,KC1
HIGH,LOW,LOW,LOW,LOW,LOW,LOW,LOW,YES,KC1
MEDIUM,LOW,MEDIUM,MEDIUM,MEDIUM,MEDIUM,MEDIUM,LOW,YES,KC1
LOW,HIGH,HIGH,MEDIUM,MEDIUM,MEDIUM,MEDIUM,HIGH,YES,KC1
HIGH,HIGH,HIGH,HIGH,HIGH,HIGH,HIGH,HIGH,YES,KC1
MEDIUM,LOW,LOW,LOW,LOW,LOW,LOW,LOW,YES,KC1
LOW,LOW,LOW,LOW,LOW,MEDIUM,MEDIUM,LOW,YES,KC1
HIGH,HIGH,HIGH,HIGH,HIGH,HIGH,HIGH,HIGH,YES,KC1
MEDIUM,MEDIUM,LOW,MEDIUM,MEDIUM,MEDIUM,MEDIUM,MEDIUM,YES,KC1
LOW,LOW,LOW,LOW,LOW,MEDIUM,LOW,LOW,YES,KC1
MEDIUM,MEDIUM,MEDIUM,MEDIUM,MEDIUM,MEDIUM,MEDIUM,MEDIUM,YES,KC1
HIGH,MEDIUM,HIGH,MEDIUM,HIGH,MEDIUM,HIGH,MEDIUM,YES,KC1
MEDIUM,LOW,LOW,LOW,MEDIUM,MEDIUM,MEDIUM,LOW,YES,KC1
LOW,LOW,LOW,LOW,LOW,LOW,LOW,LOW,YES,KC1
LOW,LOW,LOW,LOW,LOW,LOW,LOW,LOW,YES,KC1
LOW,LOW,LOW,LOW,LOW,LOW,LOW,LOW,YES,KC1
HIGH,MEDIUM,LOW,MEDIUM,HIGH,MEDIUM,HIGH,MEDIUM,YES,KC1
MEDIUM,LOW,LOW,LOW,LOW,LOW,LOW,LOW,YES,KC1
LOW,LOW,LOW,MEDIUM,LOW,LOW,LOW,LOW,YES,KC1
LOW,LOW,LOW,LOW,LOW,LOW,LOW,LOW,YES,KC1
MEDIUM,LOW,LOW,MEDIUM,MEDIUM,MEDIUM,MEDIUM,LOW,YES,KC1
MEDIUM,LOW,LOW,MEDIUM,MEDIUM,MEDIUM,MEDIUM,LOW,YES,KC1
LOW,LOW,LOW,LOW,LOW,LOW,LOW,LOW,YES,KC1
MEDIUM,MEDIUM,MEDIUM,MEDIUM,HIGH,MEDIUM,HIGH,MEDIUM,YES,KC1
MEDIUM,LOW,LOW,LOW,LOW,LOW,LOW,LOW,YES,KC1
MEDIUM,LOW,LOW,LOW,MEDIUM,LOW,MEDIUM,LOW,YES,KC1
LOW,LOW,LOW,LOW,LOW,LOW,LOW,LOW,YES,KC1
MEDIUM,LOW,LOW,LOW,LOW,LOW,LOW,LOW,YES,KC1
MEDIUM,MEDIUM,MEDIUM,MEDIUM,MEDIUM,MEDIUM,MEDIUM,MEDIUM,YES,KC1
HIGH,HIGH,HIGH,HIGH,HIGH,HIGH,HIGH,HIGH,YES,KC1
HIGH,HIGH,HIGH,HIGH,HIGH,HIGH,HIGH,HIGH,YES,KC1
HIGH,HIGH,HIGH,HIGH,HIGH,HIGH,HIGH,HIGH,YES,KC1
LOW,LOW,LOW,LOW,LOW,LOW,LOW,LOW,YES,KC1
LOW,LOW,LOW,LOW,LOW,LOW,LOW,LOW,YES,KC1
LOW,LOW,LOW,LOW,LOW,LOW,LOW,LOW,YES,KC1
LOW,LOW,LOW,LOW,LOW,LOW,LOW,LOW,YES,KC1
LOW,LOW,LOW,LOW,LOW,LOW,LOW,LOW,YES,KC1
LOW,LOW,LOW,LOW,LOW,LOW,LOW,LOW,YES,KC1
MEDIUM,LOW,LOW,LOW,MEDIUM,MEDIUM,MEDIUM,LOW,YES,KC1
HIGH,MEDIUM,LOW,HIGH,HIGH,MEDIUM,MEDIUM,MEDIUM,YES,KC1
LOW,LOW,LOW,LOW,LOW,LOW,LOW,LOW,YES,KC1
HIGH,MEDIUM,MEDIUM,HIGH,HIGH,HIGH,HIGH,MEDIUM,YES,KC1
HIGH,HIGH,HIGH,HIGH,HIGH,MEDIUM,HIGH,HIGH,YES,KC1
HIGH,HIGH,HIGH,HIGH,HIGH,HIGH,HIGH,HIGH,YES,KC1
HIGH,MEDIUM,LOW,HIGH,HIGH,MEDIUM,HIGH,MEDIUM,YES,KC1
HIGH,HIGH,HIGH,HIGH,HIGH,MEDIUM,HIGH,HIGH,YES,KC1
HIGH,HIGH,HIGH,HIGH,HIGH,HIGH,HIGH,HIGH,YES,KC1
HIGH,HIGH,LOW,HIGH,HIGH,HIGH,HIGH,HIGH,YES,KC1
HIGH,HIGH,HIGH,HIGH,HIGH,MEDIUM,HIGH,HIGH,YES,KC1
HIGH,HIGH,LOW,HIGH,HIGH,HIGH,HIGH,HIGH,YES,KC1
MEDIUM,LOW,LOW,LOW,LOW,LOW,LOW,LOW,YES,KC1
HIGH,HIGH,HIGH,HIGH,HIGH,HIGH,HIGH,HIGH,YES,KC1
LOW,LOW,LOW,LOW,LOW,LOW,LOW,LOW,YES,KC1
MEDIUM,MEDIUM,LOW,HIGH,HIGH,HIGH,HIGH,MEDIUM,YES,KC1
LOW,LOW,LOW,LOW,MEDIUM,LOW,LOW,LOW,YES,KC1
LOW,LOW,LOW,LOW,MEDIUM,LOW,LOW,LOW,YES,KC1
HIGH,HIGH,MEDIUM,MEDIUM,HIGH,HIGH,HIGH,HIGH,YES,KC1
MEDIUM,LOW,LOW,LOW,LOW,LOW,LOW,LOW,YES,KC1
LOW,LOW,LOW,LOW,LOW,LOW,LOW,LOW,YES,KC1
HIGH,HIGH,HIGH,HIGH,HIGH,HIGH,HIGH,HIGH,YES,KC1
MEDIUM,LOW,LOW,LOW,MEDIUM,LOW,MEDIUM,LOW,YES,KC1
MEDIUM,LOW,LOW,LOW,MEDIUM,LOW,MEDIUM,LOW,YES,KC1
HIGH,MEDIUM,HIGH,HIGH,HIGH,HIGH,HIGH,MEDIUM,YES,KC1
LOW,LOW,LOW,LOW,LOW,LOW,LOW,LOW,YES,KC1
HIGH,HIGH,MEDIUM,HIGH,HIGH,HIGH,HIGH,HIGH,YES,KC1
LOW,LOW,LOW,LOW,LOW,LOW,LOW,LOW,YES,KC1
HIGH,HIGH,LOW,HIGH,HIGH,MEDIUM,HIGH,HIGH,YES,KC1
MEDIUM,LOW,LOW,LOW,MEDIUM,LOW,LOW,LOW,YES,KC1
HIGH,HIGH,HIGH,HIGH,HIGH,HIGH,HIGH,HIGH,YES,KC1
HIGH,HIGH,HIGH,HIGH,HIGH,HIGH,HIGH,HIGH,YES,KC1
MEDIUM,LOW,LOW,LOW,MEDIUM,MEDIUM,MEDIUM,MEDIUM,YES,KC1
HIGH,HIGH,HIGH,HIGH,HIGH,HIGH,HIGH,HIGH,YES,KC1
HIGH,HIGH,HIGH,HIGH,HIGH,HIGH,HIGH,HIGH,YES,KC1
HIGH,HIGH,HIGH,HIGH,HIGH,HIGH,HIGH,HIGH,YES,KC1
HIGH,MEDIUM,LOW,LOW,HIGH,MEDIUM,HIGH,MEDIUM,YES,KC1
HIGH,HIGH,HIGH,HIGH,HIGH,HIGH,HIGH,HIGH,YES,KC1
MEDIUM,LOW,LOW,LOW,MEDIUM,LOW,MEDIUM,LOW,YES,KC1
LOW,LOW,LOW,LOW,LOW,LOW,LOW,LOW,YES,KC1
HIGH,MEDIUM,LOW,MEDIUM,HIGH,MEDIUM,HIGH,MEDIUM,YES,KC1
HIGH,HIGH,HIGH,HIGH,HIGH,HIGH,HIGH,HIGH,YES,KC1
LOW,LOW,LOW,LOW,LOW,LOW,LOW,LOW,YES,KC1
HIGH,HIGH,HIGH,HIGH,HIGH,HIGH,HIGH,HIGH,YES,KC1
HIGH,HIGH,MEDIUM,HIGH,HIGH,HIGH,HIGH,HIGH,YES,KC1
HIGH,HIGH,HIGH,HIGH,HIGH,HIGH,HIGH,HIGH,YES,KC1
MEDIUM,MEDIUM,HIGH,HIGH,MEDIUM,HIGH,MEDIUM,MEDIUM,YES,KC1
HIGH,HIGH,HIGH,HIGH,HIGH,HIGH,HIGH,HIGH,YES,KC1
HIGH,HIGH,HIGH,HIGH,HIGH,HIGH,HIGH,HIGH,YES,KC1
LOW,LOW,LOW,LOW,LOW,LOW,LOW,LOW,NO,KC1
LOW,LOW,LOW,LOW,LOW,LOW,LOW,LOW,NO,KC1
LOW,LOW,LOW,LOW,LOW,LOW,LOW,LOW,NO,KC1
LOW,LOW,LOW,LOW,LOW,LOW,LOW,LOW,NO,KC1
LOW,LOW,LOW,LOW,LOW,LOW,LOW,LOW,NO,KC1
LOW,LOW,LOW,LOW,LOW,LOW,LOW,LOW,NO,KC1
LOW,LOW,LOW,LOW,LOW,LOW,LOW,LOW,NO,KC1
LOW,LOW,LOW,LOW,LOW,LOW,LOW,LOW,NO,KC1
LOW,LOW,LOW,LOW,LOW,LOW,LOW,LOW,NO,KC1
LOW,LOW,LOW,LOW,LOW,LOW,LOW,LOW,NO,KC1
LOW,LOW,LOW,LOW,LOW,LOW,LOW,LOW,NO,KC1
LOW,LOW,LOW,LOW,LOW,LOW,LOW,LOW,NO,KC1
LOW,LOW,LOW,LOW,LOW,LOW,LOW,LOW,NO,KC1
LOW,LOW,LOW,LOW,LOW,LOW,LOW,LOW,NO,KC1
LOW,LOW,LOW,LOW,LOW,LOW,LOW,LOW,NO,KC1
LOW,LOW,MEDIUM,LOW,MEDIUM,MEDIUM,MEDIUM,LOW,NO,KC1
LOW,LOW,MEDIUM,LOW,MEDIUM,MEDIUM,MEDIUM,LOW,NO,KC1
LOW,LOW,MEDIUM,LOW,MEDIUM,MEDIUM,MEDIUM,LOW,NO,KC1
LOW,LOW,LOW,LOW,LOW,LOW,LOW,LOW,NO,KC1
MEDIUM,MEDIUM,HIGH,HIGH,MEDIUM,MEDIUM,MEDIUM,MEDIUM,NO,KC1
LOW,LOW,LOW,LOW,LOW,LOW,LOW,LOW,NO,KC1
MEDIUM,MEDIUM,LOW,MEDIUM,MEDIUM,MEDIUM,MEDIUM,MEDIUM,NO,KC1
MEDIUM,MEDIUM,MEDIUM,MEDIUM,MEDIUM,MEDIUM,MEDIUM,MEDIUM,NO,KC1
MEDIUM,LOW,LOW,LOW,MEDIUM,MEDIUM,MEDIUM,LOW,NO,KC1
LOW,LOW,LOW,LOW,LOW,MEDIUM,LOW,LOW,NO,KC1
MEDIUM,LOW,LOW,LOW,MEDIUM,MEDIUM,MEDIUM,LOW,NO,KC1
LOW,LOW,LOW,LOW,LOW,LOW,LOW,LOW,NO,KC1
LOW,LOW,LOW,LOW,LOW,LOW,LOW,LOW,NO,KC1
MEDIUM,LOW,LOW,MEDIUM,MEDIUM,MEDIUM,MEDIUM,LOW,NO,KC1
HIGH,HIGH,HIGH,HIGH,HIGH,HIGH,HIGH,HIGH,NO,KC1
HIGH,MEDIUM,LOW,MEDIUM,HIGH,MEDIUM,HIGH,MEDIUM,NO,KC1
HIGH,HIGH,HIGH,HIGH,HIGH,HIGH,HIGH,HIGH,NO,KC1
MEDIUM,LOW,LOW,MEDIUM,MEDIUM,MEDIUM,MEDIUM,LOW,NO,KC1
MEDIUM,LOW,LOW,MEDIUM,MEDIUM,MEDIUM,MEDIUM,LOW,NO,KC1
MEDIUM,LOW,LOW,MEDIUM,MEDIUM,MEDIUM,MEDIUM,LOW,NO,KC1
MEDIUM,LOW,LOW,LOW,MEDIUM,LOW,MEDIUM,LOW,NO,KC1
LOW,LOW,LOW,LOW,LOW,LOW,LOW,LOW,NO,KC1
LOW,LOW,LOW,LOW,MEDIUM,LOW,LOW,LOW,NO,KC1
MEDIUM,MEDIUM,LOW,MEDIUM,HIGH,MEDIUM,HIGH,MEDIUM,NO,KC1
LOW,LOW,LOW,LOW,MEDIUM,LOW,MEDIUM,LOW,NO,KC1
HIGH,HIGH,LOW,HIGH,HIGH,HIGH,HIGH,HIGH,NO,KC1
MEDIUM,LOW,LOW,MEDIUM,LOW,MEDIUM,MEDIUM,LOW,NO,KC1
MEDIUM,LOW,LOW,LOW,MEDIUM,MEDIUM,MEDIUM,LOW,NO,KC1
LOW,LOW,LOW,LOW,LOW,MEDIUM,LOW,LOW,NO,KC1
MEDIUM,LOW,LOW,LOW,MEDIUM,MEDIUM,MEDIUM,LOW,NO,KC1
MEDIUM,MEDIUM,MEDIUM,HIGH,MEDIUM,HIGH,HIGH,MEDIUM,NO,KC1
HIGH,MEDIUM,LOW,HIGH,HIGH,HIGH,HIGH,MEDIUM,NO,KC1
MEDIUM,LOW,LOW,MEDIUM,MEDIUM,MEDIUM,MEDIUM,LOW,NO,KC1
MEDIUM,HIGH,HIGH,HIGH,MEDIUM,MEDIUM,MEDIUM,HIGH,NO,KC1
HIGH,HIGH,HIGH,HIGH,HIGH,HIGH,HIGH,HIGH,NO,KC1
LOW,LOW,LOW,LOW,LOW,LOW,LOW,LOW,NO,KC1
LOW,LOW,LOW,LOW,LOW,LOW,LOW,LOW,NO,KC1
MEDIUM,LOW,LOW,LOW,MEDIUM,MEDIUM,MEDIUM,LOW,NO,KC1
LOW,LOW,LOW,LOW,LOW,LOW,LOW,LOW,NO,KC1
MEDIUM,MEDIUM,MEDIUM,HIGH,HIGH,MEDIUM,MEDIUM,MEDIUM,NO,KC1
LOW,LOW,LOW,LOW,LOW,LOW,LOW,LOW,NO,KC1
HIGH,HIGH,HIGH,HIGH,HIGH,HIGH,HIGH,HIGH,NO,KC1
LOW,LOW,LOW,LOW,LOW,LOW,LOW,LOW,NO,KC1
MEDIUM,LOW,LOW,LOW,MEDIUM,MEDIUM,MEDIUM,LOW,NO,KC1
LOW,LOW,LOW,LOW,LOW,LOW,LOW,LOW,NO,KC1
MEDIUM,MEDIUM,LOW,MEDIUM,MEDIUM,MEDIUM,MEDIUM,MEDIUM,NO,KC1
HIGH,HIGH,HIGH,HIGH,MEDIUM,MEDIUM,MEDIUM,HIGH,NO,KC1
LOW,LOW,LOW,LOW,MEDIUM,MEDIUM,MEDIUM,LOW,NO,KC1
LOW,LOW,LOW,LOW,LOW,LOW,LOW,LOW,NO,KC1
LOW,LOW,LOW,LOW,LOW,LOW,LOW,LOW,NO,KC1
LOW,LOW,LOW,LOW,LOW,LOW,LOW,LOW,NO,KC1
LOW,LOW,LOW,LOW,LOW,LOW,LOW,LOW,NO,KC1
LOW,LOW,LOW,LOW,LOW,LOW,LOW,LOW,NO,KC1
LOW,LOW,LOW,LOW,LOW,LOW,LOW,LOW,NO,KC1
LOW,LOW,LOW,LOW,LOW,LOW,LOW,LOW,NO,KC1
HIGH,MEDIUM,LOW,HIGH,HIGH,MEDIUM,HIGH,MEDIUM,NO,KC1
LOW,LOW,LOW,LOW,LOW,LOW,LOW,LOW,NO,KC1
LOW,LOW,LOW,LOW,LOW,LOW,LOW,LOW,NO,KC1
LOW,LOW,LOW,LOW,LOW,LOW,LOW,LOW,NO,KC1
LOW,LOW,LOW,LOW,LOW,LOW,LOW,LOW,NO,KC1
LOW,LOW,LOW,LOW,LOW,LOW,LOW,LOW,NO,KC1
LOW,LOW,LOW,LOW,LOW,LOW,LOW,LOW,NO,KC1
LOW,LOW,LOW,LOW,LOW,LOW,LOW,LOW,NO,KC1
LOW,LOW,LOW,LOW,LOW,LOW,LOW,LOW,NO,KC1
LOW,LOW,LOW,LOW,LOW,LOW,LOW,LOW,NO,KC1
LOW,LOW,LOW,LOW,LOW,LOW,LOW,LOW,NO,KC1
LOW,LOW,LOW,LOW,LOW,LOW,LOW,LOW,NO,KC1
LOW,LOW,LOW,LOW,LOW,LOW,LOW,LOW,NO,KC1
MEDIUM,LOW,LOW,LOW,HIGH,MEDIUM,MEDIUM,LOW,NO,KC1
LOW,LOW,LOW,LOW,LOW,LOW,LOW,LOW,NO,KC1
LOW,LOW,LOW,LOW,LOW,LOW,LOW,LOW,NO,KC1
LOW,LOW,LOW,LOW,LOW,LOW,LOW,LOW,NO,KC1
LOW,LOW,LOW,LOW,LOW,LOW,LOW,LOW,NO,KC1
LOW,LOW,LOW,LOW,LOW,LOW,LOW,LOW,NO,KC1
LOW,LOW,LOW,LOW,LOW,LOW,LOW,LOW,NO,KC1
MEDIUM,LOW,LOW,LOW,MEDIUM,LOW,LOW,LOW,NO,KC1
LOW,LOW,LOW,LOW,LOW,LOW,LOW,LOW,NO,KC1
LOW,LOW,LOW,LOW,LOW,LOW,LOW,LOW,NO,KC1
LOW,LOW,LOW,LOW,LOW,LOW,LOW,LOW,NO,KC1
LOW,LOW,LOW,LOW,LOW,LOW,LOW,LOW,NO,KC1
MEDIUM,LOW,LOW,LOW,LOW,LOW,LOW,LOW,NO,KC1
LOW,LOW,MEDIUM,MEDIUM,MEDIUM,MEDIUM,MEDIUM,LOW,NO,KC1
LOW,LOW,LOW,LOW,MEDIUM,LOW,LOW,LOW,NO,KC1
HIGH,HIGH,HIGH,HIGH,HIGH,HIGH,HIGH,HIGH,NO,KC1
LOW,LOW,LOW,LOW,LOW,LOW,LOW,LOW,NO,KC1
LOW,LOW,LOW,LOW,LOW,LOW,LOW,LOW,NO,KC1
LOW,LOW,LOW,LOW,LOW,LOW,LOW,LOW,NO,KC1
LOW,LOW,LOW,LOW,LOW,LOW,LOW,LOW,NO,KC1
LOW,LOW,LOW,LOW,LOW,LOW,LOW,LOW,NO,KC1
LOW,LOW,LOW,LOW,LOW,LOW,LOW,LOW,NO,KC1
LOW,LOW,LOW,LOW,LOW,LOW,LOW,LOW,NO,KC1
LOW,LOW,LOW,LOW,LOW,LOW,LOW,LOW,NO,KC1
LOW,LOW,LOW,LOW,LOW,LOW,LOW,LOW,NO,KC1
LOW,LOW,LOW,LOW,LOW,LOW,LOW,LOW,NO,KC1
HIGH,HIGH,LOW,HIGH,HIGH,HIGH,HIGH,HIGH,NO,KC1
HIGH,MEDIUM,LOW,HIGH,HIGH,HIGH,HIGH,MEDIUM,NO,KC1
HIGH,HIGH,HIGH,HIGH,HIGH,HIGH,HIGH,HIGH,NO,KC1
HIGH,MEDIUM,LOW,HIGH,HIGH,HIGH,HIGH,MEDIUM,NO,KC1
LOW,LOW,LOW,LOW,LOW,LOW,LOW,LOW,NO,KC1
LOW,LOW,LOW,LOW,LOW,LOW,LOW,LOW,NO,KC1
LOW,LOW,LOW,LOW,LOW,LOW,LOW,LOW,NO,KC1
LOW,LOW,LOW,LOW,LOW,LOW,LOW,LOW,NO,KC1
LOW,LOW,LOW,LOW,LOW,LOW,LOW,LOW,NO,KC1
LOW,LOW,LOW,LOW,LOW,LOW,LOW,LOW,NO,KC1
LOW,LOW,LOW,LOW,LOW,LOW,LOW,LOW,NO,KC1
LOW,LOW,LOW,LOW,LOW,LOW,LOW,LOW,NO,KC1
HIGH,HIGH,MEDIUM,HIGH,HIGH,MEDIUM,HIGH,HIGH,NO,KC1
LOW,LOW,LOW,LOW,LOW,LOW,LOW,LOW,NO,KC1
LOW,LOW,LOW,LOW,LOW,LOW,LOW,LOW,NO,KC1
LOW,LOW,LOW,LOW,LOW,LOW,LOW,LOW,NO,KC1
LOW,LOW,LOW,LOW,LOW,LOW,LOW,LOW,NO,KC1
LOW,LOW,LOW,LOW,LOW,LOW,LOW,LOW,NO,KC1
LOW,LOW,LOW,LOW,LOW,LOW,LOW,LOW,NO,KC1
LOW,LOW,LOW,LOW,LOW,LOW,LOW,LOW,NO,KC1
LOW,LOW,LOW,LOW,LOW,LOW,LOW,LOW,NO,KC1
LOW,LOW,LOW,LOW,LOW,LOW,LOW,LOW,NO,KC1
LOW,LOW,LOW,LOW,LOW,LOW,LOW,LOW,NO,KC1
LOW,LOW,LOW,LOW,LOW,LOW,LOW,LOW,NO,KC1
LOW,LOW,LOW,LOW,LOW,LOW,LOW,LOW,NO,KC1
LOW,LOW,LOW,LOW,LOW,LOW,LOW,LOW,NO,KC1
LOW,LOW,LOW,LOW,LOW,LOW,LOW,LOW,NO,KC1
LOW,LOW,LOW,LOW,LOW,LOW,LOW,LOW,NO,KC1
LOW,LOW,LOW,LOW,LOW,LOW,LOW,LOW,NO,KC1
LOW,LOW,LOW,LOW,LOW,LOW,LOW,LOW,NO,KC1
LOW,LOW,LOW,LOW,LOW,LOW,LOW,LOW,NO,KC1
LOW,LOW,LOW,LOW,LOW,LOW,LOW,LOW,NO,KC1
LOW,LOW,LOW,LOW,LOW,LOW,LOW,LOW,NO,KC1
LOW,LOW,LOW,LOW,LOW,LOW,LOW,LOW,NO,KC1
LOW,LOW,LOW,LOW,LOW,LOW,LOW,LOW,NO,KC1
LOW,LOW,LOW,LOW,LOW,LOW,LOW,LOW,NO,KC1
LOW,LOW,LOW,LOW,LOW,LOW,LOW,LOW,NO,KC1
LOW,LOW,LOW,LOW,LOW,LOW,LOW,LOW,NO,KC1
LOW,LOW,LOW,LOW,LOW,LOW,LOW,LOW,NO,KC1
LOW,LOW,LOW,LOW,LOW,LOW,LOW,LOW,NO,KC1
LOW,LOW,LOW,LOW,LOW,LOW,LOW,LOW,NO,KC1
LOW,LOW,LOW,LOW,LOW,LOW,LOW,LOW,NO,KC1
LOW,LOW,LOW,LOW,LOW,LOW,LOW,LOW,NO,KC1
LOW,LOW,LOW,LOW,LOW,LOW,LOW,LOW,NO,KC1
LOW,LOW,LOW,LOW,LOW,LOW,LOW,LOW,NO,KC1
LOW,LOW,LOW,LOW,LOW,LOW,LOW,LOW,NO,KC1
LOW,LOW,LOW,LOW,LOW,LOW,LOW,LOW,NO,KC1
LOW,LOW,LOW,LOW,LOW,LOW,LOW,LOW,NO,KC1
LOW,LOW,LOW,LOW,LOW,LOW,LOW,LOW,NO,KC1
LOW,LOW,LOW,LOW,LOW,LOW,LOW,LOW,NO,KC1
LOW,LOW,LOW,LOW,LOW,LOW,LOW,LOW,NO,KC1
LOW,LOW,LOW,LOW,LOW,LOW,LOW,LOW,NO,KC1
LOW,LOW,LOW,LOW,LOW,LOW,LOW,LOW,NO,KC1
LOW,LOW,LOW,LOW,LOW,LOW,LOW,LOW,NO,KC1
LOW,LOW,LOW,LOW,LOW,LOW,LOW,LOW,NO,KC1
LOW,LOW,LOW,LOW,LOW,LOW,LOW,LOW,NO,KC1
LOW,LOW,LOW,LOW,LOW,LOW,LOW,LOW,NO,KC1
LOW,LOW,LOW,LOW,LOW,LOW,LOW,LOW,NO,KC1
LOW,LOW,LOW,LOW,LOW,LOW,LOW,LOW,NO,KC1
LOW,LOW,LOW,LOW,LOW,LOW,LOW,LOW,NO,KC1
LOW,LOW,LOW,LOW,LOW,LOW,LOW,LOW,NO,KC1
LOW,LOW,LOW,LOW,LOW,LOW,LOW,LOW,NO,KC1
LOW,LOW,LOW,LOW,LOW,LOW,LOW,LOW,NO,KC1
LOW,LOW,LOW,LOW,LOW,LOW,LOW,LOW,NO,KC1
LOW,LOW,LOW,LOW,LOW,LOW,LOW,LOW,NO,KC1
LOW,LOW,LOW,LOW,LOW,LOW,LOW,LOW,NO,KC1
LOW,LOW,LOW,LOW,LOW,LOW,LOW,LOW,NO,KC1
LOW,LOW,LOW,LOW,LOW,LOW,LOW,LOW,NO,KC1
LOW,LOW,LOW,LOW,LOW,LOW,LOW,LOW,NO,KC1
LOW,LOW,LOW,LOW,LOW,LOW,LOW,LOW,NO,KC1
LOW,LOW,LOW,LOW,LOW,LOW,LOW,LOW,NO,KC1
LOW,LOW,LOW,LOW,LOW,LOW,LOW,LOW,NO,KC1
LOW,LOW,LOW,LOW,LOW,LOW,LOW,LOW,NO,KC1
LOW,LOW,LOW,LOW,LOW,LOW,LOW,LOW,NO,KC1
LOW,LOW,LOW,LOW,LOW,LOW,LOW,LOW,NO,KC1
LOW,LOW,LOW,LOW,LOW,LOW,LOW,LOW,NO,KC1
LOW,LOW,LOW,LOW,LOW,LOW,LOW,LOW,NO,KC1
LOW,LOW,LOW,LOW,LOW,LOW,LOW,LOW,NO,KC1
LOW,LOW,LOW,LOW,LOW,LOW,LOW,LOW,NO,KC1
HIGH,HIGH,HIGH,HIGH,HIGH,HIGH,HIGH,HIGH,NO,KC1
LOW,LOW,LOW,LOW,LOW,LOW,LOW,LOW,NO,KC1
LOW,LOW,LOW,LOW,LOW,LOW,LOW,LOW,NO,KC1
LOW,LOW,LOW,LOW,LOW,LOW,LOW,LOW,NO,KC1
LOW,LOW,LOW,LOW,LOW,LOW,LOW,LOW,NO,KC1
LOW,LOW,LOW,LOW,LOW,LOW,LOW,LOW,NO,KC1
LOW,LOW,LOW,LOW,LOW,LOW,LOW,LOW,NO,KC1
LOW,LOW,LOW,LOW,LOW,LOW,LOW,LOW,NO,KC1
LOW,LOW,LOW,LOW,LOW,LOW,LOW,LOW,NO,KC1
LOW,LOW,LOW,LOW,LOW,LOW,LOW,LOW,NO,KC1
LOW,LOW,LOW,LOW,LOW,LOW,LOW,LOW,NO,KC1
LOW,LOW,LOW,LOW,LOW,LOW,LOW,LOW,NO,KC1
MEDIUM,MEDIUM,LOW,LOW,MEDIUM,MEDIUM,MEDIUM,MEDIUM,NO,KC1
MEDIUM,MEDIUM,LOW,LOW,MEDIUM,MEDIUM,MEDIUM,MEDIUM,NO,KC1
MEDIUM,LOW,LOW,MEDIUM,MEDIUM,MEDIUM,MEDIUM,LOW,NO,KC1
LOW,LOW,LOW,LOW,LOW,LOW,LOW,LOW,NO,KC1
LOW,LOW,LOW,LOW,LOW,LOW,LOW,LOW,NO,KC1
LOW,LOW,LOW,LOW,LOW,LOW,LOW,LOW,NO,KC1
MEDIUM,LOW,LOW,LOW,HIGH,MEDIUM,MEDIUM,LOW,NO,KC1
LOW,LOW,LOW,LOW,LOW,LOW,LOW,LOW,NO,KC1
LOW,LOW,LOW,LOW,LOW,LOW,LOW,LOW,NO,KC1
LOW,LOW,LOW,LOW,LOW,LOW,LOW,LOW,NO,KC1
LOW,LOW,LOW,LOW,LOW,LOW,LOW,LOW,NO,KC1
HIGH,LOW,LOW,MEDIUM,MEDIUM,MEDIUM,MEDIUM,LOW,NO,KC1
LOW,LOW,LOW,LOW,LOW,LOW,LOW,LOW,NO,KC1
HIGH,MEDIUM,MEDIUM,HIGH,MEDIUM,MEDIUM,MEDIUM,MEDIUM,NO,KC1
HIGH,MEDIUM,MEDIUM,HIGH,HIGH,MEDIUM,MEDIUM,MEDIUM,NO,KC1
HIGH,MEDIUM,MEDIUM,HIGH,HIGH,MEDIUM,HIGH,MEDIUM,NO,KC1
LOW,MEDIUM,MEDIUM,MEDIUM,MEDIUM,MEDIUM,MEDIUM,MEDIUM,NO,KC1
LOW,LOW,LOW,LOW,LOW,MEDIUM,MEDIUM,LOW,NO,KC1
HIGH,HIGH,LOW,HIGH,HIGH,MEDIUM,HIGH,HIGH,NO,KC1
HIGH,MEDIUM,MEDIUM,HIGH,MEDIUM,MEDIUM,MEDIUM,MEDIUM,NO,KC1
HIGH,MEDIUM,LOW,HIGH,HIGH,MEDIUM,HIGH,MEDIUM,NO,KC1
LOW,LOW,LOW,LOW,LOW,LOW,LOW,LOW,NO,KC1
LOW,LOW,LOW,MEDIUM,LOW,LOW,LOW,LOW,NO,KC1
HIGH,HIGH,LOW,HIGH,HIGH,MEDIUM,HIGH,HIGH,NO,KC1
LOW,LOW,LOW,LOW,LOW,LOW,LOW,LOW,NO,KC1
HIGH,HIGH,HIGH,HIGH,HIGH,HIGH,HIGH,HIGH,NO,KC1
MEDIUM,MEDIUM,LOW,MEDIUM,MEDIUM,LOW,MEDIUM,MEDIUM,NO,KC1
HIGH,HIGH,HIGH,HIGH,HIGH,HIGH,HIGH,HIGH,NO,KC1
LOW,LOW,LOW,LOW,LOW,LOW,LOW,LOW,NO,KC1
LOW,LOW,LOW,LOW,LOW,LOW,LOW,LOW,NO,KC1
LOW,LOW,LOW,LOW,LOW,LOW,LOW,LOW,NO,KC1
LOW,LOW,LOW,LOW,LOW,LOW,LOW,LOW,NO,KC1
LOW,LOW,LOW,LOW,LOW,LOW,LOW,LOW,NO,KC1
LOW,LOW,LOW,LOW,LOW,LOW,LOW,LOW,NO,KC1
HIGH,HIGH,HIGH,HIGH,HIGH,HIGH,HIGH,HIGH,NO,KC1
LOW,LOW,LOW,LOW,LOW,LOW,LOW,LOW,NO,KC1
LOW,LOW,LOW,LOW,LOW,LOW,LOW,LOW,NO,KC1
MEDIUM,LOW,MEDIUM,MEDIUM,MEDIUM,LOW,LOW,LOW,NO,KC1
HIGH,HIGH,HIGH,HIGH,HIGH,MEDIUM,HIGH,HIGH,NO,KC1
LOW,LOW,LOW,LOW,LOW,LOW,LOW,LOW,NO,KC1
LOW,LOW,LOW,LOW,LOW,LOW,LOW,LOW,NO,KC1
LOW,LOW,LOW,LOW,LOW,LOW,LOW,LOW,NO,KC1
MEDIUM,MEDIUM,LOW,MEDIUM,MEDIUM,MEDIUM,MEDIUM,MEDIUM,NO,KC1
LOW,LOW,LOW,LOW,LOW,LOW,LOW,LOW,NO,KC1
HIGH,HIGH,MEDIUM,HIGH,HIGH,HIGH,HIGH,HIGH,NO,KC1
HIGH,HIGH,HIGH,HIGH,HIGH,HIGH,HIGH,HIGH,NO,KC1
LOW,LOW,LOW,LOW,LOW,LOW,LOW,LOW,NO,KC1
LOW,LOW,LOW,LOW,LOW,LOW,LOW,LOW,NO,KC1
LOW,LOW,LOW,LOW,LOW,LOW,LOW,LOW,NO,KC1
LOW,LOW,LOW,LOW,LOW,LOW,LOW,LOW,NO,KC1
LOW,LOW,LOW,LOW,LOW,LOW,LOW,LOW,NO,KC1
MEDIUM,LOW,LOW,LOW,MEDIUM,LOW,LOW,LOW,NO,KC1
LOW,LOW,LOW,LOW,LOW,LOW,LOW,LOW,NO,KC1
LOW,LOW,LOW,LOW,LOW,LOW,LOW,LOW,NO,KC1
HIGH,MEDIUM,MEDIUM,HIGH,HIGH,MEDIUM,HIGH,MEDIUM,NO,KC1
MEDIUM,LOW,MEDIUM,MEDIUM,MEDIUM,LOW,MEDIUM,LOW,NO,KC1
LOW,LOW,LOW,LOW,MEDIUM,LOW,LOW,LOW,NO,KC1
MEDIUM,MEDIUM,MEDIUM,HIGH,MEDIUM,MEDIUM,MEDIUM,MEDIUM,NO,KC1
HIGH,HIGH,LOW,HIGH,HIGH,MEDIUM,HIGH,HIGH,NO,KC1
MEDIUM,LOW,LOW,LOW,MEDIUM,LOW,MEDIUM,LOW,NO,KC1
LOW,LOW,LOW,LOW,LOW,LOW,LOW,LOW,NO,KC1
MEDIUM,LOW,LOW,MEDIUM,MEDIUM,MEDIUM,MEDIUM,LOW,NO,KC1
MEDIUM,LOW,LOW,LOW,MEDIUM,MEDIUM,MEDIUM,LOW,NO,KC1
MEDIUM,LOW,LOW,LOW,MEDIUM,LOW,MEDIUM,LOW,NO,KC1
MEDIUM,LOW,LOW,MEDIUM,MEDIUM,MEDIUM,MEDIUM,LOW,NO,KC1
MEDIUM,LOW,LOW,LOW,MEDIUM,LOW,MEDIUM,LOW,NO,KC1
MEDIUM,LOW,LOW,LOW,MEDIUM,LOW,MEDIUM,LOW,NO,KC1
LOW,LOW,LOW,LOW,LOW,LOW,LOW,LOW,NO,KC1
MEDIUM,LOW,LOW,LOW,MEDIUM,LOW,MEDIUM,LOW,NO,KC1
LOW,LOW,LOW,LOW,LOW,LOW,LOW,LOW,NO,KC1
LOW,LOW,LOW,LOW,LOW,LOW,LOW,LOW,NO,KC1
LOW,LOW,LOW,LOW,LOW,LOW,LOW,LOW,NO,KC1
MEDIUM,LOW,LOW,LOW,MEDIUM,LOW,MEDIUM,LOW,NO,KC1
MEDIUM,LOW,LOW,LOW,MEDIUM,LOW,MEDIUM,LOW,NO,KC1
LOW,LOW,LOW,LOW,LOW,LOW,LOW,LOW,NO,KC1
MEDIUM,LOW,LOW,LOW,MEDIUM,LOW,MEDIUM,LOW,NO,KC1
LOW,LOW,LOW,LOW,LOW,LOW,LOW,LOW,NO,KC1
LOW,LOW,LOW,LOW,MEDIUM,LOW,LOW,LOW,NO,KC1
LOW,LOW,LOW,LOW,MEDIUM,LOW,LOW,LOW,NO,KC1
MEDIUM,LOW,LOW,LOW,MEDIUM,LOW,MEDIUM,LOW,NO,KC1
LOW,LOW,LOW,LOW,LOW,LOW,LOW,LOW,NO,KC1
LOW,LOW,LOW,LOW,MEDIUM,LOW,LOW,LOW,NO,KC1
HIGH,HIGH,HIGH,HIGH,HIGH,HIGH,HIGH,HIGH,NO,KC1
MEDIUM,MEDIUM,HIGH,MEDIUM,MEDIUM,MEDIUM,MEDIUM,MEDIUM,NO,KC1
HIGH,MEDIUM,LOW,MEDIUM,HIGH,MEDIUM,MEDIUM,MEDIUM,NO,KC1
LOW,LOW,LOW,LOW,LOW,LOW,LOW,LOW,NO,KC1
HIGH,LOW,LOW,LOW,HIGH,LOW,MEDIUM,LOW,NO,KC1
MEDIUM,LOW,LOW,LOW,LOW,LOW,LOW,LOW,NO,KC1
MEDIUM,LOW,LOW,LOW,LOW,LOW,LOW,LOW,NO,KC1
MEDIUM,LOW,LOW,LOW,LOW,LOW,LOW,LOW,NO,KC1
MEDIUM,LOW,LOW,MEDIUM,MEDIUM,MEDIUM,MEDIUM,LOW,NO,KC1
MEDIUM,MEDIUM,HIGH,HIGH,MEDIUM,MEDIUM,MEDIUM,MEDIUM,NO,KC1
HIGH,HIGH,MEDIUM,HIGH,HIGH,HIGH,HIGH,HIGH,NO,KC1
LOW,LOW,LOW,LOW,LOW,LOW,LOW,LOW,NO,KC1
LOW,LOW,LOW,LOW,LOW,LOW,LOW,LOW,NO,KC1
LOW,LOW,LOW,LOW,LOW,LOW,LOW,LOW,NO,KC1
LOW,LOW,LOW,LOW,LOW,LOW,LOW,LOW,NO,KC1
LOW,LOW,LOW,LOW,LOW,LOW,LOW,LOW,NO,KC1
HIGH,HIGH,HIGH,HIGH,HIGH,HIGH,HIGH,HIGH,NO,KC1
LOW,LOW,LOW,LOW,LOW,LOW,LOW,LOW,NO,KC1
LOW,LOW,LOW,LOW,LOW,LOW,LOW,LOW,NO,KC1
LOW,LOW,LOW,LOW,LOW,LOW,LOW,LOW,NO,KC1
LOW,LOW,LOW,LOW,LOW,LOW,LOW,LOW,NO,KC1
LOW,LOW,LOW,LOW,LOW,LOW,LOW,LOW,NO,KC1
LOW,LOW,LOW,LOW,LOW,LOW,LOW,LOW,NO,KC1
HIGH,HIGH,HIGH,HIGH,HIGH,HIGH,HIGH,HIGH,NO,KC1
LOW,LOW,LOW,LOW,LOW,LOW,LOW,LOW,NO,KC1
LOW,LOW,LOW,LOW,LOW,LOW,LOW,LOW,NO,KC1
HIGH,HIGH,HIGH,HIGH,HIGH,HIGH,HIGH,HIGH,NO,KC1
MEDIUM,MEDIUM,LOW,MEDIUM,HIGH,MEDIUM,MEDIUM,MEDIUM,NO,KC1
MEDIUM,MEDIUM,LOW,MEDIUM,MEDIUM,MEDIUM,MEDIUM,MEDIUM,NO,KC1
MEDIUM,MEDIUM,MEDIUM,MEDIUM,HIGH,MEDIUM,MEDIUM,MEDIUM,NO,KC1
MEDIUM,LOW,LOW,MEDIUM,MEDIUM,MEDIUM,MEDIUM,LOW,NO,KC1
LOW,LOW,LOW,LOW,LOW,LOW,LOW,LOW,NO,KC1
MEDIUM,MEDIUM,HIGH,HIGH,MEDIUM,MEDIUM,MEDIUM,MEDIUM,NO,KC1
MEDIUM,LOW,LOW,LOW,MEDIUM,MEDIUM,MEDIUM,LOW,NO,KC1
MEDIUM,LOW,LOW,MEDIUM,MEDIUM,MEDIUM,MEDIUM,LOW,NO,KC1
LOW,LOW,LOW,LOW,LOW,LOW,LOW,LOW,NO,KC1
LOW,LOW,LOW,LOW,LOW,LOW,LOW,LOW,NO,KC1
LOW,LOW,LOW,LOW,LOW,LOW,LOW,LOW,NO,KC1
LOW,LOW,LOW,LOW,LOW,LOW,LOW,LOW,NO,KC1
LOW,LOW,LOW,LOW,LOW,LOW,LOW,LOW,NO,KC1
LOW,LOW,LOW,LOW,LOW,LOW,LOW,LOW,NO,KC1
LOW,LOW,LOW,LOW,LOW,LOW,LOW,LOW,NO,KC1
MEDIUM,LOW,LOW,LOW,MEDIUM,LOW,MEDIUM,LOW,NO,KC1
LOW,LOW,LOW,LOW,LOW,LOW,LOW,LOW,NO,KC1
MEDIUM,LOW,LOW,LOW,MEDIUM,MEDIUM,MEDIUM,LOW,NO,KC1
LOW,LOW,LOW,LOW,LOW,LOW,LOW,LOW,NO,KC1
LOW,LOW,LOW,LOW,LOW,LOW,LOW,LOW,NO,KC1
LOW,LOW,LOW,LOW,LOW,LOW,LOW,LOW,NO,KC1
LOW,LOW,LOW,LOW,LOW,LOW,LOW,LOW,NO,KC1
MEDIUM,LOW,LOW,MEDIUM,HIGH,MEDIUM,MEDIUM,LOW,NO,KC1
MEDIUM,LOW,LOW,LOW,LOW,LOW,LOW,LOW,NO,KC1
MEDIUM,LOW,LOW,LOW,LOW,LOW,LOW,LOW,NO,KC1
MEDIUM,MEDIUM,LOW,MEDIUM,MEDIUM,MEDIUM,MEDIUM,MEDIUM,NO,KC1
MEDIUM,MEDIUM,LOW,MEDIUM,HIGH,MEDIUM,MEDIUM,MEDIUM,NO,KC1
LOW,LOW,LOW,LOW,LOW,LOW,LOW,LOW,NO,KC1
LOW,LOW,LOW,LOW,MEDIUM,LOW,MEDIUM,LOW,NO,KC1
MEDIUM,MEDIUM,LOW,MEDIUM,MEDIUM,MEDIUM,MEDIUM,MEDIUM,NO,KC1
LOW,LOW,LOW,LOW,LOW,LOW,LOW,LOW,NO,KC1
MEDIUM,MEDIUM,LOW,MEDIUM,MEDIUM,MEDIUM,MEDIUM,MEDIUM,NO,KC1
MEDIUM,LOW,LOW,MEDIUM,MEDIUM,LOW,MEDIUM,LOW,NO,KC1
LOW,LOW,LOW,LOW,LOW,LOW,LOW,LOW,NO,KC1
LOW,LOW,LOW,LOW,LOW,LOW,LOW,LOW,NO,KC1
LOW,LOW,LOW,LOW,LOW,LOW,LOW,LOW,NO,KC1
LOW,LOW,LOW,LOW,LOW,LOW,LOW,LOW,NO,KC1
LOW,LOW,LOW,LOW,LOW,LOW,LOW,LOW,NO,KC1
MEDIUM,MEDIUM,LOW,MEDIUM,HIGH,LOW,MEDIUM,MEDIUM,NO,KC1
LOW,LOW,LOW,LOW,MEDIUM,LOW,LOW,LOW,NO,KC1
LOW,LOW,LOW,LOW,LOW,LOW,LOW,LOW,NO,KC1
LOW,LOW,LOW,LOW,LOW,LOW,LOW,LOW,NO,KC1
MEDIUM,LOW,LOW,LOW,MEDIUM,LOW,MEDIUM,LOW,NO,KC1
MEDIUM,LOW,LOW,LOW,LOW,LOW,LOW,LOW,NO,KC1
MEDIUM,MEDIUM,LOW,MEDIUM,MEDIUM,MEDIUM,MEDIUM,MEDIUM,NO,KC1
LOW,LOW,LOW,LOW,LOW,LOW,LOW,LOW,NO,KC1
LOW,LOW,LOW,LOW,MEDIUM,MEDIUM,MEDIUM,LOW,NO,KC1
LOW,LOW,LOW,LOW,LOW,LOW,LOW,LOW,NO,KC1
LOW,LOW,LOW,LOW,LOW,LOW,LOW,LOW,NO,KC1
LOW,LOW,LOW,LOW,LOW,LOW,LOW,LOW,NO,KC1
LOW,LOW,LOW,LOW,LOW,LOW,LOW,LOW,NO,KC1
LOW,LOW,LOW,LOW,LOW,LOW,LOW,LOW,NO,KC1
LOW,LOW,LOW,LOW,LOW,LOW,LOW,LOW,NO,KC1
LOW,LOW,LOW,LOW,LOW,LOW,LOW,LOW,NO,KC1
LOW,LOW,LOW,LOW,LOW,LOW,LOW,LOW,NO,KC1
LOW,LOW,LOW,MEDIUM,MEDIUM,LOW,MEDIUM,LOW,NO,KC1
LOW,LOW,LOW,LOW,LOW,LOW,LOW,LOW,NO,KC1
LOW,LOW,LOW,LOW,LOW,LOW,LOW,LOW,NO,KC1
LOW,LOW,LOW,LOW,LOW,LOW,LOW,LOW,NO,KC1
LOW,MEDIUM,LOW,MEDIUM,MEDIUM,MEDIUM,MEDIUM,MEDIUM,NO,KC1
LOW,MEDIUM,LOW,MEDIUM,MEDIUM,MEDIUM,MEDIUM,MEDIUM,NO,KC1
LOW,LOW,LOW,LOW,LOW,LOW,LOW,LOW,NO,KC1
LOW,LOW,LOW,LOW,LOW,LOW,LOW,LOW,NO,KC1
LOW,LOW,LOW,LOW,LOW,LOW,LOW,LOW,NO,KC1
LOW,LOW,LOW,LOW,LOW,LOW,LOW,LOW,NO,KC1
LOW,LOW,LOW,LOW,LOW,LOW,LOW,LOW,NO,KC1
LOW,LOW,LOW,LOW,LOW,LOW,LOW,LOW,NO,KC1
LOW,LOW,LOW,LOW,LOW,LOW,LOW,LOW,NO,KC1
LOW,LOW,LOW,LOW,LOW,LOW,LOW,LOW,NO,KC1
LOW,LOW,LOW,LOW,LOW,LOW,LOW,LOW,NO,KC1
LOW,LOW,LOW,LOW,LOW,LOW,LOW,LOW,NO,KC1
LOW,LOW,LOW,LOW,LOW,LOW,LOW,LOW,NO,KC1
LOW,LOW,LOW,LOW,LOW,LOW,LOW,LOW,NO,KC1
LOW,LOW,LOW,LOW,LOW,LOW,LOW,LOW,NO,KC1
LOW,LOW,LOW,LOW,LOW,LOW,LOW,LOW,NO,KC1
LOW,LOW,LOW,LOW,LOW,LOW,LOW,LOW,NO,KC1
LOW,LOW,LOW,LOW,LOW,LOW,LOW,LOW,NO,KC1
MEDIUM,LOW,LOW,LOW,LOW,LOW,LOW,LOW,NO,KC1
LOW,LOW,LOW,LOW,LOW,LOW,LOW,LOW,NO,KC1
MEDIUM,MEDIUM,LOW,LOW,MEDIUM,MEDIUM,MEDIUM,MEDIUM,NO,KC1
HIGH,MEDIUM,MEDIUM,MEDIUM,HIGH,HIGH,HIGH,MEDIUM,NO,KC1
LOW,LOW,LOW,LOW,LOW,LOW,LOW,LOW,NO,KC1
LOW,LOW,LOW,LOW,LOW,LOW,LOW,LOW,NO,KC1
LOW,LOW,LOW,LOW,LOW,LOW,LOW,LOW,NO,KC1
LOW,LOW,LOW,LOW,LOW,LOW,LOW,LOW,NO,KC1
LOW,LOW,LOW,LOW,LOW,LOW,LOW,LOW,NO,KC1
LOW,LOW,LOW,LOW,MEDIUM,LOW,LOW,LOW,NO,KC1
LOW,LOW,LOW,LOW,LOW,LOW,LOW,LOW,NO,KC1
LOW,LOW,LOW,LOW,LOW,LOW,LOW,LOW,NO,KC1
LOW,LOW,LOW,LOW,LOW,LOW,LOW,LOW,NO,KC1
MEDIUM,MEDIUM,LOW,HIGH,MEDIUM,MEDIUM,MEDIUM,MEDIUM,NO,KC1
LOW,LOW,LOW,LOW,LOW,LOW,LOW,LOW,NO,KC1
LOW,LOW,LOW,LOW,MEDIUM,LOW,MEDIUM,LOW,NO,KC1
LOW,LOW,LOW,LOW,LOW,LOW,LOW,LOW,NO,KC1
LOW,LOW,LOW,LOW,LOW,LOW,LOW,LOW,NO,KC1
LOW,LOW,LOW,LOW,LOW,LOW,LOW,LOW,NO,KC1
LOW,LOW,LOW,LOW,LOW,LOW,LOW,LOW,NO,KC1
LOW,LOW,LOW,LOW,MEDIUM,LOW,MEDIUM,LOW,NO,KC1
LOW,LOW,LOW,LOW,LOW,LOW,LOW,LOW,NO,KC1
LOW,LOW,LOW,LOW,LOW,LOW,LOW,LOW,NO,KC1
MEDIUM,MEDIUM,MEDIUM,MEDIUM,MEDIUM,MEDIUM,MEDIUM,MEDIUM,NO,KC1
LOW,LOW,LOW,LOW,MEDIUM,LOW,MEDIUM,LOW,NO,KC1
LOW,LOW,LOW,LOW,LOW,LOW,LOW,LOW,NO,KC1
LOW,LOW,LOW,LOW,MEDIUM,LOW,LOW,LOW,NO,KC1
LOW,LOW,LOW,LOW,LOW,LOW,LOW,LOW,NO,KC1
LOW,LOW,LOW,LOW,LOW,LOW,LOW,LOW,NO,KC1
LOW,LOW,LOW,MEDIUM,LOW,LOW,LOW,LOW,NO,KC1
LOW,LOW,LOW,LOW,LOW,LOW,LOW,LOW,NO,KC1
LOW,LOW,LOW,LOW,LOW,LOW,LOW,LOW,NO,KC1
LOW,LOW,LOW,LOW,LOW,LOW,LOW,LOW,NO,KC1
LOW,LOW,LOW,LOW,LOW,LOW,LOW,LOW,NO,KC1
LOW,LOW,LOW,LOW,LOW,LOW,LOW,LOW,NO,KC1
LOW,LOW,LOW,LOW,LOW,LOW,LOW,LOW,NO,KC1
LOW,LOW,LOW,LOW,LOW,LOW,LOW,LOW,NO,KC1
LOW,LOW,LOW,LOW,LOW,LOW,LOW,LOW,NO,KC1
LOW,LOW,LOW,LOW,LOW,LOW,LOW,LOW,NO,KC1
LOW,LOW,LOW,LOW,LOW,LOW,LOW,LOW,NO,KC1
LOW,LOW,LOW,LOW,LOW,LOW,LOW,LOW,NO,KC1
LOW,LOW,LOW,LOW,LOW,LOW,LOW,LOW,NO,KC1
LOW,LOW,LOW,LOW,LOW,LOW,LOW,LOW,NO,KC1
LOW,LOW,LOW,LOW,LOW,LOW,LOW,LOW,NO,KC1
LOW,LOW,LOW,LOW,LOW,LOW,LOW,LOW,NO,KC1
HIGH,MEDIUM,LOW,HIGH,MEDIUM,HIGH,MEDIUM,MEDIUM,NO,KC1
LOW,LOW,LOW,LOW,MEDIUM,LOW,LOW,LOW,NO,KC1
LOW,LOW,LOW,LOW,LOW,LOW,LOW,LOW,NO,KC1
LOW,LOW,LOW,LOW,LOW,LOW,LOW,LOW,NO,KC1
LOW,LOW,LOW,LOW,LOW,LOW,LOW,LOW,NO,KC1
LOW,LOW,LOW,LOW,LOW,LOW,LOW,LOW,NO,KC1
HIGH,HIGH,LOW,HIGH,HIGH,HIGH,HIGH,HIGH,NO,KC1
LOW,LOW,LOW,LOW,LOW,LOW,LOW,LOW,NO,KC1
LOW,LOW,LOW,LOW,LOW,LOW,LOW,LOW,NO,KC1
LOW,LOW,LOW,LOW,LOW,LOW,LOW,LOW,NO,KC1
LOW,LOW,LOW,MEDIUM,LOW,MEDIUM,LOW,LOW,NO,KC1
MEDIUM,HIGH,LOW,LOW,MEDIUM,MEDIUM,MEDIUM,HIGH,NO,KC1
LOW,LOW,LOW,LOW,LOW,LOW,LOW,LOW,NO,KC1
LOW,LOW,LOW,LOW,LOW,LOW,LOW,LOW,NO,KC1
MEDIUM,MEDIUM,LOW,MEDIUM,MEDIUM,MEDIUM,MEDIUM,MEDIUM,NO,KC1
LOW,LOW,LOW,LOW,LOW,LOW,LOW,LOW,NO,KC1
LOW,LOW,LOW,LOW,LOW,LOW,LOW,LOW,NO,KC1
LOW,LOW,LOW,LOW,LOW,LOW,LOW,LOW,NO,KC1
LOW,LOW,LOW,LOW,LOW,LOW,LOW,LOW,NO,KC1
LOW,LOW,LOW,LOW,LOW,LOW,LOW,LOW,NO,KC1
LOW,LOW,LOW,LOW,LOW,LOW,LOW,LOW,NO,KC1
LOW,LOW,LOW,LOW,LOW,LOW,LOW,LOW,NO,KC1
LOW,LOW,LOW,LOW,LOW,LOW,LOW,LOW,NO,KC1
LOW,LOW,LOW,LOW,LOW,LOW,LOW,LOW,NO,KC1
LOW,LOW,LOW,MEDIUM,MEDIUM,MEDIUM,MEDIUM,LOW,NO,KC1
MEDIUM,MEDIUM,LOW,MEDIUM,MEDIUM,HIGH,MEDIUM,MEDIUM,NO,KC1
LOW,LOW,LOW,LOW,LOW,LOW,LOW,LOW,NO,KC1
LOW,LOW,LOW,LOW,LOW,LOW,LOW,LOW,NO,KC1
LOW,LOW,LOW,LOW,LOW,LOW,LOW,LOW,NO,KC1
LOW,LOW,LOW,LOW,LOW,LOW,LOW,LOW,NO,KC1
LOW,LOW,LOW,LOW,LOW,LOW,LOW,LOW,NO,KC1
LOW,LOW,LOW,LOW,LOW,LOW,LOW,LOW,NO,KC1
LOW,LOW,LOW,LOW,LOW,LOW,LOW,LOW,NO,KC1
LOW,LOW,LOW,LOW,LOW,LOW,LOW,LOW,NO,KC1
LOW,LOW,LOW,LOW,LOW,LOW,LOW,LOW,NO,KC1
LOW,LOW,LOW,LOW,LOW,LOW,LOW,LOW,NO,KC1
LOW,LOW,LOW,LOW,LOW,LOW,LOW,LOW,NO,KC1
LOW,LOW,LOW,LOW,LOW,LOW,LOW,LOW,NO,KC1
LOW,LOW,LOW,LOW,LOW,LOW,LOW,LOW,NO,KC1
LOW,LOW,LOW,LOW,LOW,LOW,LOW,LOW,NO,KC1
HIGH,HIGH,HIGH,HIGH,HIGH,HIGH,HIGH,HIGH,NO,KC1
LOW,LOW,LOW,LOW,LOW,LOW,LOW,LOW,NO,KC1
LOW,LOW,LOW,LOW,LOW,LOW,LOW,LOW,NO,KC1
LOW,LOW,LOW,LOW,LOW,LOW,LOW,LOW,NO,KC1
LOW,LOW,LOW,LOW,LOW,LOW,LOW,LOW,NO,KC1
LOW,LOW,LOW,LOW,LOW,LOW,LOW,LOW,NO,KC1
LOW,LOW,LOW,LOW,LOW,LOW,LOW,LOW,NO,KC1
LOW,LOW,LOW,LOW,LOW,LOW,LOW,LOW,NO,KC1
LOW,LOW,LOW,LOW,LOW,LOW,LOW,LOW,NO,KC1
LOW,LOW,LOW,LOW,LOW,LOW,LOW,LOW,NO,KC1
LOW,LOW,LOW,LOW,LOW,LOW,LOW,LOW,NO,KC1
LOW,LOW,LOW,LOW,LOW,LOW,LOW,LOW,NO,KC1
LOW,LOW,LOW,LOW,LOW,LOW,LOW,LOW,NO,KC1
LOW,LOW,LOW,LOW,LOW,LOW,LOW,LOW,NO,KC1
LOW,LOW,LOW,LOW,LOW,LOW,LOW,LOW,NO,KC1
LOW,LOW,LOW,LOW,LOW,LOW,LOW,LOW,NO,KC1
LOW,LOW,LOW,LOW,LOW,LOW,LOW,LOW,NO,KC1
MEDIUM,MEDIUM,LOW,LOW,MEDIUM,HIGH,MEDIUM,MEDIUM,NO,KC1
LOW,LOW,LOW,LOW,LOW,LOW,LOW,LOW,NO,KC1
HIGH,HIGH,LOW,LOW,MEDIUM,MEDIUM,MEDIUM,MEDIUM,NO,KC1
LOW,LOW,LOW,LOW,LOW,LOW,LOW,LOW,NO,KC1
LOW,LOW,LOW,LOW,LOW,LOW,LOW,LOW,NO,KC1
LOW,LOW,LOW,LOW,LOW,LOW,LOW,LOW,NO,KC1
LOW,LOW,LOW,LOW,LOW,LOW,LOW,LOW,NO,KC1
LOW,LOW,LOW,LOW,LOW,LOW,LOW,LOW,NO,KC1
LOW,LOW,LOW,LOW,LOW,LOW,LOW,LOW,NO,KC1
LOW,LOW,LOW,LOW,LOW,LOW,LOW,LOW,NO,KC1
LOW,LOW,LOW,LOW,LOW,LOW,LOW,LOW,NO,KC1
LOW,LOW,LOW,LOW,LOW,LOW,LOW,LOW,NO,KC1
LOW,LOW,LOW,LOW,LOW,LOW,LOW,LOW,NO,KC1
LOW,LOW,LOW,LOW,LOW,LOW,LOW,LOW,NO,KC1
LOW,LOW,LOW,LOW,LOW,LOW,LOW,LOW,NO,KC1
LOW,LOW,LOW,LOW,LOW,LOW,LOW,LOW,NO,KC1
LOW,LOW,LOW,LOW,LOW,LOW,LOW,LOW,NO,KC1
MEDIUM,MEDIUM,LOW,MEDIUM,MEDIUM,LOW,MEDIUM,MEDIUM,NO,KC1
LOW,LOW,LOW,LOW,LOW,LOW,LOW,LOW,NO,KC1
MEDIUM,MEDIUM,LOW,MEDIUM,MEDIUM,MEDIUM,MEDIUM,MEDIUM,NO,KC1
LOW,LOW,LOW,LOW,LOW,LOW,LOW,LOW,NO,KC1
HIGH,HIGH,LOW,HIGH,HIGH,HIGH,HIGH,HIGH,NO,KC1
LOW,LOW,LOW,LOW,LOW,LOW,LOW,LOW,NO,KC1
LOW,LOW,LOW,LOW,LOW,LOW,LOW,LOW,NO,KC1
LOW,LOW,LOW,LOW,LOW,LOW,LOW,LOW,NO,KC1
HIGH,HIGH,HIGH,HIGH,HIGH,HIGH,HIGH,HIGH,NO,KC1
LOW,LOW,LOW,LOW,LOW,LOW,LOW,LOW,NO,KC1
LOW,LOW,LOW,LOW,LOW,LOW,LOW,LOW,NO,KC1
LOW,LOW,LOW,LOW,LOW,LOW,LOW,LOW,NO,KC1
LOW,LOW,LOW,LOW,LOW,LOW,LOW,LOW,NO,KC1
LOW,LOW,LOW,LOW,LOW,LOW,LOW,LOW,NO,KC1
HIGH,LOW,LOW,LOW,MEDIUM,MEDIUM,MEDIUM,LOW,NO,KC1
MEDIUM,MEDIUM,LOW,MEDIUM,MEDIUM,MEDIUM,MEDIUM,MEDIUM,NO,KC1
LOW,LOW,LOW,LOW,LOW,LOW,LOW,LOW,NO,KC1
LOW,LOW,LOW,LOW,LOW,LOW,LOW,LOW,NO,KC1
LOW,LOW,LOW,LOW,LOW,LOW,LOW,LOW,NO,KC1
LOW,LOW,LOW,LOW,LOW,LOW,LOW,LOW,NO,KC1
MEDIUM,LOW,LOW,MEDIUM,MEDIUM,MEDIUM,MEDIUM,LOW,NO,KC1
HIGH,MEDIUM,MEDIUM,HIGH,MEDIUM,MEDIUM,MEDIUM,MEDIUM,NO,KC1
MEDIUM,MEDIUM,LOW,LOW,LOW,MEDIUM,MEDIUM,MEDIUM,NO,KC1
MEDIUM,MEDIUM,LOW,MEDIUM,MEDIUM,MEDIUM,MEDIUM,MEDIUM,NO,KC1
MEDIUM,MEDIUM,LOW,MEDIUM,MEDIUM,MEDIUM,MEDIUM,MEDIUM,NO,KC1
MEDIUM,MEDIUM,LOW,MEDIUM,MEDIUM,MEDIUM,MEDIUM,MEDIUM,NO,KC1
LOW,LOW,LOW,LOW,LOW,LOW,LOW,LOW,NO,KC1
LOW,LOW,LOW,LOW,LOW,LOW,LOW,LOW,NO,KC1
LOW,LOW,LOW,LOW,LOW,LOW,LOW,LOW,NO,KC1
LOW,LOW,LOW,LOW,LOW,LOW,LOW,LOW,NO,KC1
LOW,LOW,LOW,LOW,LOW,LOW,LOW,LOW,NO,KC1
LOW,LOW,LOW,LOW,LOW,LOW,LOW,LOW,NO,KC1
MEDIUM,MEDIUM,MEDIUM,MEDIUM,MEDIUM,MEDIUM,MEDIUM,MEDIUM,NO,KC1
LOW,LOW,LOW,LOW,LOW,MEDIUM,MEDIUM,LOW,NO,KC1
HIGH,HIGH,LOW,HIGH,HIGH,MEDIUM,HIGH,HIGH,NO,KC1
LOW,LOW,LOW,LOW,LOW,LOW,LOW,LOW,NO,KC1
LOW,LOW,LOW,LOW,LOW,LOW,LOW,LOW,NO,KC1
HIGH,HIGH,HIGH,HIGH,HIGH,HIGH,HIGH,HIGH,NO,KC1
LOW,LOW,LOW,LOW,LOW,LOW,LOW,LOW,NO,KC1
LOW,LOW,LOW,LOW,LOW,LOW,LOW,LOW,NO,KC1
LOW,LOW,LOW,LOW,LOW,LOW,LOW,LOW,NO,KC1
MEDIUM,LOW,LOW,LOW,LOW,LOW,LOW,LOW,NO,KC1
LOW,LOW,LOW,LOW,LOW,LOW,LOW,LOW,NO,KC1
LOW,LOW,LOW,LOW,LOW,LOW,LOW,LOW,NO,KC1
LOW,LOW,LOW,LOW,LOW,LOW,LOW,LOW,NO,KC1
LOW,LOW,LOW,LOW,LOW,LOW,LOW,LOW,NO,KC1
LOW,LOW,LOW,LOW,LOW,LOW,LOW,LOW,NO,KC1
LOW,LOW,LOW,LOW,LOW,LOW,LOW,LOW,NO,KC1
LOW,LOW,LOW,LOW,LOW,LOW,LOW,LOW,NO,KC1
LOW,LOW,LOW,LOW,LOW,MEDIUM,MEDIUM,LOW,NO,KC1
LOW,LOW,LOW,LOW,LOW,LOW,LOW,LOW,NO,KC1
LOW,LOW,LOW,LOW,LOW,LOW,LOW,LOW,NO,KC1
LOW,LOW,LOW,LOW,LOW,LOW,LOW,LOW,NO,KC1
LOW,LOW,LOW,LOW,LOW,LOW,LOW,LOW,NO,KC1
LOW,LOW,LOW,LOW,LOW,LOW,LOW,LOW,NO,KC1
LOW,LOW,LOW,LOW,LOW,LOW,LOW,LOW,NO,KC1
LOW,LOW,LOW,LOW,LOW,LOW,LOW,LOW,NO,KC1
LOW,LOW,LOW,LOW,LOW,LOW,LOW,LOW,NO,KC1
MEDIUM,LOW,LOW,MEDIUM,MEDIUM,MEDIUM,MEDIUM,LOW,NO,KC1
MEDIUM,LOW,LOW,MEDIUM,MEDIUM,MEDIUM,MEDIUM,LOW,NO,KC1
LOW,LOW,LOW,LOW,LOW,LOW,LOW,LOW,NO,KC1
LOW,LOW,LOW,LOW,LOW,LOW,LOW,LOW,NO,KC1
HIGH,HIGH,HIGH,HIGH,HIGH,HIGH,HIGH,HIGH,NO,KC1
LOW,LOW,LOW,LOW,LOW,LOW,LOW,LOW,NO,KC1
LOW,LOW,LOW,LOW,LOW,LOW,LOW,LOW,NO,KC1
LOW,LOW,LOW,LOW,LOW,LOW,LOW,LOW,NO,KC1
LOW,LOW,LOW,LOW,LOW,LOW,LOW,LOW,NO,KC1
MEDIUM,LOW,LOW,MEDIUM,MEDIUM,MEDIUM,MEDIUM,LOW,NO,KC1
HIGH,MEDIUM,MEDIUM,HIGH,HIGH,HIGH,HIGH,MEDIUM,NO,KC1
LOW,LOW,LOW,LOW,LOW,MEDIUM,LOW,LOW,NO,KC1
LOW,LOW,LOW,LOW,LOW,MEDIUM,MEDIUM,LOW,NO,KC1
MEDIUM,LOW,LOW,MEDIUM,MEDIUM,MEDIUM,MEDIUM,LOW,NO,KC1
LOW,LOW,LOW,LOW,LOW,LOW,LOW,LOW,NO,KC1
HIGH,HIGH,LOW,HIGH,HIGH,HIGH,HIGH,HIGH,NO,KC1
LOW,LOW,LOW,LOW,LOW,LOW,LOW,LOW,NO,KC1
LOW,LOW,LOW,LOW,LOW,LOW,LOW,LOW,NO,KC1
LOW,LOW,LOW,LOW,LOW,LOW,LOW,LOW,NO,KC1
LOW,LOW,LOW,LOW,LOW,LOW,LOW,LOW,NO,KC1
LOW,LOW,LOW,LOW,LOW,LOW,LOW,LOW,NO,KC1
LOW,LOW,MEDIUM,MEDIUM,LOW,LOW,LOW,LOW,NO,KC1
HIGH,HIGH,LOW,HIGH,HIGH,MEDIUM,HIGH,HIGH,NO,KC1
HIGH,HIGH,LOW,MEDIUM,HIGH,MEDIUM,HIGH,HIGH,NO,KC1
HIGH,HIGH,HIGH,HIGH,HIGH,HIGH,HIGH,HIGH,NO,KC1
HIGH,HIGH,HIGH,HIGH,HIGH,HIGH,HIGH,HIGH,NO,KC1
LOW,LOW,LOW,LOW,MEDIUM,LOW,LOW,LOW,NO,KC1
LOW,LOW,LOW,LOW,LOW,LOW,LOW,LOW,NO,KC1
LOW,LOW,LOW,LOW,LOW,LOW,LOW,LOW,NO,KC1
LOW,LOW,LOW,LOW,LOW,LOW,LOW,LOW,NO,KC1
LOW,LOW,LOW,LOW,LOW,LOW,LOW,LOW,NO,KC1
LOW,LOW,LOW,LOW,LOW,LOW,LOW,LOW,NO,KC1
LOW,LOW,LOW,LOW,MEDIUM,MEDIUM,MEDIUM,LOW,NO,KC1
LOW,LOW,LOW,LOW,LOW,MEDIUM,MEDIUM,LOW,NO,KC1
LOW,LOW,LOW,LOW,LOW,LOW,LOW,LOW,NO,KC1
LOW,LOW,LOW,LOW,LOW,LOW,LOW,LOW,NO,KC1
LOW,LOW,LOW,LOW,LOW,LOW,LOW,LOW,NO,KC1
LOW,LOW,LOW,LOW,LOW,LOW,LOW,LOW,NO,KC1
LOW,LOW,LOW,LOW,LOW,LOW,LOW,LOW,NO,KC1
LOW,LOW,LOW,LOW,LOW,LOW,LOW,LOW,NO,KC1
LOW,LOW,LOW,LOW,LOW,LOW,LOW,LOW,NO,KC1
LOW,LOW,LOW,LOW,LOW,LOW,LOW,LOW,NO,KC1
LOW,LOW,LOW,LOW,LOW,LOW,LOW,LOW,NO,KC1
LOW,LOW,LOW,LOW,LOW,LOW,LOW,LOW,NO,KC1
LOW,LOW,LOW,LOW,LOW,LOW,LOW,LOW,NO,KC1
LOW,LOW,LOW,LOW,LOW,LOW,LOW,LOW,NO,KC1
LOW,LOW,LOW,LOW,LOW,LOW,LOW,LOW,NO,KC1
LOW,LOW,LOW,MEDIUM,LOW,LOW,LOW,LOW,NO,KC1
LOW,LOW,LOW,LOW,LOW,LOW,LOW,LOW,NO,KC1
HIGH,MEDIUM,LOW,LOW,MEDIUM,MEDIUM,MEDIUM,MEDIUM,NO,KC1
LOW,LOW,LOW,LOW,LOW,LOW,LOW,LOW,NO,KC1
LOW,LOW,LOW,LOW,LOW,LOW,LOW,LOW,NO,KC1
LOW,LOW,LOW,LOW,LOW,LOW,LOW,LOW,NO,KC1
LOW,LOW,LOW,LOW,LOW,LOW,LOW,LOW,NO,KC1
MEDIUM,MEDIUM,LOW,MEDIUM,MEDIUM,LOW,LOW,MEDIUM,NO,KC1
LOW,LOW,LOW,LOW,LOW,LOW,LOW,LOW,NO,KC1
LOW,LOW,LOW,MEDIUM,LOW,MEDIUM,MEDIUM,LOW,NO,KC1
LOW,LOW,LOW,LOW,LOW,LOW,LOW,LOW,NO,KC1
LOW,LOW,LOW,LOW,LOW,LOW,LOW,LOW,NO,KC1
MEDIUM,MEDIUM,LOW,LOW,LOW,LOW,LOW,LOW,NO,KC1
LOW,LOW,LOW,MEDIUM,LOW,MEDIUM,MEDIUM,LOW,NO,KC1
LOW,MEDIUM,LOW,LOW,LOW,MEDIUM,LOW,LOW,NO,KC1
LOW,LOW,LOW,LOW,LOW,LOW,LOW,LOW,NO,KC1
LOW,LOW,LOW,LOW,LOW,LOW,LOW,LOW,NO,KC1
LOW,LOW,LOW,LOW,LOW,LOW,LOW,LOW,NO,KC1
LOW,LOW,LOW,LOW,LOW,LOW,LOW,LOW,NO,KC1
LOW,LOW,LOW,LOW,LOW,LOW,LOW,LOW,NO,KC1
LOW,LOW,LOW,LOW,LOW,LOW,LOW,LOW,NO,KC1
LOW,LOW,LOW,LOW,LOW,LOW,LOW,LOW,NO,KC1
LOW,LOW,LOW,LOW,LOW,LOW,LOW,LOW,NO,KC1
LOW,LOW,LOW,LOW,LOW,LOW,LOW,LOW,NO,KC1
LOW,LOW,LOW,LOW,LOW,LOW,LOW,LOW,NO,KC1
LOW,LOW,LOW,LOW,LOW,LOW,LOW,LOW,NO,KC1
LOW,LOW,LOW,LOW,LOW,LOW,LOW,LOW,NO,KC1
LOW,LOW,LOW,LOW,LOW,LOW,LOW,LOW,NO,KC1
LOW,LOW,LOW,LOW,LOW,LOW,LOW,LOW,NO,KC1
LOW,LOW,LOW,LOW,LOW,LOW,LOW,LOW,NO,KC1
LOW,LOW,LOW,LOW,LOW,LOW,LOW,LOW,NO,KC1
LOW,LOW,LOW,LOW,LOW,LOW,LOW,LOW,NO,KC1
MEDIUM,LOW,LOW,LOW,LOW,LOW,LOW,LOW,NO,KC1
LOW,LOW,LOW,LOW,LOW,LOW,LOW,LOW,NO,KC1
LOW,LOW,LOW,LOW,LOW,LOW,LOW,LOW,NO,KC1
LOW,LOW,LOW,LOW,LOW,LOW,LOW,LOW,NO,KC1
LOW,LOW,LOW,LOW,LOW,LOW,LOW,LOW,NO,KC1
HIGH,HIGH,LOW,HIGH,HIGH,HIGH,HIGH,HIGH,NO,KC1
MEDIUM,MEDIUM,MEDIUM,MEDIUM,MEDIUM,MEDIUM,MEDIUM,MEDIUM,NO,KC1
MEDIUM,HIGH,HIGH,LOW,MEDIUM,MEDIUM,MEDIUM,HIGH,NO,KC1
LOW,LOW,LOW,LOW,LOW,LOW,LOW,LOW,NO,KC1
MEDIUM,LOW,LOW,LOW,LOW,LOW,LOW,LOW,NO,KC1
LOW,LOW,LOW,LOW,LOW,LOW,LOW,LOW,NO,KC1
MEDIUM,LOW,LOW,LOW,LOW,LOW,LOW,LOW,NO,KC1
MEDIUM,HIGH,HIGH,LOW,HIGH,MEDIUM,HIGH,HIGH,NO,KC1
LOW,LOW,LOW,LOW,LOW,LOW,LOW,LOW,NO,KC1
LOW,LOW,LOW,LOW,LOW,LOW,LOW,LOW,NO,KC1
LOW,LOW,LOW,LOW,LOW,LOW,LOW,LOW,NO,KC1
HIGH,MEDIUM,HIGH,HIGH,MEDIUM,MEDIUM,MEDIUM,MEDIUM,NO,KC1
HIGH,HIGH,HIGH,HIGH,HIGH,HIGH,HIGH,HIGH,NO,KC1
HIGH,HIGH,HIGH,HIGH,MEDIUM,MEDIUM,MEDIUM,HIGH,NO,KC1
MEDIUM,MEDIUM,LOW,MEDIUM,MEDIUM,LOW,MEDIUM,MEDIUM,NO,KC1
MEDIUM,LOW,LOW,LOW,MEDIUM,MEDIUM,MEDIUM,LOW,NO,KC1
HIGH,HIGH,HIGH,HIGH,HIGH,HIGH,HIGH,HIGH,NO,KC1
HIGH,HIGH,HIGH,HIGH,HIGH,HIGH,HIGH,HIGH,NO,KC1
HIGH,MEDIUM,LOW,HIGH,HIGH,MEDIUM,MEDIUM,MEDIUM,NO,KC1
LOW,LOW,LOW,LOW,LOW,LOW,LOW,LOW,NO,KC1
HIGH,HIGH,MEDIUM,HIGH,HIGH,MEDIUM,HIGH,HIGH,NO,KC1
MEDIUM,LOW,LOW,LOW,HIGH,LOW,MEDIUM,LOW,NO,KC1
LOW,LOW,LOW,LOW,LOW,LOW,LOW,LOW,NO,KC1
LOW,LOW,LOW,LOW,LOW,LOW,LOW,LOW,NO,KC1
LOW,LOW,LOW,LOW,LOW,LOW,LOW,LOW,NO,KC1
MEDIUM,LOW,LOW,MEDIUM,MEDIUM,MEDIUM,MEDIUM,LOW,NO,KC1
LOW,LOW,LOW,LOW,LOW,LOW,LOW,LOW,NO,KC1
LOW,LOW,LOW,LOW,LOW,LOW,LOW,LOW,NO,KC1
LOW,LOW,LOW,LOW,LOW,LOW,LOW,LOW,NO,KC1
LOW,LOW,LOW,LOW,LOW,LOW,LOW,LOW,NO,KC1
LOW,LOW,LOW,LOW,LOW,LOW,LOW,LOW,NO,KC1
LOW,LOW,LOW,LOW,LOW,LOW,LOW,LOW,NO,KC1
LOW,LOW,LOW,LOW,LOW,LOW,LOW,LOW,NO,KC1
LOW,LOW,LOW,LOW,LOW,LOW,LOW,LOW,NO,KC1
LOW,LOW,LOW,LOW,LOW,LOW,LOW,LOW,NO,KC1
LOW,LOW,LOW,LOW,LOW,LOW,LOW,LOW,NO,KC1
LOW,LOW,LOW,LOW,LOW,LOW,LOW,LOW,NO,KC1
LOW,LOW,LOW,LOW,LOW,LOW,LOW,LOW,NO,KC1
LOW,LOW,LOW,LOW,LOW,LOW,LOW,LOW,NO,KC1
LOW,LOW,LOW,LOW,LOW,LOW,LOW,LOW,NO,KC1
LOW,LOW,LOW,LOW,LOW,LOW,LOW,LOW,NO,KC1
LOW,LOW,LOW,LOW,LOW,LOW,LOW,LOW,NO,KC1
LOW,LOW,LOW,LOW,LOW,LOW,LOW,LOW,NO,KC1
LOW,LOW,LOW,LOW,LOW,LOW,LOW,LOW,NO,KC1
LOW,LOW,LOW,LOW,LOW,LOW,LOW,LOW,NO,KC1
LOW,LOW,LOW,LOW,LOW,LOW,LOW,LOW,NO,KC1
MEDIUM,LOW,LOW,MEDIUM,MEDIUM,MEDIUM,MEDIUM,LOW,NO,KC1
LOW,LOW,LOW,LOW,LOW,LOW,LOW,LOW,NO,KC1
LOW,LOW,LOW,LOW,LOW,LOW,LOW,LOW,NO,KC1
LOW,LOW,LOW,LOW,LOW,LOW,LOW,LOW,NO,KC1
LOW,LOW,LOW,LOW,LOW,LOW,LOW,LOW,NO,KC1
LOW,LOW,LOW,LOW,LOW,LOW,LOW,LOW,NO,KC1
LOW,LOW,LOW,LOW,LOW,LOW,LOW,LOW,NO,KC1
HIGH,HIGH,LOW,HIGH,HIGH,HIGH,HIGH,HIGH,NO,KC1
LOW,LOW,LOW,LOW,LOW,LOW,LOW,LOW,NO,KC1
LOW,LOW,LOW,LOW,LOW,LOW,LOW,LOW,NO,KC1
LOW,LOW,LOW,LOW,LOW,LOW,LOW,LOW,NO,KC1
LOW,LOW,LOW,LOW,LOW,LOW,LOW,LOW,NO,KC1
MEDIUM,MEDIUM,LOW,LOW,MEDIUM,MEDIUM,MEDIUM,MEDIUM,NO,KC1
LOW,LOW,LOW,LOW,LOW,LOW,LOW,LOW,NO,KC1
LOW,LOW,LOW,LOW,LOW,LOW,LOW,LOW,NO,KC1
LOW,LOW,LOW,LOW,LOW,LOW,LOW,LOW,NO,KC1
HIGH,HIGH,HIGH,HIGH,HIGH,MEDIUM,HIGH,HIGH,NO,KC1
HIGH,HIGH,HIGH,HIGH,HIGH,HIGH,HIGH,HIGH,NO,KC1
HIGH,HIGH,HIGH,HIGH,HIGH,HIGH,HIGH,HIGH,NO,KC1
LOW,LOW,LOW,LOW,LOW,LOW,LOW,LOW,NO,KC1
LOW,LOW,LOW,LOW,LOW,LOW,LOW,LOW,NO,KC1
LOW,LOW,LOW,LOW,LOW,LOW,LOW,LOW,NO,KC1
LOW,LOW,LOW,LOW,LOW,LOW,LOW,LOW,NO,KC1
MEDIUM,LOW,LOW,LOW,MEDIUM,LOW,LOW,LOW,NO,KC1
MEDIUM,LOW,LOW,MEDIUM,MEDIUM,LOW,MEDIUM,LOW,NO,KC1
LOW,LOW,LOW,LOW,LOW,LOW,LOW,LOW,NO,KC1
HIGH,MEDIUM,MEDIUM,MEDIUM,HIGH,HIGH,HIGH,MEDIUM,NO,KC1
LOW,LOW,MEDIUM,LOW,LOW,MEDIUM,LOW,LOW,NO,KC1
LOW,LOW,LOW,LOW,LOW,LOW,LOW,LOW,NO,KC1
HIGH,HIGH,HIGH,MEDIUM,HIGH,HIGH,HIGH,HIGH,NO,KC1
LOW,LOW,LOW,LOW,LOW,LOW,LOW,LOW,NO,KC1
LOW,LOW,MEDIUM,LOW,LOW,LOW,LOW,LOW,NO,KC1
LOW,LOW,LOW,LOW,LOW,LOW,LOW,LOW,NO,KC1
LOW,LOW,LOW,LOW,LOW,LOW,LOW,LOW,NO,KC1
LOW,LOW,LOW,LOW,LOW,LOW,LOW,LOW,NO,KC1
LOW,LOW,LOW,LOW,LOW,LOW,LOW,LOW,NO,KC1
MEDIUM,LOW,MEDIUM,LOW,MEDIUM,MEDIUM,MEDIUM,LOW,NO,KC1
LOW,LOW,LOW,LOW,LOW,LOW,LOW,LOW,NO,KC1
MEDIUM,LOW,MEDIUM,MEDIUM,MEDIUM,MEDIUM,MEDIUM,LOW,NO,KC1
LOW,MEDIUM,HIGH,LOW,LOW,HIGH,MEDIUM,MEDIUM,NO,KC1
LOW,LOW,LOW,LOW,LOW,MEDIUM,LOW,LOW,NO,KC1
MEDIUM,HIGH,HIGH,HIGH,HIGH,MEDIUM,MEDIUM,HIGH,NO,KC1
LOW,LOW,LOW,LOW,LOW,LOW,LOW,LOW,NO,KC1
LOW,LOW,LOW,LOW,LOW,LOW,LOW,LOW,NO,KC1
LOW,LOW,LOW,LOW,LOW,LOW,LOW,LOW,NO,KC1
LOW,LOW,LOW,LOW,LOW,LOW,LOW,LOW,NO,KC1
LOW,LOW,LOW,LOW,LOW,LOW,LOW,LOW,NO,KC1
LOW,LOW,LOW,LOW,LOW,LOW,LOW,LOW,NO,KC1
HIGH,HIGH,HIGH,HIGH,HIGH,HIGH,HIGH,HIGH,NO,KC1
HIGH,HIGH,HIGH,HIGH,HIGH,HIGH,HIGH,HIGH,NO,KC1
LOW,LOW,LOW,LOW,LOW,LOW,LOW,LOW,NO,KC1
LOW,LOW,LOW,LOW,LOW,LOW,LOW,LOW,NO,KC1
LOW,LOW,LOW,LOW,LOW,LOW,LOW,LOW,NO,KC1
MEDIUM,LOW,LOW,LOW,HIGH,MEDIUM,HIGH,LOW,NO,KC1
LOW,LOW,LOW,LOW,LOW,LOW,LOW,LOW,NO,KC1
LOW,LOW,LOW,LOW,LOW,LOW,LOW,LOW,NO,KC1
HIGH,HIGH,LOW,HIGH,MEDIUM,MEDIUM,MEDIUM,HIGH,NO,KC1
LOW,LOW,LOW,LOW,LOW,LOW,LOW,LOW,NO,KC1
MEDIUM,MEDIUM,HIGH,HIGH,HIGH,HIGH,HIGH,MEDIUM,NO,KC1
LOW,LOW,LOW,LOW,LOW,LOW,LOW,LOW,NO,KC1
LOW,LOW,LOW,LOW,LOW,LOW,LOW,LOW,NO,KC1
LOW,LOW,LOW,LOW,LOW,LOW,LOW,LOW,NO,KC1
LOW,LOW,LOW,LOW,LOW,LOW,LOW,LOW,NO,KC1
HIGH,HIGH,HIGH,HIGH,HIGH,HIGH,HIGH,HIGH,NO,KC1
HIGH,HIGH,HIGH,HIGH,HIGH,HIGH,HIGH,HIGH,NO,KC1
HIGH,HIGH,HIGH,HIGH,HIGH,HIGH,HIGH,HIGH,NO,KC1
HIGH,HIGH,HIGH,HIGH,HIGH,HIGH,HIGH,HIGH,NO,KC1
LOW,LOW,LOW,LOW,LOW,LOW,LOW,LOW,NO,KC1
LOW,LOW,LOW,LOW,LOW,LOW,LOW,LOW,NO,KC1
LOW,LOW,LOW,LOW,LOW,LOW,LOW,LOW,NO,KC1
LOW,LOW,LOW,LOW,LOW,LOW,LOW,LOW,NO,KC1
LOW,LOW,LOW,LOW,LOW,LOW,LOW,LOW,NO,KC1
MEDIUM,LOW,LOW,LOW,LOW,LOW,LOW,LOW,NO,KC1
LOW,LOW,LOW,LOW,LOW,LOW,LOW,LOW,NO,KC1
MEDIUM,LOW,LOW,LOW,LOW,LOW,LOW,LOW,NO,KC1
MEDIUM,LOW,LOW,LOW,LOW,LOW,LOW,LOW,NO,KC1
HIGH,LOW,LOW,MEDIUM,LOW,LOW,LOW,LOW,NO,KC1
LOW,LOW,LOW,LOW,LOW,LOW,LOW,LOW,NO,KC1
MEDIUM,LOW,LOW,LOW,LOW,LOW,LOW,LOW,NO,KC1
HIGH,HIGH,HIGH,MEDIUM,HIGH,MEDIUM,HIGH,HIGH,NO,KC1
LOW,LOW,LOW,LOW,LOW,LOW,LOW,LOW,NO,KC1
MEDIUM,LOW,LOW,MEDIUM,MEDIUM,MEDIUM,MEDIUM,LOW,NO,KC1
MEDIUM,LOW,LOW,LOW,LOW,LOW,LOW,LOW,NO,KC1
MEDIUM,LOW,LOW,LOW,LOW,LOW,LOW,LOW,NO,KC1
LOW,LOW,LOW,LOW,LOW,LOW,LOW,LOW,NO,KC1
MEDIUM,LOW,LOW,LOW,MEDIUM,LOW,LOW,LOW,NO,KC1
LOW,LOW,LOW,LOW,LOW,LOW,LOW,LOW,NO,KC1
LOW,LOW,LOW,LOW,LOW,LOW,LOW,LOW,NO,KC1
LOW,LOW,LOW,LOW,LOW,LOW,LOW,LOW,NO,KC1
LOW,LOW,LOW,LOW,LOW,LOW,LOW,LOW,NO,KC1
LOW,LOW,LOW,LOW,LOW,LOW,LOW,LOW,NO,KC1
LOW,LOW,LOW,LOW,LOW,LOW,LOW,LOW,NO,KC1
LOW,LOW,LOW,LOW,LOW,LOW,LOW,LOW,NO,KC1
LOW,LOW,LOW,LOW,LOW,LOW,LOW,LOW,NO,KC1
LOW,LOW,LOW,LOW,LOW,LOW,LOW,LOW,NO,KC1
LOW,LOW,LOW,LOW,LOW,LOW,LOW,LOW,NO,KC1
HIGH,HIGH,LOW,HIGH,HIGH,HIGH,HIGH,HIGH,NO,KC1
LOW,LOW,LOW,LOW,LOW,LOW,LOW,LOW,NO,KC1
MEDIUM,LOW,LOW,LOW,LOW,LOW,LOW,LOW,NO,KC1
LOW,LOW,LOW,LOW,LOW,LOW,LOW,LOW,NO,KC1
MEDIUM,LOW,LOW,LOW,LOW,LOW,LOW,LOW,NO,KC1
LOW,LOW,LOW,LOW,LOW,LOW,LOW,LOW,NO,KC1
LOW,LOW,LOW,LOW,LOW,LOW,LOW,LOW,NO,KC1
LOW,LOW,LOW,LOW,LOW,LOW,LOW,LOW,NO,KC1
LOW,LOW,LOW,LOW,LOW,LOW,LOW,LOW,NO,KC1
LOW,LOW,LOW,LOW,LOW,LOW,LOW,LOW,NO,KC1
LOW,LOW,LOW,LOW,LOW,LOW,LOW,LOW,NO,KC1
LOW,LOW,LOW,LOW,LOW,LOW,LOW,LOW,NO,KC1
LOW,LOW,LOW,LOW,LOW,LOW,LOW,LOW,NO,KC1
LOW,LOW,LOW,LOW,LOW,LOW,LOW,LOW,NO,KC1
LOW,LOW,LOW,LOW,LOW,LOW,LOW,LOW,NO,KC1
LOW,LOW,LOW,LOW,LOW,LOW,LOW,LOW,NO,KC1
MEDIUM,LOW,LOW,MEDIUM,LOW,LOW,LOW,LOW,NO,KC1
HIGH,MEDIUM,MEDIUM,MEDIUM,MEDIUM,MEDIUM,MEDIUM,MEDIUM,NO,KC1
LOW,LOW,LOW,LOW,LOW,LOW,LOW,LOW,NO,KC1
LOW,LOW,LOW,LOW,LOW,LOW,LOW,LOW,NO,KC1
LOW,LOW,LOW,LOW,LOW,LOW,LOW,LOW,NO,KC1
LOW,LOW,LOW,LOW,LOW,LOW,LOW,LOW,NO,KC1
MEDIUM,LOW,LOW,LOW,LOW,LOW,LOW,LOW,NO,KC1
LOW,LOW,LOW,LOW,LOW,LOW,LOW,LOW,NO,KC1
MEDIUM,LOW,LOW,LOW,MEDIUM,LOW,MEDIUM,LOW,NO,KC1
MEDIUM,LOW,LOW,LOW,LOW,LOW,LOW,LOW,NO,KC1
MEDIUM,LOW,LOW,LOW,MEDIUM,LOW,MEDIUM,LOW,NO,KC1
LOW,LOW,LOW,LOW,LOW,LOW,LOW,LOW,NO,KC1
MEDIUM,LOW,LOW,LOW,MEDIUM,LOW,MEDIUM,LOW,NO,KC1
MEDIUM,LOW,LOW,LOW,LOW,LOW,LOW,LOW,NO,KC1
MEDIUM,LOW,LOW,LOW,LOW,LOW,LOW,LOW,NO,KC1
LOW,LOW,LOW,LOW,LOW,LOW,LOW,LOW,NO,KC1
MEDIUM,LOW,LOW,LOW,MEDIUM,LOW,LOW,LOW,NO,KC1
MEDIUM,LOW,LOW,LOW,MEDIUM,LOW,MEDIUM,LOW,NO,KC1
LOW,LOW,LOW,LOW,LOW,LOW,LOW,LOW,NO,KC1
MEDIUM,LOW,LOW,LOW,MEDIUM,LOW,MEDIUM,LOW,NO,KC1
LOW,LOW,LOW,LOW,LOW,LOW,LOW,LOW,NO,KC1
LOW,LOW,LOW,LOW,LOW,LOW,LOW,LOW,NO,KC1
LOW,LOW,LOW,LOW,LOW,LOW,LOW,LOW,NO,KC1
LOW,LOW,LOW,LOW,LOW,LOW,LOW,LOW,NO,KC1
LOW,LOW,LOW,LOW,LOW,LOW,LOW,LOW,NO,KC1
LOW,LOW,LOW,LOW,LOW,LOW,LOW,LOW,NO,KC1
LOW,LOW,LOW,LOW,LOW,LOW,LOW,LOW,NO,KC1
LOW,LOW,LOW,LOW,LOW,LOW,LOW,LOW,NO,KC1
LOW,LOW,LOW,MEDIUM,LOW,LOW,LOW,LOW,NO,KC1
LOW,LOW,LOW,LOW,LOW,LOW,LOW,LOW,NO,KC1
LOW,LOW,LOW,LOW,LOW,LOW,LOW,LOW,NO,KC1
LOW,LOW,LOW,LOW,LOW,LOW,LOW,LOW,NO,KC1
LOW,LOW,LOW,MEDIUM,LOW,LOW,LOW,LOW,NO,KC1
LOW,LOW,LOW,LOW,LOW,LOW,LOW,LOW,NO,KC1
LOW,LOW,LOW,LOW,LOW,LOW,LOW,LOW,NO,KC1
HIGH,HIGH,LOW,HIGH,HIGH,MEDIUM,HIGH,HIGH,NO,KC1
HIGH,MEDIUM,LOW,HIGH,HIGH,MEDIUM,HIGH,MEDIUM,NO,KC1
MEDIUM,LOW,LOW,LOW,MEDIUM,LOW,MEDIUM,LOW,NO,KC1
LOW,LOW,MEDIUM,MEDIUM,LOW,LOW,LOW,LOW,NO,KC1
MEDIUM,HIGH,HIGH,HIGH,MEDIUM,MEDIUM,MEDIUM,HIGH,NO,KC1
MEDIUM,LOW,LOW,MEDIUM,MEDIUM,MEDIUM,MEDIUM,LOW,NO,KC1
LOW,LOW,LOW,LOW,LOW,LOW,LOW,LOW,NO,KC1
HIGH,HIGH,HIGH,HIGH,HIGH,HIGH,HIGH,HIGH,NO,KC1
LOW,LOW,LOW,LOW,LOW,LOW,LOW,LOW,NO,KC1
HIGH,HIGH,HIGH,HIGH,HIGH,HIGH,HIGH,HIGH,NO,KC1
LOW,LOW,LOW,LOW,LOW,LOW,LOW,LOW,NO,KC1
LOW,LOW,LOW,LOW,LOW,LOW,LOW,LOW,NO,KC1
LOW,LOW,LOW,LOW,LOW,LOW,LOW,LOW,NO,KC1
LOW,LOW,LOW,LOW,LOW,LOW,LOW,LOW,NO,KC1
LOW,LOW,LOW,LOW,LOW,LOW,LOW,LOW,NO,KC1
LOW,LOW,LOW,LOW,LOW,LOW,LOW,LOW,NO,KC1
MEDIUM,MEDIUM,MEDIUM,MEDIUM,MEDIUM,MEDIUM,MEDIUM,MEDIUM,NO,KC1
HIGH,HIGH,LOW,HIGH,HIGH,MEDIUM,HIGH,HIGH,NO,KC1
LOW,LOW,MEDIUM,MEDIUM,LOW,LOW,LOW,LOW,NO,KC1
LOW,LOW,LOW,LOW,LOW,LOW,LOW,LOW,NO,KC1
LOW,LOW,LOW,LOW,LOW,LOW,LOW,LOW,NO,KC1
MEDIUM,MEDIUM,HIGH,HIGH,MEDIUM,MEDIUM,MEDIUM,MEDIUM,NO,KC1
HIGH,HIGH,HIGH,HIGH,HIGH,HIGH,HIGH,HIGH,NO,KC1
MEDIUM,LOW,LOW,LOW,MEDIUM,MEDIUM,MEDIUM,LOW,NO,KC1
HIGH,MEDIUM,MEDIUM,HIGH,MEDIUM,MEDIUM,MEDIUM,MEDIUM,NO,KC1
LOW,LOW,LOW,LOW,LOW,LOW,LOW,LOW,NO,KC1
LOW,LOW,LOW,LOW,LOW,LOW,LOW,LOW,NO,KC1
LOW,LOW,LOW,LOW,LOW,LOW,LOW,LOW,NO,KC1
LOW,LOW,LOW,LOW,LOW,LOW,LOW,LOW,NO,KC1
LOW,LOW,LOW,LOW,LOW,LOW,LOW,LOW,NO,KC1
MEDIUM,MEDIUM,MEDIUM,HIGH,MEDIUM,MEDIUM,MEDIUM,MEDIUM,NO,KC1
LOW,LOW,LOW,LOW,LOW,LOW,LOW,LOW,NO,KC1
LOW,LOW,LOW,LOW,LOW,LOW,LOW,LOW,NO,KC1
LOW,LOW,LOW,LOW,LOW,LOW,LOW,LOW,NO,KC1
MEDIUM,MEDIUM,MEDIUM,MEDIUM,MEDIUM,MEDIUM,MEDIUM,MEDIUM,NO,KC1
LOW,LOW,LOW,LOW,LOW,LOW,LOW,LOW,NO,KC1
LOW,LOW,LOW,LOW,LOW,LOW,LOW,LOW,NO,KC1
MEDIUM,MEDIUM,MEDIUM,HIGH,MEDIUM,MEDIUM,MEDIUM,MEDIUM,NO,KC1
LOW,LOW,LOW,LOW,LOW,LOW,LOW,LOW,NO,KC1
LOW,LOW,LOW,LOW,LOW,LOW,LOW,LOW,NO,KC1
LOW,LOW,LOW,LOW,LOW,LOW,LOW,LOW,NO,KC1
MEDIUM,MEDIUM,MEDIUM,MEDIUM,MEDIUM,MEDIUM,MEDIUM,MEDIUM,NO,KC1
LOW,LOW,LOW,LOW,LOW,LOW,LOW,LOW,NO,KC1
LOW,LOW,LOW,MEDIUM,LOW,MEDIUM,LOW,LOW,NO,KC1
LOW,LOW,LOW,LOW,LOW,LOW,LOW,LOW,NO,KC1
LOW,LOW,LOW,LOW,LOW,LOW,LOW,LOW,NO,KC1
MEDIUM,LOW,LOW,LOW,MEDIUM,LOW,MEDIUM,LOW,NO,KC1
LOW,LOW,LOW,LOW,LOW,LOW,LOW,LOW,NO,KC1
LOW,LOW,LOW,LOW,LOW,LOW,LOW,LOW,NO,KC1
LOW,LOW,LOW,LOW,LOW,LOW,LOW,LOW,NO,KC1
HIGH,HIGH,HIGH,HIGH,HIGH,HIGH,HIGH,HIGH,NO,KC1
LOW,LOW,LOW,LOW,LOW,LOW,LOW,LOW,NO,KC1
LOW,LOW,LOW,LOW,LOW,LOW,LOW,LOW,NO,KC1
LOW,LOW,LOW,LOW,LOW,LOW,LOW,LOW,NO,KC1
LOW,LOW,LOW,LOW,LOW,LOW,LOW,LOW,NO,KC1
LOW,LOW,LOW,LOW,LOW,LOW,LOW,LOW,NO,KC1
LOW,LOW,LOW,LOW,LOW,LOW,LOW,LOW,NO,KC1
LOW,LOW,LOW,LOW,LOW,LOW,LOW,LOW,NO,KC1
LOW,LOW,LOW,LOW,LOW,LOW,LOW,LOW,NO,KC1
LOW,LOW,LOW,LOW,LOW,LOW,LOW,LOW,NO,KC1
LOW,LOW,LOW,LOW,LOW,LOW,LOW,LOW,NO,KC1
LOW,LOW,LOW,LOW,LOW,LOW,LOW,LOW,NO,KC1
LOW,LOW,LOW,LOW,LOW,LOW,LOW,LOW,NO,KC1
LOW,LOW,LOW,LOW,LOW,LOW,LOW,LOW,NO,KC1
MEDIUM,LOW,LOW,MEDIUM,MEDIUM,MEDIUM,MEDIUM,LOW,NO,KC1
MEDIUM,LOW,LOW,MEDIUM,MEDIUM,MEDIUM,MEDIUM,LOW,NO,KC1
MEDIUM,LOW,LOW,MEDIUM,MEDIUM,MEDIUM,MEDIUM,LOW,NO,KC1
MEDIUM,LOW,LOW,MEDIUM,MEDIUM,MEDIUM,MEDIUM,LOW,NO,KC1
MEDIUM,LOW,LOW,MEDIUM,MEDIUM,MEDIUM,MEDIUM,LOW,NO,KC1
LOW,LOW,LOW,LOW,LOW,LOW,LOW,LOW,NO,KC1
LOW,LOW,LOW,LOW,LOW,LOW,LOW,LOW,NO,KC1
LOW,LOW,LOW,LOW,LOW,LOW,LOW,LOW,NO,KC1
LOW,LOW,LOW,LOW,LOW,LOW,LOW,LOW,NO,KC1
LOW,LOW,LOW,LOW,LOW,LOW,LOW,LOW,NO,KC1
LOW,LOW,LOW,LOW,LOW,LOW,LOW,LOW,NO,KC1
HIGH,MEDIUM,MEDIUM,MEDIUM,MEDIUM,MEDIUM,MEDIUM,MEDIUM,NO,KC1
HIGH,MEDIUM,MEDIUM,MEDIUM,MEDIUM,MEDIUM,MEDIUM,MEDIUM,NO,KC1
HIGH,MEDIUM,MEDIUM,HIGH,MEDIUM,MEDIUM,MEDIUM,MEDIUM,NO,KC1
HIGH,MEDIUM,MEDIUM,MEDIUM,MEDIUM,MEDIUM,MEDIUM,MEDIUM,NO,KC1
LOW,LOW,LOW,LOW,LOW,LOW,LOW,LOW,NO,KC1
LOW,LOW,LOW,LOW,LOW,LOW,LOW,LOW,NO,KC1
LOW,LOW,LOW,LOW,LOW,LOW,LOW,LOW,NO,KC1
HIGH,HIGH,HIGH,HIGH,HIGH,HIGH,HIGH,HIGH,NO,KC1
LOW,LOW,LOW,LOW,LOW,LOW,LOW,LOW,NO,KC1
LOW,LOW,LOW,LOW,LOW,LOW,LOW,LOW,NO,KC1
HIGH,HIGH,HIGH,HIGH,HIGH,HIGH,HIGH,HIGH,NO,KC1
LOW,LOW,LOW,LOW,LOW,LOW,LOW,LOW,NO,KC1
LOW,LOW,LOW,LOW,LOW,LOW,LOW,LOW,NO,KC1
LOW,LOW,LOW,LOW,LOW,LOW,LOW,LOW,NO,KC1
LOW,LOW,LOW,LOW,LOW,LOW,LOW,LOW,NO,KC1
LOW,LOW,LOW,LOW,LOW,LOW,LOW,LOW,NO,KC1
LOW,LOW,LOW,LOW,LOW,LOW,LOW,LOW,NO,KC1
LOW,LOW,LOW,LOW,LOW,LOW,LOW,LOW,NO,KC1
LOW,LOW,LOW,LOW,LOW,LOW,LOW,LOW,NO,KC1
LOW,LOW,LOW,LOW,LOW,LOW,LOW,LOW,NO,KC1
LOW,LOW,LOW,LOW,LOW,LOW,LOW,LOW,NO,KC1
HIGH,HIGH,HIGH,HIGH,HIGH,MEDIUM,HIGH,HIGH,NO,KC1
HIGH,HIGH,HIGH,HIGH,HIGH,HIGH,HIGH,HIGH,NO,KC1
HIGH,MEDIUM,LOW,HIGH,MEDIUM,MEDIUM,MEDIUM,MEDIUM,NO,KC1
HIGH,HIGH,HIGH,HIGH,HIGH,HIGH,HIGH,HIGH,NO,KC1
HIGH,HIGH,HIGH,HIGH,HIGH,HIGH,HIGH,HIGH,NO,KC1
HIGH,HIGH,LOW,HIGH,MEDIUM,MEDIUM,MEDIUM,HIGH,NO,KC1
HIGH,HIGH,LOW,HIGH,HIGH,MEDIUM,MEDIUM,HIGH,NO,KC1
LOW,LOW,LOW,LOW,LOW,LOW,LOW,LOW,NO,KC1
HIGH,HIGH,MEDIUM,HIGH,HIGH,HIGH,HIGH,HIGH,NO,KC1
HIGH,HIGH,LOW,HIGH,HIGH,MEDIUM,HIGH,HIGH,NO,KC1
HIGH,HIGH,LOW,HIGH,HIGH,MEDIUM,MEDIUM,HIGH,NO,KC1
HIGH,HIGH,LOW,HIGH,HIGH,MEDIUM,HIGH,HIGH,NO,KC1
LOW,MEDIUM,HIGH,MEDIUM,LOW,MEDIUM,LOW,MEDIUM,NO,KC1
HIGH,MEDIUM,LOW,HIGH,MEDIUM,MEDIUM,MEDIUM,MEDIUM,NO,KC1
LOW,LOW,LOW,LOW,LOW,LOW,LOW,LOW,NO,KC1
HIGH,MEDIUM,LOW,MEDIUM,MEDIUM,MEDIUM,MEDIUM,MEDIUM,NO,KC1
MEDIUM,LOW,LOW,LOW,HIGH,LOW,MEDIUM,LOW,NO,KC1
MEDIUM,LOW,LOW,LOW,MEDIUM,LOW,MEDIUM,LOW,NO,KC1
LOW,LOW,LOW,LOW,LOW,LOW,LOW,LOW,NO,KC1
LOW,LOW,LOW,LOW,LOW,LOW,LOW,LOW,NO,KC1
LOW,LOW,LOW,LOW,LOW,LOW,LOW,LOW,NO,KC1
HIGH,HIGH,LOW,HIGH,HIGH,HIGH,HIGH,HIGH,NO,KC1
HIGH,HIGH,LOW,HIGH,HIGH,HIGH,HIGH,HIGH,NO,KC1
LOW,LOW,LOW,LOW,LOW,LOW,LOW,LOW,NO,KC1
LOW,LOW,LOW,LOW,LOW,LOW,LOW,LOW,NO,KC1
LOW,LOW,LOW,LOW,LOW,LOW,LOW,LOW,NO,KC1
LOW,LOW,LOW,LOW,LOW,LOW,LOW,LOW,NO,KC1
LOW,LOW,LOW,LOW,LOW,LOW,LOW,LOW,NO,KC1
LOW,LOW,LOW,LOW,LOW,LOW,LOW,LOW,NO,KC1
LOW,LOW,LOW,LOW,LOW,LOW,LOW,LOW,NO,KC1
MEDIUM,LOW,LOW,MEDIUM,MEDIUM,MEDIUM,MEDIUM,LOW,NO,KC1
MEDIUM,LOW,LOW,MEDIUM,MEDIUM,MEDIUM,MEDIUM,LOW,NO,KC1
LOW,LOW,LOW,LOW,LOW,LOW,LOW,LOW,NO,KC1
MEDIUM,MEDIUM,MEDIUM,MEDIUM,MEDIUM,MEDIUM,MEDIUM,MEDIUM,NO,KC1
LOW,LOW,LOW,LOW,LOW,LOW,LOW,LOW,NO,KC1
LOW,LOW,LOW,LOW,LOW,MEDIUM,LOW,LOW,NO,KC1
LOW,LOW,LOW,LOW,LOW,LOW,LOW,LOW,NO,KC1
LOW,LOW,LOW,LOW,LOW,LOW,LOW,LOW,NO,KC1
LOW,LOW,LOW,LOW,LOW,LOW,LOW,LOW,NO,KC1
LOW,LOW,LOW,LOW,LOW,LOW,LOW,LOW,NO,KC1
LOW,LOW,LOW,LOW,LOW,LOW,LOW,LOW,NO,KC1
LOW,LOW,LOW,LOW,LOW,LOW,LOW,LOW,NO,KC1
LOW,LOW,LOW,LOW,LOW,LOW,LOW,LOW,NO,KC1
HIGH,HIGH,HIGH,HIGH,HIGH,HIGH,HIGH,HIGH,NO,KC1
HIGH,MEDIUM,HIGH,HIGH,HIGH,MEDIUM,HIGH,MEDIUM,NO,KC1
MEDIUM,LOW,LOW,MEDIUM,MEDIUM,LOW,MEDIUM,LOW,NO,KC1
LOW,LOW,LOW,LOW,LOW,LOW,LOW,LOW,NO,KC1
HIGH,HIGH,HIGH,HIGH,HIGH,HIGH,HIGH,HIGH,NO,KC1
LOW,LOW,LOW,LOW,LOW,LOW,LOW,LOW,NO,KC1
HIGH,MEDIUM,MEDIUM,MEDIUM,HIGH,MEDIUM,HIGH,MEDIUM,NO,KC1
HIGH,HIGH,HIGH,HIGH,HIGH,HIGH,HIGH,HIGH,NO,KC1
LOW,LOW,LOW,LOW,LOW,LOW,LOW,LOW,NO,KC1
HIGH,HIGH,HIGH,HIGH,HIGH,MEDIUM,HIGH,HIGH,NO,KC1
LOW,LOW,LOW,LOW,LOW,LOW,LOW,LOW,NO,KC1
HIGH,HIGH,MEDIUM,HIGH,MEDIUM,MEDIUM,MEDIUM,HIGH,NO,KC1
HIGH,MEDIUM,LOW,HIGH,MEDIUM,MEDIUM,MEDIUM,MEDIUM,NO,KC1
HIGH,HIGH,HIGH,HIGH,HIGH,HIGH,HIGH,HIGH,NO,KC1
MEDIUM,LOW,LOW,LOW,LOW,MEDIUM,LOW,LOW,NO,KC1
LOW,LOW,LOW,LOW,LOW,LOW,LOW,LOW,NO,KC1
MEDIUM,MEDIUM,HIGH,MEDIUM,MEDIUM,MEDIUM,MEDIUM,MEDIUM,NO,KC1
LOW,LOW,LOW,LOW,LOW,LOW,LOW,LOW,NO,KC1
LOW,LOW,LOW,LOW,LOW,LOW,LOW,LOW,NO,KC1
HIGH,HIGH,LOW,HIGH,HIGH,MEDIUM,MEDIUM,HIGH,NO,KC1
LOW,LOW,LOW,LOW,LOW,LOW,LOW,LOW,NO,KC1
HIGH,HIGH,HIGH,HIGH,HIGH,HIGH,HIGH,HIGH,NO,KC1
MEDIUM,MEDIUM,LOW,MEDIUM,MEDIUM,MEDIUM,MEDIUM,MEDIUM,NO,KC1
LOW,LOW,LOW,LOW,LOW,LOW,LOW,LOW,NO,KC1
LOW,LOW,LOW,LOW,LOW,LOW,LOW,LOW,NO,KC1
LOW,LOW,LOW,LOW,LOW,LOW,LOW,LOW,NO,KC1
LOW,LOW,LOW,LOW,LOW,LOW,LOW,LOW,NO,KC1
LOW,LOW,LOW,LOW,LOW,LOW,LOW,LOW,NO,KC1
LOW,LOW,LOW,LOW,LOW,LOW,LOW,LOW,NO,KC1
LOW,LOW,LOW,LOW,LOW,LOW,LOW,LOW,NO,KC1
LOW,LOW,LOW,LOW,LOW,LOW,LOW,LOW,NO,KC1
LOW,LOW,LOW,LOW,LOW,LOW,LOW,LOW,NO,KC1
LOW,LOW,LOW,LOW,LOW,LOW,LOW,LOW,NO,KC1
MEDIUM,LOW,LOW,LOW,LOW,MEDIUM,LOW,LOW,NO,KC1
LOW,LOW,LOW,LOW,LOW,LOW,LOW,LOW,NO,KC1
LOW,LOW,LOW,LOW,LOW,LOW,LOW,LOW,NO,KC1
LOW,LOW,LOW,LOW,LOW,LOW,LOW,LOW,NO,KC1
HIGH,HIGH,HIGH,HIGH,HIGH,HIGH,HIGH,HIGH,NO,KC1
HIGH,LOW,LOW,MEDIUM,MEDIUM,MEDIUM,MEDIUM,LOW,NO,KC1
LOW,LOW,LOW,LOW,LOW,LOW,LOW,LOW,NO,KC1
LOW,LOW,LOW,LOW,LOW,LOW,LOW,LOW,NO,KC1
LOW,LOW,LOW,LOW,LOW,LOW,LOW,LOW,NO,KC1
LOW,LOW,LOW,LOW,LOW,LOW,LOW,LOW,NO,KC1
LOW,LOW,LOW,LOW,LOW,LOW,LOW,LOW,NO,KC1
HIGH,LOW,LOW,LOW,HIGH,MEDIUM,MEDIUM,MEDIUM,NO,KC1
LOW,LOW,LOW,LOW,LOW,LOW,LOW,LOW,NO,KC1
MEDIUM,LOW,LOW,MEDIUM,MEDIUM,MEDIUM,MEDIUM,LOW,NO,KC1
HIGH,MEDIUM,HIGH,MEDIUM,HIGH,MEDIUM,HIGH,MEDIUM,NO,KC1
HIGH,HIGH,HIGH,HIGH,HIGH,HIGH,HIGH,HIGH,NO,KC1
LOW,LOW,LOW,LOW,LOW,LOW,LOW,LOW,NO,KC1
LOW,LOW,LOW,LOW,LOW,LOW,LOW,LOW,NO,KC1
LOW,LOW,LOW,LOW,LOW,LOW,LOW,LOW,NO,KC1
HIGH,MEDIUM,HIGH,HIGH,MEDIUM,MEDIUM,MEDIUM,MEDIUM,NO,KC1
LOW,LOW,LOW,LOW,LOW,LOW,LOW,LOW,NO,KC1
LOW,LOW,LOW,LOW,LOW,LOW,LOW,LOW,NO,KC1
HIGH,MEDIUM,HIGH,HIGH,MEDIUM,MEDIUM,MEDIUM,MEDIUM,NO,KC1
LOW,LOW,LOW,LOW,LOW,LOW,LOW,LOW,NO,KC1
LOW,LOW,LOW,LOW,LOW,LOW,LOW,LOW,NO,KC1
HIGH,HIGH,HIGH,HIGH,HIGH,HIGH,HIGH,HIGH,NO,KC1
HIGH,HIGH,HIGH,HIGH,HIGH,MEDIUM,HIGH,HIGH,NO,KC1
HIGH,HIGH,HIGH,HIGH,HIGH,HIGH,HIGH,HIGH,NO,KC1
LOW,LOW,LOW,LOW,LOW,LOW,LOW,LOW,NO,KC1
HIGH,MEDIUM,HIGH,HIGH,MEDIUM,MEDIUM,MEDIUM,MEDIUM,NO,KC1
LOW,LOW,LOW,LOW,LOW,LOW,LOW,LOW,NO,KC1
LOW,LOW,LOW,LOW,LOW,LOW,LOW,LOW,NO,KC1
LOW,LOW,LOW,LOW,LOW,LOW,LOW,LOW,NO,KC1
LOW,LOW,LOW,LOW,LOW,LOW,LOW,LOW,NO,KC1
LOW,LOW,LOW,LOW,LOW,LOW,LOW,LOW,NO,KC1
HIGH,MEDIUM,MEDIUM,MEDIUM,HIGH,MEDIUM,MEDIUM,MEDIUM,NO,KC1
LOW,LOW,LOW,LOW,LOW,LOW,LOW,LOW,NO,KC1
HIGH,HIGH,HIGH,HIGH,HIGH,MEDIUM,HIGH,HIGH,NO,KC1
HIGH,HIGH,HIGH,HIGH,HIGH,HIGH,HIGH,HIGH,NO,KC1
LOW,LOW,LOW,LOW,LOW,LOW,LOW,LOW,NO,KC1
LOW,LOW,LOW,LOW,LOW,LOW,LOW,LOW,NO,KC1
LOW,LOW,LOW,LOW,LOW,LOW,LOW,LOW,NO,KC1
HIGH,HIGH,HIGH,HIGH,HIGH,HIGH,HIGH,HIGH,NO,KC1
LOW,LOW,LOW,LOW,LOW,LOW,LOW,LOW,NO,KC1
LOW,LOW,LOW,LOW,LOW,LOW,LOW,LOW,NO,KC1
LOW,LOW,LOW,LOW,LOW,LOW,LOW,LOW,NO,KC1
LOW,LOW,LOW,LOW,LOW,LOW,LOW,LOW,NO,KC1
MEDIUM,LOW,LOW,LOW,MEDIUM,LOW,MEDIUM,LOW,NO,KC1
MEDIUM,LOW,LOW,LOW,MEDIUM,LOW,MEDIUM,LOW,NO,KC1
MEDIUM,LOW,LOW,LOW,MEDIUM,LOW,MEDIUM,LOW,NO,KC1
MEDIUM,MEDIUM,LOW,HIGH,MEDIUM,MEDIUM,MEDIUM,MEDIUM,NO,KC1
MEDIUM,MEDIUM,HIGH,MEDIUM,MEDIUM,MEDIUM,MEDIUM,MEDIUM,NO,KC1
HIGH,HIGH,LOW,HIGH,HIGH,MEDIUM,HIGH,HIGH,NO,KC1
MEDIUM,LOW,LOW,LOW,LOW,LOW,LOW,LOW,NO,KC1
LOW,LOW,LOW,LOW,LOW,LOW,LOW,LOW,NO,KC1
HIGH,HIGH,HIGH,HIGH,HIGH,HIGH,HIGH,HIGH,NO,KC1
HIGH,HIGH,HIGH,HIGH,HIGH,MEDIUM,HIGH,HIGH,NO,KC1
LOW,LOW,LOW,LOW,LOW,LOW,LOW,LOW,NO,KC1
LOW,LOW,LOW,LOW,LOW,LOW,LOW,LOW,NO,KC1
LOW,LOW,LOW,LOW,LOW,LOW,LOW,LOW,NO,KC1
LOW,LOW,LOW,LOW,LOW,LOW,LOW,LOW,NO,KC1
LOW,LOW,LOW,LOW,LOW,LOW,LOW,LOW,NO,KC1
LOW,LOW,LOW,LOW,LOW,LOW,LOW,LOW,NO,KC1
LOW,LOW,LOW,LOW,LOW,LOW,LOW,LOW,NO,KC1
LOW,LOW,LOW,LOW,LOW,LOW,LOW,LOW,NO,KC1
LOW,LOW,LOW,LOW,LOW,LOW,LOW,LOW,NO,KC1
LOW,LOW,LOW,LOW,LOW,LOW,LOW,LOW,NO,KC1
LOW,LOW,LOW,LOW,LOW,LOW,LOW,LOW,NO,KC1
LOW,LOW,LOW,LOW,LOW,LOW,LOW,LOW,NO,KC1
HIGH,HIGH,HIGH,HIGH,HIGH,HIGH,HIGH,HIGH,NO,KC1
HIGH,HIGH,HIGH,HIGH,HIGH,HIGH,HIGH,HIGH,NO,KC1
HIGH,HIGH,HIGH,HIGH,HIGH,HIGH,HIGH,HIGH,NO,KC1
LOW,LOW,LOW,LOW,LOW,LOW,LOW,LOW,NO,KC1
LOW,LOW,LOW,LOW,LOW,LOW,LOW,LOW,NO,KC1
HIGH,HIGH,HIGH,HIGH,HIGH,HIGH,HIGH,HIGH,NO,KC1
LOW,LOW,LOW,LOW,LOW,LOW,LOW,LOW,NO,KC1
HIGH,HIGH,HIGH,HIGH,HIGH,HIGH,HIGH,HIGH,NO,KC1
HIGH,HIGH,HIGH,HIGH,HIGH,HIGH,HIGH,HIGH,NO,KC1
LOW,LOW,LOW,LOW,LOW,MEDIUM,LOW,LOW,NO,KC1
MEDIUM,MEDIUM,LOW,MEDIUM,MEDIUM,MEDIUM,MEDIUM,MEDIUM,NO,KC1
LOW,LOW,LOW,LOW,LOW,LOW,LOW,LOW,NO,KC1
LOW,LOW,LOW,LOW,LOW,LOW,LOW,LOW,NO,KC1
LOW,LOW,LOW,LOW,LOW,LOW,LOW,LOW,NO,KC1
LOW,LOW,LOW,LOW,LOW,LOW,LOW,LOW,NO,KC1
HIGH,LOW,LOW,LOW,MEDIUM,LOW,MEDIUM,LOW,NO,KC1
LOW,LOW,LOW,LOW,LOW,LOW,LOW,LOW,NO,KC1
LOW,LOW,LOW,LOW,LOW,LOW,LOW,LOW,NO,KC1
LOW,LOW,LOW,LOW,LOW,LOW,LOW,LOW,NO,KC1
LOW,LOW,LOW,LOW,LOW,LOW,LOW,LOW,NO,KC1
LOW,LOW,LOW,LOW,LOW,LOW,LOW,LOW,NO,KC1
HIGH,MEDIUM,HIGH,MEDIUM,MEDIUM,HIGH,MEDIUM,MEDIUM,NO,KC1
HIGH,MEDIUM,LOW,HIGH,HIGH,MEDIUM,HIGH,MEDIUM,NO,KC1
LOW,LOW,LOW,LOW,LOW,LOW,LOW,LOW,NO,KC1
LOW,LOW,LOW,LOW,LOW,LOW,LOW,LOW,NO,KC1
LOW,LOW,LOW,LOW,LOW,LOW,LOW,LOW,NO,KC1
LOW,LOW,LOW,LOW,LOW,LOW,LOW,LOW,NO,KC1
LOW,LOW,LOW,LOW,LOW,LOW,LOW,LOW,NO,KC1
LOW,LOW,LOW,LOW,LOW,LOW,LOW,LOW,NO,KC1
LOW,LOW,LOW,LOW,LOW,LOW,LOW,LOW,NO,KC1
HIGH,HIGH,LOW,HIGH,HIGH,MEDIUM,HIGH,HIGH,NO,KC1
HIGH,MEDIUM,LOW,HIGH,HIGH,MEDIUM,HIGH,MEDIUM,NO,KC1
HIGH,HIGH,HIGH,HIGH,HIGH,HIGH,HIGH,HIGH,NO,KC1
LOW,LOW,LOW,LOW,LOW,LOW,LOW,LOW,NO,KC1
LOW,LOW,LOW,LOW,LOW,LOW,LOW,LOW,NO,KC1
MEDIUM,LOW,LOW,LOW,MEDIUM,LOW,MEDIUM,LOW,NO,KC1
LOW,LOW,LOW,LOW,LOW,LOW,LOW,LOW,NO,KC1
LOW,LOW,LOW,LOW,LOW,LOW,LOW,LOW,NO,KC1
LOW,LOW,LOW,LOW,LOW,LOW,LOW,LOW,NO,KC1
LOW,LOW,LOW,LOW,LOW,LOW,LOW,LOW,NO,KC1
LOW,LOW,LOW,LOW,LOW,LOW,LOW,LOW,NO,KC1
LOW,LOW,LOW,LOW,LOW,LOW,LOW,LOW,NO,KC1
LOW,LOW,LOW,LOW,LOW,LOW,LOW,LOW,NO,KC1
LOW,LOW,LOW,LOW,LOW,LOW,LOW,LOW,NO,KC1
HIGH,MEDIUM,HIGH,MEDIUM,HIGH,HIGH,HIGH,MEDIUM,NO,KC1
MEDIUM,LOW,LOW,LOW,MEDIUM,MEDIUM,MEDIUM,LOW,NO,KC1
LOW,LOW,LOW,LOW,LOW,LOW,LOW,LOW,NO,KC1
MEDIUM,LOW,LOW,LOW,MEDIUM,MEDIUM,MEDIUM,LOW,NO,KC1
HIGH,MEDIUM,LOW,HIGH,HIGH,MEDIUM,HIGH,MEDIUM,NO,KC1
LOW,LOW,LOW,LOW,LOW,LOW,LOW,LOW,NO,KC1
LOW,LOW,LOW,LOW,LOW,LOW,LOW,LOW,NO,KC1
LOW,LOW,LOW,LOW,LOW,LOW,LOW,LOW,NO,KC1
HIGH,HIGH,HIGH,HIGH,HIGH,HIGH,HIGH,HIGH,NO,KC1
HIGH,MEDIUM,HIGH,MEDIUM,HIGH,HIGH,HIGH,MEDIUM,NO,KC1
LOW,LOW,LOW,LOW,LOW,LOW,LOW,LOW,NO,KC1
LOW,LOW,LOW,LOW,LOW,LOW,LOW,LOW,NO,KC1
LOW,LOW,LOW,LOW,LOW,LOW,LOW,LOW,NO,KC1
LOW,LOW,LOW,LOW,LOW,LOW,LOW,LOW,NO,KC1
LOW,LOW,LOW,LOW,LOW,LOW,LOW,LOW,NO,KC1
LOW,LOW,LOW,LOW,LOW,LOW,LOW,LOW,NO,KC1
LOW,LOW,LOW,LOW,LOW,LOW,LOW,LOW,NO,KC1
LOW,LOW,LOW,LOW,LOW,LOW,LOW,LOW,NO,KC1
HIGH,MEDIUM,HIGH,MEDIUM,HIGH,MEDIUM,HIGH,MEDIUM,NO,KC1
HIGH,MEDIUM,HIGH,MEDIUM,HIGH,HIGH,HIGH,MEDIUM,NO,KC1
MEDIUM,MEDIUM,LOW,MEDIUM,MEDIUM,MEDIUM,MEDIUM,MEDIUM,NO,KC1
LOW,LOW,LOW,LOW,LOW,LOW,LOW,LOW,NO,KC1
LOW,LOW,LOW,LOW,LOW,LOW,LOW,LOW,NO,KC1
LOW,LOW,LOW,LOW,LOW,LOW,LOW,LOW,NO,KC1
LOW,LOW,LOW,LOW,LOW,LOW,LOW,LOW,NO,KC1
LOW,LOW,LOW,LOW,LOW,LOW,LOW,LOW,NO,KC1
LOW,LOW,LOW,LOW,LOW,LOW,LOW,LOW,NO,KC1
HIGH,MEDIUM,MEDIUM,MEDIUM,HIGH,MEDIUM,HIGH,MEDIUM,NO,KC1
LOW,LOW,LOW,LOW,LOW,LOW,LOW,LOW,NO,KC1
LOW,LOW,LOW,LOW,LOW,LOW,LOW,LOW,NO,KC1
LOW,LOW,LOW,LOW,LOW,LOW,LOW,LOW,NO,KC1
MEDIUM,LOW,LOW,MEDIUM,MEDIUM,MEDIUM,MEDIUM,LOW,NO,KC1
LOW,LOW,LOW,LOW,MEDIUM,LOW,LOW,LOW,NO,KC1
LOW,LOW,LOW,LOW,MEDIUM,LOW,LOW,LOW,NO,KC1
LOW,LOW,LOW,LOW,LOW,LOW,LOW,LOW,NO,KC1
LOW,LOW,LOW,LOW,LOW,LOW,LOW,LOW,NO,KC1
LOW,LOW,LOW,LOW,LOW,LOW,LOW,LOW,NO,KC1
LOW,LOW,LOW,LOW,LOW,LOW,LOW,LOW,NO,KC1
LOW,LOW,LOW,LOW,LOW,LOW,LOW,LOW,NO,KC1
LOW,LOW,LOW,LOW,MEDIUM,LOW,MEDIUM,LOW,NO,KC1
LOW,LOW,LOW,LOW,MEDIUM,LOW,MEDIUM,LOW,NO,KC1
LOW,LOW,LOW,LOW,MEDIUM,LOW,LOW,LOW,NO,KC1
LOW,LOW,LOW,LOW,MEDIUM,LOW,MEDIUM,LOW,NO,KC1
MEDIUM,LOW,LOW,LOW,LOW,LOW,LOW,LOW,NO,KC1
HIGH,MEDIUM,MEDIUM,MEDIUM,HIGH,MEDIUM,HIGH,MEDIUM,NO,KC1
LOW,LOW,LOW,LOW,LOW,LOW,LOW,LOW,NO,KC1
LOW,LOW,LOW,LOW,LOW,LOW,LOW,LOW,NO,KC1
MEDIUM,MEDIUM,LOW,MEDIUM,MEDIUM,MEDIUM,MEDIUM,MEDIUM,NO,KC1
LOW,LOW,LOW,LOW,MEDIUM,LOW,MEDIUM,LOW,NO,KC1
LOW,LOW,LOW,LOW,LOW,LOW,LOW,LOW,NO,KC1
MEDIUM,LOW,LOW,MEDIUM,MEDIUM,MEDIUM,MEDIUM,LOW,NO,KC1
LOW,LOW,LOW,LOW,LOW,LOW,LOW,LOW,NO,KC1
LOW,LOW,LOW,LOW,LOW,LOW,LOW,LOW,NO,KC1
LOW,LOW,LOW,LOW,LOW,LOW,LOW,LOW,NO,KC1
LOW,LOW,LOW,LOW,LOW,LOW,LOW,LOW,NO,KC1
LOW,LOW,LOW,LOW,LOW,LOW,LOW,LOW,NO,KC1
HIGH,HIGH,MEDIUM,HIGH,HIGH,MEDIUM,MEDIUM,HIGH,NO,KC1
LOW,LOW,LOW,LOW,LOW,LOW,LOW,LOW,NO,KC1
LOW,LOW,LOW,LOW,LOW,LOW,LOW,LOW,NO,KC1
LOW,LOW,LOW,LOW,LOW,LOW,LOW,LOW,NO,KC1
LOW,LOW,LOW,LOW,LOW,LOW,LOW,LOW,NO,KC1
LOW,LOW,LOW,LOW,LOW,LOW,LOW,LOW,NO,KC1
LOW,LOW,LOW,LOW,LOW,LOW,LOW,LOW,NO,KC1
LOW,LOW,LOW,LOW,LOW,LOW,LOW,LOW,NO,KC1
LOW,LOW,LOW,LOW,LOW,LOW,LOW,LOW,NO,KC1
HIGH,MEDIUM,MEDIUM,HIGH,MEDIUM,MEDIUM,MEDIUM,MEDIUM,NO,KC1
LOW,LOW,LOW,LOW,LOW,LOW,LOW,LOW,NO,KC1
HIGH,HIGH,HIGH,HIGH,HIGH,HIGH,HIGH,HIGH,NO,KC1
LOW,LOW,LOW,LOW,LOW,LOW,LOW,LOW,NO,KC1
LOW,LOW,LOW,LOW,LOW,LOW,LOW,LOW,NO,KC1
HIGH,MEDIUM,LOW,HIGH,HIGH,MEDIUM,HIGH,MEDIUM,NO,KC1
MEDIUM,LOW,LOW,MEDIUM,MEDIUM,MEDIUM,MEDIUM,LOW,NO,KC1
LOW,LOW,LOW,LOW,LOW,LOW,LOW,LOW,NO,KC1
HIGH,MEDIUM,MEDIUM,HIGH,MEDIUM,MEDIUM,MEDIUM,MEDIUM,NO,KC1
LOW,LOW,LOW,LOW,LOW,LOW,LOW,LOW,NO,KC1
LOW,LOW,LOW,LOW,LOW,LOW,LOW,LOW,NO,KC1
HIGH,HIGH,LOW,HIGH,HIGH,MEDIUM,MEDIUM,HIGH,NO,KC1
MEDIUM,HIGH,HIGH,HIGH,HIGH,HIGH,HIGH,HIGH,NO,KC1
LOW,LOW,LOW,LOW,LOW,LOW,LOW,LOW,NO,KC1
LOW,LOW,LOW,LOW,LOW,LOW,LOW,LOW,NO,KC1
LOW,LOW,LOW,LOW,LOW,LOW,LOW,LOW,NO,KC1
LOW,LOW,LOW,LOW,LOW,LOW,LOW,LOW,NO,KC1
LOW,LOW,LOW,LOW,LOW,LOW,LOW,LOW,NO,KC1
LOW,LOW,LOW,LOW,LOW,LOW,LOW,LOW,NO,KC1
LOW,LOW,LOW,LOW,LOW,LOW,LOW,LOW,NO,KC1
LOW,LOW,LOW,LOW,LOW,LOW,LOW,LOW,NO,KC1
LOW,LOW,LOW,LOW,LOW,LOW,LOW,LOW,NO,KC1
LOW,LOW,LOW,LOW,LOW,LOW,LOW,LOW,NO,KC1
MEDIUM,LOW,LOW,LOW,MEDIUM,MEDIUM,MEDIUM,LOW,NO,KC1
LOW,LOW,LOW,LOW,LOW,LOW,LOW,LOW,NO,KC1
LOW,LOW,LOW,LOW,LOW,LOW,LOW,LOW,NO,KC1
LOW,LOW,LOW,LOW,LOW,LOW,LOW,LOW,NO,KC1
LOW,LOW,LOW,LOW,LOW,LOW,LOW,LOW,NO,KC1
LOW,LOW,LOW,LOW,MEDIUM,LOW,MEDIUM,LOW,NO,KC1
LOW,LOW,LOW,LOW,LOW,LOW,LOW,LOW,NO,KC1
LOW,LOW,LOW,LOW,LOW,LOW,LOW,LOW,NO,KC1
LOW,LOW,LOW,LOW,LOW,LOW,LOW,LOW,NO,KC1
LOW,LOW,LOW,LOW,LOW,LOW,LOW,LOW,NO,KC1
LOW,LOW,LOW,LOW,LOW,LOW,LOW,LOW,NO,KC1
LOW,LOW,LOW,LOW,LOW,MEDIUM,LOW,LOW,NO,KC1
LOW,LOW,LOW,LOW,LOW,LOW,LOW,LOW,NO,KC1
LOW,LOW,LOW,LOW,LOW,LOW,LOW,LOW,NO,KC1
LOW,LOW,LOW,LOW,LOW,LOW,LOW,LOW,NO,KC1
LOW,LOW,LOW,LOW,LOW,LOW,LOW,LOW,NO,KC1
LOW,LOW,LOW,LOW,LOW,LOW,LOW,LOW,NO,KC1
LOW,LOW,LOW,LOW,LOW,LOW,LOW,LOW,NO,KC1
LOW,LOW,LOW,LOW,LOW,LOW,LOW,LOW,NO,KC1
LOW,LOW,LOW,LOW,LOW,LOW,LOW,LOW,NO,KC1
LOW,LOW,LOW,LOW,LOW,LOW,LOW,LOW,NO,KC1
LOW,LOW,LOW,LOW,LOW,LOW,LOW,LOW,NO,KC1
LOW,LOW,LOW,LOW,LOW,LOW,LOW,LOW,NO,KC1
LOW,LOW,LOW,LOW,LOW,LOW,LOW,LOW,NO,KC1
LOW,LOW,LOW,LOW,LOW,LOW,LOW,LOW,NO,KC1
LOW,LOW,LOW,LOW,LOW,LOW,LOW,LOW,NO,KC1
LOW,LOW,LOW,LOW,LOW,LOW,LOW,LOW,NO,KC1
LOW,LOW,LOW,LOW,LOW,LOW,LOW,LOW,NO,KC1
LOW,LOW,LOW,LOW,LOW,LOW,LOW,LOW,NO,KC1
LOW,LOW,LOW,LOW,LOW,LOW,LOW,LOW,NO,KC1
LOW,LOW,LOW,LOW,LOW,LOW,LOW,LOW,NO,KC1
LOW,LOW,LOW,LOW,LOW,LOW,LOW,LOW,NO,KC1
LOW,LOW,LOW,LOW,LOW,LOW,LOW,LOW,NO,KC1
LOW,LOW,LOW,LOW,LOW,LOW,LOW,LOW,NO,KC1
LOW,LOW,LOW,LOW,LOW,LOW,LOW,LOW,NO,KC1
LOW,LOW,LOW,LOW,LOW,LOW,LOW,LOW,NO,KC1
LOW,LOW,LOW,LOW,LOW,LOW,LOW,LOW,NO,KC1
LOW,LOW,LOW,LOW,LOW,LOW,LOW,LOW,NO,KC1
LOW,LOW,LOW,LOW,LOW,LOW,LOW,LOW,NO,KC1
LOW,LOW,LOW,LOW,LOW,LOW,LOW,LOW,NO,KC1
LOW,LOW,LOW,LOW,LOW,LOW,LOW,LOW,NO,KC1
LOW,LOW,LOW,LOW,LOW,LOW,LOW,LOW,NO,KC1
HIGH,HIGH,HIGH,HIGH,HIGH,MEDIUM,MEDIUM,HIGH,NO,KC1
LOW,LOW,LOW,LOW,LOW,LOW,LOW,LOW,NO,KC1
LOW,LOW,LOW,LOW,LOW,LOW,LOW,LOW,NO,KC1
LOW,LOW,LOW,LOW,LOW,LOW,LOW,LOW,NO,KC1
LOW,LOW,LOW,LOW,LOW,LOW,LOW,LOW,NO,KC1
LOW,LOW,LOW,LOW,LOW,LOW,LOW,LOW,NO,KC1
LOW,LOW,LOW,LOW,LOW,LOW,LOW,LOW,NO,KC1
LOW,LOW,LOW,LOW,LOW,LOW,LOW,LOW,NO,KC1
LOW,LOW,LOW,LOW,LOW,LOW,LOW,LOW,NO,KC1
LOW,LOW,LOW,LOW,MEDIUM,LOW,MEDIUM,LOW,NO,KC1
LOW,LOW,LOW,LOW,LOW,MEDIUM,LOW,LOW,NO,KC1
LOW,LOW,LOW,LOW,LOW,MEDIUM,MEDIUM,LOW,NO,KC1
LOW,LOW,LOW,LOW,LOW,LOW,LOW,LOW,NO,KC1
LOW,LOW,LOW,LOW,LOW,LOW,LOW,LOW,NO,KC1
LOW,LOW,LOW,LOW,LOW,LOW,LOW,LOW,NO,KC1
LOW,LOW,LOW,LOW,LOW,LOW,LOW,LOW,NO,KC1
LOW,LOW,LOW,LOW,LOW,LOW,LOW,LOW,NO,KC1
LOW,LOW,LOW,LOW,LOW,LOW,LOW,LOW,NO,KC1
LOW,LOW,LOW,LOW,LOW,LOW,LOW,LOW,NO,KC1
LOW,LOW,LOW,LOW,LOW,LOW,LOW,LOW,NO,KC1
LOW,LOW,LOW,LOW,LOW,LOW,LOW,LOW,NO,KC1
LOW,LOW,LOW,LOW,LOW,LOW,LOW,LOW,NO,KC1
LOW,LOW,LOW,LOW,LOW,LOW,LOW,LOW,NO,KC1
LOW,LOW,LOW,LOW,LOW,LOW,LOW,LOW,NO,KC1
LOW,LOW,LOW,LOW,LOW,LOW,LOW,LOW,NO,KC1
LOW,LOW,LOW,LOW,LOW,LOW,LOW,LOW,NO,KC1
LOW,LOW,LOW,LOW,LOW,LOW,LOW,LOW,NO,KC1
LOW,LOW,LOW,LOW,LOW,LOW,LOW,LOW,NO,KC1
LOW,LOW,LOW,LOW,LOW,LOW,LOW,LOW,NO,KC1
LOW,LOW,LOW,LOW,LOW,LOW,LOW,LOW,NO,KC1
LOW,LOW,LOW,LOW,LOW,LOW,LOW,LOW,NO,KC1
LOW,LOW,LOW,LOW,LOW,LOW,LOW,LOW,NO,KC1
LOW,LOW,LOW,LOW,LOW,LOW,LOW,LOW,NO,KC1
LOW,LOW,LOW,LOW,LOW,LOW,LOW,LOW,NO,KC1
LOW,LOW,LOW,LOW,LOW,LOW,LOW,LOW,NO,KC1
LOW,LOW,LOW,LOW,LOW,LOW,LOW,LOW,NO,KC1
LOW,LOW,LOW,LOW,LOW,LOW,LOW,LOW,NO,KC1
LOW,LOW,LOW,LOW,LOW,LOW,LOW,LOW,NO,KC1
LOW,LOW,LOW,LOW,LOW,LOW,LOW,LOW,NO,KC1
LOW,LOW,LOW,LOW,LOW,LOW,LOW,LOW,NO,KC1
LOW,LOW,LOW,LOW,LOW,LOW,LOW,LOW,NO,KC1
LOW,LOW,LOW,LOW,LOW,LOW,LOW,LOW,NO,KC1
LOW,LOW,LOW,LOW,LOW,LOW,LOW,LOW,NO,KC1
LOW,LOW,LOW,LOW,LOW,LOW,LOW,LOW,NO,KC1
LOW,LOW,LOW,LOW,LOW,LOW,LOW,LOW,NO,KC1
LOW,LOW,LOW,LOW,LOW,LOW,LOW,LOW,NO,KC1
LOW,LOW,LOW,LOW,LOW,LOW,LOW,LOW,NO,KC1
LOW,LOW,LOW,LOW,LOW,LOW,LOW,LOW,NO,KC1
LOW,LOW,LOW,LOW,LOW,LOW,LOW,LOW,NO,KC1
LOW,LOW,LOW,LOW,LOW,LOW,LOW,LOW,NO,KC1
LOW,LOW,LOW,LOW,LOW,LOW,LOW,LOW,NO,KC1
LOW,LOW,LOW,LOW,LOW,LOW,LOW,LOW,NO,KC1
LOW,LOW,LOW,LOW,LOW,LOW,LOW,LOW,NO,KC1
LOW,LOW,LOW,LOW,LOW,LOW,LOW,LOW,NO,KC1
LOW,LOW,LOW,LOW,LOW,LOW,LOW,LOW,NO,KC1
LOW,LOW,LOW,LOW,LOW,LOW,LOW,LOW,NO,KC1
LOW,LOW,LOW,LOW,LOW,LOW,LOW,LOW,NO,KC1
LOW,LOW,LOW,LOW,LOW,LOW,LOW,LOW,NO,KC1
LOW,LOW,LOW,LOW,LOW,LOW,LOW,LOW,NO,KC1
LOW,LOW,LOW,LOW,LOW,LOW,LOW,LOW,NO,KC1
LOW,LOW,LOW,LOW,LOW,LOW,LOW,LOW,NO,KC1
LOW,LOW,LOW,LOW,LOW,LOW,LOW,LOW,NO,KC1
LOW,LOW,LOW,LOW,LOW,LOW,LOW,LOW,NO,KC1
LOW,LOW,LOW,LOW,LOW,LOW,LOW,LOW,NO,KC1
LOW,LOW,LOW,LOW,LOW,LOW,LOW,LOW,NO,KC1
LOW,LOW,LOW,LOW,LOW,LOW,LOW,LOW,NO,KC1
MEDIUM,LOW,LOW,LOW,MEDIUM,MEDIUM,MEDIUM,LOW,NO,KC1
LOW,LOW,LOW,LOW,LOW,LOW,LOW,LOW,NO,KC1
LOW,LOW,LOW,LOW,LOW,LOW,LOW,LOW,NO,KC1
LOW,LOW,LOW,LOW,LOW,LOW,LOW,LOW,NO,KC1
LOW,LOW,LOW,LOW,LOW,LOW,LOW,LOW,NO,KC1
LOW,LOW,LOW,LOW,LOW,LOW,LOW,LOW,NO,KC1
LOW,LOW,LOW,LOW,LOW,LOW,LOW,LOW,NO,KC1
LOW,LOW,LOW,LOW,LOW,LOW,LOW,LOW,NO,KC1
LOW,LOW,LOW,LOW,LOW,LOW,LOW,LOW,NO,KC1
LOW,LOW,LOW,LOW,LOW,LOW,LOW,LOW,NO,KC1
LOW,LOW,LOW,LOW,LOW,LOW,LOW,LOW,NO,KC1
LOW,LOW,LOW,LOW,LOW,LOW,LOW,LOW,NO,KC1
LOW,LOW,LOW,LOW,LOW,LOW,LOW,LOW,NO,KC1
LOW,LOW,LOW,LOW,LOW,LOW,LOW,LOW,NO,KC1
LOW,LOW,LOW,LOW,LOW,LOW,LOW,LOW,NO,KC1
LOW,LOW,LOW,LOW,LOW,LOW,LOW,LOW,NO,KC1
LOW,LOW,LOW,LOW,LOW,LOW,LOW,LOW,NO,KC1
LOW,LOW,MEDIUM,LOW,LOW,LOW,LOW,LOW,NO,KC1
LOW,LOW,LOW,LOW,LOW,LOW,LOW,LOW,NO,KC1
LOW,LOW,LOW,LOW,LOW,LOW,LOW,LOW,NO,KC1
LOW,LOW,MEDIUM,LOW,LOW,LOW,LOW,LOW,NO,KC1
LOW,LOW,LOW,LOW,LOW,LOW,LOW,LOW,NO,KC1
LOW,LOW,LOW,LOW,LOW,LOW,LOW,LOW,NO,KC1
LOW,LOW,LOW,LOW,LOW,LOW,LOW,LOW,NO,KC1
LOW,LOW,LOW,LOW,LOW,LOW,LOW,LOW,NO,KC1
LOW,LOW,LOW,LOW,LOW,LOW,LOW,LOW,NO,KC1
LOW,LOW,LOW,LOW,LOW,LOW,LOW,LOW,NO,KC1
LOW,LOW,LOW,LOW,LOW,LOW,LOW,LOW,NO,KC1
LOW,LOW,LOW,LOW,LOW,LOW,LOW,LOW,NO,KC1
LOW,LOW,LOW,LOW,LOW,LOW,LOW,LOW,NO,KC1
LOW,LOW,LOW,LOW,LOW,LOW,LOW,LOW,NO,KC1
LOW,LOW,LOW,LOW,LOW,LOW,LOW,LOW,NO,KC1
LOW,LOW,LOW,LOW,LOW,LOW,LOW,LOW,NO,KC1
LOW,LOW,LOW,LOW,LOW,LOW,LOW,LOW,NO,KC1
LOW,LOW,LOW,LOW,LOW,LOW,LOW,LOW,NO,KC1
LOW,LOW,LOW,LOW,LOW,LOW,LOW,LOW,NO,KC1
LOW,LOW,LOW,LOW,LOW,LOW,LOW,LOW,NO,KC1
LOW,LOW,LOW,LOW,LOW,LOW,LOW,LOW,NO,KC1
LOW,LOW,LOW,LOW,LOW,LOW,LOW,LOW,NO,KC1
LOW,LOW,LOW,LOW,LOW,LOW,LOW,LOW,NO,KC1
LOW,LOW,LOW,LOW,LOW,LOW,LOW,LOW,NO,KC1
LOW,LOW,LOW,LOW,LOW,LOW,LOW,LOW,NO,KC1
LOW,LOW,LOW,LOW,LOW,LOW,LOW,LOW,NO,KC1
LOW,LOW,LOW,LOW,LOW,LOW,LOW,LOW,NO,KC1
MEDIUM,LOW,MEDIUM,LOW,HIGH,MEDIUM,MEDIUM,LOW,NO,KC1
LOW,LOW,LOW,LOW,LOW,LOW,LOW,LOW,NO,KC1
LOW,LOW,LOW,LOW,LOW,LOW,LOW,LOW,NO,KC1
LOW,LOW,LOW,LOW,LOW,LOW,LOW,LOW,NO,KC1
LOW,LOW,LOW,LOW,LOW,LOW,LOW,LOW,NO,KC1
LOW,LOW,LOW,LOW,LOW,LOW,LOW,LOW,NO,KC1
LOW,LOW,LOW,LOW,LOW,LOW,LOW,LOW,NO,KC1
LOW,LOW,LOW,LOW,LOW,LOW,LOW,LOW,NO,KC1
LOW,LOW,LOW,LOW,LOW,LOW,LOW,LOW,NO,KC1
LOW,LOW,LOW,LOW,LOW,LOW,LOW,LOW,NO,KC1
MEDIUM,MEDIUM,HIGH,HIGH,MEDIUM,MEDIUM,MEDIUM,MEDIUM,NO,KC1
LOW,LOW,LOW,LOW,LOW,LOW,LOW,LOW,NO,KC1
LOW,LOW,LOW,LOW,LOW,LOW,LOW,LOW,NO,KC1
LOW,LOW,LOW,LOW,LOW,LOW,LOW,LOW,NO,KC1
LOW,LOW,LOW,LOW,LOW,LOW,LOW,LOW,NO,KC1
LOW,LOW,LOW,LOW,LOW,LOW,LOW,LOW,NO,KC1
LOW,LOW,LOW,LOW,LOW,LOW,LOW,LOW,NO,KC1
LOW,LOW,LOW,LOW,LOW,LOW,LOW,LOW,NO,KC1
LOW,LOW,LOW,LOW,LOW,LOW,LOW,LOW,NO,KC1
LOW,LOW,LOW,LOW,LOW,LOW,LOW,LOW,NO,KC1
LOW,LOW,LOW,LOW,LOW,LOW,LOW,LOW,NO,KC1
LOW,LOW,LOW,LOW,LOW,LOW,LOW,LOW,NO,KC1
MEDIUM,MEDIUM,MEDIUM,HIGH,HIGH,HIGH,HIGH,MEDIUM,NO,KC1
LOW,LOW,LOW,LOW,LOW,LOW,LOW,LOW,NO,KC1
LOW,LOW,LOW,LOW,LOW,LOW,LOW,LOW,NO,KC1
LOW,LOW,LOW,LOW,LOW,LOW,LOW,LOW,NO,KC1
LOW,LOW,LOW,LOW,LOW,LOW,LOW,LOW,NO,KC1
LOW,LOW,LOW,LOW,LOW,LOW,LOW,LOW,NO,KC1
LOW,LOW,LOW,LOW,LOW,LOW,LOW,LOW,NO,KC1
LOW,LOW,LOW,LOW,LOW,LOW,LOW,LOW,NO,KC1
LOW,LOW,LOW,LOW,LOW,LOW,LOW,LOW,NO,KC1
LOW,LOW,LOW,LOW,LOW,LOW,LOW,LOW,NO,KC1
LOW,LOW,LOW,LOW,LOW,LOW,LOW,LOW,NO,KC1
LOW,LOW,LOW,LOW,LOW,LOW,LOW,LOW,NO,KC1
LOW,LOW,LOW,LOW,LOW,LOW,LOW,LOW,NO,KC1
LOW,LOW,LOW,LOW,LOW,LOW,LOW,LOW,NO,KC1
LOW,LOW,LOW,LOW,LOW,LOW,LOW,LOW,NO,KC1
LOW,LOW,LOW,LOW,MEDIUM,LOW,MEDIUM,LOW,NO,KC1
LOW,LOW,LOW,LOW,LOW,LOW,LOW,LOW,NO,KC1
LOW,LOW,LOW,LOW,LOW,LOW,LOW,LOW,NO,KC1
LOW,LOW,LOW,LOW,LOW,LOW,LOW,LOW,NO,KC1
LOW,LOW,LOW,LOW,LOW,LOW,LOW,LOW,NO,KC1
LOW,LOW,LOW,LOW,LOW,LOW,LOW,LOW,NO,KC1
LOW,LOW,LOW,LOW,LOW,LOW,LOW,LOW,NO,KC1
LOW,LOW,LOW,LOW,LOW,LOW,LOW,LOW,NO,KC1
LOW,LOW,LOW,LOW,LOW,LOW,LOW,LOW,NO,KC1
LOW,LOW,LOW,LOW,LOW,LOW,LOW,LOW,NO,KC1
LOW,LOW,LOW,LOW,LOW,LOW,LOW,LOW,NO,KC1
LOW,LOW,LOW,LOW,LOW,LOW,LOW,LOW,NO,KC1
LOW,LOW,LOW,LOW,LOW,LOW,LOW,LOW,NO,KC1
LOW,LOW,LOW,LOW,LOW,LOW,LOW,LOW,NO,KC1
LOW,LOW,LOW,LOW,LOW,LOW,LOW,LOW,NO,KC1
LOW,LOW,LOW,LOW,LOW,LOW,LOW,LOW,NO,KC1
LOW,LOW,LOW,LOW,LOW,LOW,LOW,LOW,NO,KC1
LOW,LOW,LOW,MEDIUM,LOW,LOW,LOW,LOW,NO,KC1
MEDIUM,MEDIUM,LOW,LOW,MEDIUM,HIGH,MEDIUM,MEDIUM,NO,KC1
HIGH,MEDIUM,LOW,LOW,HIGH,MEDIUM,MEDIUM,MEDIUM,NO,KC1
LOW,LOW,LOW,LOW,LOW,LOW,LOW,LOW,NO,KC1
MEDIUM,LOW,LOW,LOW,MEDIUM,LOW,MEDIUM,LOW,NO,KC1
MEDIUM,MEDIUM,LOW,MEDIUM,MEDIUM,MEDIUM,MEDIUM,MEDIUM,NO,KC1
LOW,LOW,LOW,LOW,LOW,LOW,LOW,LOW,NO,KC1
LOW,LOW,LOW,LOW,LOW,LOW,LOW,LOW,NO,KC1
LOW,LOW,LOW,LOW,LOW,LOW,LOW,LOW,NO,KC1
LOW,LOW,LOW,LOW,LOW,LOW,LOW,LOW,NO,KC1
LOW,LOW,LOW,LOW,LOW,LOW,LOW,LOW,NO,KC1
HIGH,MEDIUM,HIGH,HIGH,HIGH,HIGH,HIGH,MEDIUM,NO,KC1
HIGH,MEDIUM,LOW,MEDIUM,MEDIUM,MEDIUM,MEDIUM,MEDIUM,NO,KC1
MEDIUM,LOW,LOW,LOW,MEDIUM,LOW,MEDIUM,LOW,NO,KC1
LOW,LOW,LOW,LOW,LOW,LOW,LOW,LOW,NO,KC1
LOW,LOW,LOW,LOW,LOW,LOW,LOW,LOW,NO,KC1
LOW,LOW,LOW,LOW,LOW,MEDIUM,LOW,LOW,NO,KC1
LOW,LOW,LOW,LOW,LOW,LOW,LOW,LOW,NO,KC1
LOW,LOW,LOW,LOW,LOW,MEDIUM,LOW,LOW,NO,KC1
HIGH,MEDIUM,LOW,MEDIUM,MEDIUM,MEDIUM,MEDIUM,MEDIUM,NO,KC1
HIGH,HIGH,HIGH,HIGH,HIGH,HIGH,HIGH,HIGH,NO,KC1
MEDIUM,LOW,LOW,LOW,MEDIUM,LOW,MEDIUM,LOW,NO,KC1
LOW,LOW,LOW,LOW,LOW,LOW,LOW,LOW,NO,KC1
LOW,LOW,LOW,LOW,LOW,LOW,LOW,LOW,NO,KC1
MEDIUM,LOW,LOW,LOW,MEDIUM,LOW,MEDIUM,LOW,NO,KC1
LOW,LOW,LOW,LOW,LOW,LOW,LOW,LOW,NO,KC1
LOW,LOW,LOW,LOW,LOW,LOW,LOW,LOW,NO,KC1
HIGH,LOW,LOW,MEDIUM,MEDIUM,MEDIUM,MEDIUM,LOW,NO,KC1
LOW,LOW,LOW,LOW,LOW,LOW,LOW,LOW,NO,KC1
LOW,LOW,LOW,LOW,LOW,LOW,LOW,LOW,NO,KC1
HIGH,MEDIUM,LOW,MEDIUM,MEDIUM,MEDIUM,MEDIUM,MEDIUM,NO,KC1
MEDIUM,LOW,LOW,LOW,MEDIUM,MEDIUM,MEDIUM,LOW,NO,KC1
LOW,LOW,LOW,LOW,LOW,LOW,LOW,LOW,NO,KC1
LOW,LOW,LOW,LOW,LOW,LOW,LOW,LOW,NO,KC1
LOW,LOW,LOW,LOW,LOW,LOW,LOW,LOW,NO,KC1
MEDIUM,LOW,LOW,LOW,MEDIUM,LOW,MEDIUM,LOW,NO,KC1
LOW,LOW,LOW,LOW,LOW,LOW,LOW,LOW,NO,KC1
LOW,LOW,LOW,LOW,LOW,LOW,LOW,LOW,NO,KC1
HIGH,HIGH,HIGH,HIGH,HIGH,HIGH,HIGH,HIGH,NO,KC1
MEDIUM,LOW,LOW,LOW,MEDIUM,MEDIUM,MEDIUM,LOW,NO,KC1
HIGH,HIGH,LOW,HIGH,HIGH,HIGH,HIGH,HIGH,NO,KC1
LOW,LOW,LOW,LOW,LOW,LOW,LOW,LOW,NO,KC1
LOW,LOW,LOW,LOW,LOW,LOW,LOW,LOW,NO,KC1
LOW,LOW,LOW,LOW,LOW,LOW,LOW,LOW,NO,KC1
MEDIUM,LOW,LOW,LOW,LOW,LOW,LOW,LOW,NO,KC1
MEDIUM,LOW,LOW,LOW,LOW,MEDIUM,MEDIUM,LOW,NO,KC1
MEDIUM,LOW,LOW,MEDIUM,MEDIUM,MEDIUM,MEDIUM,LOW,NO,KC1
HIGH,MEDIUM,LOW,MEDIUM,MEDIUM,MEDIUM,MEDIUM,MEDIUM,NO,KC1
LOW,LOW,LOW,LOW,LOW,LOW,LOW,LOW,NO,KC1
LOW,LOW,LOW,LOW,LOW,LOW,LOW,LOW,NO,KC1
HIGH,HIGH,HIGH,HIGH,HIGH,HIGH,HIGH,HIGH,NO,KC1
LOW,LOW,LOW,LOW,LOW,LOW,LOW,LOW,NO,KC1
LOW,LOW,LOW,LOW,LOW,LOW,LOW,LOW,NO,KC1
MEDIUM,MEDIUM,LOW,MEDIUM,MEDIUM,MEDIUM,MEDIUM,MEDIUM,NO,KC1
LOW,LOW,LOW,LOW,LOW,LOW,LOW,LOW,NO,KC1
LOW,LOW,LOW,LOW,LOW,LOW,LOW,LOW,NO,KC1
LOW,LOW,LOW,LOW,LOW,LOW,LOW,LOW,NO,KC1
MEDIUM,MEDIUM,HIGH,HIGH,HIGH,MEDIUM,MEDIUM,MEDIUM,NO,KC1
LOW,LOW,LOW,LOW,LOW,LOW,LOW,LOW,NO,KC1
LOW,LOW,LOW,LOW,LOW,LOW,LOW,LOW,NO,KC1
LOW,LOW,LOW,LOW,LOW,LOW,LOW,LOW,NO,KC1
LOW,LOW,LOW,LOW,LOW,LOW,LOW,LOW,NO,KC1
MEDIUM,LOW,LOW,LOW,MEDIUM,LOW,MEDIUM,LOW,NO,KC1
LOW,LOW,LOW,LOW,LOW,LOW,LOW,LOW,NO,KC1
LOW,LOW,LOW,LOW,LOW,LOW,LOW,LOW,NO,KC1
LOW,LOW,LOW,LOW,LOW,LOW,LOW,LOW,NO,KC1
MEDIUM,LOW,LOW,MEDIUM,MEDIUM,MEDIUM,MEDIUM,LOW,NO,KC1
MEDIUM,LOW,LOW,MEDIUM,MEDIUM,MEDIUM,MEDIUM,LOW,NO,KC1
LOW,LOW,LOW,LOW,LOW,LOW,LOW,LOW,NO,KC1
LOW,LOW,LOW,LOW,LOW,LOW,LOW,LOW,NO,KC1
MEDIUM,MEDIUM,MEDIUM,LOW,MEDIUM,LOW,LOW,MEDIUM,NO,KC1
LOW,LOW,LOW,LOW,LOW,LOW,LOW,LOW,NO,KC1
LOW,LOW,LOW,LOW,LOW,LOW,LOW,LOW,NO,KC1
LOW,LOW,LOW,LOW,LOW,LOW,LOW,LOW,NO,KC1
LOW,LOW,LOW,LOW,LOW,LOW,LOW,LOW,NO,KC1
LOW,LOW,LOW,LOW,LOW,LOW,LOW,LOW,NO,KC1
LOW,LOW,LOW,LOW,LOW,LOW,LOW,LOW,NO,KC1
LOW,LOW,LOW,LOW,LOW,LOW,LOW,LOW,NO,KC1
LOW,LOW,LOW,LOW,LOW,LOW,LOW,LOW,NO,KC1
LOW,LOW,LOW,LOW,LOW,LOW,LOW,LOW,NO,KC1
LOW,LOW,LOW,LOW,LOW,LOW,LOW,LOW,NO,KC1
LOW,LOW,LOW,LOW,LOW,LOW,LOW,LOW,NO,KC1
LOW,LOW,LOW,LOW,LOW,LOW,LOW,LOW,NO,KC1
LOW,LOW,LOW,LOW,LOW,LOW,LOW,LOW,NO,KC1
LOW,LOW,LOW,LOW,LOW,LOW,LOW,LOW,NO,KC1
LOW,LOW,LOW,LOW,LOW,LOW,LOW,LOW,NO,KC1
LOW,LOW,LOW,LOW,LOW,LOW,LOW,LOW,NO,KC1
LOW,LOW,LOW,LOW,LOW,LOW,LOW,LOW,NO,KC1
LOW,LOW,LOW,LOW,LOW,LOW,LOW,LOW,NO,KC1
LOW,LOW,LOW,LOW,LOW,LOW,LOW,LOW,NO,KC1
LOW,LOW,LOW,LOW,LOW,LOW,LOW,LOW,NO,KC1
MEDIUM,MEDIUM,HIGH,HIGH,MEDIUM,HIGH,MEDIUM,MEDIUM,NO,KC1
LOW,LOW,LOW,LOW,LOW,LOW,LOW,LOW,NO,KC1
LOW,LOW,LOW,LOW,LOW,LOW,LOW,LOW,NO,KC1
MEDIUM,MEDIUM,MEDIUM,MEDIUM,MEDIUM,MEDIUM,MEDIUM,MEDIUM,NO,KC1
LOW,LOW,LOW,LOW,LOW,LOW,LOW,LOW,NO,KC1
LOW,LOW,LOW,LOW,LOW,LOW,LOW,LOW,NO,KC1
LOW,LOW,LOW,LOW,LOW,LOW,LOW,LOW,NO,KC1
LOW,LOW,LOW,LOW,LOW,LOW,LOW,LOW,NO,KC1
LOW,LOW,LOW,LOW,LOW,LOW,LOW,LOW,NO,KC1
LOW,LOW,LOW,LOW,LOW,LOW,LOW,LOW,NO,KC1
LOW,LOW,LOW,LOW,LOW,LOW,LOW,LOW,NO,KC1
LOW,LOW,LOW,LOW,LOW,LOW,LOW,LOW,NO,KC1
MEDIUM,MEDIUM,LOW,MEDIUM,MEDIUM,MEDIUM,MEDIUM,MEDIUM,NO,KC1
LOW,LOW,LOW,LOW,LOW,LOW,LOW,LOW,NO,KC1
MEDIUM,MEDIUM,LOW,MEDIUM,MEDIUM,MEDIUM,MEDIUM,MEDIUM,NO,KC1
LOW,LOW,LOW,LOW,LOW,LOW,LOW,LOW,NO,KC1
LOW,LOW,LOW,LOW,LOW,LOW,LOW,LOW,NO,KC1
LOW,LOW,LOW,LOW,LOW,LOW,LOW,LOW,NO,KC1
LOW,LOW,LOW,LOW,LOW,LOW,LOW,LOW,NO,KC1
LOW,LOW,LOW,LOW,LOW,LOW,LOW,LOW,NO,KC1
LOW,LOW,LOW,LOW,LOW,LOW,LOW,LOW,NO,KC1
MEDIUM,MEDIUM,HIGH,HIGH,MEDIUM,MEDIUM,MEDIUM,MEDIUM,NO,KC1
LOW,LOW,LOW,LOW,LOW,LOW,LOW,LOW,NO,KC1
LOW,LOW,LOW,LOW,LOW,LOW,LOW,LOW,NO,KC1
LOW,LOW,LOW,LOW,LOW,LOW,LOW,LOW,NO,KC1
LOW,LOW,LOW,LOW,LOW,LOW,LOW,LOW,NO,KC1
LOW,LOW,LOW,LOW,LOW,LOW,LOW,LOW,NO,KC1
LOW,LOW,LOW,LOW,LOW,LOW,LOW,LOW,NO,KC1
LOW,LOW,LOW,LOW,LOW,LOW,LOW,LOW,NO,KC1
LOW,LOW,LOW,LOW,LOW,LOW,LOW,LOW,NO,KC1
LOW,LOW,LOW,LOW,MEDIUM,LOW,LOW,LOW,NO,KC1
LOW,LOW,LOW,LOW,LOW,LOW,LOW,LOW,NO,KC1
MEDIUM,MEDIUM,LOW,MEDIUM,MEDIUM,MEDIUM,MEDIUM,MEDIUM,NO,KC1
LOW,LOW,LOW,LOW,LOW,LOW,LOW,LOW,NO,KC1
LOW,LOW,LOW,LOW,LOW,LOW,LOW,LOW,NO,KC1
LOW,LOW,LOW,LOW,LOW,LOW,LOW,LOW,NO,KC1
LOW,LOW,LOW,LOW,LOW,LOW,LOW,LOW,NO,KC1
LOW,LOW,LOW,LOW,LOW,LOW,LOW,LOW,NO,KC1
LOW,LOW,LOW,LOW,LOW,LOW,LOW,LOW,NO,KC1
LOW,LOW,LOW,LOW,LOW,LOW,LOW,LOW,NO,KC1
LOW,LOW,LOW,LOW,LOW,LOW,LOW,LOW,NO,KC1
HIGH,MEDIUM,LOW,MEDIUM,MEDIUM,MEDIUM,MEDIUM,MEDIUM,NO,KC1
MEDIUM,LOW,LOW,LOW,MEDIUM,LOW,MEDIUM,LOW,NO,KC1
HIGH,LOW,LOW,MEDIUM,MEDIUM,MEDIUM,MEDIUM,LOW,NO,KC1
LOW,LOW,LOW,LOW,LOW,LOW,LOW,LOW,NO,KC1
LOW,LOW,LOW,LOW,LOW,LOW,LOW,LOW,NO,KC1
HIGH,MEDIUM,LOW,MEDIUM,MEDIUM,MEDIUM,MEDIUM,MEDIUM,NO,KC1
MEDIUM,LOW,LOW,LOW,MEDIUM,LOW,MEDIUM,LOW,NO,KC1
LOW,LOW,LOW,LOW,LOW,LOW,LOW,LOW,NO,KC1
LOW,LOW,LOW,LOW,LOW,LOW,LOW,LOW,NO,KC1
LOW,LOW,LOW,LOW,LOW,LOW,LOW,LOW,NO,KC1
HIGH,HIGH,HIGH,HIGH,HIGH,HIGH,HIGH,HIGH,NO,KC1
LOW,LOW,LOW,LOW,LOW,LOW,LOW,LOW,NO,KC1
MEDIUM,LOW,LOW,MEDIUM,LOW,MEDIUM,LOW,LOW,NO,KC1
MEDIUM,LOW,LOW,MEDIUM,LOW,MEDIUM,LOW,LOW,NO,KC1
MEDIUM,LOW,LOW,MEDIUM,LOW,MEDIUM,LOW,LOW,NO,KC1
MEDIUM,LOW,LOW,MEDIUM,LOW,MEDIUM,LOW,LOW,NO,KC1
MEDIUM,LOW,LOW,MEDIUM,LOW,MEDIUM,LOW,LOW,NO,KC1
LOW,LOW,LOW,MEDIUM,LOW,LOW,LOW,LOW,NO,KC1
LOW,LOW,LOW,MEDIUM,LOW,MEDIUM,LOW,LOW,NO,KC1
MEDIUM,LOW,LOW,MEDIUM,LOW,MEDIUM,LOW,LOW,NO,KC1
MEDIUM,LOW,LOW,MEDIUM,LOW,MEDIUM,LOW,LOW,NO,KC1
MEDIUM,LOW,LOW,MEDIUM,LOW,MEDIUM,LOW,LOW,NO,KC1
MEDIUM,LOW,LOW,MEDIUM,LOW,MEDIUM,LOW,LOW,NO,KC1
MEDIUM,LOW,LOW,MEDIUM,LOW,MEDIUM,LOW,LOW,NO,KC1
MEDIUM,LOW,LOW,MEDIUM,LOW,MEDIUM,LOW,LOW,NO,KC1
LOW,LOW,LOW,MEDIUM,LOW,LOW,LOW,LOW,NO,KC1
LOW,LOW,LOW,LOW,LOW,LOW,LOW,LOW,NO,KC1
HIGH,MEDIUM,LOW,HIGH,HIGH,HIGH,HIGH,MEDIUM,NO,KC1
LOW,LOW,LOW,LOW,LOW,LOW,LOW,LOW,NO,KC1
LOW,LOW,LOW,LOW,LOW,LOW,LOW,LOW,NO,KC1
LOW,LOW,LOW,LOW,LOW,LOW,LOW,LOW,NO,KC1
LOW,LOW,LOW,MEDIUM,LOW,LOW,LOW,LOW,NO,KC1
LOW,LOW,LOW,MEDIUM,LOW,LOW,LOW,LOW,NO,KC1
LOW,LOW,LOW,LOW,LOW,LOW,LOW,LOW,NO,KC1
LOW,LOW,LOW,LOW,LOW,LOW,LOW,LOW,NO,KC1
LOW,LOW,LOW,LOW,LOW,LOW,LOW,LOW,NO,KC1
LOW,LOW,LOW,LOW,LOW,LOW,LOW,LOW,NO,KC1
LOW,LOW,LOW,LOW,LOW,LOW,LOW,LOW,NO,KC1
LOW,LOW,LOW,LOW,LOW,LOW,LOW,LOW,NO,KC1
HIGH,MEDIUM,LOW,HIGH,HIGH,MEDIUM,MEDIUM,MEDIUM,NO,KC1
HIGH,MEDIUM,LOW,HIGH,HIGH,MEDIUM,HIGH,MEDIUM,NO,KC1
LOW,LOW,LOW,LOW,LOW,LOW,LOW,LOW,NO,KC1
MEDIUM,LOW,LOW,LOW,MEDIUM,LOW,MEDIUM,LOW,NO,KC1
LOW,LOW,LOW,LOW,LOW,LOW,LOW,LOW,NO,KC1
LOW,LOW,LOW,LOW,LOW,LOW,LOW,LOW,NO,KC1
LOW,LOW,LOW,LOW,LOW,LOW,LOW,LOW,NO,KC1
LOW,LOW,LOW,LOW,LOW,LOW,LOW,LOW,NO,KC1
LOW,LOW,LOW,LOW,LOW,LOW,LOW,LOW,NO,KC1
LOW,LOW,LOW,LOW,LOW,LOW,LOW,LOW,NO,KC1
LOW,LOW,LOW,LOW,LOW,LOW,LOW,LOW,NO,KC1
LOW,LOW,LOW,LOW,LOW,LOW,LOW,LOW,NO,KC1
LOW,LOW,LOW,LOW,LOW,LOW,LOW,LOW,NO,KC1
LOW,LOW,LOW,LOW,LOW,LOW,LOW,LOW,NO,KC1
LOW,LOW,MEDIUM,MEDIUM,LOW,MEDIUM,LOW,LOW,NO,KC1
LOW,LOW,LOW,LOW,LOW,LOW,LOW,LOW,NO,KC1
MEDIUM,MEDIUM,LOW,LOW,MEDIUM,MEDIUM,MEDIUM,MEDIUM,NO,KC1
LOW,LOW,LOW,LOW,LOW,LOW,LOW,LOW,NO,KC1
LOW,LOW,LOW,LOW,LOW,LOW,LOW,LOW,NO,KC1
LOW,LOW,LOW,LOW,LOW,MEDIUM,LOW,LOW,NO,KC1
LOW,LOW,LOW,LOW,LOW,LOW,LOW,LOW,NO,KC1
MEDIUM,LOW,MEDIUM,MEDIUM,MEDIUM,MEDIUM,MEDIUM,LOW,NO,KC1
MEDIUM,LOW,LOW,LOW,MEDIUM,LOW,MEDIUM,LOW,NO,KC1
LOW,LOW,LOW,LOW,LOW,LOW,LOW,LOW,NO,KC1
LOW,LOW,LOW,LOW,LOW,LOW,LOW,LOW,NO,KC1
LOW,LOW,LOW,LOW,MEDIUM,LOW,LOW,LOW,NO,KC1
MEDIUM,LOW,LOW,LOW,LOW,LOW,LOW,LOW,NO,KC1
LOW,LOW,LOW,LOW,LOW,LOW,LOW,LOW,NO,KC1
LOW,LOW,LOW,LOW,LOW,LOW,LOW,LOW,NO,KC1
LOW,LOW,LOW,LOW,LOW,LOW,LOW,LOW,NO,KC1
HIGH,HIGH,LOW,HIGH,HIGH,HIGH,HIGH,HIGH,NO,KC1
LOW,LOW,LOW,LOW,LOW,LOW,LOW,LOW,NO,KC1
LOW,LOW,LOW,LOW,LOW,LOW,LOW,LOW,NO,KC1
LOW,LOW,LOW,LOW,LOW,LOW,LOW,LOW,NO,KC1
LOW,LOW,LOW,LOW,LOW,LOW,LOW,LOW,NO,KC1
LOW,LOW,LOW,LOW,LOW,LOW,LOW,LOW,NO,KC1
MEDIUM,LOW,LOW,MEDIUM,MEDIUM,MEDIUM,MEDIUM,LOW,NO,KC1
MEDIUM,LOW,LOW,MEDIUM,MEDIUM,MEDIUM,MEDIUM,LOW,NO,KC1
LOW,LOW,LOW,LOW,LOW,LOW,LOW,LOW,NO,KC1
LOW,LOW,LOW,LOW,LOW,LOW,LOW,LOW,NO,KC1
LOW,LOW,LOW,LOW,LOW,LOW,LOW,LOW,NO,KC1
LOW,LOW,LOW,LOW,LOW,LOW,LOW,LOW,NO,KC1
LOW,LOW,LOW,LOW,LOW,LOW,LOW,LOW,NO,KC1
LOW,LOW,LOW,LOW,LOW,LOW,LOW,LOW,NO,KC1
LOW,LOW,LOW,LOW,LOW,LOW,LOW,LOW,NO,KC1
LOW,LOW,LOW,LOW,LOW,LOW,LOW,LOW,NO,KC1
LOW,LOW,LOW,LOW,LOW,LOW,LOW,LOW,NO,KC1
LOW,LOW,LOW,LOW,LOW,LOW,LOW,LOW,NO,KC1
MEDIUM,LOW,LOW,LOW,MEDIUM,MEDIUM,MEDIUM,LOW,NO,KC1
MEDIUM,LOW,LOW,MEDIUM,MEDIUM,MEDIUM,MEDIUM,LOW,NO,KC1
LOW,LOW,LOW,LOW,LOW,LOW,LOW,LOW,NO,KC1
LOW,LOW,LOW,MEDIUM,LOW,MEDIUM,MEDIUM,LOW,NO,KC1
LOW,LOW,LOW,LOW,LOW,LOW,LOW,LOW,NO,KC1
MEDIUM,LOW,LOW,MEDIUM,MEDIUM,MEDIUM,MEDIUM,LOW,NO,KC1
LOW,LOW,LOW,LOW,LOW,LOW,LOW,LOW,NO,KC1
LOW,LOW,LOW,LOW,LOW,LOW,LOW,LOW,NO,KC1
LOW,LOW,LOW,LOW,LOW,LOW,LOW,LOW,NO,KC1
LOW,LOW,LOW,LOW,LOW,LOW,LOW,LOW,NO,KC1
LOW,LOW,LOW,LOW,LOW,LOW,LOW,LOW,NO,KC1
LOW,LOW,LOW,LOW,LOW,LOW,LOW,LOW,NO,KC1
LOW,LOW,LOW,LOW,LOW,LOW,LOW,LOW,NO,KC1
LOW,LOW,LOW,LOW,LOW,LOW,LOW,LOW,NO,KC1
LOW,LOW,LOW,MEDIUM,LOW,MEDIUM,LOW,LOW,NO,KC1
LOW,LOW,LOW,LOW,LOW,LOW,LOW,LOW,NO,KC1
LOW,LOW,LOW,LOW,LOW,LOW,LOW,LOW,NO,KC1
LOW,LOW,LOW,LOW,LOW,LOW,LOW,LOW,NO,KC1
LOW,LOW,LOW,LOW,LOW,LOW,LOW,LOW,NO,KC1
LOW,LOW,LOW,LOW,LOW,LOW,LOW,LOW,NO,KC1
LOW,LOW,LOW,LOW,LOW,LOW,LOW,LOW,NO,KC1
LOW,LOW,LOW,LOW,LOW,LOW,LOW,LOW,NO,KC1
MEDIUM,LOW,LOW,MEDIUM,MEDIUM,HIGH,MEDIUM,LOW,NO,KC1
LOW,LOW,LOW,LOW,LOW,LOW,LOW,LOW,NO,KC1
LOW,LOW,LOW,LOW,LOW,LOW,LOW,LOW,NO,KC1
LOW,LOW,LOW,LOW,LOW,LOW,LOW,LOW,NO,KC1
LOW,LOW,LOW,LOW,LOW,LOW,LOW,LOW,NO,KC1
LOW,LOW,LOW,LOW,LOW,LOW,LOW,LOW,NO,KC1
LOW,LOW,LOW,LOW,LOW,LOW,LOW,LOW,NO,KC1
LOW,LOW,LOW,LOW,LOW,LOW,LOW,LOW,NO,KC1
LOW,LOW,LOW,LOW,LOW,LOW,LOW,LOW,NO,KC1
MEDIUM,LOW,LOW,MEDIUM,MEDIUM,MEDIUM,MEDIUM,LOW,NO,KC1
LOW,LOW,LOW,LOW,LOW,LOW,LOW,LOW,NO,KC1
LOW,LOW,LOW,LOW,LOW,LOW,LOW,LOW,NO,KC1
LOW,LOW,LOW,LOW,LOW,LOW,LOW,LOW,NO,KC1
LOW,LOW,LOW,LOW,LOW,LOW,LOW,LOW,NO,KC1
LOW,LOW,LOW,LOW,LOW,LOW,LOW,LOW,NO,KC1
LOW,LOW,LOW,LOW,LOW,LOW,LOW,LOW,NO,KC1
LOW,LOW,LOW,LOW,LOW,LOW,LOW,LOW,NO,KC1
LOW,LOW,LOW,LOW,LOW,LOW,LOW,LOW,NO,KC1
LOW,LOW,LOW,LOW,LOW,LOW,LOW,LOW,NO,KC1
LOW,LOW,LOW,LOW,LOW,LOW,LOW,LOW,NO,KC1
LOW,LOW,LOW,LOW,LOW,LOW,LOW,LOW,NO,KC1
LOW,LOW,LOW,LOW,LOW,LOW,LOW,LOW,NO,KC1
LOW,LOW,LOW,LOW,LOW,LOW,LOW,LOW,NO,KC1
LOW,LOW,LOW,LOW,LOW,LOW,LOW,LOW,NO,KC1
LOW,LOW,LOW,LOW,LOW,LOW,LOW,LOW,NO,KC1
LOW,MEDIUM,HIGH,HIGH,MEDIUM,MEDIUM,MEDIUM,MEDIUM,NO,KC1
LOW,LOW,LOW,LOW,LOW,LOW,LOW,LOW,NO,KC1
LOW,LOW,LOW,LOW,LOW,LOW,LOW,LOW,NO,KC1
HIGH,HIGH,HIGH,HIGH,MEDIUM,HIGH,MEDIUM,HIGH,NO,KC1
LOW,LOW,LOW,LOW,LOW,LOW,LOW,LOW,NO,KC1
LOW,LOW,LOW,LOW,LOW,LOW,LOW,LOW,NO,KC1
LOW,LOW,LOW,LOW,LOW,LOW,LOW,LOW,NO,KC1
HIGH,MEDIUM,HIGH,HIGH,HIGH,MEDIUM,HIGH,MEDIUM,NO,KC1
LOW,LOW,LOW,LOW,LOW,LOW,LOW,LOW,NO,KC1
LOW,LOW,LOW,LOW,LOW,LOW,LOW,LOW,NO,KC1
LOW,LOW,LOW,LOW,LOW,LOW,LOW,LOW,NO,KC1
LOW,LOW,LOW,LOW,LOW,LOW,LOW,LOW,NO,KC1
LOW,LOW,LOW,LOW,LOW,LOW,LOW,LOW,NO,KC1
LOW,LOW,LOW,LOW,LOW,LOW,LOW,LOW,NO,KC1
LOW,LOW,LOW,LOW,LOW,LOW,LOW,LOW,NO,KC1
LOW,LOW,LOW,LOW,LOW,LOW,LOW,LOW,NO,KC1
LOW,LOW,LOW,LOW,LOW,LOW,LOW,LOW,NO,KC1
LOW,LOW,LOW,LOW,LOW,LOW,LOW,LOW,NO,KC1
LOW,LOW,LOW,LOW,LOW,LOW,LOW,LOW,NO,KC1
LOW,LOW,LOW,LOW,LOW,LOW,LOW,LOW,NO,KC1
LOW,LOW,LOW,LOW,LOW,LOW,LOW,LOW,NO,KC1
LOW,LOW,LOW,MEDIUM,LOW,LOW,LOW,LOW,NO,KC1
LOW,LOW,LOW,LOW,LOW,LOW,LOW,LOW,NO,KC1
LOW,LOW,LOW,LOW,LOW,LOW,LOW,LOW,NO,KC1
LOW,LOW,LOW,LOW,LOW,LOW,LOW,LOW,NO,KC1
LOW,LOW,LOW,LOW,LOW,LOW,LOW,LOW,NO,KC1
LOW,LOW,LOW,LOW,LOW,LOW,LOW,LOW,NO,KC1
LOW,LOW,LOW,LOW,LOW,LOW,LOW,LOW,NO,KC1
LOW,LOW,LOW,LOW,LOW,LOW,LOW,LOW,NO,KC1
LOW,LOW,LOW,LOW,LOW,LOW,LOW,LOW,NO,KC1
LOW,LOW,LOW,LOW,LOW,LOW,LOW,LOW,NO,KC1
LOW,LOW,LOW,LOW,LOW,LOW,LOW,LOW,NO,KC1
LOW,LOW,LOW,LOW,LOW,LOW,LOW,LOW,NO,KC1
LOW,LOW,LOW,LOW,LOW,LOW,LOW,LOW,NO,KC1
LOW,LOW,LOW,LOW,LOW,LOW,LOW,LOW,NO,KC1
LOW,LOW,LOW,LOW,LOW,LOW,LOW,LOW,NO,KC1
LOW,LOW,LOW,LOW,LOW,LOW,LOW,LOW,NO,KC1
LOW,LOW,LOW,LOW,LOW,LOW,LOW,LOW,NO,KC1
LOW,LOW,LOW,LOW,LOW,LOW,LOW,LOW,NO,KC1
LOW,LOW,LOW,LOW,LOW,LOW,LOW,LOW,NO,KC1
LOW,LOW,LOW,LOW,LOW,LOW,LOW,LOW,NO,KC1
LOW,LOW,MEDIUM,LOW,LOW,LOW,LOW,LOW,NO,KC1
LOW,LOW,LOW,LOW,LOW,LOW,LOW,LOW,NO,KC1
LOW,LOW,LOW,LOW,LOW,LOW,LOW,LOW,NO,KC1
LOW,LOW,LOW,LOW,LOW,LOW,LOW,LOW,NO,KC1
HIGH,MEDIUM,LOW,HIGH,HIGH,MEDIUM,HIGH,MEDIUM,NO,KC1
MEDIUM,LOW,LOW,MEDIUM,MEDIUM,LOW,MEDIUM,LOW,NO,KC1
LOW,LOW,LOW,LOW,LOW,LOW,LOW,LOW,NO,KC1
LOW,LOW,LOW,LOW,LOW,LOW,LOW,LOW,NO,KC1
LOW,LOW,LOW,LOW,LOW,LOW,LOW,LOW,NO,KC1
LOW,LOW,LOW,LOW,LOW,LOW,LOW,LOW,NO,KC1
LOW,LOW,LOW,LOW,LOW,LOW,LOW,LOW,NO,KC1
LOW,LOW,LOW,LOW,LOW,LOW,LOW,LOW,NO,KC1
LOW,LOW,LOW,LOW,LOW,LOW,LOW,LOW,NO,KC1
LOW,LOW,LOW,LOW,LOW,LOW,LOW,LOW,NO,KC1
LOW,LOW,LOW,LOW,LOW,LOW,LOW,LOW,NO,KC1
LOW,LOW,LOW,LOW,LOW,LOW,LOW,LOW,NO,KC1
LOW,LOW,LOW,LOW,LOW,LOW,LOW,LOW,NO,KC1
LOW,LOW,LOW,LOW,LOW,LOW,LOW,LOW,NO,KC1
LOW,LOW,LOW,MEDIUM,LOW,MEDIUM,MEDIUM,LOW,NO,KC1
LOW,LOW,LOW,MEDIUM,LOW,MEDIUM,MEDIUM,LOW,NO,KC1
LOW,LOW,LOW,LOW,LOW,LOW,LOW,LOW,NO,KC1
LOW,LOW,LOW,LOW,LOW,LOW,LOW,LOW,NO,KC1
LOW,LOW,LOW,LOW,LOW,LOW,LOW,LOW,NO,KC1
LOW,LOW,LOW,LOW,LOW,LOW,LOW,LOW,NO,KC1
MEDIUM,LOW,LOW,MEDIUM,MEDIUM,MEDIUM,MEDIUM,LOW,NO,KC1
LOW,MEDIUM,LOW,MEDIUM,LOW,MEDIUM,MEDIUM,MEDIUM,NO,KC1
LOW,MEDIUM,LOW,MEDIUM,LOW,MEDIUM,MEDIUM,MEDIUM,NO,KC1
MEDIUM,MEDIUM,LOW,MEDIUM,LOW,LOW,LOW,MEDIUM,NO,KC1
MEDIUM,MEDIUM,LOW,MEDIUM,LOW,LOW,LOW,MEDIUM,NO,KC1
LOW,LOW,LOW,LOW,LOW,LOW,LOW,LOW,NO,KC1
LOW,LOW,LOW,LOW,LOW,LOW,LOW,LOW,NO,KC1
LOW,LOW,LOW,LOW,LOW,LOW,LOW,LOW,NO,KC1
LOW,LOW,LOW,LOW,LOW,LOW,LOW,LOW,NO,KC1
LOW,LOW,LOW,LOW,LOW,LOW,LOW,LOW,NO,KC1
LOW,LOW,LOW,LOW,LOW,LOW,LOW,LOW,NO,KC1
LOW,LOW,LOW,LOW,LOW,LOW,LOW,LOW,NO,KC1
LOW,LOW,LOW,LOW,LOW,LOW,LOW,LOW,NO,KC1
LOW,LOW,LOW,LOW,LOW,LOW,LOW,LOW,NO,KC1
LOW,LOW,LOW,MEDIUM,LOW,MEDIUM,LOW,LOW,NO,KC1
LOW,LOW,LOW,LOW,LOW,LOW,LOW,LOW,NO,KC1
LOW,LOW,LOW,LOW,LOW,LOW,LOW,LOW,NO,KC1
LOW,LOW,LOW,LOW,LOW,LOW,LOW,LOW,NO,KC1
LOW,LOW,LOW,LOW,LOW,LOW,LOW,LOW,NO,KC1
LOW,LOW,LOW,LOW,LOW,LOW,LOW,LOW,NO,KC1
LOW,LOW,LOW,LOW,LOW,LOW,LOW,LOW,NO,KC1
LOW,LOW,LOW,LOW,MEDIUM,LOW,LOW,LOW,NO,KC1
LOW,LOW,LOW,LOW,LOW,LOW,LOW,LOW,NO,KC1
LOW,LOW,LOW,LOW,LOW,LOW,LOW,LOW,NO,KC1
LOW,LOW,LOW,LOW,LOW,LOW,LOW,LOW,NO,KC1
LOW,LOW,LOW,LOW,LOW,LOW,LOW,LOW,NO,KC1
LOW,LOW,LOW,LOW,LOW,LOW,LOW,LOW,NO,KC1
LOW,LOW,LOW,LOW,LOW,LOW,LOW,LOW,NO,KC1
MEDIUM,LOW,MEDIUM,MEDIUM,MEDIUM,MEDIUM,MEDIUM,LOW,NO,KC1
LOW,LOW,LOW,LOW,LOW,LOW,LOW,LOW,NO,KC1
LOW,LOW,LOW,LOW,LOW,LOW,LOW,LOW,NO,KC1
LOW,LOW,LOW,LOW,LOW,LOW,LOW,LOW,NO,KC1
LOW,LOW,MEDIUM,LOW,LOW,LOW,LOW,LOW,NO,KC2
LOW,LOW,LOW,LOW,LOW,LOW,LOW,LOW,YES,KC2
HIGH,HIGH,HIGH,HIGH,HIGH,HIGH,HIGH,HIGH,YES,KC2
HIGH,HIGH,HIGH,HIGH,HIGH,HIGH,HIGH,HIGH,YES,KC2
HIGH,HIGH,HIGH,HIGH,HIGH,HIGH,HIGH,HIGH,YES,KC2
HIGH,HIGH,HIGH,HIGH,HIGH,HIGH,HIGH,HIGH,YES,KC2
HIGH,HIGH,HIGH,HIGH,HIGH,HIGH,HIGH,HIGH,YES,KC2
LOW,LOW,LOW,LOW,LOW,LOW,LOW,LOW,NO,KC2
LOW,LOW,LOW,LOW,LOW,LOW,LOW,LOW,NO,KC2
LOW,LOW,LOW,LOW,LOW,LOW,LOW,LOW,NO,KC2
LOW,LOW,LOW,LOW,LOW,LOW,LOW,LOW,NO,KC2
LOW,LOW,LOW,LOW,LOW,LOW,LOW,LOW,NO,KC2
LOW,LOW,LOW,LOW,LOW,LOW,LOW,LOW,NO,KC2
LOW,LOW,LOW,LOW,LOW,LOW,LOW,LOW,NO,KC2
LOW,LOW,LOW,LOW,LOW,LOW,LOW,LOW,NO,KC2
LOW,LOW,LOW,LOW,LOW,LOW,LOW,LOW,NO,KC2
MEDIUM,MEDIUM,LOW,LOW,MEDIUM,HIGH,MEDIUM,MEDIUM,NO,KC2
LOW,LOW,LOW,LOW,LOW,LOW,LOW,LOW,NO,KC2
LOW,LOW,LOW,LOW,LOW,LOW,LOW,LOW,NO,KC2
LOW,LOW,LOW,LOW,LOW,LOW,LOW,LOW,NO,KC2
LOW,LOW,LOW,LOW,LOW,LOW,LOW,LOW,NO,KC2
LOW,LOW,LOW,LOW,LOW,LOW,LOW,LOW,NO,KC2
LOW,LOW,LOW,LOW,LOW,LOW,LOW,LOW,NO,KC2
LOW,LOW,LOW,LOW,LOW,LOW,LOW,LOW,NO,KC2
HIGH,HIGH,HIGH,HIGH,HIGH,HIGH,HIGH,HIGH,NO,KC2
LOW,LOW,LOW,LOW,LOW,LOW,LOW,LOW,NO,KC2
HIGH,HIGH,HIGH,HIGH,HIGH,HIGH,HIGH,HIGH,NO,KC2
LOW,LOW,LOW,LOW,LOW,LOW,LOW,LOW,NO,KC2
LOW,LOW,LOW,LOW,LOW,LOW,LOW,LOW,NO,KC2
LOW,LOW,LOW,LOW,LOW,LOW,LOW,LOW,NO,KC2
LOW,LOW,LOW,LOW,LOW,LOW,LOW,LOW,NO,KC2
MEDIUM,HIGH,HIGH,HIGH,MEDIUM,MEDIUM,MEDIUM,HIGH,NO,KC2
LOW,LOW,LOW,LOW,LOW,LOW,LOW,LOW,NO,KC2
HIGH,MEDIUM,LOW,MEDIUM,MEDIUM,MEDIUM,MEDIUM,MEDIUM,NO,KC2
MEDIUM,MEDIUM,LOW,LOW,MEDIUM,MEDIUM,MEDIUM,MEDIUM,NO,KC2
LOW,LOW,LOW,LOW,LOW,LOW,LOW,LOW,NO,KC2
HIGH,HIGH,LOW,HIGH,HIGH,MEDIUM,HIGH,HIGH,NO,KC2
LOW,LOW,LOW,LOW,LOW,LOW,LOW,LOW,NO,KC2
LOW,LOW,LOW,LOW,LOW,LOW,LOW,LOW,NO,KC2
HIGH,MEDIUM,LOW,MEDIUM,MEDIUM,LOW,MEDIUM,MEDIUM,NO,KC2
LOW,LOW,LOW,LOW,LOW,LOW,LOW,LOW,NO,KC2
LOW,LOW,LOW,LOW,LOW,LOW,LOW,LOW,NO,KC2
LOW,LOW,LOW,LOW,LOW,LOW,LOW,LOW,NO,KC2
LOW,LOW,LOW,LOW,LOW,LOW,LOW,LOW,NO,KC2
LOW,LOW,LOW,LOW,LOW,LOW,LOW,LOW,NO,KC2
LOW,LOW,LOW,LOW,LOW,LOW,LOW,LOW,NO,KC2
LOW,LOW,LOW,LOW,LOW,LOW,LOW,LOW,NO,KC2
LOW,LOW,LOW,LOW,LOW,LOW,LOW,LOW,NO,KC2
HIGH,MEDIUM,LOW,HIGH,HIGH,HIGH,HIGH,MEDIUM,NO,KC2
LOW,LOW,LOW,LOW,LOW,LOW,LOW,LOW,NO,KC2
LOW,LOW,LOW,LOW,LOW,LOW,LOW,LOW,NO,KC2
MEDIUM,LOW,LOW,LOW,LOW,LOW,LOW,LOW,NO,KC2
MEDIUM,MEDIUM,LOW,MEDIUM,MEDIUM,LOW,LOW,MEDIUM,NO,KC2
LOW,LOW,LOW,LOW,LOW,LOW,LOW,LOW,NO,KC2
LOW,LOW,LOW,LOW,LOW,LOW,LOW,LOW,NO,KC2
LOW,LOW,LOW,LOW,LOW,LOW,LOW,LOW,NO,KC2
MEDIUM,MEDIUM,LOW,MEDIUM,MEDIUM,MEDIUM,MEDIUM,MEDIUM,NO,KC2
LOW,LOW,LOW,LOW,LOW,LOW,LOW,LOW,NO,KC2
LOW,LOW,LOW,LOW,LOW,LOW,LOW,LOW,NO,KC2
LOW,LOW,LOW,LOW,LOW,LOW,LOW,LOW,NO,KC2
LOW,LOW,LOW,LOW,LOW,LOW,LOW,LOW,NO,KC2
LOW,LOW,LOW,LOW,LOW,LOW,LOW,LOW,NO,KC2
LOW,LOW,LOW,LOW,LOW,LOW,LOW,LOW,NO,KC2
LOW,LOW,LOW,LOW,MEDIUM,MEDIUM,MEDIUM,LOW,NO,KC2
MEDIUM,LOW,LOW,LOW,LOW,LOW,LOW,LOW,NO,KC2
LOW,LOW,LOW,LOW,MEDIUM,MEDIUM,MEDIUM,LOW,NO,KC2
MEDIUM,LOW,LOW,LOW,MEDIUM,MEDIUM,MEDIUM,LOW,NO,KC2
MEDIUM,LOW,LOW,LOW,HIGH,MEDIUM,MEDIUM,LOW,NO,KC2
LOW,LOW,LOW,LOW,LOW,LOW,LOW,LOW,NO,KC2
LOW,LOW,LOW,LOW,LOW,LOW,LOW,LOW,NO,KC2
LOW,LOW,LOW,LOW,LOW,LOW,LOW,LOW,NO,KC2
LOW,LOW,LOW,LOW,LOW,LOW,LOW,LOW,NO,KC2
LOW,LOW,LOW,LOW,LOW,LOW,LOW,LOW,NO,KC2
LOW,LOW,LOW,LOW,LOW,LOW,LOW,LOW,NO,KC2
LOW,LOW,LOW,LOW,MEDIUM,LOW,LOW,LOW,NO,KC2
LOW,LOW,LOW,LOW,LOW,LOW,LOW,LOW,NO,KC2
HIGH,LOW,LOW,LOW,HIGH,HIGH,HIGH,HIGH,NO,KC2
LOW,LOW,LOW,LOW,LOW,LOW,LOW,LOW,NO,KC2
LOW,LOW,LOW,LOW,LOW,LOW,LOW,LOW,NO,KC2
HIGH,MEDIUM,HIGH,HIGH,HIGH,HIGH,HIGH,MEDIUM,NO,KC2
LOW,LOW,LOW,LOW,LOW,LOW,LOW,LOW,NO,KC2
LOW,LOW,LOW,LOW,LOW,LOW,LOW,LOW,NO,KC2
MEDIUM,MEDIUM,MEDIUM,MEDIUM,MEDIUM,MEDIUM,MEDIUM,MEDIUM,NO,KC2
MEDIUM,MEDIUM,HIGH,MEDIUM,MEDIUM,MEDIUM,MEDIUM,MEDIUM,NO,KC2
LOW,LOW,LOW,LOW,LOW,LOW,LOW,LOW,NO,KC2
HIGH,HIGH,HIGH,MEDIUM,HIGH,HIGH,HIGH,HIGH,NO,KC2
LOW,LOW,LOW,LOW,LOW,LOW,LOW,LOW,NO,KC2
MEDIUM,MEDIUM,LOW,MEDIUM,MEDIUM,MEDIUM,MEDIUM,MEDIUM,NO,KC2
HIGH,MEDIUM,LOW,MEDIUM,MEDIUM,MEDIUM,MEDIUM,MEDIUM,NO,KC2
MEDIUM,MEDIUM,HIGH,MEDIUM,MEDIUM,MEDIUM,MEDIUM,MEDIUM,NO,KC2
LOW,LOW,LOW,LOW,LOW,LOW,LOW,LOW,NO,KC2
HIGH,MEDIUM,LOW,MEDIUM,MEDIUM,MEDIUM,MEDIUM,MEDIUM,NO,KC2
MEDIUM,MEDIUM,LOW,MEDIUM,HIGH,HIGH,HIGH,MEDIUM,NO,KC2
LOW,LOW,LOW,LOW,LOW,LOW,LOW,LOW,NO,KC2
LOW,LOW,LOW,LOW,LOW,LOW,LOW,LOW,NO,KC2
LOW,LOW,LOW,LOW,LOW,LOW,LOW,LOW,NO,KC2
LOW,LOW,LOW,LOW,LOW,LOW,LOW,LOW,NO,KC2
LOW,LOW,LOW,LOW,LOW,LOW,LOW,LOW,NO,KC2
HIGH,MEDIUM,LOW,MEDIUM,HIGH,MEDIUM,MEDIUM,MEDIUM,NO,KC2
LOW,LOW,LOW,LOW,LOW,LOW,LOW,LOW,NO,KC2
LOW,LOW,LOW,LOW,LOW,LOW,LOW,LOW,NO,KC2
LOW,MEDIUM,LOW,HIGH,MEDIUM,LOW,LOW,MEDIUM,NO,KC2
LOW,LOW,LOW,LOW,LOW,LOW,LOW,LOW,NO,KC2
LOW,LOW,LOW,LOW,LOW,LOW,LOW,LOW,NO,KC2
LOW,LOW,LOW,LOW,LOW,LOW,LOW,LOW,NO,KC2
LOW,LOW,LOW,LOW,LOW,LOW,LOW,LOW,NO,KC2
LOW,MEDIUM,LOW,HIGH,LOW,LOW,LOW,MEDIUM,NO,KC2
LOW,LOW,LOW,LOW,LOW,LOW,LOW,LOW,NO,KC2
LOW,LOW,LOW,LOW,LOW,LOW,LOW,LOW,NO,KC2
LOW,LOW,LOW,LOW,LOW,LOW,LOW,LOW,NO,KC2
LOW,LOW,LOW,LOW,LOW,LOW,LOW,LOW,NO,KC2
HIGH,HIGH,HIGH,HIGH,HIGH,HIGH,HIGH,HIGH,NO,KC2
LOW,LOW,LOW,LOW,LOW,LOW,LOW,LOW,NO,KC2
LOW,LOW,LOW,LOW,LOW,LOW,LOW,LOW,NO,KC2
LOW,LOW,LOW,LOW,LOW,LOW,LOW,LOW,NO,KC2
LOW,LOW,LOW,LOW,LOW,LOW,LOW,LOW,NO,KC2
LOW,LOW,LOW,LOW,LOW,LOW,LOW,LOW,NO,KC2
LOW,LOW,LOW,LOW,LOW,LOW,LOW,LOW,NO,KC2
MEDIUM,LOW,LOW,LOW,LOW,LOW,LOW,LOW,NO,KC2
LOW,LOW,LOW,LOW,LOW,LOW,LOW,LOW,NO,KC2
LOW,LOW,LOW,LOW,LOW,LOW,LOW,LOW,NO,KC2
LOW,LOW,LOW,LOW,LOW,LOW,LOW,LOW,NO,KC2
LOW,LOW,LOW,LOW,LOW,LOW,LOW,LOW,NO,KC2
LOW,LOW,LOW,LOW,LOW,LOW,LOW,LOW,NO,KC2
LOW,LOW,LOW,LOW,LOW,LOW,LOW,LOW,NO,KC2
LOW,LOW,LOW,LOW,LOW,LOW,LOW,LOW,NO,KC2
LOW,LOW,LOW,LOW,LOW,LOW,LOW,LOW,NO,KC2
LOW,LOW,LOW,LOW,LOW,LOW,LOW,LOW,NO,KC2
LOW,LOW,LOW,LOW,LOW,LOW,LOW,LOW,NO,KC2
HIGH,HIGH,HIGH,HIGH,HIGH,HIGH,HIGH,HIGH,NO,KC2
MEDIUM,LOW,LOW,LOW,MEDIUM,LOW,MEDIUM,LOW,NO,KC2
HIGH,MEDIUM,LOW,MEDIUM,HIGH,HIGH,HIGH,MEDIUM,NO,KC2
MEDIUM,MEDIUM,LOW,MEDIUM,MEDIUM,MEDIUM,MEDIUM,MEDIUM,NO,KC2
LOW,LOW,LOW,LOW,LOW,LOW,LOW,LOW,NO,KC2
LOW,LOW,LOW,LOW,LOW,LOW,LOW,LOW,NO,KC2
LOW,LOW,LOW,LOW,LOW,LOW,LOW,LOW,NO,KC2
LOW,LOW,LOW,LOW,LOW,LOW,LOW,LOW,NO,KC2
LOW,LOW,LOW,LOW,LOW,LOW,LOW,LOW,NO,KC2
LOW,LOW,LOW,LOW,LOW,LOW,LOW,LOW,NO,KC2
MEDIUM,MEDIUM,LOW,MEDIUM,MEDIUM,MEDIUM,MEDIUM,MEDIUM,NO,KC2
LOW,LOW,LOW,LOW,LOW,LOW,LOW,LOW,NO,KC2
LOW,LOW,LOW,LOW,LOW,LOW,LOW,LOW,NO,KC2
MEDIUM,MEDIUM,LOW,MEDIUM,MEDIUM,MEDIUM,MEDIUM,MEDIUM,NO,KC2
LOW,LOW,LOW,LOW,LOW,LOW,LOW,LOW,NO,KC2
LOW,LOW,LOW,LOW,LOW,LOW,LOW,LOW,NO,KC2
LOW,LOW,LOW,LOW,LOW,LOW,LOW,LOW,NO,KC2
LOW,LOW,LOW,LOW,LOW,LOW,LOW,LOW,NO,KC2
HIGH,MEDIUM,LOW,MEDIUM,MEDIUM,MEDIUM,MEDIUM,MEDIUM,NO,KC2
HIGH,MEDIUM,LOW,MEDIUM,MEDIUM,MEDIUM,MEDIUM,MEDIUM,NO,KC2
MEDIUM,LOW,LOW,LOW,LOW,MEDIUM,LOW,LOW,NO,KC2
MEDIUM,LOW,LOW,LOW,LOW,LOW,LOW,LOW,NO,KC2
MEDIUM,LOW,LOW,MEDIUM,MEDIUM,MEDIUM,MEDIUM,LOW,NO,KC2
HIGH,MEDIUM,HIGH,MEDIUM,MEDIUM,MEDIUM,MEDIUM,LOW,NO,KC2
MEDIUM,LOW,MEDIUM,LOW,HIGH,MEDIUM,HIGH,MEDIUM,NO,KC2
HIGH,MEDIUM,LOW,MEDIUM,MEDIUM,HIGH,MEDIUM,MEDIUM,NO,KC2
MEDIUM,LOW,LOW,MEDIUM,HIGH,MEDIUM,HIGH,LOW,NO,KC2
LOW,LOW,LOW,LOW,LOW,LOW,LOW,LOW,NO,KC2
LOW,LOW,LOW,LOW,LOW,LOW,LOW,LOW,NO,KC2
LOW,LOW,LOW,LOW,LOW,LOW,LOW,LOW,NO,KC2
HIGH,LOW,LOW,MEDIUM,MEDIUM,MEDIUM,MEDIUM,LOW,NO,KC2
HIGH,MEDIUM,LOW,MEDIUM,MEDIUM,MEDIUM,MEDIUM,MEDIUM,NO,KC2
LOW,LOW,LOW,LOW,LOW,LOW,LOW,LOW,NO,KC2
LOW,LOW,LOW,LOW,LOW,LOW,LOW,LOW,NO,KC2
LOW,LOW,LOW,LOW,LOW,LOW,LOW,LOW,NO,KC2
LOW,LOW,LOW,LOW,LOW,LOW,LOW,LOW,NO,KC2
LOW,LOW,LOW,LOW,LOW,LOW,LOW,LOW,NO,KC2
LOW,LOW,LOW,LOW,LOW,LOW,LOW,LOW,NO,KC2
LOW,LOW,LOW,LOW,LOW,LOW,LOW,LOW,NO,KC2
LOW,LOW,LOW,LOW,LOW,LOW,LOW,LOW,NO,KC2
HIGH,LOW,LOW,LOW,HIGH,HIGH,HIGH,HIGH,NO,KC2
MEDIUM,LOW,LOW,LOW,MEDIUM,MEDIUM,MEDIUM,LOW,NO,KC2
LOW,LOW,LOW,LOW,LOW,LOW,LOW,LOW,NO,KC2
LOW,LOW,LOW,LOW,LOW,LOW,LOW,LOW,NO,KC2
HIGH,HIGH,HIGH,HIGH,HIGH,HIGH,HIGH,HIGH,NO,KC2
LOW,LOW,LOW,LOW,LOW,LOW,LOW,LOW,NO,KC2
LOW,LOW,LOW,LOW,LOW,LOW,LOW,LOW,NO,KC2
LOW,LOW,LOW,LOW,LOW,LOW,LOW,LOW,NO,KC2
MEDIUM,LOW,LOW,MEDIUM,MEDIUM,MEDIUM,MEDIUM,LOW,NO,KC2
LOW,LOW,LOW,LOW,MEDIUM,MEDIUM,MEDIUM,LOW,NO,KC2
MEDIUM,MEDIUM,LOW,MEDIUM,MEDIUM,MEDIUM,MEDIUM,MEDIUM,NO,KC2
LOW,LOW,LOW,LOW,LOW,LOW,LOW,LOW,NO,KC2
LOW,LOW,LOW,LOW,LOW,LOW,LOW,LOW,NO,KC2
LOW,LOW,LOW,LOW,MEDIUM,MEDIUM,MEDIUM,LOW,NO,KC2
LOW,LOW,LOW,LOW,MEDIUM,MEDIUM,MEDIUM,LOW,NO,KC2
MEDIUM,MEDIUM,LOW,MEDIUM,MEDIUM,LOW,LOW,MEDIUM,NO,KC2
LOW,MEDIUM,LOW,LOW,MEDIUM,MEDIUM,MEDIUM,MEDIUM,NO,KC2
LOW,LOW,LOW,LOW,LOW,LOW,LOW,LOW,NO,KC2
LOW,LOW,LOW,LOW,LOW,LOW,LOW,LOW,NO,KC2
LOW,LOW,LOW,LOW,LOW,LOW,LOW,LOW,NO,KC2
LOW,LOW,LOW,LOW,LOW,LOW,LOW,LOW,NO,KC2
LOW,LOW,LOW,LOW,LOW,LOW,LOW,LOW,NO,KC2
LOW,LOW,LOW,LOW,LOW,LOW,LOW,LOW,NO,KC2
LOW,LOW,LOW,LOW,LOW,LOW,LOW,LOW,NO,KC2
LOW,LOW,LOW,LOW,LOW,LOW,LOW,LOW,NO,KC2
HIGH,HIGH,HIGH,HIGH,MEDIUM,HIGH,HIGH,HIGH,NO,KC2
HIGH,HIGH,MEDIUM,HIGH,HIGH,HIGH,HIGH,HIGH,NO,KC2
HIGH,HIGH,HIGH,HIGH,HIGH,HIGH,HIGH,HIGH,NO,KC2
HIGH,HIGH,HIGH,HIGH,HIGH,MEDIUM,HIGH,HIGH,NO,KC2
LOW,LOW,LOW,LOW,LOW,LOW,LOW,LOW,NO,KC2
MEDIUM,MEDIUM,HIGH,MEDIUM,MEDIUM,HIGH,MEDIUM,MEDIUM,NO,KC2
HIGH,HIGH,MEDIUM,HIGH,HIGH,HIGH,HIGH,HIGH,NO,KC2
LOW,LOW,MEDIUM,LOW,LOW,MEDIUM,LOW,LOW,NO,KC2
LOW,LOW,LOW,LOW,LOW,LOW,LOW,LOW,NO,KC2
LOW,LOW,LOW,LOW,LOW,LOW,LOW,LOW,NO,KC2
MEDIUM,MEDIUM,LOW,LOW,MEDIUM,MEDIUM,MEDIUM,MEDIUM,NO,KC2
MEDIUM,LOW,LOW,LOW,MEDIUM,LOW,MEDIUM,LOW,NO,KC2
LOW,MEDIUM,MEDIUM,LOW,MEDIUM,MEDIUM,MEDIUM,MEDIUM,NO,KC2
LOW,LOW,LOW,LOW,LOW,LOW,LOW,LOW,NO,KC2
MEDIUM,LOW,LOW,MEDIUM,MEDIUM,MEDIUM,MEDIUM,LOW,NO,KC2
LOW,LOW,LOW,LOW,LOW,LOW,LOW,LOW,NO,KC2
LOW,LOW,LOW,LOW,LOW,LOW,LOW,LOW,NO,KC2
LOW,LOW,LOW,LOW,LOW,LOW,LOW,LOW,NO,KC2
LOW,LOW,LOW,LOW,LOW,LOW,LOW,LOW,NO,KC2
LOW,LOW,LOW,LOW,LOW,LOW,LOW,LOW,NO,KC2
LOW,LOW,LOW,LOW,LOW,LOW,LOW,LOW,NO,KC2
LOW,LOW,LOW,LOW,LOW,LOW,LOW,LOW,NO,KC2
LOW,LOW,LOW,LOW,LOW,LOW,LOW,LOW,NO,KC2
LOW,LOW,LOW,LOW,LOW,LOW,LOW,LOW,NO,KC2
LOW,LOW,LOW,LOW,LOW,LOW,LOW,LOW,NO,KC2
LOW,LOW,LOW,LOW,LOW,LOW,LOW,LOW,NO,KC2
LOW,LOW,LOW,LOW,LOW,LOW,LOW,LOW,NO,KC2
LOW,LOW,LOW,LOW,LOW,LOW,LOW,LOW,NO,KC2
LOW,LOW,LOW,LOW,LOW,LOW,LOW,LOW,NO,KC2
LOW,LOW,LOW,LOW,LOW,LOW,LOW,LOW,NO,KC2
LOW,LOW,LOW,LOW,LOW,LOW,LOW,LOW,NO,KC2
LOW,LOW,LOW,LOW,LOW,LOW,LOW,LOW,NO,KC2
LOW,LOW,LOW,LOW,LOW,LOW,LOW,LOW,NO,KC2
LOW,LOW,LOW,LOW,LOW,LOW,LOW,LOW,NO,KC2
LOW,LOW,LOW,LOW,LOW,LOW,LOW,LOW,NO,KC2
LOW,LOW,LOW,LOW,LOW,LOW,LOW,LOW,NO,KC2
LOW,LOW,LOW,LOW,LOW,LOW,LOW,LOW,NO,KC2
LOW,LOW,LOW,LOW,LOW,LOW,LOW,LOW,NO,KC2
LOW,LOW,LOW,LOW,LOW,LOW,LOW,LOW,NO,KC2
LOW,LOW,LOW,LOW,LOW,LOW,LOW,LOW,NO,KC2
LOW,LOW,LOW,LOW,LOW,LOW,LOW,LOW,NO,KC2
LOW,LOW,LOW,LOW,LOW,LOW,LOW,LOW,NO,KC2
LOW,LOW,LOW,LOW,LOW,LOW,LOW,LOW,NO,KC2
LOW,LOW,LOW,LOW,LOW,LOW,LOW,LOW,NO,KC2
LOW,LOW,LOW,LOW,LOW,LOW,LOW,LOW,NO,KC2
LOW,LOW,LOW,LOW,LOW,LOW,LOW,LOW,NO,KC2
LOW,LOW,LOW,LOW,LOW,LOW,LOW,LOW,NO,KC2
MEDIUM,LOW,LOW,LOW,MEDIUM,LOW,LOW,LOW,NO,KC2
LOW,LOW,LOW,LOW,LOW,LOW,LOW,LOW,NO,KC2
MEDIUM,HIGH,HIGH,HIGH,HIGH,HIGH,HIGH,HIGH,NO,KC2
LOW,LOW,LOW,LOW,LOW,LOW,LOW,LOW,NO,KC2
LOW,LOW,LOW,LOW,LOW,LOW,LOW,LOW,NO,KC2
LOW,LOW,LOW,LOW,LOW,LOW,LOW,LOW,NO,KC2
LOW,LOW,LOW,LOW,LOW,LOW,LOW,LOW,NO,KC2
MEDIUM,LOW,LOW,MEDIUM,MEDIUM,MEDIUM,MEDIUM,LOW,NO,KC2
LOW,LOW,LOW,LOW,LOW,LOW,LOW,LOW,NO,KC2
HIGH,HIGH,HIGH,MEDIUM,HIGH,MEDIUM,HIGH,HIGH,NO,KC2
LOW,LOW,LOW,LOW,LOW,LOW,LOW,LOW,NO,KC2
LOW,LOW,LOW,LOW,LOW,LOW,LOW,LOW,NO,KC2
LOW,LOW,LOW,LOW,LOW,LOW,LOW,LOW,NO,KC2
LOW,LOW,LOW,LOW,LOW,LOW,LOW,LOW,NO,KC2
LOW,LOW,LOW,LOW,LOW,LOW,LOW,LOW,NO,KC2
LOW,LOW,LOW,LOW,LOW,LOW,LOW,LOW,NO,KC2
LOW,LOW,LOW,LOW,LOW,LOW,LOW,LOW,NO,KC2
LOW,LOW,LOW,LOW,LOW,LOW,LOW,LOW,NO,KC2
LOW,LOW,LOW,LOW,LOW,LOW,LOW,LOW,NO,KC2
LOW,MEDIUM,LOW,LOW,LOW,LOW,LOW,MEDIUM,NO,KC2
HIGH,HIGH,HIGH,HIGH,HIGH,HIGH,HIGH,HIGH,NO,KC2
LOW,LOW,LOW,LOW,LOW,LOW,LOW,LOW,NO,KC2
LOW,LOW,LOW,LOW,LOW,LOW,LOW,LOW,NO,KC2
LOW,LOW,LOW,LOW,LOW,LOW,LOW,LOW,NO,KC2
LOW,LOW,LOW,LOW,LOW,LOW,LOW,LOW,NO,KC2
MEDIUM,LOW,LOW,LOW,MEDIUM,MEDIUM,MEDIUM,LOW,NO,KC2
LOW,LOW,LOW,LOW,LOW,LOW,LOW,LOW,NO,KC2
LOW,LOW,LOW,LOW,LOW,LOW,LOW,LOW,NO,KC2
LOW,MEDIUM,LOW,LOW,LOW,LOW,LOW,MEDIUM,NO,KC2
MEDIUM,LOW,LOW,LOW,LOW,LOW,LOW,LOW,NO,KC2
LOW,LOW,LOW,LOW,LOW,LOW,LOW,LOW,NO,KC2
LOW,LOW,LOW,LOW,LOW,LOW,LOW,LOW,NO,KC2
MEDIUM,MEDIUM,MEDIUM,MEDIUM,MEDIUM,MEDIUM,MEDIUM,MEDIUM,NO,KC2
LOW,LOW,LOW,LOW,LOW,LOW,LOW,LOW,NO,KC2
HIGH,HIGH,HIGH,HIGH,HIGH,HIGH,HIGH,HIGH,NO,KC2
LOW,LOW,LOW,LOW,LOW,LOW,LOW,LOW,NO,KC2
LOW,LOW,LOW,LOW,LOW,LOW,LOW,LOW,NO,KC2
LOW,LOW,LOW,LOW,LOW,LOW,LOW,LOW,NO,KC2
LOW,LOW,LOW,LOW,LOW,LOW,LOW,LOW,NO,KC2
LOW,LOW,LOW,LOW,LOW,LOW,LOW,LOW,NO,KC2
LOW,LOW,LOW,LOW,LOW,LOW,LOW,LOW,NO,KC2
HIGH,MEDIUM,LOW,HIGH,HIGH,HIGH,HIGH,MEDIUM,NO,KC2
LOW,LOW,LOW,LOW,LOW,LOW,LOW,LOW,NO,KC2
HIGH,HIGH,HIGH,HIGH,HIGH,MEDIUM,HIGH,HIGH,NO,KC2
HIGH,HIGH,HIGH,HIGH,HIGH,HIGH,HIGH,HIGH,NO,KC2
HIGH,MEDIUM,HIGH,HIGH,HIGH,HIGH,HIGH,MEDIUM,NO,KC2
HIGH,HIGH,LOW,HIGH,MEDIUM,HIGH,MEDIUM,HIGH,NO,KC2
MEDIUM,LOW,MEDIUM,LOW,LOW,MEDIUM,MEDIUM,LOW,NO,KC2
LOW,LOW,LOW,LOW,MEDIUM,LOW,LOW,LOW,NO,KC2
LOW,LOW,LOW,LOW,LOW,LOW,LOW,LOW,NO,KC2
LOW,LOW,LOW,LOW,LOW,LOW,LOW,LOW,NO,KC2
LOW,LOW,LOW,LOW,LOW,LOW,LOW,LOW,NO,KC2
LOW,LOW,LOW,LOW,LOW,LOW,LOW,LOW,NO,KC2
LOW,LOW,LOW,LOW,LOW,LOW,LOW,LOW,NO,KC2
LOW,LOW,LOW,LOW,LOW,LOW,LOW,LOW,NO,KC2
LOW,MEDIUM,LOW,LOW,LOW,LOW,LOW,MEDIUM,NO,KC2
MEDIUM,LOW,LOW,LOW,MEDIUM,LOW,MEDIUM,LOW,NO,KC2
HIGH,HIGH,HIGH,HIGH,HIGH,HIGH,HIGH,HIGH,NO,KC2
LOW,LOW,LOW,LOW,LOW,LOW,LOW,LOW,NO,KC2
HIGH,HIGH,MEDIUM,HIGH,HIGH,HIGH,HIGH,HIGH,NO,KC2
LOW,LOW,LOW,LOW,LOW,LOW,LOW,LOW,NO,KC2
LOW,LOW,LOW,LOW,LOW,LOW,LOW,LOW,NO,KC2
LOW,LOW,LOW,LOW,LOW,LOW,LOW,LOW,NO,KC2
LOW,LOW,LOW,LOW,LOW,LOW,LOW,LOW,NO,KC2
LOW,LOW,LOW,LOW,LOW,LOW,LOW,LOW,NO,KC2
HIGH,HIGH,HIGH,HIGH,HIGH,HIGH,HIGH,HIGH,NO,KC2
LOW,LOW,LOW,LOW,LOW,LOW,LOW,LOW,NO,KC2
MEDIUM,LOW,LOW,MEDIUM,MEDIUM,LOW,LOW,LOW,NO,KC2
LOW,LOW,LOW,LOW,LOW,LOW,LOW,LOW,NO,KC2
LOW,LOW,LOW,LOW,LOW,LOW,LOW,LOW,NO,KC2
MEDIUM,LOW,LOW,LOW,MEDIUM,MEDIUM,MEDIUM,LOW,NO,KC2
HIGH,MEDIUM,MEDIUM,MEDIUM,MEDIUM,MEDIUM,MEDIUM,MEDIUM,NO,KC2
HIGH,HIGH,LOW,HIGH,HIGH,HIGH,HIGH,HIGH,NO,KC2
LOW,LOW,LOW,LOW,LOW,LOW,LOW,LOW,NO,KC2
HIGH,HIGH,HIGH,HIGH,HIGH,HIGH,HIGH,HIGH,NO,KC2
LOW,LOW,LOW,LOW,LOW,LOW,LOW,LOW,NO,KC2
LOW,LOW,LOW,LOW,LOW,LOW,LOW,LOW,NO,KC2
LOW,LOW,LOW,LOW,LOW,LOW,LOW,LOW,NO,KC2
LOW,LOW,LOW,LOW,LOW,LOW,LOW,LOW,NO,KC2
LOW,LOW,LOW,LOW,LOW,LOW,LOW,LOW,NO,KC2
LOW,LOW,LOW,LOW,LOW,LOW,LOW,LOW,NO,KC2
MEDIUM,LOW,MEDIUM,MEDIUM,LOW,LOW,LOW,LOW,NO,KC2
LOW,LOW,LOW,LOW,LOW,MEDIUM,MEDIUM,LOW,NO,KC2
HIGH,HIGH,LOW,HIGH,HIGH,HIGH,HIGH,HIGH,NO,KC2
MEDIUM,LOW,LOW,LOW,MEDIUM,LOW,MEDIUM,LOW,NO,KC2
LOW,LOW,LOW,LOW,LOW,LOW,LOW,LOW,NO,KC2
MEDIUM,MEDIUM,MEDIUM,MEDIUM,MEDIUM,MEDIUM,MEDIUM,MEDIUM,NO,KC2
MEDIUM,MEDIUM,MEDIUM,MEDIUM,LOW,MEDIUM,MEDIUM,MEDIUM,NO,KC2
MEDIUM,LOW,LOW,MEDIUM,MEDIUM,MEDIUM,MEDIUM,LOW,NO,KC2
LOW,LOW,LOW,LOW,LOW,LOW,LOW,LOW,NO,KC2
MEDIUM,LOW,LOW,LOW,MEDIUM,LOW,MEDIUM,LOW,NO,KC2
MEDIUM,LOW,LOW,LOW,MEDIUM,MEDIUM,MEDIUM,LOW,NO,KC2
MEDIUM,LOW,LOW,LOW,MEDIUM,MEDIUM,MEDIUM,LOW,NO,KC2
LOW,LOW,LOW,LOW,LOW,LOW,LOW,LOW,NO,KC2
HIGH,MEDIUM,LOW,HIGH,HIGH,HIGH,HIGH,MEDIUM,NO,KC2
LOW,LOW,LOW,LOW,LOW,LOW,LOW,LOW,NO,KC2
LOW,LOW,LOW,LOW,LOW,LOW,LOW,LOW,NO,KC2
LOW,LOW,LOW,LOW,LOW,LOW,LOW,LOW,NO,KC2
MEDIUM,LOW,LOW,MEDIUM,MEDIUM,MEDIUM,MEDIUM,LOW,NO,KC2
LOW,LOW,LOW,LOW,LOW,LOW,LOW,LOW,NO,KC2
MEDIUM,LOW,LOW,LOW,LOW,LOW,LOW,LOW,NO,KC2
LOW,LOW,LOW,LOW,LOW,LOW,LOW,LOW,NO,KC2
HIGH,MEDIUM,LOW,MEDIUM,MEDIUM,MEDIUM,MEDIUM,MEDIUM,NO,KC2
LOW,LOW,LOW,LOW,LOW,LOW,LOW,LOW,NO,KC2
LOW,MEDIUM,LOW,LOW,MEDIUM,MEDIUM,MEDIUM,MEDIUM,NO,KC2
LOW,LOW,LOW,LOW,LOW,LOW,LOW,LOW,NO,KC2
LOW,LOW,LOW,LOW,LOW,LOW,LOW,LOW,NO,KC2
LOW,LOW,LOW,LOW,LOW,LOW,LOW,LOW,NO,KC2
MEDIUM,MEDIUM,LOW,LOW,MEDIUM,MEDIUM,MEDIUM,MEDIUM,NO,KC2
HIGH,LOW,LOW,MEDIUM,MEDIUM,MEDIUM,MEDIUM,LOW,NO,KC2
LOW,LOW,LOW,LOW,LOW,LOW,LOW,LOW,NO,KC2
HIGH,MEDIUM,LOW,MEDIUM,MEDIUM,MEDIUM,MEDIUM,MEDIUM,NO,KC2
HIGH,LOW,LOW,MEDIUM,MEDIUM,HIGH,MEDIUM,LOW,NO,KC2
HIGH,LOW,LOW,MEDIUM,MEDIUM,MEDIUM,MEDIUM,LOW,NO,KC2
MEDIUM,MEDIUM,LOW,MEDIUM,MEDIUM,LOW,MEDIUM,MEDIUM,NO,KC2
HIGH,HIGH,HIGH,HIGH,HIGH,HIGH,HIGH,HIGH,NO,KC2
HIGH,MEDIUM,LOW,MEDIUM,HIGH,HIGH,HIGH,MEDIUM,NO,KC2
MEDIUM,MEDIUM,LOW,LOW,MEDIUM,MEDIUM,MEDIUM,MEDIUM,NO,KC2
LOW,LOW,LOW,LOW,LOW,LOW,LOW,LOW,NO,KC2
HIGH,HIGH,LOW,HIGH,HIGH,HIGH,HIGH,HIGH,NO,KC2
LOW,LOW,LOW,LOW,LOW,LOW,LOW,LOW,NO,KC2
LOW,LOW,LOW,LOW,LOW,LOW,LOW,LOW,NO,KC2
HIGH,HIGH,HIGH,HIGH,HIGH,HIGH,HIGH,HIGH,NO,KC2
HIGH,HIGH,LOW,HIGH,HIGH,HIGH,HIGH,HIGH,NO,KC2
HIGH,MEDIUM,LOW,HIGH,HIGH,MEDIUM,HIGH,MEDIUM,NO,KC2
HIGH,HIGH,LOW,HIGH,MEDIUM,MEDIUM,MEDIUM,HIGH,NO,KC2
HIGH,MEDIUM,LOW,MEDIUM,HIGH,HIGH,HIGH,MEDIUM,NO,KC2
HIGH,HIGH,LOW,HIGH,HIGH,HIGH,HIGH,HIGH,NO,KC2
MEDIUM,MEDIUM,LOW,MEDIUM,MEDIUM,LOW,MEDIUM,MEDIUM,NO,KC2
MEDIUM,MEDIUM,LOW,MEDIUM,MEDIUM,MEDIUM,MEDIUM,MEDIUM,NO,KC2
HIGH,MEDIUM,LOW,LOW,MEDIUM,MEDIUM,MEDIUM,MEDIUM,NO,KC2
LOW,LOW,LOW,LOW,LOW,LOW,LOW,LOW,NO,KC2
MEDIUM,MEDIUM,LOW,MEDIUM,MEDIUM,MEDIUM,MEDIUM,MEDIUM,NO,KC2
HIGH,LOW,LOW,MEDIUM,HIGH,MEDIUM,HIGH,LOW,NO,KC2
HIGH,MEDIUM,MEDIUM,HIGH,HIGH,MEDIUM,HIGH,MEDIUM,NO,KC2
LOW,MEDIUM,LOW,LOW,LOW,MEDIUM,MEDIUM,MEDIUM,NO,KC2
MEDIUM,LOW,LOW,LOW,MEDIUM,LOW,MEDIUM,LOW,NO,KC2
LOW,LOW,LOW,LOW,LOW,LOW,LOW,LOW,NO,KC2
MEDIUM,MEDIUM,LOW,LOW,MEDIUM,LOW,MEDIUM,MEDIUM,NO,KC2
LOW,LOW,LOW,LOW,LOW,LOW,LOW,LOW,NO,KC2
LOW,LOW,LOW,LOW,LOW,LOW,LOW,LOW,NO,KC2
LOW,LOW,LOW,LOW,LOW,LOW,LOW,LOW,NO,KC2
LOW,LOW,LOW,LOW,LOW,LOW,LOW,LOW,NO,KC2
LOW,LOW,LOW,LOW,LOW,LOW,LOW,LOW,NO,KC2
LOW,LOW,LOW,LOW,LOW,LOW,LOW,LOW,NO,KC2
LOW,LOW,LOW,LOW,LOW,LOW,LOW,LOW,NO,KC2
LOW,LOW,LOW,LOW,LOW,LOW,LOW,LOW,NO,KC2
LOW,LOW,LOW,LOW,LOW,LOW,LOW,LOW,NO,KC2
LOW,LOW,LOW,LOW,LOW,LOW,LOW,LOW,NO,KC2
LOW,LOW,LOW,LOW,LOW,LOW,LOW,LOW,NO,KC2
LOW,LOW,LOW,LOW,LOW,LOW,LOW,LOW,NO,KC2
HIGH,HIGH,HIGH,HIGH,HIGH,MEDIUM,MEDIUM,HIGH,NO,KC2
LOW,MEDIUM,LOW,MEDIUM,MEDIUM,MEDIUM,MEDIUM,MEDIUM,NO,KC2
HIGH,HIGH,LOW,HIGH,HIGH,HIGH,HIGH,HIGH,NO,KC2
LOW,LOW,LOW,LOW,LOW,MEDIUM,LOW,LOW,NO,KC2
MEDIUM,LOW,LOW,MEDIUM,MEDIUM,MEDIUM,MEDIUM,LOW,NO,KC2
LOW,LOW,LOW,LOW,LOW,LOW,LOW,LOW,NO,KC2
LOW,LOW,LOW,LOW,LOW,LOW,LOW,LOW,NO,KC2
MEDIUM,MEDIUM,LOW,MEDIUM,MEDIUM,LOW,LOW,LOW,NO,KC2
HIGH,MEDIUM,LOW,HIGH,HIGH,MEDIUM,MEDIUM,MEDIUM,NO,KC2
LOW,LOW,LOW,LOW,LOW,LOW,LOW,LOW,NO,KC2
HIGH,LOW,LOW,MEDIUM,HIGH,MEDIUM,MEDIUM,LOW,NO,KC2
MEDIUM,MEDIUM,LOW,MEDIUM,MEDIUM,MEDIUM,MEDIUM,MEDIUM,NO,KC2
HIGH,MEDIUM,LOW,MEDIUM,HIGH,MEDIUM,MEDIUM,MEDIUM,NO,KC2
LOW,LOW,LOW,LOW,LOW,LOW,LOW,LOW,NO,KC2
LOW,LOW,LOW,LOW,LOW,LOW,LOW,LOW,NO,KC2
LOW,LOW,LOW,LOW,LOW,LOW,LOW,LOW,NO,KC2
LOW,LOW,LOW,LOW,LOW,LOW,LOW,LOW,NO,KC2
MEDIUM,MEDIUM,MEDIUM,MEDIUM,MEDIUM,MEDIUM,MEDIUM,MEDIUM,NO,KC2
LOW,LOW,LOW,LOW,LOW,LOW,LOW,LOW,NO,KC2
LOW,LOW,LOW,LOW,LOW,LOW,LOW,LOW,NO,KC2
LOW,LOW,LOW,LOW,LOW,LOW,LOW,LOW,NO,KC2
HIGH,HIGH,MEDIUM,HIGH,HIGH,HIGH,HIGH,HIGH,NO,KC2
LOW,LOW,LOW,LOW,LOW,LOW,LOW,LOW,NO,KC2
LOW,LOW,LOW,LOW,LOW,LOW,LOW,LOW,NO,KC2
HIGH,MEDIUM,LOW,HIGH,HIGH,HIGH,HIGH,MEDIUM,NO,KC2
HIGH,HIGH,LOW,HIGH,HIGH,HIGH,HIGH,HIGH,NO,KC2
LOW,MEDIUM,MEDIUM,LOW,MEDIUM,MEDIUM,MEDIUM,MEDIUM,NO,KC2
LOW,LOW,LOW,LOW,LOW,LOW,LOW,LOW,NO,KC2
HIGH,HIGH,LOW,HIGH,HIGH,HIGH,HIGH,HIGH,NO,KC2
HIGH,HIGH,HIGH,HIGH,HIGH,HIGH,HIGH,HIGH,YES,KC2
HIGH,HIGH,HIGH,HIGH,HIGH,HIGH,HIGH,HIGH,YES,KC2
HIGH,HIGH,HIGH,HIGH,HIGH,HIGH,HIGH,HIGH,YES,KC2
HIGH,HIGH,HIGH,HIGH,HIGH,HIGH,HIGH,HIGH,YES,KC2
HIGH,HIGH,HIGH,HIGH,HIGH,HIGH,HIGH,HIGH,YES,KC2
HIGH,HIGH,HIGH,HIGH,HIGH,HIGH,HIGH,HIGH,YES,KC2
HIGH,HIGH,HIGH,HIGH,HIGH,HIGH,HIGH,HIGH,YES,KC2
HIGH,HIGH,HIGH,HIGH,HIGH,HIGH,HIGH,HIGH,YES,KC2
HIGH,HIGH,LOW,HIGH,HIGH,HIGH,HIGH,HIGH,YES,KC2
HIGH,HIGH,HIGH,HIGH,HIGH,HIGH,HIGH,HIGH,YES,KC2
HIGH,HIGH,MEDIUM,HIGH,HIGH,MEDIUM,HIGH,HIGH,YES,KC2
HIGH,HIGH,HIGH,HIGH,HIGH,HIGH,HIGH,HIGH,YES,KC2
HIGH,HIGH,HIGH,HIGH,HIGH,HIGH,HIGH,HIGH,YES,KC2
HIGH,HIGH,HIGH,HIGH,HIGH,HIGH,HIGH,HIGH,YES,KC2
HIGH,HIGH,HIGH,HIGH,HIGH,HIGH,HIGH,HIGH,YES,KC2
HIGH,HIGH,HIGH,HIGH,HIGH,MEDIUM,MEDIUM,LOW,YES,KC2
HIGH,HIGH,HIGH,HIGH,HIGH,HIGH,HIGH,HIGH,YES,KC2
HIGH,HIGH,HIGH,HIGH,HIGH,HIGH,HIGH,HIGH,YES,KC2
HIGH,MEDIUM,LOW,HIGH,HIGH,HIGH,HIGH,MEDIUM,YES,KC2
HIGH,MEDIUM,LOW,HIGH,HIGH,MEDIUM,HIGH,MEDIUM,YES,KC2
HIGH,HIGH,HIGH,HIGH,HIGH,HIGH,HIGH,HIGH,YES,KC2
HIGH,MEDIUM,LOW,MEDIUM,HIGH,MEDIUM,HIGH,MEDIUM,YES,KC2
HIGH,HIGH,HIGH,HIGH,HIGH,HIGH,HIGH,HIGH,YES,KC2
HIGH,HIGH,HIGH,HIGH,HIGH,HIGH,HIGH,HIGH,YES,KC2
HIGH,HIGH,HIGH,HIGH,HIGH,HIGH,HIGH,HIGH,YES,KC2
HIGH,HIGH,HIGH,HIGH,HIGH,HIGH,HIGH,HIGH,YES,KC2
HIGH,HIGH,HIGH,HIGH,HIGH,MEDIUM,HIGH,HIGH,YES,KC2
HIGH,MEDIUM,LOW,MEDIUM,MEDIUM,MEDIUM,MEDIUM,MEDIUM,YES,KC2
HIGH,HIGH,HIGH,HIGH,HIGH,HIGH,HIGH,HIGH,YES,KC2
HIGH,MEDIUM,LOW,MEDIUM,HIGH,MEDIUM,HIGH,MEDIUM,YES,KC2
HIGH,HIGH,HIGH,HIGH,HIGH,HIGH,HIGH,HIGH,YES,KC2
HIGH,HIGH,LOW,MEDIUM,HIGH,MEDIUM,MEDIUM,HIGH,YES,KC2
HIGH,MEDIUM,HIGH,HIGH,MEDIUM,MEDIUM,MEDIUM,MEDIUM,YES,KC2
HIGH,HIGH,HIGH,HIGH,HIGH,HIGH,HIGH,HIGH,YES,KC2
HIGH,HIGH,HIGH,HIGH,HIGH,MEDIUM,MEDIUM,LOW,YES,KC2
HIGH,HIGH,LOW,HIGH,HIGH,HIGH,HIGH,HIGH,YES,KC2
HIGH,HIGH,HIGH,HIGH,HIGH,HIGH,HIGH,HIGH,YES,KC2
HIGH,HIGH,LOW,MEDIUM,HIGH,HIGH,HIGH,HIGH,YES,KC2
HIGH,LOW,LOW,LOW,MEDIUM,MEDIUM,MEDIUM,LOW,YES,KC2
HIGH,HIGH,HIGH,HIGH,HIGH,HIGH,HIGH,HIGH,YES,KC2
HIGH,HIGH,HIGH,HIGH,HIGH,HIGH,HIGH,HIGH,YES,KC2
HIGH,HIGH,HIGH,HIGH,HIGH,HIGH,HIGH,HIGH,YES,KC2
HIGH,HIGH,HIGH,HIGH,HIGH,MEDIUM,MEDIUM,HIGH,YES,KC2
HIGH,LOW,LOW,MEDIUM,MEDIUM,MEDIUM,MEDIUM,LOW,YES,KC2
HIGH,MEDIUM,LOW,MEDIUM,MEDIUM,MEDIUM,MEDIUM,MEDIUM,YES,KC2
HIGH,MEDIUM,HIGH,HIGH,HIGH,HIGH,HIGH,MEDIUM,YES,KC2
HIGH,HIGH,LOW,HIGH,HIGH,MEDIUM,HIGH,HIGH,YES,KC2
HIGH,HIGH,HIGH,HIGH,HIGH,HIGH,HIGH,HIGH,YES,KC2
HIGH,HIGH,HIGH,HIGH,HIGH,HIGH,HIGH,HIGH,YES,KC2
MEDIUM,MEDIUM,LOW,LOW,MEDIUM,MEDIUM,MEDIUM,MEDIUM,YES,KC2
HIGH,HIGH,HIGH,HIGH,HIGH,HIGH,HIGH,HIGH,YES,KC2
HIGH,HIGH,LOW,HIGH,HIGH,HIGH,HIGH,HIGH,YES,KC2
MEDIUM,MEDIUM,LOW,MEDIUM,MEDIUM,MEDIUM,MEDIUM,MEDIUM,YES,KC2
HIGH,HIGH,HIGH,HIGH,HIGH,HIGH,HIGH,HIGH,YES,KC2
MEDIUM,MEDIUM,HIGH,HIGH,MEDIUM,MEDIUM,MEDIUM,MEDIUM,YES,KC2
HIGH,HIGH,HIGH,HIGH,HIGH,HIGH,HIGH,HIGH,YES,KC2
MEDIUM,MEDIUM,LOW,MEDIUM,MEDIUM,MEDIUM,MEDIUM,MEDIUM,YES,KC2
HIGH,MEDIUM,LOW,MEDIUM,HIGH,MEDIUM,HIGH,MEDIUM,YES,KC2
HIGH,HIGH,LOW,MEDIUM,HIGH,MEDIUM,HIGH,HIGH,YES,KC2
HIGH,MEDIUM,LOW,MEDIUM,HIGH,MEDIUM,HIGH,MEDIUM,YES,KC2
HIGH,HIGH,HIGH,HIGH,HIGH,HIGH,HIGH,HIGH,YES,KC2
HIGH,HIGH,HIGH,HIGH,HIGH,HIGH,HIGH,HIGH,YES,KC2
HIGH,MEDIUM,LOW,MEDIUM,HIGH,MEDIUM,HIGH,MEDIUM,YES,KC2
HIGH,MEDIUM,LOW,MEDIUM,HIGH,HIGH,HIGH,MEDIUM,YES,KC2
HIGH,MEDIUM,LOW,MEDIUM,HIGH,HIGH,HIGH,MEDIUM,YES,KC2
MEDIUM,LOW,LOW,LOW,LOW,LOW,LOW,LOW,YES,KC2
HIGH,LOW,LOW,LOW,HIGH,HIGH,HIGH,LOW,YES,KC2
HIGH,HIGH,HIGH,HIGH,HIGH,HIGH,HIGH,HIGH,YES,KC2
HIGH,HIGH,LOW,MEDIUM,HIGH,HIGH,HIGH,HIGH,YES,KC2
HIGH,HIGH,HIGH,HIGH,HIGH,HIGH,HIGH,HIGH,YES,KC2
HIGH,LOW,LOW,LOW,MEDIUM,MEDIUM,MEDIUM,LOW,YES,KC2
HIGH,LOW,LOW,MEDIUM,MEDIUM,LOW,MEDIUM,LOW,YES,KC2
HIGH,MEDIUM,HIGH,HIGH,MEDIUM,HIGH,HIGH,MEDIUM,YES,KC2
MEDIUM,HIGH,LOW,MEDIUM,MEDIUM,MEDIUM,MEDIUM,HIGH,YES,KC2
HIGH,HIGH,HIGH,HIGH,HIGH,HIGH,HIGH,HIGH,YES,KC2
MEDIUM,HIGH,LOW,MEDIUM,MEDIUM,MEDIUM,MEDIUM,HIGH,YES,KC2
LOW,LOW,LOW,LOW,LOW,MEDIUM,LOW,LOW,YES,KC2
HIGH,MEDIUM,LOW,MEDIUM,HIGH,MEDIUM,HIGH,MEDIUM,YES,KC2
HIGH,MEDIUM,LOW,HIGH,HIGH,MEDIUM,HIGH,MEDIUM,YES,KC2
MEDIUM,MEDIUM,LOW,HIGH,MEDIUM,MEDIUM,MEDIUM,MEDIUM,YES,KC2
LOW,LOW,LOW,LOW,LOW,LOW,LOW,LOW,YES,KC2
HIGH,HIGH,HIGH,HIGH,HIGH,HIGH,HIGH,HIGH,YES,KC2
MEDIUM,LOW,LOW,LOW,MEDIUM,MEDIUM,MEDIUM,LOW,YES,KC2
LOW,LOW,LOW,LOW,LOW,LOW,LOW,LOW,YES,KC2
LOW,LOW,LOW,LOW,MEDIUM,MEDIUM,MEDIUM,LOW,YES,KC2
LOW,LOW,LOW,MEDIUM,MEDIUM,LOW,LOW,LOW,YES,KC2
HIGH,HIGH,LOW,HIGH,HIGH,HIGH,HIGH,HIGH,YES,KC2
LOW,LOW,LOW,LOW,LOW,LOW,LOW,LOW,YES,KC2
MEDIUM,LOW,LOW,LOW,MEDIUM,MEDIUM,MEDIUM,LOW,YES,KC2
LOW,LOW,LOW,LOW,LOW,LOW,LOW,LOW,YES,KC2
LOW,LOW,LOW,LOW,LOW,LOW,LOW,LOW,YES,KC2
LOW,LOW,LOW,LOW,LOW,LOW,LOW,LOW,YES,KC2
LOW,LOW,LOW,LOW,LOW,LOW,LOW,LOW,YES,KC2
LOW,LOW,LOW,LOW,LOW,LOW,LOW,LOW,YES,KC2
LOW,LOW,LOW,LOW,LOW,LOW,LOW,LOW,YES,KC2
LOW,LOW,LOW,LOW,LOW,LOW,LOW,LOW,YES,KC2
LOW,LOW,LOW,LOW,LOW,LOW,LOW,LOW,YES,KC2
LOW,LOW,LOW,LOW,LOW,LOW,LOW,LOW,YES,KC2
LOW,LOW,LOW,LOW,LOW,LOW,LOW,LOW,YES,KC2
LOW,LOW,LOW,LOW,LOW,LOW,LOW,LOW,YES,KC2
LOW,LOW,LOW,LOW,LOW,LOW,LOW,LOW,YES,KC2
LOW,LOW,MEDIUM,LOW,LOW,LOW,LOW,LOW,NO,PC1
LOW,LOW,LOW,LOW,LOW,LOW,LOW,LOW,YES,PC1
HIGH,HIGH,MEDIUM,LOW,HIGH,HIGH,HIGH,HIGH,YES,PC1
HIGH,HIGH,HIGH,HIGH,HIGH,HIGH,HIGH,HIGH,YES,PC1
HIGH,HIGH,HIGH,HIGH,HIGH,HIGH,HIGH,HIGH,YES,PC1
HIGH,HIGH,HIGH,HIGH,HIGH,HIGH,HIGH,HIGH,YES,PC1
HIGH,HIGH,LOW,HIGH,HIGH,HIGH,HIGH,HIGH,YES,PC1
HIGH,HIGH,HIGH,HIGH,HIGH,HIGH,HIGH,HIGH,YES,PC1
MEDIUM,LOW,LOW,LOW,HIGH,MEDIUM,MEDIUM,LOW,YES,PC1
MEDIUM,LOW,LOW,LOW,HIGH,HIGH,HIGH,LOW,YES,PC1
HIGH,HIGH,LOW,HIGH,HIGH,HIGH,HIGH,HIGH,YES,PC1
HIGH,HIGH,HIGH,MEDIUM,HIGH,HIGH,HIGH,HIGH,YES,PC1
MEDIUM,LOW,LOW,MEDIUM,HIGH,HIGH,HIGH,LOW,YES,PC1
HIGH,HIGH,HIGH,HIGH,HIGH,HIGH,HIGH,HIGH,YES,PC1
LOW,LOW,LOW,LOW,MEDIUM,MEDIUM,MEDIUM,LOW,YES,PC1
HIGH,HIGH,HIGH,HIGH,HIGH,HIGH,HIGH,HIGH,YES,PC1
MEDIUM,MEDIUM,HIGH,MEDIUM,MEDIUM,MEDIUM,MEDIUM,MEDIUM,YES,PC1
HIGH,HIGH,LOW,LOW,HIGH,HIGH,HIGH,HIGH,YES,PC1
HIGH,HIGH,LOW,HIGH,HIGH,HIGH,HIGH,HIGH,YES,PC1
HIGH,LOW,LOW,LOW,HIGH,HIGH,HIGH,LOW,YES,PC1
HIGH,HIGH,LOW,MEDIUM,HIGH,HIGH,HIGH,HIGH,YES,PC1
MEDIUM,MEDIUM,LOW,HIGH,HIGH,HIGH,HIGH,MEDIUM,YES,PC1
MEDIUM,MEDIUM,HIGH,HIGH,HIGH,HIGH,HIGH,MEDIUM,YES,PC1
MEDIUM,MEDIUM,HIGH,HIGH,HIGH,MEDIUM,HIGH,MEDIUM,YES,PC1
LOW,LOW,LOW,MEDIUM,MEDIUM,MEDIUM,MEDIUM,LOW,YES,PC1
LOW,MEDIUM,MEDIUM,LOW,MEDIUM,MEDIUM,MEDIUM,MEDIUM,YES,PC1
LOW,LOW,LOW,MEDIUM,MEDIUM,LOW,LOW,LOW,YES,PC1
MEDIUM,MEDIUM,HIGH,MEDIUM,MEDIUM,MEDIUM,MEDIUM,MEDIUM,YES,PC1
MEDIUM,LOW,LOW,MEDIUM,MEDIUM,LOW,MEDIUM,LOW,YES,PC1
LOW,LOW,LOW,LOW,MEDIUM,LOW,LOW,LOW,YES,PC1
MEDIUM,HIGH,LOW,MEDIUM,HIGH,MEDIUM,MEDIUM,HIGH,YES,PC1
MEDIUM,MEDIUM,LOW,MEDIUM,MEDIUM,MEDIUM,MEDIUM,MEDIUM,YES,PC1
LOW,LOW,LOW,LOW,MEDIUM,LOW,MEDIUM,LOW,YES,PC1
HIGH,HIGH,LOW,HIGH,HIGH,MEDIUM,HIGH,HIGH,YES,PC1
LOW,LOW,MEDIUM,LOW,MEDIUM,MEDIUM,MEDIUM,LOW,YES,PC1
HIGH,HIGH,LOW,HIGH,HIGH,HIGH,HIGH,HIGH,YES,PC1
HIGH,HIGH,HIGH,HIGH,HIGH,HIGH,HIGH,HIGH,YES,PC1
HIGH,MEDIUM,LOW,MEDIUM,HIGH,HIGH,HIGH,MEDIUM,YES,PC1
HIGH,HIGH,LOW,HIGH,HIGH,HIGH,HIGH,HIGH,YES,PC1
HIGH,HIGH,HIGH,HIGH,HIGH,HIGH,HIGH,HIGH,YES,PC1
LOW,LOW,LOW,LOW,MEDIUM,MEDIUM,MEDIUM,LOW,YES,PC1
LOW,LOW,LOW,LOW,MEDIUM,LOW,LOW,LOW,YES,PC1
HIGH,HIGH,MEDIUM,MEDIUM,HIGH,HIGH,HIGH,HIGH,YES,PC1
MEDIUM,MEDIUM,LOW,HIGH,MEDIUM,MEDIUM,MEDIUM,MEDIUM,YES,PC1
HIGH,HIGH,HIGH,HIGH,HIGH,HIGH,HIGH,HIGH,YES,PC1
HIGH,HIGH,LOW,MEDIUM,HIGH,HIGH,HIGH,HIGH,YES,PC1
LOW,LOW,LOW,LOW,LOW,LOW,LOW,LOW,YES,PC1
HIGH,HIGH,HIGH,HIGH,HIGH,HIGH,HIGH,HIGH,YES,PC1
LOW,LOW,LOW,LOW,LOW,LOW,LOW,LOW,YES,PC1
HIGH,HIGH,HIGH,HIGH,HIGH,HIGH,HIGH,HIGH,YES,PC1
LOW,LOW,LOW,LOW,LOW,LOW,LOW,LOW,YES,PC1
MEDIUM,HIGH,HIGH,MEDIUM,HIGH,MEDIUM,MEDIUM,HIGH,YES,PC1
HIGH,HIGH,HIGH,HIGH,HIGH,HIGH,HIGH,HIGH,YES,PC1
HIGH,HIGH,HIGH,HIGH,HIGH,HIGH,HIGH,HIGH,YES,PC1
HIGH,HIGH,HIGH,HIGH,HIGH,HIGH,HIGH,HIGH,YES,PC1
MEDIUM,MEDIUM,HIGH,MEDIUM,HIGH,HIGH,HIGH,MEDIUM,YES,PC1
MEDIUM,MEDIUM,HIGH,HIGH,HIGH,HIGH,HIGH,MEDIUM,YES,PC1
HIGH,HIGH,LOW,MEDIUM,HIGH,HIGH,HIGH,HIGH,YES,PC1
LOW,LOW,LOW,LOW,MEDIUM,MEDIUM,MEDIUM,LOW,YES,PC1
LOW,LOW,LOW,LOW,LOW,LOW,LOW,LOW,YES,PC1
LOW,MEDIUM,MEDIUM,LOW,MEDIUM,MEDIUM,MEDIUM,MEDIUM,YES,PC1
MEDIUM,MEDIUM,HIGH,HIGH,HIGH,HIGH,HIGH,MEDIUM,YES,PC1
LOW,LOW,LOW,LOW,LOW,LOW,LOW,LOW,YES,PC1
LOW,LOW,LOW,MEDIUM,MEDIUM,LOW,MEDIUM,LOW,YES,PC1
LOW,LOW,LOW,LOW,LOW,LOW,LOW,LOW,YES,PC1
LOW,LOW,LOW,LOW,LOW,LOW,LOW,LOW,YES,PC1
MEDIUM,MEDIUM,LOW,MEDIUM,MEDIUM,MEDIUM,MEDIUM,MEDIUM,YES,PC1
LOW,LOW,LOW,LOW,LOW,LOW,LOW,LOW,YES,PC1
LOW,LOW,LOW,LOW,LOW,LOW,LOW,LOW,YES,PC1
HIGH,HIGH,HIGH,HIGH,HIGH,MEDIUM,HIGH,HIGH,YES,PC1
LOW,MEDIUM,LOW,LOW,MEDIUM,MEDIUM,MEDIUM,MEDIUM,YES,PC1
LOW,MEDIUM,LOW,LOW,MEDIUM,MEDIUM,MEDIUM,MEDIUM,YES,PC1
LOW,LOW,LOW,LOW,LOW,LOW,LOW,LOW,YES,PC1
MEDIUM,MEDIUM,LOW,LOW,HIGH,MEDIUM,MEDIUM,MEDIUM,YES,PC1
LOW,MEDIUM,LOW,LOW,MEDIUM,MEDIUM,MEDIUM,MEDIUM,YES,PC1
LOW,LOW,LOW,LOW,LOW,LOW,LOW,LOW,YES,PC1
MEDIUM,HIGH,LOW,MEDIUM,MEDIUM,HIGH,HIGH,HIGH,YES,PC1
LOW,LOW,LOW,LOW,LOW,LOW,LOW,LOW,YES,PC1
LOW,LOW,LOW,LOW,LOW,LOW,LOW,LOW,NO,PC1
MEDIUM,MEDIUM,LOW,MEDIUM,MEDIUM,MEDIUM,MEDIUM,MEDIUM,NO,PC1
LOW,LOW,LOW,LOW,LOW,LOW,LOW,LOW,NO,PC1
HIGH,HIGH,HIGH,HIGH,HIGH,HIGH,HIGH,HIGH,NO,PC1
LOW,HIGH,LOW,LOW,MEDIUM,MEDIUM,MEDIUM,HIGH,NO,PC1
LOW,LOW,LOW,LOW,LOW,LOW,LOW,LOW,NO,PC1
LOW,MEDIUM,LOW,MEDIUM,LOW,MEDIUM,MEDIUM,MEDIUM,NO,PC1
LOW,LOW,LOW,LOW,LOW,LOW,LOW,LOW,NO,PC1
HIGH,LOW,LOW,LOW,HIGH,HIGH,HIGH,HIGH,NO,PC1
LOW,LOW,LOW,LOW,LOW,LOW,LOW,LOW,NO,PC1
LOW,LOW,LOW,LOW,LOW,LOW,LOW,LOW,NO,PC1
LOW,LOW,LOW,LOW,LOW,LOW,LOW,LOW,NO,PC1
LOW,LOW,LOW,LOW,LOW,LOW,LOW,LOW,NO,PC1
LOW,LOW,LOW,LOW,LOW,LOW,LOW,LOW,NO,PC1
LOW,LOW,LOW,LOW,LOW,LOW,LOW,LOW,NO,PC1
LOW,LOW,LOW,LOW,LOW,LOW,LOW,LOW,NO,PC1
LOW,LOW,LOW,LOW,LOW,LOW,LOW,LOW,NO,PC1
LOW,LOW,LOW,LOW,LOW,LOW,LOW,LOW,NO,PC1
LOW,LOW,LOW,LOW,LOW,LOW,LOW,LOW,NO,PC1
LOW,LOW,LOW,LOW,LOW,LOW,LOW,LOW,NO,PC1
LOW,LOW,LOW,LOW,LOW,LOW,LOW,LOW,NO,PC1
LOW,LOW,LOW,LOW,LOW,LOW,LOW,LOW,NO,PC1
LOW,LOW,LOW,LOW,MEDIUM,LOW,MEDIUM,LOW,NO,PC1
LOW,LOW,LOW,LOW,MEDIUM,MEDIUM,MEDIUM,LOW,NO,PC1
LOW,MEDIUM,LOW,HIGH,MEDIUM,MEDIUM,MEDIUM,MEDIUM,NO,PC1
LOW,LOW,LOW,LOW,LOW,LOW,LOW,LOW,NO,PC1
LOW,LOW,LOW,LOW,LOW,LOW,LOW,LOW,NO,PC1
LOW,LOW,LOW,LOW,MEDIUM,LOW,MEDIUM,LOW,NO,PC1
LOW,LOW,LOW,LOW,LOW,LOW,LOW,LOW,NO,PC1
LOW,LOW,LOW,LOW,LOW,LOW,LOW,LOW,NO,PC1
LOW,LOW,LOW,LOW,LOW,LOW,LOW,LOW,NO,PC1
LOW,LOW,LOW,LOW,LOW,LOW,LOW,LOW,NO,PC1
LOW,LOW,LOW,LOW,LOW,LOW,LOW,LOW,NO,PC1
LOW,LOW,LOW,LOW,LOW,LOW,LOW,LOW,NO,PC1
LOW,LOW,LOW,LOW,LOW,LOW,LOW,LOW,NO,PC1
LOW,LOW,LOW,LOW,MEDIUM,MEDIUM,MEDIUM,LOW,NO,PC1
LOW,MEDIUM,LOW,MEDIUM,MEDIUM,HIGH,MEDIUM,MEDIUM,NO,PC1
MEDIUM,HIGH,HIGH,HIGH,HIGH,MEDIUM,HIGH,HIGH,NO,PC1
HIGH,HIGH,HIGH,HIGH,HIGH,HIGH,HIGH,HIGH,NO,PC1
LOW,LOW,LOW,LOW,LOW,LOW,LOW,LOW,NO,PC1
MEDIUM,HIGH,HIGH,HIGH,HIGH,HIGH,HIGH,HIGH,NO,PC1
LOW,LOW,LOW,LOW,LOW,LOW,LOW,LOW,NO,PC1
HIGH,HIGH,HIGH,HIGH,HIGH,HIGH,HIGH,HIGH,NO,PC1
LOW,LOW,LOW,LOW,MEDIUM,MEDIUM,MEDIUM,LOW,NO,PC1
LOW,LOW,LOW,MEDIUM,MEDIUM,LOW,LOW,LOW,NO,PC1
LOW,LOW,LOW,LOW,LOW,MEDIUM,LOW,LOW,NO,PC1
LOW,LOW,LOW,LOW,LOW,LOW,LOW,LOW,NO,PC1
LOW,LOW,LOW,MEDIUM,MEDIUM,LOW,LOW,LOW,NO,PC1
LOW,LOW,LOW,LOW,LOW,MEDIUM,LOW,LOW,NO,PC1
LOW,LOW,LOW,LOW,LOW,LOW,LOW,LOW,NO,PC1
LOW,LOW,LOW,LOW,LOW,LOW,LOW,LOW,NO,PC1
LOW,LOW,LOW,LOW,LOW,LOW,LOW,LOW,NO,PC1
HIGH,HIGH,LOW,HIGH,HIGH,HIGH,HIGH,HIGH,NO,PC1
MEDIUM,HIGH,HIGH,HIGH,HIGH,MEDIUM,MEDIUM,HIGH,NO,PC1
LOW,LOW,LOW,LOW,LOW,LOW,LOW,LOW,NO,PC1
LOW,LOW,LOW,LOW,LOW,LOW,LOW,LOW,NO,PC1
LOW,LOW,LOW,LOW,LOW,LOW,LOW,LOW,NO,PC1
LOW,LOW,LOW,LOW,LOW,LOW,LOW,LOW,NO,PC1
LOW,LOW,LOW,LOW,LOW,LOW,LOW,LOW,NO,PC1
MEDIUM,HIGH,LOW,HIGH,HIGH,MEDIUM,HIGH,HIGH,NO,PC1
LOW,LOW,LOW,LOW,LOW,LOW,LOW,LOW,NO,PC1
LOW,LOW,LOW,LOW,LOW,LOW,LOW,LOW,NO,PC1
LOW,LOW,LOW,LOW,MEDIUM,MEDIUM,MEDIUM,LOW,NO,PC1
LOW,LOW,LOW,LOW,LOW,LOW,LOW,LOW,NO,PC1
LOW,LOW,LOW,LOW,LOW,LOW,LOW,LOW,NO,PC1
LOW,LOW,LOW,LOW,LOW,LOW,LOW,LOW,NO,PC1
HIGH,HIGH,HIGH,HIGH,HIGH,HIGH,HIGH,HIGH,NO,PC1
LOW,LOW,LOW,LOW,LOW,LOW,LOW,LOW,NO,PC1
LOW,LOW,LOW,LOW,LOW,LOW,LOW,LOW,NO,PC1
LOW,LOW,LOW,LOW,LOW,LOW,LOW,LOW,NO,PC1
LOW,LOW,LOW,LOW,LOW,LOW,LOW,LOW,NO,PC1
LOW,LOW,LOW,LOW,LOW,LOW,LOW,LOW,NO,PC1
LOW,LOW,LOW,LOW,LOW,LOW,LOW,LOW,NO,PC1
LOW,MEDIUM,LOW,HIGH,MEDIUM,HIGH,MEDIUM,MEDIUM,NO,PC1
LOW,LOW,LOW,LOW,LOW,LOW,LOW,LOW,NO,PC1
LOW,LOW,LOW,LOW,LOW,LOW,LOW,LOW,NO,PC1
LOW,LOW,LOW,LOW,LOW,LOW,LOW,LOW,NO,PC1
LOW,LOW,LOW,LOW,LOW,LOW,LOW,LOW,NO,PC1
MEDIUM,HIGH,HIGH,HIGH,HIGH,MEDIUM,HIGH,HIGH,NO,PC1
MEDIUM,MEDIUM,HIGH,MEDIUM,MEDIUM,MEDIUM,MEDIUM,MEDIUM,NO,PC1
LOW,LOW,LOW,LOW,LOW,LOW,LOW,LOW,NO,PC1
LOW,LOW,LOW,LOW,LOW,LOW,LOW,LOW,NO,PC1
LOW,LOW,LOW,LOW,LOW,LOW,LOW,LOW,NO,PC1
HIGH,HIGH,HIGH,HIGH,HIGH,HIGH,HIGH,HIGH,NO,PC1
MEDIUM,LOW,LOW,LOW,MEDIUM,MEDIUM,MEDIUM,LOW,NO,PC1
LOW,LOW,LOW,LOW,LOW,LOW,LOW,LOW,NO,PC1
LOW,LOW,LOW,MEDIUM,MEDIUM,MEDIUM,MEDIUM,LOW,NO,PC1
HIGH,HIGH,HIGH,HIGH,HIGH,HIGH,HIGH,HIGH,NO,PC1
HIGH,HIGH,HIGH,HIGH,HIGH,HIGH,HIGH,HIGH,NO,PC1
MEDIUM,HIGH,HIGH,LOW,MEDIUM,HIGH,HIGH,HIGH,NO,PC1
MEDIUM,HIGH,HIGH,HIGH,HIGH,HIGH,HIGH,HIGH,NO,PC1
HIGH,MEDIUM,LOW,MEDIUM,HIGH,MEDIUM,HIGH,MEDIUM,NO,PC1
LOW,LOW,LOW,LOW,LOW,LOW,LOW,LOW,NO,PC1
LOW,LOW,LOW,LOW,LOW,LOW,LOW,LOW,NO,PC1
LOW,LOW,LOW,LOW,LOW,LOW,LOW,LOW,NO,PC1
LOW,LOW,LOW,LOW,LOW,LOW,LOW,LOW,NO,PC1
LOW,LOW,LOW,LOW,MEDIUM,LOW,MEDIUM,LOW,NO,PC1
LOW,LOW,LOW,LOW,LOW,LOW,LOW,LOW,NO,PC1
LOW,LOW,LOW,LOW,LOW,LOW,LOW,LOW,NO,PC1
LOW,LOW,LOW,LOW,LOW,LOW,LOW,LOW,NO,PC1
LOW,LOW,LOW,LOW,LOW,LOW,LOW,LOW,NO,PC1
LOW,LOW,LOW,LOW,LOW,LOW,LOW,LOW,NO,PC1
LOW,LOW,LOW,LOW,LOW,LOW,LOW,LOW,NO,PC1
LOW,LOW,LOW,LOW,LOW,LOW,LOW,LOW,NO,PC1
MEDIUM,LOW,LOW,MEDIUM,MEDIUM,MEDIUM,MEDIUM,LOW,NO,PC1
LOW,LOW,LOW,LOW,MEDIUM,MEDIUM,MEDIUM,LOW,NO,PC1
LOW,LOW,LOW,LOW,LOW,LOW,LOW,LOW,NO,PC1
LOW,LOW,LOW,LOW,LOW,LOW,LOW,LOW,NO,PC1
MEDIUM,HIGH,LOW,HIGH,HIGH,HIGH,HIGH,HIGH,NO,PC1
LOW,MEDIUM,MEDIUM,MEDIUM,MEDIUM,HIGH,HIGH,MEDIUM,NO,PC1
HIGH,LOW,MEDIUM,LOW,HIGH,MEDIUM,HIGH,LOW,NO,PC1
HIGH,HIGH,HIGH,HIGH,HIGH,HIGH,HIGH,HIGH,NO,PC1
LOW,LOW,LOW,LOW,LOW,LOW,LOW,LOW,NO,PC1
LOW,LOW,LOW,LOW,LOW,LOW,LOW,LOW,NO,PC1
LOW,LOW,LOW,LOW,MEDIUM,MEDIUM,MEDIUM,LOW,NO,PC1
LOW,LOW,LOW,LOW,LOW,LOW,LOW,LOW,NO,PC1
LOW,LOW,LOW,LOW,LOW,LOW,LOW,LOW,NO,PC1
LOW,LOW,LOW,LOW,MEDIUM,LOW,MEDIUM,LOW,NO,PC1
LOW,LOW,LOW,MEDIUM,HIGH,MEDIUM,MEDIUM,LOW,NO,PC1
MEDIUM,LOW,LOW,LOW,HIGH,MEDIUM,HIGH,LOW,NO,PC1
LOW,LOW,LOW,LOW,LOW,LOW,LOW,LOW,NO,PC1
LOW,LOW,LOW,LOW,LOW,LOW,LOW,LOW,NO,PC1
HIGH,MEDIUM,LOW,HIGH,HIGH,HIGH,HIGH,MEDIUM,NO,PC1
LOW,LOW,LOW,LOW,LOW,LOW,LOW,LOW,NO,PC1
LOW,LOW,LOW,LOW,LOW,LOW,LOW,LOW,NO,PC1
LOW,LOW,LOW,MEDIUM,MEDIUM,MEDIUM,MEDIUM,LOW,NO,PC1
LOW,LOW,LOW,LOW,HIGH,MEDIUM,HIGH,LOW,NO,PC1
LOW,LOW,LOW,LOW,LOW,LOW,LOW,LOW,NO,PC1
LOW,LOW,LOW,LOW,MEDIUM,MEDIUM,MEDIUM,LOW,NO,PC1
HIGH,HIGH,HIGH,HIGH,HIGH,HIGH,HIGH,HIGH,NO,PC1
MEDIUM,MEDIUM,LOW,HIGH,MEDIUM,MEDIUM,MEDIUM,MEDIUM,NO,PC1
LOW,LOW,LOW,LOW,MEDIUM,LOW,LOW,LOW,NO,PC1
LOW,LOW,LOW,LOW,MEDIUM,MEDIUM,MEDIUM,LOW,NO,PC1
MEDIUM,MEDIUM,LOW,HIGH,MEDIUM,MEDIUM,MEDIUM,MEDIUM,NO,PC1
LOW,LOW,LOW,LOW,MEDIUM,LOW,LOW,LOW,NO,PC1
LOW,LOW,LOW,LOW,MEDIUM,MEDIUM,MEDIUM,LOW,NO,PC1
MEDIUM,HIGH,HIGH,MEDIUM,HIGH,HIGH,HIGH,HIGH,NO,PC1
MEDIUM,LOW,MEDIUM,MEDIUM,MEDIUM,MEDIUM,MEDIUM,LOW,NO,PC1
MEDIUM,HIGH,HIGH,HIGH,HIGH,MEDIUM,MEDIUM,HIGH,NO,PC1
MEDIUM,MEDIUM,HIGH,LOW,HIGH,HIGH,HIGH,MEDIUM,NO,PC1
LOW,LOW,LOW,LOW,LOW,LOW,LOW,LOW,NO,PC1
LOW,LOW,LOW,LOW,LOW,LOW,LOW,LOW,NO,PC1
HIGH,HIGH,MEDIUM,HIGH,HIGH,HIGH,HIGH,HIGH,NO,PC1
HIGH,HIGH,LOW,HIGH,HIGH,HIGH,HIGH,HIGH,NO,PC1
MEDIUM,HIGH,HIGH,LOW,MEDIUM,HIGH,HIGH,HIGH,NO,PC1
LOW,LOW,LOW,LOW,LOW,LOW,LOW,LOW,NO,PC1
MEDIUM,HIGH,LOW,HIGH,MEDIUM,MEDIUM,MEDIUM,HIGH,NO,PC1
HIGH,HIGH,LOW,HIGH,HIGH,HIGH,HIGH,MEDIUM,NO,PC1
LOW,MEDIUM,LOW,MEDIUM,MEDIUM,MEDIUM,MEDIUM,MEDIUM,NO,PC1
HIGH,MEDIUM,LOW,MEDIUM,HIGH,MEDIUM,HIGH,HIGH,NO,PC1
LOW,LOW,LOW,LOW,HIGH,MEDIUM,HIGH,LOW,NO,PC1
LOW,LOW,LOW,LOW,LOW,LOW,LOW,LOW,NO,PC1
LOW,LOW,LOW,LOW,LOW,LOW,LOW,LOW,NO,PC1
LOW,LOW,LOW,LOW,MEDIUM,LOW,LOW,LOW,NO,PC1
LOW,LOW,LOW,LOW,LOW,LOW,LOW,LOW,NO,PC1
LOW,LOW,LOW,LOW,LOW,LOW,LOW,LOW,NO,PC1
LOW,LOW,LOW,LOW,MEDIUM,MEDIUM,MEDIUM,LOW,NO,PC1
LOW,LOW,LOW,LOW,HIGH,MEDIUM,HIGH,LOW,NO,PC1
MEDIUM,LOW,LOW,MEDIUM,MEDIUM,MEDIUM,MEDIUM,LOW,NO,PC1
LOW,LOW,LOW,LOW,LOW,LOW,LOW,LOW,NO,PC1
LOW,LOW,LOW,LOW,LOW,LOW,LOW,LOW,NO,PC1
LOW,MEDIUM,LOW,MEDIUM,MEDIUM,MEDIUM,MEDIUM,MEDIUM,NO,PC1
LOW,LOW,LOW,LOW,MEDIUM,LOW,LOW,LOW,NO,PC1
MEDIUM,HIGH,HIGH,LOW,MEDIUM,HIGH,HIGH,HIGH,NO,PC1
LOW,LOW,MEDIUM,MEDIUM,MEDIUM,MEDIUM,MEDIUM,LOW,NO,PC1
MEDIUM,HIGH,HIGH,HIGH,HIGH,MEDIUM,HIGH,HIGH,NO,PC1
LOW,LOW,LOW,LOW,MEDIUM,MEDIUM,MEDIUM,LOW,NO,PC1
LOW,MEDIUM,LOW,LOW,MEDIUM,HIGH,MEDIUM,MEDIUM,NO,PC1
MEDIUM,LOW,LOW,LOW,HIGH,MEDIUM,MEDIUM,LOW,NO,PC1
MEDIUM,MEDIUM,HIGH,MEDIUM,MEDIUM,MEDIUM,MEDIUM,MEDIUM,NO,PC1
LOW,MEDIUM,LOW,LOW,MEDIUM,HIGH,HIGH,MEDIUM,NO,PC1
LOW,LOW,LOW,LOW,LOW,LOW,LOW,LOW,NO,PC1
LOW,LOW,LOW,LOW,LOW,LOW,LOW,LOW,NO,PC1
LOW,LOW,LOW,LOW,LOW,LOW,LOW,LOW,NO,PC1
LOW,LOW,LOW,LOW,LOW,LOW,LOW,LOW,NO,PC1
LOW,LOW,LOW,LOW,LOW,LOW,LOW,LOW,NO,PC1
LOW,LOW,LOW,LOW,LOW,LOW,LOW,LOW,NO,PC1
MEDIUM,HIGH,LOW,HIGH,MEDIUM,MEDIUM,MEDIUM,HIGH,NO,PC1
MEDIUM,HIGH,LOW,MEDIUM,HIGH,MEDIUM,HIGH,HIGH,NO,PC1
HIGH,HIGH,HIGH,LOW,HIGH,HIGH,HIGH,HIGH,NO,PC1
LOW,LOW,LOW,LOW,LOW,LOW,LOW,LOW,NO,PC1
LOW,LOW,LOW,LOW,LOW,LOW,LOW,LOW,NO,PC1
LOW,LOW,LOW,LOW,LOW,LOW,LOW,LOW,NO,PC1
LOW,LOW,LOW,LOW,MEDIUM,LOW,LOW,LOW,NO,PC1
LOW,MEDIUM,LOW,LOW,MEDIUM,HIGH,MEDIUM,MEDIUM,NO,PC1
LOW,HIGH,HIGH,HIGH,MEDIUM,HIGH,HIGH,HIGH,NO,PC1
LOW,MEDIUM,LOW,MEDIUM,LOW,LOW,LOW,MEDIUM,NO,PC1
LOW,MEDIUM,MEDIUM,LOW,MEDIUM,MEDIUM,MEDIUM,MEDIUM,NO,PC1
LOW,LOW,LOW,LOW,LOW,LOW,LOW,LOW,NO,PC1
LOW,LOW,LOW,LOW,LOW,LOW,LOW,LOW,NO,PC1
LOW,LOW,LOW,LOW,MEDIUM,LOW,LOW,LOW,NO,PC1
MEDIUM,HIGH,HIGH,HIGH,MEDIUM,MEDIUM,MEDIUM,MEDIUM,NO,PC1
LOW,LOW,MEDIUM,LOW,LOW,LOW,LOW,LOW,NO,PC1
LOW,LOW,LOW,LOW,LOW,LOW,LOW,LOW,NO,PC1
HIGH,HIGH,HIGH,LOW,HIGH,HIGH,HIGH,HIGH,NO,PC1
LOW,LOW,LOW,LOW,MEDIUM,MEDIUM,MEDIUM,LOW,NO,PC1
LOW,HIGH,HIGH,MEDIUM,HIGH,HIGH,HIGH,HIGH,NO,PC1
LOW,LOW,LOW,LOW,LOW,LOW,LOW,LOW,NO,PC1
HIGH,HIGH,HIGH,MEDIUM,HIGH,HIGH,HIGH,HIGH,NO,PC1
HIGH,HIGH,LOW,HIGH,HIGH,MEDIUM,HIGH,HIGH,NO,PC1
HIGH,HIGH,HIGH,HIGH,HIGH,MEDIUM,HIGH,HIGH,NO,PC1
HIGH,LOW,LOW,LOW,HIGH,HIGH,HIGH,LOW,NO,PC1
HIGH,HIGH,MEDIUM,MEDIUM,HIGH,HIGH,HIGH,HIGH,NO,PC1
LOW,LOW,LOW,LOW,LOW,LOW,LOW,LOW,NO,PC1
LOW,LOW,LOW,LOW,LOW,LOW,LOW,LOW,NO,PC1
LOW,LOW,LOW,LOW,LOW,LOW,LOW,LOW,NO,PC1
LOW,LOW,LOW,LOW,MEDIUM,MEDIUM,MEDIUM,LOW,NO,PC1
HIGH,HIGH,HIGH,HIGH,HIGH,HIGH,HIGH,HIGH,NO,PC1
MEDIUM,MEDIUM,LOW,MEDIUM,HIGH,MEDIUM,HIGH,LOW,NO,PC1
MEDIUM,HIGH,MEDIUM,LOW,HIGH,HIGH,HIGH,HIGH,NO,PC1
LOW,MEDIUM,LOW,HIGH,HIGH,MEDIUM,MEDIUM,MEDIUM,NO,PC1
LOW,LOW,LOW,LOW,MEDIUM,MEDIUM,MEDIUM,LOW,NO,PC1
LOW,LOW,LOW,LOW,LOW,LOW,LOW,LOW,NO,PC1
LOW,LOW,LOW,LOW,LOW,LOW,LOW,LOW,NO,PC1
LOW,MEDIUM,HIGH,LOW,LOW,LOW,LOW,MEDIUM,NO,PC1
MEDIUM,HIGH,HIGH,HIGH,MEDIUM,MEDIUM,MEDIUM,HIGH,NO,PC1
LOW,MEDIUM,HIGH,MEDIUM,MEDIUM,MEDIUM,MEDIUM,MEDIUM,NO,PC1
MEDIUM,LOW,LOW,LOW,HIGH,MEDIUM,HIGH,LOW,NO,PC1
MEDIUM,LOW,LOW,LOW,HIGH,HIGH,HIGH,LOW,NO,PC1
HIGH,MEDIUM,LOW,MEDIUM,HIGH,LOW,MEDIUM,MEDIUM,NO,PC1
LOW,LOW,LOW,LOW,LOW,LOW,LOW,LOW,NO,PC1
LOW,LOW,LOW,LOW,LOW,LOW,LOW,LOW,NO,PC1
LOW,LOW,LOW,LOW,LOW,LOW,LOW,LOW,NO,PC1
MEDIUM,MEDIUM,HIGH,LOW,HIGH,HIGH,HIGH,MEDIUM,NO,PC1
LOW,LOW,LOW,LOW,LOW,LOW,LOW,LOW,NO,PC1
MEDIUM,HIGH,LOW,HIGH,HIGH,HIGH,HIGH,HIGH,NO,PC1
LOW,LOW,LOW,LOW,LOW,LOW,LOW,LOW,NO,PC1
LOW,LOW,LOW,LOW,LOW,LOW,LOW,LOW,NO,PC1
HIGH,HIGH,HIGH,HIGH,HIGH,HIGH,HIGH,HIGH,NO,PC1
MEDIUM,HIGH,LOW,HIGH,HIGH,HIGH,HIGH,HIGH,NO,PC1
HIGH,MEDIUM,LOW,MEDIUM,HIGH,HIGH,HIGH,MEDIUM,NO,PC1
LOW,LOW,LOW,LOW,MEDIUM,LOW,LOW,LOW,NO,PC1
LOW,LOW,LOW,LOW,LOW,LOW,LOW,LOW,NO,PC1
LOW,MEDIUM,HIGH,MEDIUM,MEDIUM,MEDIUM,MEDIUM,MEDIUM,NO,PC1
MEDIUM,MEDIUM,LOW,HIGH,HIGH,HIGH,HIGH,MEDIUM,NO,PC1
MEDIUM,MEDIUM,LOW,HIGH,HIGH,HIGH,HIGH,MEDIUM,NO,PC1
LOW,LOW,LOW,LOW,LOW,MEDIUM,LOW,LOW,NO,PC1
LOW,LOW,LOW,LOW,LOW,LOW,LOW,LOW,NO,PC1
MEDIUM,HIGH,MEDIUM,HIGH,HIGH,HIGH,HIGH,HIGH,NO,PC1
LOW,LOW,LOW,LOW,LOW,LOW,LOW,LOW,NO,PC1
LOW,LOW,LOW,LOW,MEDIUM,MEDIUM,MEDIUM,LOW,NO,PC1
HIGH,HIGH,LOW,HIGH,HIGH,HIGH,HIGH,MEDIUM,NO,PC1
MEDIUM,MEDIUM,MEDIUM,MEDIUM,MEDIUM,MEDIUM,MEDIUM,MEDIUM,NO,PC1
MEDIUM,HIGH,HIGH,MEDIUM,MEDIUM,MEDIUM,MEDIUM,HIGH,NO,PC1
LOW,LOW,LOW,LOW,LOW,LOW,LOW,LOW,NO,PC1
MEDIUM,HIGH,LOW,HIGH,HIGH,HIGH,HIGH,HIGH,NO,PC1
MEDIUM,HIGH,MEDIUM,HIGH,HIGH,HIGH,HIGH,HIGH,NO,PC1
LOW,MEDIUM,LOW,LOW,MEDIUM,LOW,MEDIUM,MEDIUM,NO,PC1
MEDIUM,MEDIUM,HIGH,MEDIUM,MEDIUM,MEDIUM,MEDIUM,MEDIUM,NO,PC1
LOW,LOW,LOW,LOW,LOW,LOW,LOW,LOW,NO,PC1
LOW,LOW,LOW,LOW,MEDIUM,LOW,LOW,LOW,NO,PC1
MEDIUM,MEDIUM,LOW,HIGH,MEDIUM,MEDIUM,MEDIUM,MEDIUM,NO,PC1
HIGH,HIGH,HIGH,MEDIUM,HIGH,HIGH,HIGH,HIGH,NO,PC1
LOW,LOW,LOW,LOW,LOW,LOW,LOW,LOW,NO,PC1
LOW,LOW,LOW,LOW,LOW,LOW,LOW,LOW,NO,PC1
LOW,LOW,LOW,LOW,LOW,HIGH,MEDIUM,LOW,NO,PC1
LOW,LOW,LOW,LOW,LOW,LOW,LOW,LOW,NO,PC1
MEDIUM,HIGH,HIGH,HIGH,MEDIUM,HIGH,HIGH,HIGH,NO,PC1
HIGH,HIGH,MEDIUM,HIGH,HIGH,HIGH,HIGH,HIGH,NO,PC1
HIGH,HIGH,LOW,LOW,HIGH,HIGH,HIGH,MEDIUM,NO,PC1
LOW,LOW,LOW,LOW,LOW,LOW,LOW,LOW,NO,PC1
LOW,LOW,LOW,LOW,LOW,LOW,LOW,LOW,NO,PC1
LOW,LOW,LOW,LOW,LOW,LOW,LOW,LOW,NO,PC1
MEDIUM,HIGH,LOW,HIGH,HIGH,HIGH,HIGH,HIGH,NO,PC1
LOW,MEDIUM,LOW,MEDIUM,LOW,LOW,LOW,MEDIUM,NO,PC1
LOW,LOW,LOW,LOW,LOW,LOW,LOW,LOW,NO,PC1
LOW,LOW,LOW,LOW,LOW,LOW,LOW,LOW,NO,PC1
HIGH,HIGH,HIGH,HIGH,HIGH,HIGH,HIGH,HIGH,NO,PC1
LOW,LOW,LOW,LOW,LOW,LOW,LOW,LOW,NO,PC1
LOW,MEDIUM,MEDIUM,MEDIUM,MEDIUM,MEDIUM,MEDIUM,MEDIUM,NO,PC1
LOW,LOW,LOW,LOW,LOW,LOW,LOW,LOW,NO,PC1
LOW,LOW,LOW,MEDIUM,LOW,LOW,LOW,LOW,NO,PC1
HIGH,HIGH,HIGH,HIGH,HIGH,HIGH,HIGH,HIGH,NO,PC1
LOW,LOW,LOW,LOW,LOW,LOW,LOW,LOW,NO,PC1
LOW,LOW,LOW,LOW,MEDIUM,MEDIUM,MEDIUM,LOW,NO,PC1
LOW,LOW,LOW,LOW,LOW,LOW,LOW,LOW,NO,PC1
LOW,LOW,MEDIUM,LOW,LOW,LOW,LOW,LOW,NO,PC1
HIGH,HIGH,MEDIUM,HIGH,HIGH,HIGH,HIGH,HIGH,NO,PC1
LOW,LOW,LOW,LOW,LOW,LOW,LOW,LOW,NO,PC1
LOW,LOW,LOW,MEDIUM,LOW,MEDIUM,MEDIUM,LOW,NO,PC1
HIGH,MEDIUM,LOW,LOW,HIGH,HIGH,HIGH,MEDIUM,NO,PC1
LOW,LOW,LOW,LOW,LOW,LOW,LOW,LOW,NO,PC1
LOW,LOW,LOW,MEDIUM,MEDIUM,MEDIUM,MEDIUM,LOW,NO,PC1
LOW,LOW,MEDIUM,MEDIUM,LOW,LOW,LOW,LOW,NO,PC1
LOW,LOW,LOW,LOW,LOW,MEDIUM,LOW,LOW,NO,PC1
MEDIUM,MEDIUM,MEDIUM,MEDIUM,MEDIUM,HIGH,HIGH,MEDIUM,NO,PC1
HIGH,HIGH,HIGH,HIGH,HIGH,HIGH,HIGH,HIGH,NO,PC1
LOW,LOW,LOW,LOW,LOW,LOW,LOW,LOW,NO,PC1
LOW,LOW,LOW,LOW,LOW,LOW,LOW,LOW,NO,PC1
MEDIUM,LOW,LOW,LOW,HIGH,HIGH,HIGH,LOW,NO,PC1
LOW,LOW,LOW,LOW,LOW,LOW,LOW,LOW,NO,PC1
HIGH,HIGH,MEDIUM,HIGH,HIGH,HIGH,HIGH,HIGH,NO,PC1
MEDIUM,MEDIUM,LOW,LOW,MEDIUM,MEDIUM,MEDIUM,MEDIUM,NO,PC1
LOW,LOW,LOW,LOW,MEDIUM,LOW,MEDIUM,LOW,NO,PC1
LOW,LOW,LOW,LOW,MEDIUM,MEDIUM,MEDIUM,LOW,NO,PC1
HIGH,HIGH,LOW,HIGH,HIGH,HIGH,HIGH,HIGH,NO,PC1
MEDIUM,HIGH,LOW,HIGH,HIGH,HIGH,HIGH,HIGH,NO,PC1
LOW,HIGH,HIGH,HIGH,MEDIUM,HIGH,MEDIUM,HIGH,NO,PC1
LOW,LOW,LOW,LOW,MEDIUM,LOW,LOW,LOW,NO,PC1
HIGH,HIGH,HIGH,HIGH,HIGH,HIGH,HIGH,HIGH,NO,PC1
HIGH,HIGH,LOW,HIGH,HIGH,HIGH,HIGH,HIGH,NO,PC1
MEDIUM,LOW,LOW,MEDIUM,MEDIUM,MEDIUM,MEDIUM,LOW,NO,PC1
LOW,LOW,LOW,LOW,LOW,LOW,LOW,LOW,NO,PC1
MEDIUM,MEDIUM,MEDIUM,HIGH,HIGH,HIGH,HIGH,MEDIUM,NO,PC1
HIGH,LOW,LOW,LOW,HIGH,MEDIUM,HIGH,LOW,NO,PC1
MEDIUM,LOW,LOW,LOW,HIGH,HIGH,HIGH,LOW,NO,PC1
HIGH,HIGH,LOW,HIGH,HIGH,HIGH,HIGH,HIGH,NO,PC1
LOW,LOW,LOW,LOW,LOW,LOW,LOW,LOW,NO,PC1
HIGH,HIGH,MEDIUM,HIGH,HIGH,HIGH,HIGH,HIGH,NO,PC1
LOW,LOW,LOW,LOW,LOW,LOW,LOW,LOW,NO,PC1
HIGH,HIGH,HIGH,HIGH,HIGH,HIGH,HIGH,HIGH,NO,PC1
HIGH,HIGH,LOW,HIGH,HIGH,HIGH,HIGH,HIGH,NO,PC1
HIGH,MEDIUM,LOW,LOW,HIGH,HIGH,HIGH,MEDIUM,NO,PC1
HIGH,HIGH,LOW,HIGH,HIGH,HIGH,HIGH,HIGH,NO,PC1
MEDIUM,MEDIUM,HIGH,MEDIUM,HIGH,HIGH,HIGH,MEDIUM,NO,PC1
LOW,LOW,LOW,MEDIUM,MEDIUM,MEDIUM,MEDIUM,LOW,NO,PC1
LOW,LOW,LOW,LOW,LOW,MEDIUM,LOW,LOW,NO,PC1
LOW,LOW,LOW,LOW,LOW,LOW,LOW,LOW,NO,PC1
HIGH,LOW,LOW,LOW,HIGH,HIGH,HIGH,LOW,NO,PC1
HIGH,MEDIUM,LOW,HIGH,HIGH,LOW,HIGH,MEDIUM,NO,PC1
LOW,HIGH,HIGH,MEDIUM,MEDIUM,HIGH,MEDIUM,HIGH,NO,PC1
MEDIUM,HIGH,HIGH,HIGH,HIGH,MEDIUM,HIGH,HIGH,NO,PC1
MEDIUM,LOW,LOW,LOW,HIGH,HIGH,HIGH,LOW,NO,PC1
LOW,LOW,LOW,LOW,LOW,MEDIUM,LOW,LOW,NO,PC1
LOW,LOW,LOW,LOW,LOW,LOW,LOW,LOW,NO,PC1
MEDIUM,MEDIUM,LOW,MEDIUM,MEDIUM,MEDIUM,MEDIUM,MEDIUM,NO,PC1
HIGH,HIGH,HIGH,HIGH,HIGH,HIGH,HIGH,HIGH,NO,PC1
LOW,LOW,LOW,LOW,LOW,LOW,LOW,LOW,NO,PC1
MEDIUM,HIGH,HIGH,HIGH,HIGH,HIGH,HIGH,HIGH,NO,PC1
LOW,LOW,LOW,LOW,LOW,MEDIUM,MEDIUM,LOW,NO,PC1
LOW,LOW,LOW,LOW,LOW,LOW,LOW,LOW,NO,PC1
LOW,LOW,LOW,LOW,LOW,MEDIUM,LOW,LOW,NO,PC1
LOW,LOW,LOW,LOW,MEDIUM,MEDIUM,MEDIUM,LOW,NO,PC1
MEDIUM,HIGH,HIGH,MEDIUM,HIGH,HIGH,HIGH,HIGH,NO,PC1
MEDIUM,HIGH,HIGH,LOW,HIGH,HIGH,HIGH,HIGH,NO,PC1
HIGH,HIGH,HIGH,HIGH,HIGH,HIGH,HIGH,HIGH,NO,PC1
LOW,LOW,LOW,LOW,MEDIUM,MEDIUM,MEDIUM,LOW,NO,PC1
HIGH,HIGH,LOW,MEDIUM,HIGH,HIGH,HIGH,HIGH,NO,PC1
MEDIUM,LOW,LOW,LOW,HIGH,HIGH,HIGH,LOW,NO,PC1
HIGH,HIGH,LOW,HIGH,HIGH,HIGH,HIGH,HIGH,NO,PC1
LOW,LOW,LOW,LOW,MEDIUM,LOW,LOW,LOW,NO,PC1
LOW,LOW,LOW,LOW,LOW,LOW,LOW,LOW,NO,PC1
HIGH,MEDIUM,LOW,MEDIUM,HIGH,HIGH,HIGH,MEDIUM,NO,PC1
LOW,LOW,LOW,LOW,LOW,LOW,LOW,LOW,NO,PC1
LOW,LOW,LOW,LOW,LOW,MEDIUM,LOW,LOW,NO,PC1
LOW,MEDIUM,MEDIUM,MEDIUM,MEDIUM,MEDIUM,MEDIUM,MEDIUM,NO,PC1
LOW,LOW,MEDIUM,MEDIUM,LOW,LOW,LOW,LOW,NO,PC1
HIGH,HIGH,HIGH,HIGH,HIGH,HIGH,HIGH,HIGH,NO,PC1
MEDIUM,HIGH,HIGH,MEDIUM,HIGH,HIGH,HIGH,HIGH,NO,PC1
MEDIUM,HIGH,MEDIUM,HIGH,HIGH,HIGH,HIGH,HIGH,NO,PC1
LOW,MEDIUM,LOW,LOW,MEDIUM,MEDIUM,MEDIUM,MEDIUM,NO,PC1
MEDIUM,MEDIUM,HIGH,HIGH,HIGH,MEDIUM,MEDIUM,MEDIUM,NO,PC1
MEDIUM,HIGH,HIGH,HIGH,HIGH,MEDIUM,HIGH,HIGH,NO,PC1
HIGH,LOW,LOW,LOW,HIGH,HIGH,HIGH,LOW,NO,PC1
LOW,LOW,LOW,LOW,MEDIUM,LOW,MEDIUM,LOW,NO,PC1
MEDIUM,MEDIUM,HIGH,MEDIUM,HIGH,MEDIUM,MEDIUM,MEDIUM,NO,PC1
MEDIUM,LOW,LOW,LOW,MEDIUM,MEDIUM,MEDIUM,LOW,NO,PC1
HIGH,HIGH,LOW,LOW,HIGH,HIGH,HIGH,HIGH,NO,PC1
LOW,LOW,LOW,LOW,LOW,MEDIUM,LOW,LOW,NO,PC1
LOW,MEDIUM,LOW,LOW,MEDIUM,MEDIUM,MEDIUM,MEDIUM,NO,PC1
LOW,LOW,LOW,LOW,LOW,LOW,LOW,LOW,NO,PC1
HIGH,HIGH,HIGH,HIGH,HIGH,HIGH,HIGH,HIGH,NO,PC1
MEDIUM,HIGH,HIGH,MEDIUM,HIGH,HIGH,HIGH,HIGH,NO,PC1
HIGH,LOW,LOW,LOW,HIGH,LOW,MEDIUM,LOW,NO,PC1
HIGH,HIGH,LOW,HIGH,HIGH,HIGH,HIGH,HIGH,NO,PC1
MEDIUM,MEDIUM,HIGH,HIGH,HIGH,MEDIUM,MEDIUM,MEDIUM,NO,PC1
HIGH,HIGH,LOW,MEDIUM,HIGH,HIGH,HIGH,HIGH,NO,PC1
MEDIUM,LOW,LOW,LOW,HIGH,MEDIUM,HIGH,LOW,NO,PC1
MEDIUM,MEDIUM,LOW,HIGH,MEDIUM,MEDIUM,MEDIUM,MEDIUM,NO,PC1
LOW,MEDIUM,LOW,MEDIUM,MEDIUM,MEDIUM,MEDIUM,MEDIUM,NO,PC1
LOW,LOW,LOW,LOW,LOW,LOW,LOW,LOW,NO,PC1
MEDIUM,HIGH,LOW,HIGH,HIGH,HIGH,HIGH,HIGH,NO,PC1
LOW,LOW,LOW,LOW,LOW,LOW,LOW,LOW,NO,PC1
LOW,MEDIUM,LOW,LOW,LOW,HIGH,MEDIUM,MEDIUM,NO,PC1
LOW,LOW,LOW,LOW,MEDIUM,MEDIUM,MEDIUM,LOW,NO,PC1
MEDIUM,LOW,LOW,LOW,HIGH,HIGH,HIGH,LOW,NO,PC1
LOW,LOW,LOW,LOW,LOW,LOW,LOW,LOW,NO,PC1
MEDIUM,MEDIUM,HIGH,HIGH,HIGH,MEDIUM,MEDIUM,MEDIUM,NO,PC1
LOW,LOW,LOW,LOW,MEDIUM,MEDIUM,MEDIUM,LOW,NO,PC1
MEDIUM,LOW,LOW,LOW,MEDIUM,LOW,LOW,LOW,NO,PC1
LOW,LOW,LOW,LOW,LOW,LOW,LOW,LOW,NO,PC1
MEDIUM,MEDIUM,LOW,HIGH,HIGH,MEDIUM,MEDIUM,MEDIUM,NO,PC1
HIGH,HIGH,LOW,HIGH,HIGH,HIGH,HIGH,HIGH,NO,PC1
LOW,LOW,LOW,LOW,LOW,LOW,LOW,LOW,NO,PC1
HIGH,HIGH,LOW,HIGH,HIGH,HIGH,HIGH,HIGH,NO,PC1
MEDIUM,HIGH,HIGH,MEDIUM,HIGH,HIGH,HIGH,HIGH,NO,PC1
MEDIUM,LOW,LOW,LOW,HIGH,MEDIUM,HIGH,LOW,NO,PC1
HIGH,MEDIUM,MEDIUM,MEDIUM,HIGH,HIGH,HIGH,MEDIUM,NO,PC1
MEDIUM,MEDIUM,HIGH,HIGH,HIGH,MEDIUM,MEDIUM,MEDIUM,NO,PC1
LOW,LOW,LOW,LOW,MEDIUM,LOW,MEDIUM,LOW,NO,PC1
MEDIUM,MEDIUM,LOW,MEDIUM,MEDIUM,MEDIUM,MEDIUM,LOW,NO,PC1
HIGH,MEDIUM,LOW,HIGH,HIGH,MEDIUM,HIGH,MEDIUM,NO,PC1
LOW,LOW,LOW,LOW,HIGH,LOW,MEDIUM,LOW,NO,PC1
LOW,MEDIUM,LOW,LOW,MEDIUM,MEDIUM,MEDIUM,MEDIUM,NO,PC1
LOW,LOW,LOW,LOW,LOW,LOW,LOW,LOW,NO,PC1
HIGH,HIGH,HIGH,HIGH,HIGH,HIGH,HIGH,HIGH,NO,PC1
HIGH,HIGH,HIGH,LOW,HIGH,HIGH,HIGH,HIGH,NO,PC1
HIGH,HIGH,LOW,HIGH,HIGH,HIGH,HIGH,HIGH,NO,PC1
MEDIUM,MEDIUM,LOW,LOW,HIGH,HIGH,HIGH,MEDIUM,NO,PC1
LOW,LOW,MEDIUM,LOW,MEDIUM,MEDIUM,MEDIUM,LOW,NO,PC1
LOW,MEDIUM,LOW,MEDIUM,MEDIUM,LOW,MEDIUM,MEDIUM,NO,PC1
MEDIUM,MEDIUM,LOW,HIGH,HIGH,HIGH,HIGH,MEDIUM,NO,PC1
LOW,LOW,LOW,MEDIUM,LOW,LOW,LOW,LOW,NO,PC1
MEDIUM,MEDIUM,LOW,MEDIUM,HIGH,MEDIUM,HIGH,MEDIUM,NO,PC1
HIGH,HIGH,HIGH,HIGH,HIGH,HIGH,HIGH,HIGH,NO,PC1
LOW,MEDIUM,LOW,LOW,MEDIUM,HIGH,MEDIUM,MEDIUM,NO,PC1
LOW,LOW,LOW,LOW,LOW,LOW,LOW,LOW,NO,PC1
HIGH,HIGH,HIGH,HIGH,HIGH,HIGH,HIGH,HIGH,NO,PC1
LOW,LOW,LOW,LOW,MEDIUM,LOW,LOW,LOW,NO,PC1
LOW,LOW,LOW,LOW,LOW,LOW,LOW,LOW,NO,PC1
LOW,LOW,LOW,LOW,LOW,LOW,LOW,LOW,NO,PC1
HIGH,HIGH,LOW,LOW,HIGH,HIGH,HIGH,HIGH,NO,PC1
MEDIUM,MEDIUM,MEDIUM,MEDIUM,HIGH,MEDIUM,HIGH,MEDIUM,NO,PC1
LOW,LOW,LOW,LOW,LOW,LOW,LOW,LOW,NO,PC1
MEDIUM,MEDIUM,LOW,MEDIUM,HIGH,HIGH,HIGH,MEDIUM,NO,PC1
LOW,LOW,LOW,MEDIUM,LOW,LOW,LOW,LOW,NO,PC1
LOW,LOW,LOW,LOW,LOW,LOW,LOW,LOW,NO,PC1
HIGH,HIGH,HIGH,HIGH,HIGH,HIGH,HIGH,HIGH,NO,PC1
HIGH,HIGH,HIGH,HIGH,HIGH,HIGH,HIGH,HIGH,NO,PC1
HIGH,LOW,LOW,LOW,HIGH,HIGH,HIGH,LOW,NO,PC1
MEDIUM,MEDIUM,HIGH,MEDIUM,HIGH,HIGH,HIGH,MEDIUM,NO,PC1
LOW,LOW,LOW,LOW,LOW,LOW,LOW,LOW,NO,PC1
LOW,HIGH,LOW,MEDIUM,MEDIUM,MEDIUM,MEDIUM,HIGH,NO,PC1
LOW,LOW,LOW,MEDIUM,MEDIUM,MEDIUM,MEDIUM,LOW,NO,PC1
HIGH,HIGH,HIGH,HIGH,HIGH,HIGH,HIGH,HIGH,NO,PC1
LOW,LOW,LOW,LOW,LOW,LOW,LOW,LOW,NO,PC1
MEDIUM,MEDIUM,MEDIUM,MEDIUM,HIGH,MEDIUM,HIGH,MEDIUM,NO,PC1
LOW,LOW,LOW,LOW,LOW,LOW,LOW,LOW,NO,PC1
HIGH,HIGH,LOW,HIGH,HIGH,HIGH,HIGH,HIGH,NO,PC1
HIGH,HIGH,HIGH,MEDIUM,HIGH,HIGH,HIGH,HIGH,NO,PC1
LOW,LOW,LOW,LOW,LOW,LOW,LOW,LOW,NO,PC1
LOW,LOW,LOW,LOW,LOW,LOW,LOW,LOW,NO,PC1
MEDIUM,MEDIUM,LOW,LOW,MEDIUM,HIGH,HIGH,MEDIUM,NO,PC1
LOW,LOW,LOW,LOW,LOW,LOW,LOW,LOW,NO,PC1
LOW,LOW,LOW,LOW,LOW,LOW,LOW,LOW,NO,PC1
MEDIUM,MEDIUM,HIGH,HIGH,HIGH,MEDIUM,HIGH,MEDIUM,NO,PC1
HIGH,HIGH,HIGH,LOW,HIGH,HIGH,HIGH,HIGH,NO,PC1
MEDIUM,MEDIUM,LOW,LOW,MEDIUM,HIGH,HIGH,MEDIUM,NO,PC1
LOW,LOW,LOW,LOW,MEDIUM,MEDIUM,MEDIUM,LOW,NO,PC1
HIGH,MEDIUM,MEDIUM,MEDIUM,HIGH,HIGH,HIGH,MEDIUM,NO,PC1
LOW,LOW,LOW,LOW,LOW,LOW,LOW,LOW,NO,PC1
LOW,LOW,LOW,LOW,MEDIUM,HIGH,MEDIUM,LOW,NO,PC1
MEDIUM,LOW,LOW,LOW,MEDIUM,LOW,MEDIUM,LOW,NO,PC1
LOW,LOW,LOW,LOW,LOW,MEDIUM,MEDIUM,LOW,NO,PC1
LOW,LOW,LOW,LOW,LOW,MEDIUM,LOW,LOW,NO,PC1
LOW,LOW,LOW,LOW,LOW,LOW,LOW,LOW,NO,PC1
MEDIUM,HIGH,HIGH,HIGH,HIGH,MEDIUM,HIGH,HIGH,NO,PC1
HIGH,HIGH,MEDIUM,LOW,HIGH,HIGH,HIGH,HIGH,NO,PC1
HIGH,HIGH,HIGH,MEDIUM,HIGH,HIGH,HIGH,HIGH,NO,PC1
LOW,LOW,MEDIUM,LOW,MEDIUM,MEDIUM,MEDIUM,LOW,NO,PC1
LOW,LOW,LOW,LOW,MEDIUM,LOW,LOW,LOW,NO,PC1
MEDIUM,HIGH,MEDIUM,LOW,HIGH,HIGH,HIGH,HIGH,NO,PC1
MEDIUM,LOW,LOW,LOW,MEDIUM,LOW,MEDIUM,LOW,NO,PC1
MEDIUM,LOW,LOW,LOW,HIGH,MEDIUM,HIGH,LOW,NO,PC1
LOW,LOW,LOW,LOW,LOW,LOW,LOW,LOW,NO,PC1
LOW,LOW,LOW,LOW,LOW,LOW,LOW,LOW,NO,PC1
LOW,LOW,LOW,LOW,LOW,LOW,LOW,LOW,NO,PC1
HIGH,HIGH,HIGH,HIGH,HIGH,HIGH,HIGH,HIGH,NO,PC1
LOW,LOW,LOW,MEDIUM,MEDIUM,MEDIUM,MEDIUM,LOW,NO,PC1
HIGH,HIGH,MEDIUM,MEDIUM,HIGH,HIGH,HIGH,HIGH,NO,PC1
LOW,MEDIUM,HIGH,MEDIUM,MEDIUM,MEDIUM,MEDIUM,MEDIUM,NO,PC1
LOW,LOW,LOW,LOW,LOW,LOW,LOW,LOW,NO,PC1
MEDIUM,LOW,MEDIUM,LOW,HIGH,MEDIUM,MEDIUM,LOW,NO,PC1
MEDIUM,MEDIUM,MEDIUM,MEDIUM,HIGH,MEDIUM,HIGH,MEDIUM,NO,PC1
MEDIUM,HIGH,HIGH,HIGH,HIGH,MEDIUM,HIGH,HIGH,NO,PC1
LOW,LOW,LOW,LOW,MEDIUM,MEDIUM,MEDIUM,LOW,NO,PC1
LOW,LOW,MEDIUM,LOW,LOW,MEDIUM,LOW,LOW,NO,PC1
LOW,LOW,LOW,LOW,MEDIUM,MEDIUM,MEDIUM,LOW,NO,PC1
MEDIUM,LOW,LOW,LOW,MEDIUM,MEDIUM,MEDIUM,LOW,NO,PC1
MEDIUM,LOW,LOW,LOW,MEDIUM,MEDIUM,MEDIUM,LOW,NO,PC1
MEDIUM,HIGH,HIGH,HIGH,HIGH,HIGH,HIGH,HIGH,NO,PC1
MEDIUM,LOW,LOW,LOW,MEDIUM,LOW,MEDIUM,LOW,NO,PC1
LOW,LOW,LOW,MEDIUM,MEDIUM,MEDIUM,MEDIUM,LOW,NO,PC1
LOW,LOW,LOW,MEDIUM,MEDIUM,MEDIUM,MEDIUM,LOW,NO,PC1
LOW,LOW,MEDIUM,LOW,MEDIUM,MEDIUM,MEDIUM,LOW,NO,PC1
MEDIUM,MEDIUM,MEDIUM,MEDIUM,HIGH,MEDIUM,HIGH,MEDIUM,NO,PC1
HIGH,HIGH,LOW,LOW,HIGH,HIGH,HIGH,HIGH,NO,PC1
LOW,LOW,LOW,LOW,LOW,LOW,LOW,LOW,NO,PC1
MEDIUM,LOW,LOW,LOW,HIGH,MEDIUM,MEDIUM,LOW,NO,PC1
LOW,LOW,LOW,LOW,MEDIUM,LOW,MEDIUM,LOW,NO,PC1
LOW,LOW,LOW,LOW,LOW,LOW,LOW,LOW,NO,PC1
LOW,LOW,LOW,MEDIUM,LOW,MEDIUM,MEDIUM,LOW,NO,PC1
LOW,MEDIUM,HIGH,HIGH,MEDIUM,MEDIUM,MEDIUM,MEDIUM,NO,PC1
LOW,LOW,LOW,LOW,LOW,LOW,LOW,LOW,NO,PC1
HIGH,HIGH,HIGH,HIGH,HIGH,HIGH,HIGH,HIGH,NO,PC1
LOW,LOW,LOW,MEDIUM,MEDIUM,MEDIUM,MEDIUM,LOW,NO,PC1
LOW,LOW,LOW,MEDIUM,LOW,LOW,LOW,LOW,NO,PC1
LOW,LOW,LOW,MEDIUM,MEDIUM,MEDIUM,MEDIUM,LOW,NO,PC1
LOW,LOW,MEDIUM,LOW,MEDIUM,MEDIUM,MEDIUM,LOW,NO,PC1
LOW,LOW,LOW,LOW,MEDIUM,MEDIUM,MEDIUM,LOW,NO,PC1
HIGH,HIGH,LOW,HIGH,HIGH,HIGH,HIGH,HIGH,NO,PC1
LOW,MEDIUM,LOW,MEDIUM,MEDIUM,MEDIUM,MEDIUM,MEDIUM,NO,PC1
MEDIUM,MEDIUM,LOW,MEDIUM,MEDIUM,MEDIUM,MEDIUM,MEDIUM,NO,PC1
HIGH,HIGH,LOW,HIGH,HIGH,HIGH,HIGH,HIGH,NO,PC1
LOW,LOW,LOW,LOW,LOW,LOW,LOW,LOW,NO,PC1
LOW,LOW,LOW,LOW,MEDIUM,LOW,MEDIUM,LOW,NO,PC1
HIGH,MEDIUM,LOW,HIGH,HIGH,HIGH,HIGH,MEDIUM,NO,PC1
LOW,LOW,LOW,LOW,LOW,MEDIUM,MEDIUM,LOW,NO,PC1
HIGH,HIGH,HIGH,HIGH,HIGH,HIGH,HIGH,HIGH,NO,PC1
LOW,LOW,LOW,LOW,LOW,LOW,LOW,LOW,NO,PC1
LOW,LOW,LOW,LOW,LOW,LOW,LOW,LOW,NO,PC1
LOW,LOW,LOW,LOW,LOW,MEDIUM,MEDIUM,LOW,NO,PC1
LOW,LOW,LOW,LOW,LOW,LOW,LOW,LOW,NO,PC1
LOW,LOW,LOW,LOW,MEDIUM,HIGH,MEDIUM,LOW,NO,PC1
HIGH,HIGH,HIGH,HIGH,HIGH,HIGH,HIGH,HIGH,NO,PC1
HIGH,HIGH,HIGH,MEDIUM,HIGH,HIGH,HIGH,HIGH,NO,PC1
LOW,MEDIUM,LOW,MEDIUM,MEDIUM,MEDIUM,MEDIUM,MEDIUM,NO,PC1
LOW,LOW,LOW,LOW,LOW,LOW,LOW,LOW,NO,PC1
LOW,LOW,LOW,LOW,MEDIUM,MEDIUM,MEDIUM,LOW,NO,PC1
LOW,LOW,LOW,LOW,MEDIUM,MEDIUM,MEDIUM,LOW,NO,PC1
LOW,LOW,LOW,LOW,LOW,LOW,LOW,LOW,NO,PC1
MEDIUM,MEDIUM,LOW,MEDIUM,HIGH,HIGH,HIGH,MEDIUM,NO,PC1
LOW,LOW,LOW,LOW,LOW,LOW,LOW,LOW,NO,PC1
LOW,LOW,LOW,LOW,LOW,MEDIUM,MEDIUM,LOW,NO,PC1
LOW,LOW,LOW,LOW,LOW,LOW,LOW,LOW,NO,PC1
LOW,LOW,LOW,LOW,LOW,LOW,LOW,LOW,NO,PC1
HIGH,HIGH,HIGH,HIGH,HIGH,HIGH,HIGH,HIGH,NO,PC1
MEDIUM,LOW,MEDIUM,LOW,HIGH,MEDIUM,MEDIUM,LOW,NO,PC1
LOW,LOW,LOW,LOW,MEDIUM,MEDIUM,MEDIUM,LOW,NO,PC1
LOW,LOW,LOW,LOW,LOW,LOW,LOW,LOW,NO,PC1
HIGH,HIGH,HIGH,MEDIUM,HIGH,MEDIUM,HIGH,HIGH,NO,PC1
LOW,LOW,LOW,LOW,LOW,LOW,LOW,LOW,NO,PC1
LOW,HIGH,MEDIUM,HIGH,HIGH,HIGH,HIGH,HIGH,NO,PC1
LOW,LOW,LOW,LOW,MEDIUM,MEDIUM,MEDIUM,LOW,NO,PC1
MEDIUM,MEDIUM,LOW,MEDIUM,MEDIUM,MEDIUM,MEDIUM,MEDIUM,NO,PC1
LOW,HIGH,HIGH,LOW,MEDIUM,HIGH,MEDIUM,HIGH,NO,PC1
LOW,LOW,LOW,LOW,LOW,LOW,LOW,LOW,NO,PC1
MEDIUM,LOW,LOW,LOW,HIGH,MEDIUM,HIGH,LOW,NO,PC1
LOW,LOW,LOW,LOW,LOW,LOW,LOW,LOW,NO,PC1
LOW,LOW,MEDIUM,LOW,MEDIUM,MEDIUM,MEDIUM,LOW,NO,PC1
LOW,LOW,LOW,LOW,HIGH,MEDIUM,MEDIUM,LOW,NO,PC1
LOW,HIGH,LOW,MEDIUM,HIGH,MEDIUM,HIGH,HIGH,NO,PC1
HIGH,HIGH,HIGH,LOW,HIGH,HIGH,HIGH,HIGH,NO,PC1
LOW,LOW,LOW,LOW,MEDIUM,HIGH,HIGH,LOW,NO,PC1
LOW,MEDIUM,MEDIUM,LOW,MEDIUM,HIGH,MEDIUM,MEDIUM,NO,PC1
LOW,LOW,LOW,LOW,LOW,LOW,LOW,LOW,NO,PC1
MEDIUM,MEDIUM,HIGH,MEDIUM,MEDIUM,MEDIUM,MEDIUM,MEDIUM,NO,PC1
LOW,LOW,LOW,LOW,LOW,LOW,LOW,LOW,NO,PC1
LOW,LOW,LOW,LOW,LOW,LOW,LOW,LOW,NO,PC1
LOW,LOW,LOW,LOW,MEDIUM,MEDIUM,MEDIUM,LOW,NO,PC1
LOW,LOW,LOW,LOW,LOW,LOW,LOW,LOW,NO,PC1
LOW,LOW,MEDIUM,LOW,MEDIUM,MEDIUM,MEDIUM,LOW,NO,PC1
LOW,MEDIUM,HIGH,HIGH,MEDIUM,MEDIUM,MEDIUM,MEDIUM,NO,PC1
LOW,LOW,LOW,LOW,LOW,LOW,LOW,LOW,NO,PC1
HIGH,HIGH,HIGH,HIGH,HIGH,HIGH,HIGH,HIGH,NO,PC1
MEDIUM,MEDIUM,HIGH,MEDIUM,MEDIUM,MEDIUM,MEDIUM,MEDIUM,NO,PC1
LOW,LOW,LOW,LOW,LOW,LOW,LOW,LOW,NO,PC1
MEDIUM,HIGH,HIGH,MEDIUM,MEDIUM,MEDIUM,MEDIUM,HIGH,NO,PC1
LOW,LOW,LOW,LOW,LOW,LOW,LOW,LOW,NO,PC1
HIGH,HIGH,HIGH,HIGH,HIGH,HIGH,HIGH,HIGH,NO,PC1
MEDIUM,HIGH,LOW,MEDIUM,HIGH,HIGH,HIGH,HIGH,NO,PC1
MEDIUM,MEDIUM,HIGH,LOW,MEDIUM,HIGH,MEDIUM,MEDIUM,NO,PC1
HIGH,HIGH,MEDIUM,HIGH,HIGH,HIGH,HIGH,HIGH,NO,PC1
LOW,MEDIUM,HIGH,MEDIUM,MEDIUM,MEDIUM,MEDIUM,MEDIUM,NO,PC1
LOW,LOW,LOW,LOW,LOW,LOW,LOW,LOW,NO,PC1
MEDIUM,MEDIUM,LOW,MEDIUM,MEDIUM,MEDIUM,MEDIUM,MEDIUM,NO,PC1
HIGH,HIGH,HIGH,HIGH,HIGH,HIGH,HIGH,HIGH,NO,PC1
LOW,LOW,LOW,LOW,LOW,LOW,LOW,LOW,NO,PC1
LOW,LOW,LOW,LOW,LOW,LOW,LOW,LOW,NO,PC1
HIGH,HIGH,HIGH,HIGH,HIGH,HIGH,HIGH,HIGH,NO,PC1
LOW,LOW,LOW,MEDIUM,MEDIUM,LOW,LOW,LOW,NO,PC1
LOW,LOW,LOW,LOW,LOW,LOW,LOW,LOW,NO,PC1
MEDIUM,LOW,LOW,MEDIUM,MEDIUM,MEDIUM,MEDIUM,LOW,NO,PC1
LOW,LOW,LOW,LOW,LOW,LOW,LOW,LOW,NO,PC1
LOW,MEDIUM,MEDIUM,LOW,LOW,MEDIUM,MEDIUM,MEDIUM,NO,PC1
LOW,LOW,LOW,LOW,HIGH,MEDIUM,HIGH,LOW,NO,PC1
LOW,LOW,LOW,LOW,LOW,MEDIUM,MEDIUM,LOW,NO,PC1
LOW,LOW,LOW,LOW,LOW,MEDIUM,MEDIUM,LOW,NO,PC1
HIGH,HIGH,HIGH,HIGH,HIGH,HIGH,HIGH,HIGH,NO,PC1
MEDIUM,LOW,LOW,MEDIUM,MEDIUM,LOW,MEDIUM,LOW,NO,PC1
LOW,LOW,LOW,LOW,LOW,LOW,LOW,LOW,NO,PC1
LOW,LOW,LOW,LOW,LOW,LOW,LOW,LOW,NO,PC1
LOW,MEDIUM,MEDIUM,LOW,LOW,MEDIUM,MEDIUM,MEDIUM,NO,PC1
LOW,LOW,LOW,LOW,MEDIUM,MEDIUM,MEDIUM,LOW,NO,PC1
LOW,LOW,LOW,LOW,LOW,LOW,LOW,LOW,NO,PC1
MEDIUM,HIGH,HIGH,HIGH,HIGH,HIGH,HIGH,HIGH,NO,PC1
LOW,LOW,LOW,LOW,MEDIUM,MEDIUM,MEDIUM,LOW,NO,PC1
LOW,LOW,LOW,LOW,MEDIUM,LOW,LOW,LOW,NO,PC1
HIGH,HIGH,LOW,MEDIUM,HIGH,HIGH,HIGH,HIGH,NO,PC1
LOW,LOW,LOW,LOW,MEDIUM,MEDIUM,MEDIUM,LOW,NO,PC1
LOW,LOW,LOW,LOW,HIGH,MEDIUM,MEDIUM,LOW,NO,PC1
LOW,LOW,LOW,LOW,LOW,LOW,LOW,LOW,NO,PC1
MEDIUM,HIGH,LOW,MEDIUM,HIGH,HIGH,HIGH,HIGH,NO,PC1
LOW,LOW,LOW,LOW,MEDIUM,MEDIUM,MEDIUM,LOW,NO,PC1
LOW,HIGH,HIGH,LOW,MEDIUM,HIGH,HIGH,HIGH,NO,PC1
LOW,LOW,LOW,LOW,LOW,LOW,LOW,LOW,NO,PC1
LOW,LOW,LOW,LOW,LOW,LOW,LOW,LOW,NO,PC1
LOW,LOW,LOW,LOW,LOW,MEDIUM,LOW,LOW,NO,PC1
LOW,LOW,LOW,LOW,LOW,LOW,LOW,LOW,NO,PC1
HIGH,HIGH,LOW,HIGH,HIGH,HIGH,HIGH,HIGH,NO,PC1
LOW,MEDIUM,LOW,LOW,MEDIUM,MEDIUM,MEDIUM,MEDIUM,NO,PC1
HIGH,HIGH,HIGH,HIGH,HIGH,HIGH,HIGH,HIGH,NO,PC1
LOW,LOW,LOW,LOW,LOW,LOW,LOW,LOW,NO,PC1
MEDIUM,LOW,LOW,MEDIUM,MEDIUM,LOW,MEDIUM,LOW,NO,PC1
MEDIUM,MEDIUM,LOW,LOW,MEDIUM,HIGH,HIGH,MEDIUM,NO,PC1
MEDIUM,LOW,LOW,LOW,MEDIUM,MEDIUM,MEDIUM,LOW,NO,PC1
LOW,HIGH,HIGH,HIGH,MEDIUM,HIGH,HIGH,HIGH,NO,PC1
LOW,LOW,LOW,LOW,LOW,LOW,LOW,LOW,NO,PC1
LOW,LOW,LOW,LOW,MEDIUM,MEDIUM,MEDIUM,LOW,NO,PC1
LOW,LOW,LOW,LOW,MEDIUM,LOW,LOW,LOW,NO,PC1
LOW,LOW,LOW,LOW,HIGH,MEDIUM,MEDIUM,LOW,NO,PC1
HIGH,HIGH,HIGH,HIGH,HIGH,HIGH,HIGH,HIGH,NO,PC1
LOW,LOW,LOW,LOW,LOW,LOW,LOW,LOW,NO,PC1
LOW,LOW,LOW,LOW,LOW,LOW,LOW,LOW,NO,PC1
LOW,LOW,LOW,LOW,LOW,MEDIUM,LOW,LOW,NO,PC1
LOW,LOW,LOW,LOW,LOW,LOW,LOW,LOW,NO,PC1
LOW,LOW,LOW,LOW,LOW,LOW,LOW,LOW,NO,PC1
LOW,LOW,LOW,MEDIUM,MEDIUM,MEDIUM,MEDIUM,LOW,NO,PC1
LOW,LOW,LOW,LOW,LOW,LOW,LOW,LOW,NO,PC1
MEDIUM,MEDIUM,LOW,HIGH,HIGH,MEDIUM,MEDIUM,MEDIUM,NO,PC1
LOW,LOW,LOW,LOW,LOW,LOW,LOW,LOW,NO,PC1
LOW,LOW,LOW,LOW,LOW,LOW,LOW,LOW,NO,PC1
LOW,LOW,LOW,LOW,MEDIUM,LOW,LOW,LOW,NO,PC1
LOW,MEDIUM,HIGH,MEDIUM,MEDIUM,MEDIUM,MEDIUM,MEDIUM,NO,PC1
HIGH,HIGH,HIGH,LOW,HIGH,HIGH,HIGH,HIGH,NO,PC1
LOW,LOW,LOW,LOW,LOW,LOW,LOW,LOW,NO,PC1
LOW,LOW,LOW,LOW,LOW,LOW,LOW,LOW,NO,PC1
MEDIUM,MEDIUM,LOW,MEDIUM,HIGH,HIGH,HIGH,MEDIUM,NO,PC1
LOW,LOW,LOW,LOW,LOW,MEDIUM,LOW,LOW,NO,PC1
LOW,LOW,LOW,LOW,LOW,LOW,LOW,LOW,NO,PC1
LOW,LOW,LOW,LOW,LOW,LOW,LOW,LOW,NO,PC1
LOW,MEDIUM,HIGH,LOW,LOW,MEDIUM,LOW,MEDIUM,NO,PC1
HIGH,HIGH,HIGH,HIGH,HIGH,HIGH,HIGH,HIGH,NO,PC1
LOW,LOW,LOW,MEDIUM,MEDIUM,MEDIUM,MEDIUM,LOW,NO,PC1
LOW,LOW,LOW,LOW,LOW,MEDIUM,LOW,LOW,NO,PC1
LOW,LOW,LOW,LOW,MEDIUM,MEDIUM,MEDIUM,LOW,NO,PC1
MEDIUM,HIGH,HIGH,LOW,MEDIUM,HIGH,HIGH,HIGH,NO,PC1
LOW,LOW,LOW,LOW,LOW,LOW,LOW,LOW,NO,PC1
HIGH,HIGH,HIGH,HIGH,HIGH,HIGH,HIGH,HIGH,NO,PC1
HIGH,HIGH,HIGH,HIGH,HIGH,HIGH,HIGH,HIGH,NO,PC1
LOW,LOW,LOW,LOW,MEDIUM,MEDIUM,MEDIUM,LOW,NO,PC1
LOW,LOW,LOW,MEDIUM,MEDIUM,MEDIUM,MEDIUM,LOW,NO,PC1
LOW,LOW,LOW,LOW,LOW,LOW,LOW,LOW,NO,PC1
LOW,LOW,LOW,LOW,LOW,LOW,LOW,LOW,NO,PC1
MEDIUM,HIGH,HIGH,MEDIUM,HIGH,HIGH,HIGH,HIGH,NO,PC1
MEDIUM,HIGH,LOW,LOW,HIGH,HIGH,HIGH,MEDIUM,NO,PC1
LOW,LOW,LOW,LOW,LOW,LOW,LOW,LOW,NO,PC1
LOW,HIGH,HIGH,LOW,LOW,LOW,LOW,HIGH,NO,PC1
LOW,LOW,LOW,LOW,MEDIUM,MEDIUM,MEDIUM,LOW,NO,PC1
LOW,LOW,LOW,LOW,LOW,LOW,LOW,LOW,NO,PC1
LOW,MEDIUM,LOW,LOW,MEDIUM,HIGH,MEDIUM,MEDIUM,NO,PC1
LOW,LOW,LOW,LOW,LOW,MEDIUM,LOW,LOW,NO,PC1
LOW,LOW,LOW,LOW,HIGH,MEDIUM,HIGH,LOW,NO,PC1
MEDIUM,LOW,LOW,LOW,HIGH,HIGH,HIGH,LOW,NO,PC1
LOW,LOW,LOW,LOW,LOW,MEDIUM,LOW,LOW,NO,PC1
MEDIUM,MEDIUM,LOW,HIGH,HIGH,HIGH,HIGH,MEDIUM,NO,PC1
LOW,LOW,LOW,LOW,LOW,LOW,LOW,LOW,NO,PC1
LOW,LOW,LOW,LOW,LOW,LOW,LOW,LOW,NO,PC1
HIGH,HIGH,HIGH,HIGH,HIGH,HIGH,HIGH,HIGH,NO,PC1
MEDIUM,LOW,LOW,LOW,HIGH,HIGH,HIGH,LOW,NO,PC1
HIGH,HIGH,HIGH,LOW,HIGH,HIGH,HIGH,HIGH,NO,PC1
MEDIUM,LOW,LOW,LOW,HIGH,LOW,MEDIUM,LOW,NO,PC1
LOW,LOW,LOW,LOW,LOW,LOW,LOW,LOW,NO,PC1
LOW,LOW,LOW,LOW,MEDIUM,MEDIUM,MEDIUM,LOW,NO,PC1
HIGH,HIGH,HIGH,HIGH,HIGH,HIGH,HIGH,HIGH,NO,PC1
LOW,LOW,LOW,LOW,LOW,LOW,LOW,LOW,NO,PC1
LOW,LOW,LOW,MEDIUM,LOW,LOW,LOW,LOW,NO,PC1
MEDIUM,LOW,LOW,LOW,HIGH,HIGH,HIGH,LOW,NO,PC1
LOW,LOW,LOW,LOW,MEDIUM,MEDIUM,MEDIUM,LOW,NO,PC1
MEDIUM,HIGH,HIGH,LOW,HIGH,HIGH,HIGH,HIGH,NO,PC1
LOW,MEDIUM,LOW,LOW,MEDIUM,MEDIUM,MEDIUM,MEDIUM,NO,PC1
LOW,LOW,LOW,LOW,LOW,LOW,LOW,LOW,NO,PC1
LOW,LOW,LOW,LOW,LOW,LOW,LOW,LOW,NO,PC1
LOW,LOW,LOW,MEDIUM,MEDIUM,MEDIUM,MEDIUM,LOW,NO,PC1
LOW,LOW,LOW,LOW,LOW,LOW,LOW,LOW,NO,PC1
LOW,LOW,MEDIUM,LOW,LOW,MEDIUM,MEDIUM,LOW,NO,PC1
LOW,LOW,LOW,LOW,MEDIUM,MEDIUM,MEDIUM,LOW,NO,PC1
LOW,LOW,LOW,LOW,MEDIUM,LOW,MEDIUM,LOW,NO,PC1
MEDIUM,MEDIUM,LOW,HIGH,HIGH,MEDIUM,HIGH,MEDIUM,NO,PC1
LOW,LOW,LOW,LOW,LOW,LOW,LOW,LOW,NO,PC1
LOW,LOW,LOW,MEDIUM,MEDIUM,MEDIUM,MEDIUM,LOW,NO,PC1
LOW,LOW,LOW,MEDIUM,LOW,MEDIUM,MEDIUM,LOW,NO,PC1
LOW,LOW,MEDIUM,LOW,LOW,MEDIUM,MEDIUM,LOW,NO,PC1
LOW,LOW,LOW,LOW,MEDIUM,MEDIUM,MEDIUM,LOW,NO,PC1
MEDIUM,LOW,LOW,LOW,HIGH,LOW,MEDIUM,LOW,NO,PC1
LOW,LOW,LOW,LOW,LOW,LOW,LOW,LOW,NO,PC1
HIGH,HIGH,LOW,MEDIUM,HIGH,HIGH,HIGH,HIGH,NO,PC1
LOW,LOW,LOW,LOW,MEDIUM,HIGH,HIGH,LOW,NO,PC1
MEDIUM,MEDIUM,LOW,LOW,HIGH,MEDIUM,HIGH,MEDIUM,NO,PC1
HIGH,HIGH,HIGH,HIGH,HIGH,HIGH,HIGH,HIGH,NO,PC1
LOW,LOW,LOW,LOW,LOW,LOW,LOW,LOW,NO,PC1
LOW,LOW,MEDIUM,LOW,LOW,LOW,LOW,LOW,NO,PC1
HIGH,HIGH,HIGH,HIGH,HIGH,HIGH,HIGH,HIGH,NO,PC1
LOW,LOW,LOW,LOW,LOW,MEDIUM,LOW,LOW,NO,PC1
MEDIUM,MEDIUM,LOW,MEDIUM,MEDIUM,MEDIUM,MEDIUM,MEDIUM,NO,PC1
LOW,MEDIUM,HIGH,LOW,MEDIUM,MEDIUM,MEDIUM,MEDIUM,NO,PC1
LOW,LOW,LOW,LOW,LOW,LOW,LOW,LOW,NO,PC1
HIGH,HIGH,HIGH,HIGH,HIGH,HIGH,HIGH,HIGH,NO,PC1
MEDIUM,LOW,LOW,MEDIUM,HIGH,MEDIUM,HIGH,LOW,NO,PC1
LOW,LOW,LOW,LOW,LOW,LOW,LOW,LOW,NO,PC1
LOW,MEDIUM,MEDIUM,LOW,MEDIUM,HIGH,MEDIUM,MEDIUM,NO,PC1
HIGH,HIGH,HIGH,LOW,HIGH,HIGH,HIGH,HIGH,NO,PC1
MEDIUM,HIGH,HIGH,HIGH,HIGH,HIGH,HIGH,HIGH,NO,PC1
LOW,LOW,LOW,LOW,LOW,LOW,LOW,LOW,NO,PC1
LOW,LOW,LOW,MEDIUM,MEDIUM,MEDIUM,MEDIUM,LOW,NO,PC1
HIGH,HIGH,HIGH,LOW,HIGH,HIGH,HIGH,HIGH,NO,PC1
MEDIUM,MEDIUM,LOW,MEDIUM,HIGH,HIGH,HIGH,MEDIUM,NO,PC1
LOW,LOW,LOW,LOW,LOW,LOW,LOW,LOW,NO,PC1
LOW,LOW,LOW,LOW,HIGH,MEDIUM,MEDIUM,LOW,NO,PC1
HIGH,HIGH,LOW,HIGH,HIGH,HIGH,HIGH,HIGH,NO,PC1
LOW,LOW,LOW,MEDIUM,MEDIUM,MEDIUM,MEDIUM,LOW,NO,PC1
LOW,LOW,LOW,LOW,LOW,LOW,LOW,LOW,NO,PC1
LOW,LOW,MEDIUM,MEDIUM,MEDIUM,LOW,LOW,LOW,NO,PC1
LOW,LOW,LOW,LOW,MEDIUM,LOW,LOW,LOW,NO,PC1
LOW,LOW,LOW,LOW,LOW,LOW,LOW,LOW,NO,PC1
LOW,LOW,LOW,LOW,LOW,LOW,LOW,LOW,NO,PC1
MEDIUM,MEDIUM,MEDIUM,MEDIUM,MEDIUM,HIGH,MEDIUM,MEDIUM,NO,PC1
LOW,LOW,LOW,LOW,LOW,MEDIUM,LOW,LOW,NO,PC1
LOW,LOW,LOW,LOW,LOW,LOW,LOW,LOW,NO,PC1
MEDIUM,MEDIUM,LOW,LOW,HIGH,HIGH,HIGH,MEDIUM,NO,PC1
LOW,LOW,LOW,LOW,MEDIUM,MEDIUM,MEDIUM,LOW,NO,PC1
MEDIUM,MEDIUM,LOW,MEDIUM,MEDIUM,MEDIUM,MEDIUM,MEDIUM,NO,PC1
LOW,LOW,LOW,LOW,LOW,LOW,LOW,LOW,NO,PC1
LOW,LOW,LOW,LOW,MEDIUM,MEDIUM,MEDIUM,LOW,NO,PC1
MEDIUM,HIGH,HIGH,MEDIUM,MEDIUM,MEDIUM,MEDIUM,HIGH,NO,PC1
LOW,LOW,LOW,LOW,LOW,LOW,LOW,LOW,NO,PC1
MEDIUM,MEDIUM,MEDIUM,MEDIUM,HIGH,HIGH,HIGH,MEDIUM,NO,PC1
LOW,LOW,LOW,MEDIUM,MEDIUM,MEDIUM,MEDIUM,LOW,NO,PC1
LOW,LOW,LOW,LOW,LOW,LOW,LOW,LOW,NO,PC1
LOW,LOW,LOW,LOW,MEDIUM,MEDIUM,MEDIUM,LOW,NO,PC1
LOW,LOW,LOW,LOW,MEDIUM,MEDIUM,MEDIUM,LOW,NO,PC1
LOW,LOW,LOW,LOW,LOW,LOW,LOW,LOW,NO,PC1
LOW,MEDIUM,HIGH,LOW,LOW,MEDIUM,MEDIUM,MEDIUM,NO,PC1
MEDIUM,MEDIUM,MEDIUM,LOW,MEDIUM,HIGH,HIGH,MEDIUM,NO,PC1
LOW,LOW,LOW,LOW,LOW,LOW,LOW,LOW,NO,PC1
LOW,LOW,LOW,LOW,LOW,MEDIUM,MEDIUM,LOW,NO,PC1
LOW,LOW,LOW,LOW,MEDIUM,MEDIUM,MEDIUM,LOW,NO,PC1
LOW,LOW,LOW,LOW,LOW,LOW,LOW,LOW,NO,PC1
LOW,LOW,LOW,LOW,LOW,LOW,LOW,LOW,NO,PC1
LOW,LOW,LOW,LOW,LOW,LOW,LOW,LOW,NO,PC1
LOW,MEDIUM,HIGH,LOW,LOW,HIGH,MEDIUM,MEDIUM,NO,PC1
LOW,LOW,LOW,LOW,LOW,LOW,LOW,LOW,NO,PC1
MEDIUM,HIGH,HIGH,MEDIUM,MEDIUM,MEDIUM,MEDIUM,HIGH,NO,PC1
LOW,LOW,LOW,MEDIUM,MEDIUM,MEDIUM,MEDIUM,LOW,NO,PC1
LOW,MEDIUM,MEDIUM,LOW,MEDIUM,MEDIUM,MEDIUM,MEDIUM,NO,PC1
MEDIUM,HIGH,LOW,MEDIUM,MEDIUM,HIGH,MEDIUM,HIGH,NO,PC1
LOW,LOW,LOW,LOW,LOW,LOW,LOW,LOW,NO,PC1
MEDIUM,HIGH,LOW,HIGH,HIGH,HIGH,HIGH,HIGH,NO,PC1
MEDIUM,MEDIUM,LOW,LOW,MEDIUM,MEDIUM,MEDIUM,MEDIUM,NO,PC1
LOW,LOW,LOW,LOW,MEDIUM,MEDIUM,MEDIUM,LOW,NO,PC1
MEDIUM,MEDIUM,HIGH,MEDIUM,MEDIUM,MEDIUM,MEDIUM,MEDIUM,NO,PC1
LOW,LOW,LOW,LOW,LOW,LOW,LOW,LOW,NO,PC1
LOW,LOW,LOW,LOW,MEDIUM,MEDIUM,MEDIUM,LOW,NO,PC1
LOW,LOW,LOW,LOW,LOW,LOW,LOW,LOW,NO,PC1
LOW,LOW,LOW,LOW,LOW,LOW,LOW,LOW,NO,PC1
LOW,LOW,LOW,LOW,HIGH,HIGH,HIGH,LOW,NO,PC1
LOW,LOW,LOW,LOW,LOW,MEDIUM,MEDIUM,LOW,NO,PC1
LOW,LOW,LOW,LOW,MEDIUM,MEDIUM,MEDIUM,LOW,NO,PC1
LOW,LOW,LOW,LOW,LOW,LOW,LOW,LOW,NO,PC1
LOW,MEDIUM,LOW,LOW,MEDIUM,MEDIUM,MEDIUM,MEDIUM,NO,PC1
LOW,LOW,LOW,LOW,LOW,LOW,LOW,LOW,NO,PC1
LOW,LOW,LOW,LOW,MEDIUM,MEDIUM,MEDIUM,LOW,NO,PC1
LOW,LOW,LOW,LOW,MEDIUM,MEDIUM,MEDIUM,LOW,NO,PC1
LOW,LOW,LOW,LOW,LOW,LOW,LOW,LOW,NO,PC1
LOW,LOW,LOW,LOW,MEDIUM,MEDIUM,MEDIUM,LOW,NO,PC1
MEDIUM,LOW,LOW,LOW,HIGH,MEDIUM,MEDIUM,LOW,NO,PC1
LOW,LOW,LOW,LOW,MEDIUM,MEDIUM,MEDIUM,LOW,NO,PC1
LOW,MEDIUM,HIGH,LOW,LOW,MEDIUM,LOW,MEDIUM,NO,PC1
LOW,LOW,LOW,LOW,MEDIUM,MEDIUM,MEDIUM,LOW,NO,PC1
LOW,LOW,LOW,LOW,LOW,LOW,LOW,LOW,NO,PC1
LOW,MEDIUM,MEDIUM,LOW,MEDIUM,MEDIUM,MEDIUM,MEDIUM,NO,PC1
LOW,LOW,LOW,MEDIUM,LOW,LOW,LOW,LOW,NO,PC1
LOW,LOW,LOW,LOW,LOW,MEDIUM,LOW,LOW,NO,PC1
LOW,LOW,LOW,MEDIUM,LOW,LOW,LOW,LOW,NO,PC1
LOW,MEDIUM,MEDIUM,MEDIUM,MEDIUM,MEDIUM,MEDIUM,MEDIUM,NO,PC1
LOW,LOW,LOW,LOW,LOW,MEDIUM,MEDIUM,LOW,NO,PC1
LOW,LOW,LOW,LOW,MEDIUM,MEDIUM,MEDIUM,LOW,NO,PC1
HIGH,HIGH,LOW,LOW,HIGH,HIGH,HIGH,HIGH,NO,PC1
MEDIUM,MEDIUM,HIGH,LOW,HIGH,HIGH,HIGH,MEDIUM,NO,PC1
LOW,MEDIUM,LOW,MEDIUM,MEDIUM,MEDIUM,MEDIUM,MEDIUM,NO,PC1
LOW,LOW,LOW,LOW,LOW,MEDIUM,MEDIUM,LOW,NO,PC1
LOW,LOW,LOW,LOW,LOW,LOW,LOW,LOW,NO,PC1
LOW,LOW,LOW,LOW,LOW,LOW,LOW,LOW,NO,PC1
HIGH,HIGH,HIGH,HIGH,HIGH,HIGH,HIGH,HIGH,NO,PC1
LOW,LOW,LOW,LOW,MEDIUM,MEDIUM,MEDIUM,LOW,NO,PC1
LOW,LOW,LOW,LOW,LOW,LOW,LOW,LOW,NO,PC1
LOW,LOW,LOW,LOW,LOW,LOW,LOW,LOW,NO,PC1
MEDIUM,MEDIUM,LOW,MEDIUM,HIGH,MEDIUM,MEDIUM,MEDIUM,NO,PC1
LOW,LOW,LOW,LOW,LOW,MEDIUM,LOW,LOW,NO,PC1
LOW,LOW,LOW,LOW,LOW,LOW,LOW,LOW,NO,PC1
LOW,MEDIUM,LOW,MEDIUM,MEDIUM,MEDIUM,MEDIUM,MEDIUM,NO,PC1
LOW,LOW,LOW,LOW,LOW,LOW,LOW,LOW,NO,PC1
LOW,LOW,LOW,MEDIUM,MEDIUM,HIGH,MEDIUM,LOW,NO,PC1
LOW,LOW,MEDIUM,MEDIUM,LOW,LOW,LOW,LOW,NO,PC1
LOW,MEDIUM,MEDIUM,MEDIUM,MEDIUM,HIGH,MEDIUM,MEDIUM,NO,PC1
HIGH,LOW,LOW,LOW,HIGH,LOW,MEDIUM,LOW,NO,PC1
LOW,LOW,LOW,MEDIUM,LOW,MEDIUM,MEDIUM,LOW,NO,PC1
LOW,HIGH,HIGH,LOW,MEDIUM,HIGH,MEDIUM,HIGH,NO,PC1
LOW,LOW,LOW,LOW,LOW,LOW,LOW,LOW,NO,PC1
MEDIUM,HIGH,HIGH,LOW,MEDIUM,HIGH,HIGH,HIGH,NO,PC1
LOW,LOW,LOW,MEDIUM,MEDIUM,MEDIUM,MEDIUM,LOW,NO,PC1
LOW,HIGH,HIGH,LOW,LOW,HIGH,MEDIUM,HIGH,NO,PC1
LOW,LOW,LOW,LOW,LOW,LOW,LOW,LOW,NO,PC1
LOW,LOW,LOW,LOW,LOW,LOW,LOW,LOW,NO,PC1
LOW,LOW,LOW,LOW,LOW,LOW,LOW,LOW,NO,PC1
MEDIUM,LOW,LOW,LOW,HIGH,HIGH,HIGH,LOW,NO,PC1
LOW,LOW,LOW,LOW,MEDIUM,MEDIUM,MEDIUM,LOW,NO,PC1
LOW,MEDIUM,HIGH,MEDIUM,MEDIUM,HIGH,MEDIUM,MEDIUM,NO,PC1
LOW,MEDIUM,HIGH,LOW,LOW,MEDIUM,LOW,MEDIUM,NO,PC1
LOW,LOW,LOW,LOW,LOW,LOW,LOW,LOW,NO,PC1
LOW,LOW,LOW,LOW,LOW,LOW,LOW,LOW,NO,PC1
LOW,MEDIUM,LOW,LOW,MEDIUM,HIGH,MEDIUM,MEDIUM,NO,PC1
LOW,MEDIUM,HIGH,LOW,LOW,HIGH,MEDIUM,MEDIUM,NO,PC1
MEDIUM,HIGH,HIGH,MEDIUM,MEDIUM,HIGH,MEDIUM,HIGH,NO,PC1
LOW,LOW,LOW,LOW,LOW,LOW,LOW,LOW,NO,PC1
LOW,HIGH,LOW,MEDIUM,MEDIUM,HIGH,HIGH,HIGH,NO,PC1
LOW,LOW,LOW,LOW,LOW,LOW,LOW,LOW,NO,PC1
LOW,LOW,LOW,LOW,LOW,MEDIUM,LOW,LOW,NO,PC1
LOW,MEDIUM,LOW,LOW,MEDIUM,HIGH,MEDIUM,MEDIUM,NO,PC1
LOW,MEDIUM,MEDIUM,MEDIUM,MEDIUM,HIGH,MEDIUM,MEDIUM,NO,PC1
MEDIUM,MEDIUM,HIGH,MEDIUM,HIGH,MEDIUM,MEDIUM,MEDIUM,NO,PC1
LOW,MEDIUM,LOW,LOW,MEDIUM,HIGH,MEDIUM,MEDIUM,NO,PC1
LOW,MEDIUM,HIGH,LOW,MEDIUM,HIGH,MEDIUM,MEDIUM,NO,PC1
MEDIUM,MEDIUM,LOW,HIGH,HIGH,MEDIUM,MEDIUM,MEDIUM,NO,PC1
LOW,LOW,LOW,LOW,MEDIUM,MEDIUM,MEDIUM,LOW,NO,PC1
LOW,MEDIUM,LOW,HIGH,MEDIUM,HIGH,MEDIUM,MEDIUM,NO,PC1
LOW,HIGH,HIGH,HIGH,MEDIUM,HIGH,MEDIUM,HIGH,NO,PC1
LOW,HIGH,HIGH,MEDIUM,HIGH,HIGH,HIGH,HIGH,NO,PC1
LOW,LOW,LOW,LOW,MEDIUM,LOW,MEDIUM,LOW,NO,PC1
LOW,HIGH,LOW,MEDIUM,MEDIUM,HIGH,MEDIUM,HIGH,NO,PC1
MEDIUM,HIGH,HIGH,MEDIUM,HIGH,HIGH,HIGH,HIGH,NO,PC1
MEDIUM,MEDIUM,MEDIUM,MEDIUM,HIGH,MEDIUM,HIGH,MEDIUM,NO,PC1
HIGH,HIGH,MEDIUM,MEDIUM,HIGH,HIGH,HIGH,HIGH,NO,PC1
MEDIUM,MEDIUM,LOW,MEDIUM,HIGH,HIGH,HIGH,MEDIUM,NO,PC1
LOW,LOW,MEDIUM,LOW,LOW,MEDIUM,LOW,LOW,NO,PC1
LOW,LOW,LOW,LOW,LOW,LOW,LOW,LOW,NO,PC1
LOW,MEDIUM,HIGH,LOW,LOW,HIGH,MEDIUM,MEDIUM,NO,PC1
MEDIUM,MEDIUM,LOW,LOW,HIGH,HIGH,HIGH,MEDIUM,NO,PC1
LOW,MEDIUM,HIGH,LOW,MEDIUM,HIGH,MEDIUM,MEDIUM,NO,PC1
LOW,LOW,LOW,LOW,LOW,LOW,LOW,LOW,NO,PC1
LOW,MEDIUM,HIGH,LOW,MEDIUM,HIGH,MEDIUM,MEDIUM,NO,PC1
MEDIUM,HIGH,LOW,HIGH,HIGH,HIGH,HIGH,HIGH,NO,PC1
LOW,LOW,LOW,LOW,LOW,LOW,LOW,LOW,NO,PC1
LOW,LOW,LOW,LOW,MEDIUM,HIGH,MEDIUM,LOW,NO,PC1
LOW,LOW,LOW,LOW,LOW,LOW,LOW,LOW,NO,PC1
LOW,LOW,MEDIUM,LOW,LOW,MEDIUM,MEDIUM,LOW,NO,PC1
LOW,LOW,LOW,LOW,LOW,LOW,LOW,LOW,NO,PC1
HIGH,LOW,LOW,LOW,HIGH,MEDIUM,HIGH,LOW,NO,PC1
LOW,LOW,MEDIUM,LOW,LOW,MEDIUM,LOW,LOW,NO,PC1
LOW,LOW,LOW,LOW,LOW,MEDIUM,LOW,LOW,NO,PC1
LOW,LOW,LOW,LOW,LOW,LOW,LOW,LOW,NO,PC1
LOW,MEDIUM,LOW,LOW,MEDIUM,HIGH,MEDIUM,MEDIUM,NO,PC1
LOW,LOW,LOW,LOW,LOW,LOW,LOW,LOW,NO,PC1
LOW,LOW,LOW,LOW,LOW,LOW,LOW,LOW,NO,PC1
LOW,LOW,LOW,LOW,LOW,LOW,LOW,LOW,NO,PC1
LOW,HIGH,HIGH,LOW,MEDIUM,HIGH,MEDIUM,HIGH,NO,PC1
LOW,LOW,LOW,LOW,LOW,LOW,LOW,LOW,NO,PC1
LOW,LOW,LOW,LOW,LOW,LOW,LOW,LOW,NO,PC1
LOW,MEDIUM,LOW,LOW,MEDIUM,MEDIUM,MEDIUM,MEDIUM,NO,PC1
LOW,LOW,LOW,LOW,LOW,LOW,LOW,LOW,NO,PC1
LOW,LOW,LOW,LOW,LOW,LOW,LOW,LOW,NO,PC1
LOW,LOW,LOW,LOW,LOW,LOW,LOW,LOW,NO,PC1
LOW,LOW,LOW,LOW,LOW,MEDIUM,LOW,LOW,NO,PC1
MEDIUM,HIGH,LOW,HIGH,HIGH,HIGH,HIGH,HIGH,NO,PC1
LOW,HIGH,LOW,LOW,MEDIUM,HIGH,MEDIUM,MEDIUM,NO,PC1
LOW,MEDIUM,MEDIUM,MEDIUM,LOW,MEDIUM,LOW,MEDIUM,NO,PC1
MEDIUM,HIGH,HIGH,HIGH,HIGH,HIGH,HIGH,HIGH,NO,PC1
LOW,LOW,LOW,LOW,LOW,LOW,LOW,LOW,NO,PC1
LOW,HIGH,HIGH,HIGH,MEDIUM,HIGH,MEDIUM,HIGH,NO,PC1
LOW,LOW,LOW,LOW,MEDIUM,MEDIUM,MEDIUM,LOW,NO,PC1
LOW,LOW,LOW,LOW,MEDIUM,MEDIUM,MEDIUM,LOW,NO,PC1
LOW,LOW,LOW,LOW,LOW,MEDIUM,LOW,LOW,NO,PC1
MEDIUM,HIGH,MEDIUM,LOW,HIGH,HIGH,HIGH,HIGH,NO,PC1
LOW,MEDIUM,LOW,HIGH,MEDIUM,MEDIUM,MEDIUM,MEDIUM,NO,PC1
LOW,LOW,LOW,LOW,LOW,LOW,LOW,LOW,NO,PC1
LOW,LOW,LOW,LOW,LOW,LOW,LOW,LOW,NO,PC1
LOW,LOW,LOW,LOW,LOW,LOW,LOW,LOW,NO,PC1
LOW,MEDIUM,LOW,HIGH,MEDIUM,MEDIUM,MEDIUM,MEDIUM,NO,PC1
LOW,MEDIUM,HIGH,LOW,LOW,MEDIUM,LOW,MEDIUM,NO,PC1
LOW,MEDIUM,HIGH,MEDIUM,LOW,HIGH,MEDIUM,MEDIUM,NO,PC1
LOW,MEDIUM,MEDIUM,LOW,MEDIUM,MEDIUM,MEDIUM,MEDIUM,NO,PC1
LOW,LOW,LOW,LOW,LOW,LOW,LOW,LOW,NO,PC1
LOW,MEDIUM,HIGH,LOW,MEDIUM,HIGH,MEDIUM,MEDIUM,NO,PC1
LOW,LOW,LOW,LOW,LOW,MEDIUM,LOW,LOW,NO,PC1
MEDIUM,HIGH,HIGH,HIGH,HIGH,HIGH,HIGH,HIGH,NO,PC1
LOW,LOW,LOW,LOW,LOW,LOW,LOW,LOW,NO,PC1
LOW,LOW,LOW,LOW,LOW,LOW,LOW,LOW,NO,PC1
LOW,LOW,LOW,LOW,LOW,LOW,LOW,LOW,NO,PC1
LOW,LOW,LOW,LOW,LOW,LOW,LOW,LOW,NO,PC1
LOW,LOW,LOW,LOW,LOW,LOW,LOW,LOW,NO,PC1
LOW,MEDIUM,LOW,LOW,MEDIUM,HIGH,MEDIUM,MEDIUM,NO,PC1
LOW,LOW,LOW,LOW,LOW,LOW,LOW,LOW,NO,PC1
MEDIUM,MEDIUM,LOW,MEDIUM,HIGH,HIGH,HIGH,MEDIUM,NO,PC1
LOW,LOW,LOW,LOW,LOW,LOW,LOW,LOW,NO,PC1
HIGH,HIGH,LOW,HIGH,HIGH,HIGH,HIGH,HIGH,NO,PC1
MEDIUM,HIGH,HIGH,HIGH,MEDIUM,MEDIUM,MEDIUM,HIGH,NO,PC1
LOW,LOW,LOW,LOW,MEDIUM,LOW,MEDIUM,LOW,NO,PC1
LOW,LOW,LOW,MEDIUM,LOW,MEDIUM,LOW,LOW,NO,PC1
LOW,LOW,LOW,LOW,MEDIUM,MEDIUM,MEDIUM,LOW,NO,PC1
LOW,LOW,LOW,LOW,LOW,MEDIUM,LOW,LOW,NO,PC1
MEDIUM,HIGH,HIGH,HIGH,HIGH,HIGH,HIGH,HIGH,NO,PC1
LOW,MEDIUM,LOW,MEDIUM,MEDIUM,MEDIUM,MEDIUM,MEDIUM,NO,PC1
LOW,LOW,LOW,LOW,LOW,LOW,LOW,LOW,NO,PC1
MEDIUM,HIGH,MEDIUM,MEDIUM,HIGH,HIGH,HIGH,HIGH,NO,PC1
LOW,LOW,LOW,LOW,LOW,LOW,LOW,LOW,NO,PC1
LOW,LOW,MEDIUM,LOW,MEDIUM,HIGH,MEDIUM,LOW,NO,PC1
LOW,LOW,LOW,LOW,LOW,LOW,LOW,LOW,NO,PC1
LOW,LOW,LOW,LOW,LOW,LOW,LOW,LOW,NO,PC1
MEDIUM,MEDIUM,HIGH,HIGH,HIGH,HIGH,HIGH,MEDIUM,NO,PC1
LOW,LOW,LOW,LOW,LOW,MEDIUM,MEDIUM,LOW,NO,PC1
MEDIUM,HIGH,MEDIUM,LOW,HIGH,HIGH,HIGH,HIGH,NO,PC1
LOW,LOW,LOW,LOW,LOW,LOW,LOW,LOW,NO,PC1
LOW,LOW,MEDIUM,LOW,MEDIUM,MEDIUM,MEDIUM,LOW,NO,PC1
HIGH,HIGH,HIGH,HIGH,HIGH,HIGH,HIGH,HIGH,NO,PC1
LOW,MEDIUM,MEDIUM,LOW,MEDIUM,MEDIUM,MEDIUM,MEDIUM,NO,PC1
LOW,MEDIUM,MEDIUM,LOW,MEDIUM,MEDIUM,MEDIUM,MEDIUM,NO,PC1
LOW,LOW,LOW,LOW,LOW,LOW,LOW,LOW,NO,PC1
LOW,LOW,MEDIUM,LOW,LOW,LOW,LOW,LOW,NO,PC1
MEDIUM,MEDIUM,LOW,LOW,MEDIUM,MEDIUM,MEDIUM,MEDIUM,NO,PC1
LOW,LOW,LOW,LOW,LOW,MEDIUM,LOW,LOW,NO,PC1
HIGH,HIGH,HIGH,HIGH,HIGH,MEDIUM,HIGH,HIGH,NO,PC1
MEDIUM,HIGH,LOW,MEDIUM,HIGH,MEDIUM,MEDIUM,HIGH,NO,PC1
LOW,LOW,LOW,LOW,LOW,MEDIUM,MEDIUM,LOW,NO,PC1
MEDIUM,MEDIUM,LOW,LOW,MEDIUM,MEDIUM,MEDIUM,MEDIUM,NO,PC1
MEDIUM,HIGH,HIGH,LOW,HIGH,HIGH,HIGH,HIGH,NO,PC1
LOW,LOW,LOW,LOW,LOW,LOW,LOW,LOW,NO,PC1
LOW,LOW,LOW,LOW,LOW,LOW,LOW,LOW,NO,PC1
LOW,MEDIUM,LOW,LOW,MEDIUM,HIGH,MEDIUM,MEDIUM,NO,PC1
HIGH,HIGH,HIGH,HIGH,HIGH,HIGH,HIGH,HIGH,NO,PC1
LOW,LOW,MEDIUM,LOW,MEDIUM,HIGH,MEDIUM,LOW,NO,PC1
LOW,MEDIUM,HIGH,MEDIUM,MEDIUM,HIGH,MEDIUM,MEDIUM,NO,PC1
MEDIUM,MEDIUM,LOW,LOW,MEDIUM,HIGH,HIGH,MEDIUM,NO,PC1
LOW,MEDIUM,LOW,LOW,MEDIUM,MEDIUM,MEDIUM,MEDIUM,NO,PC1
MEDIUM,LOW,LOW,LOW,HIGH,HIGH,HIGH,LOW,NO,PC1
LOW,LOW,MEDIUM,LOW,MEDIUM,MEDIUM,MEDIUM,LOW,NO,PC1
HIGH,HIGH,HIGH,HIGH,HIGH,HIGH,HIGH,HIGH,NO,PC1
MEDIUM,HIGH,LOW,HIGH,HIGH,MEDIUM,MEDIUM,HIGH,NO,PC1
LOW,MEDIUM,HIGH,LOW,MEDIUM,HIGH,MEDIUM,MEDIUM,NO,PC1
LOW,LOW,LOW,LOW,LOW,LOW,LOW,LOW,NO,PC1
LOW,MEDIUM,LOW,LOW,MEDIUM,HIGH,HIGH,MEDIUM,NO,PC1
LOW,MEDIUM,LOW,MEDIUM,MEDIUM,MEDIUM,MEDIUM,MEDIUM,NO,PC1
LOW,LOW,LOW,LOW,LOW,LOW,LOW,LOW,NO,PC1
LOW,MEDIUM,HIGH,LOW,LOW,LOW,LOW,MEDIUM,NO,PC1
LOW,LOW,LOW,LOW,LOW,LOW,LOW,LOW,NO,PC1
LOW,LOW,LOW,LOW,LOW,MEDIUM,MEDIUM,LOW,NO,PC1
LOW,LOW,LOW,LOW,LOW,LOW,LOW,LOW,NO,PC1
HIGH,HIGH,HIGH,LOW,HIGH,HIGH,HIGH,HIGH,NO,PC1
HIGH,HIGH,HIGH,LOW,HIGH,HIGH,HIGH,HIGH,NO,PC1
LOW,LOW,LOW,LOW,LOW,LOW,LOW,LOW,NO,PC1
LOW,MEDIUM,LOW,MEDIUM,MEDIUM,HIGH,MEDIUM,MEDIUM,NO,PC1
MEDIUM,MEDIUM,LOW,LOW,LOW,MEDIUM,MEDIUM,MEDIUM,NO,PC1
LOW,LOW,LOW,MEDIUM,MEDIUM,MEDIUM,MEDIUM,LOW,NO,PC1
LOW,LOW,LOW,LOW,LOW,LOW,LOW,LOW,NO,PC1
MEDIUM,HIGH,HIGH,MEDIUM,HIGH,HIGH,HIGH,HIGH,NO,PC1
LOW,LOW,LOW,LOW,LOW,LOW,LOW,LOW,NO,PC1
LOW,LOW,LOW,LOW,LOW,LOW,LOW,LOW,NO,PC1
LOW,LOW,LOW,LOW,LOW,LOW,LOW,LOW,NO,PC1
LOW,LOW,LOW,LOW,MEDIUM,MEDIUM,MEDIUM,LOW,NO,PC1
LOW,MEDIUM,MEDIUM,LOW,MEDIUM,MEDIUM,MEDIUM,MEDIUM,NO,PC1
MEDIUM,MEDIUM,HIGH,HIGH,HIGH,HIGH,HIGH,MEDIUM,NO,PC1
LOW,LOW,LOW,LOW,MEDIUM,MEDIUM,MEDIUM,LOW,NO,PC1
HIGH,HIGH,HIGH,HIGH,HIGH,HIGH,HIGH,HIGH,NO,PC1
LOW,HIGH,HIGH,LOW,MEDIUM,HIGH,HIGH,HIGH,NO,PC1
LOW,HIGH,LOW,HIGH,HIGH,HIGH,HIGH,HIGH,NO,PC1
LOW,HIGH,HIGH,LOW,MEDIUM,HIGH,MEDIUM,HIGH,NO,PC1
MEDIUM,MEDIUM,LOW,MEDIUM,MEDIUM,MEDIUM,MEDIUM,MEDIUM,NO,PC1
LOW,MEDIUM,HIGH,LOW,LOW,HIGH,MEDIUM,MEDIUM,NO,PC1
LOW,HIGH,MEDIUM,LOW,MEDIUM,HIGH,MEDIUM,HIGH,NO,PC1
LOW,LOW,LOW,LOW,LOW,LOW,LOW,LOW,NO,PC1
LOW,LOW,LOW,LOW,LOW,LOW,LOW,LOW,NO,PC1
LOW,LOW,LOW,LOW,LOW,HIGH,MEDIUM,LOW,NO,PC1
LOW,LOW,LOW,LOW,LOW,LOW,LOW,LOW,NO,PC1
HIGH,HIGH,HIGH,HIGH,HIGH,HIGH,HIGH,HIGH,NO,PC1
LOW,LOW,LOW,LOW,LOW,MEDIUM,LOW,LOW,NO,PC1
MEDIUM,HIGH,LOW,MEDIUM,MEDIUM,MEDIUM,MEDIUM,HIGH,NO,PC1
MEDIUM,LOW,LOW,MEDIUM,MEDIUM,MEDIUM,MEDIUM,LOW,NO,PC1
MEDIUM,HIGH,HIGH,HIGH,HIGH,HIGH,HIGH,HIGH,NO,PC1
LOW,MEDIUM,LOW,LOW,MEDIUM,HIGH,MEDIUM,MEDIUM,NO,PC1
MEDIUM,MEDIUM,HIGH,LOW,MEDIUM,HIGH,HIGH,MEDIUM,NO,PC1
LOW,MEDIUM,HIGH,LOW,MEDIUM,MEDIUM,MEDIUM,MEDIUM,NO,PC1
LOW,LOW,MEDIUM,LOW,HIGH,HIGH,HIGH,LOW,NO,PC1
LOW,LOW,LOW,LOW,MEDIUM,MEDIUM,MEDIUM,LOW,NO,PC1
LOW,HIGH,HIGH,MEDIUM,HIGH,HIGH,HIGH,HIGH,NO,PC1
MEDIUM,MEDIUM,LOW,LOW,HIGH,HIGH,HIGH,MEDIUM,NO,PC1
LOW,LOW,LOW,LOW,MEDIUM,MEDIUM,MEDIUM,LOW,NO,PC1
LOW,MEDIUM,MEDIUM,MEDIUM,MEDIUM,MEDIUM,MEDIUM,MEDIUM,NO,PC1
LOW,LOW,LOW,LOW,LOW,LOW,LOW,LOW,NO,PC1
MEDIUM,HIGH,HIGH,MEDIUM,HIGH,HIGH,HIGH,HIGH,NO,PC1
LOW,MEDIUM,LOW,MEDIUM,HIGH,HIGH,HIGH,MEDIUM,NO,PC1
LOW,LOW,MEDIUM,LOW,LOW,MEDIUM,MEDIUM,LOW,NO,PC1
LOW,LOW,LOW,LOW,LOW,LOW,LOW,LOW,NO,PC1
LOW,LOW,MEDIUM,LOW,LOW,LOW,LOW,LOW,NO,PC1
LOW,LOW,LOW,LOW,LOW,MEDIUM,MEDIUM,LOW,NO,PC1
LOW,LOW,LOW,LOW,LOW,MEDIUM,MEDIUM,LOW,NO,PC1
LOW,HIGH,HIGH,LOW,MEDIUM,HIGH,MEDIUM,HIGH,NO,PC1
LOW,LOW,LOW,LOW,MEDIUM,MEDIUM,MEDIUM,LOW,NO,PC1
LOW,MEDIUM,MEDIUM,LOW,MEDIUM,MEDIUM,MEDIUM,MEDIUM,NO,PC1
LOW,MEDIUM,HIGH,LOW,LOW,HIGH,MEDIUM,MEDIUM,NO,PC1
LOW,MEDIUM,HIGH,MEDIUM,MEDIUM,MEDIUM,MEDIUM,MEDIUM,NO,PC1
LOW,LOW,MEDIUM,LOW,LOW,LOW,LOW,LOW,NO,PC1
MEDIUM,HIGH,HIGH,HIGH,MEDIUM,MEDIUM,MEDIUM,HIGH,NO,PC1
LOW,HIGH,HIGH,HIGH,HIGH,HIGH,HIGH,HIGH,NO,PC1
HIGH,HIGH,HIGH,HIGH,HIGH,HIGH,HIGH,HIGH,NO,PC1
LOW,MEDIUM,MEDIUM,LOW,MEDIUM,HIGH,MEDIUM,MEDIUM,NO,PC1
LOW,LOW,LOW,LOW,LOW,LOW,LOW,LOW,NO,PC1
LOW,LOW,LOW,LOW,LOW,LOW,LOW,LOW,NO,PC1
LOW,LOW,LOW,LOW,LOW,LOW,LOW,LOW,NO,PC1
LOW,LOW,LOW,LOW,LOW,MEDIUM,LOW,LOW,NO,PC1
LOW,LOW,MEDIUM,LOW,LOW,MEDIUM,LOW,LOW,NO,PC1
LOW,LOW,LOW,LOW,LOW,LOW,LOW,LOW,NO,PC1
MEDIUM,MEDIUM,HIGH,LOW,HIGH,HIGH,HIGH,MEDIUM,NO,PC1
LOW,LOW,LOW,LOW,LOW,LOW,LOW,LOW,NO,PC1
LOW,LOW,LOW,LOW,LOW,LOW,LOW,LOW,NO,PC1
LOW,HIGH,LOW,MEDIUM,MEDIUM,HIGH,MEDIUM,HIGH,NO,PC1
LOW,MEDIUM,LOW,MEDIUM,MEDIUM,HIGH,HIGH,MEDIUM,NO,PC1
LOW,LOW,MEDIUM,LOW,LOW,LOW,LOW,LOW,NO,PC1
LOW,LOW,MEDIUM,LOW,LOW,LOW,LOW,LOW,NO,PC1
LOW,HIGH,HIGH,HIGH,HIGH,MEDIUM,MEDIUM,HIGH,NO,PC1
MEDIUM,HIGH,HIGH,MEDIUM,HIGH,HIGH,HIGH,HIGH,NO,PC1
LOW,MEDIUM,LOW,MEDIUM,LOW,MEDIUM,LOW,MEDIUM,NO,PC1
LOW,LOW,LOW,LOW,LOW,MEDIUM,LOW,LOW,NO,PC1
MEDIUM,HIGH,LOW,HIGH,HIGH,HIGH,HIGH,HIGH,NO,PC1
HIGH,HIGH,HIGH,HIGH,HIGH,HIGH,HIGH,HIGH,NO,PC1
LOW,LOW,LOW,LOW,MEDIUM,MEDIUM,MEDIUM,LOW,NO,PC1
MEDIUM,HIGH,HIGH,HIGH,HIGH,HIGH,HIGH,HIGH,NO,PC1
LOW,LOW,LOW,LOW,LOW,LOW,LOW,LOW,NO,PC1
MEDIUM,HIGH,HIGH,HIGH,HIGH,HIGH,HIGH,HIGH,NO,PC1
LOW,MEDIUM,MEDIUM,LOW,LOW,HIGH,MEDIUM,MEDIUM,NO,PC1
LOW,LOW,LOW,LOW,LOW,MEDIUM,LOW,LOW,NO,PC1
LOW,LOW,LOW,LOW,LOW,LOW,LOW,LOW,NO,PC1
LOW,MEDIUM,LOW,LOW,LOW,HIGH,MEDIUM,MEDIUM,NO,PC1
LOW,MEDIUM,HIGH,LOW,LOW,MEDIUM,MEDIUM,MEDIUM,NO,PC1
LOW,LOW,LOW,LOW,LOW,LOW,LOW,LOW,NO,PC1
LOW,HIGH,HIGH,LOW,HIGH,HIGH,HIGH,HIGH,NO,PC1
LOW,LOW,LOW,LOW,LOW,LOW,LOW,LOW,NO,PC1
LOW,LOW,LOW,LOW,LOW,LOW,LOW,LOW,NO,PC1
LOW,MEDIUM,HIGH,LOW,LOW,MEDIUM,LOW,MEDIUM,NO,PC1
LOW,MEDIUM,HIGH,LOW,LOW,HIGH,MEDIUM,MEDIUM,NO,PC1
LOW,LOW,MEDIUM,LOW,LOW,LOW,LOW,LOW,NO,PC1
LOW,HIGH,HIGH,HIGH,HIGH,HIGH,HIGH,HIGH,NO,PC1
MEDIUM,HIGH,HIGH,HIGH,HIGH,HIGH,HIGH,HIGH,NO,PC1
